id,m,si,orient,off,curves,patch_ov,angles,lengths,whichEdge,mapping,iso_criteria,deep_criteria,aniso,min_block,block_criteria,block_bound,min_angle,spike_fatal,edge_ratio,on_clamp,vertex_figure,vdeg_match,homeo,wp,orbifold,evidence
1600,7,0,0,1,IIIIIII,not tested,90.00 180.00 180.00 180.00 90.00 90.00 90.00,1.0000 1.0000 1.0000 1.0000 1.0000 4.0000 1.0000,0 0 0 0 0 5 0,0 0 0 0 0 0 0,"1,2,6",,no (tile),,,,90.00,,0.2500,,3 4,yes,4_3 7_3,p4g,4*2,L3
1600,7,0,1,3,IIIIIII,not tested,90.00 180.00 180.00 180.00 90.00 90.00 90.00,1.0000 1.0000 1.0000 1.0000 1.0000 4.0000 1.0000,0 0 0 0 0 5 0,0 0 0 0 0 0 0,"1,2,6",,no (tile),,,,90.00,,0.2500,,3 4,yes,4_3 7_3,p4g,4*2,L3
2868,7,0,0,0,IIIIIII,not tested,90.00 90.00 120.00 180.00 120.00 180.00 120.00,1.0000 0.2887 0.2887 0.2887 0.2887 0.2887 0.2887,0 1 1 1 1 1 1,0 0 0 0 0 0 0,"1,2,6",,no (tile),,,,90.00,,0.2887,,3,yes,5_3 7_3,p31m,3*3,L3
2868,7,0,1,1,IIIIIII,not tested,90.00 90.00 120.00 180.00 120.00 180.00 120.00,1.0000 0.2887 0.2887 0.2887 0.2887 0.2887 0.2887,0 1 1 1 1 1 1,0 0 0 0 0 0 0,"1,2,6",,no (tile),,,,90.00,,0.2887,,3,yes,5_3 7_3,p31m,3*3,L3
3175,7,14,1,5,IIIIIIS,not tested,33.32 113.35 246.65 113.35 246.65 113.35 33.32,1.0000 1.0000 1.0000 1.0000 1.0000 1.0000 5.0135,0 0 0 0 0 0 6,0 0 0 0 0 0 0,(not a tile),,"n/a (not a tile: rep 6 (S) must bulge opposite ways: to clear v2 on edge 6 (code 0) and to clear v4 on edge 6 (code 0) -- exact via the outside lemma (validated by John, 2026-09-13) [curve_sides])",,,,33.32,,0.1995,,,,3_1 3_1,pmg,22*,L2
3176,7,2,0,0,IIIIIII,not tested,-25.71 231.43 231.43 231.43 -25.71 128.57 128.57,1.0000 1.0000 1.0000 1.0000 1.0000 1.0000 1.0000,0 0 0 0 0 0 0,0 0 0 0 0 0 0,"2,6",,no (tile),,,,25.71,,1.0000,,6,yes,3_2 3_2,pm,1**,L2
3176,7,2,0,1,IIIIIII,not tested,128.57 25.71 231.43 231.43 25.71 128.57 128.57,1.0000 1.0000 1.0000 1.0000 1.0000 1.0000 1.0000,0 0 0 0 0 0 0,0 0 0 0 0 0 0,"2,6",,no (tile),,,,25.71,,1.0000,,6,yes,3_2 3_2,pm,1**,L2
3177,7,2,0,0,IIIIIII,not tested,-25.71 231.43 231.43 231.43 -25.71 128.57 128.57,1.0000 1.0000 1.0000 1.0000 1.0000 1.0000 1.0000,0 0 0 0 0 0 0,0 0 0 0 0 0 0,"2,6",,no (tile),,,,25.71,,1.0000,,6,yes,3_2 3_2,pmg,22*,L2
3177,7,2,0,1,IIIIIII,not tested,128.57 25.71 231.43 231.43 25.71 128.57 128.57,1.0000 1.0000 1.0000 1.0000 1.0000 1.0000 1.0000,0 0 0 0 0 0 0,0 0 0 0 0 0 0,"2,6",,no (tile),,,,25.71,,1.0000,,6,yes,3_2 3_2,pmg,22*,L2
3188,7,0,0,1,SSSSSSS,not tested,460.32 -680.16 399.84 460.32 -100.32 460.32 -100.32,1.0000 4.6073 1.0001 1.0000 1.0001 1.0000 1.0001,0 1 2 0 2 0 2,0 0 0 0 0 0 0,(not a tile),,"n/a (not a tile: rep 1 (S) must bulge opposite ways: to clear v4 on edge 1 (code 0) and to clear v6 on edge 1 (code 0) -- exact via the outside lemma (validated by John, 2026-09-13) [curve_sides])",,,,39.84,,0.2170,,,,3_1 3_1,p2,2222,L2
3188,7,0,0,6,SSSSSSS,not tested,77.19 77.19 25.62 334.38 25.62 334.38 25.62,1.0000 0.7518 0.7518 0.7518 0.7518 0.7518 0.7518,0 1 1 1 1 1 1,0 0 0 0 0 0 0,(not a tile),,"n/a (not a tile: rep 0 (S) must bulge opposite ways: to clear v3 on edge 0 (code 0) and to clear v5 on edge 0 (code 0) -- exact via the outside lemma (validated by John, 2026-09-13) [curve_sides])",,,,25.62,,0.7518,,,,3_1 3_1,p2,2222,L2
3188,7,0,1,1,SSSSSSS,not tested,79.44 81.43 19.13 340.87 19.13 340.87 19.13,1.0000 1.0000 1.0059 1.0000 1.0059 1.0000 1.0059,0 0 2 0 2 0 2,0 1 0 1 0 1 0,(not a tile),,"n/a (not a tile: rep 0 (S) must bulge opposite ways: to clear v3 on edge 0 (code 0) and to clear v5 on edge 0 (code 0) -- exact via the outside lemma (validated by John, 2026-09-13) [curve_sides])",,,,19.13,,0.9942,,,,3_1 3_1,p2,2222,L2
3188,7,0,1,3,SSSSSSS,not tested,379.01 -257.79 58.77 379.01 -19.01 379.01 -19.01,1.0000 1.1430 1.1430 1.0000 1.1430 1.0000 1.1430,0 1 1 0 1 0 1,0 0 1 0 1 0 1,(not a tile),,"n/a (not a tile: rep 1 (S) must bulge opposite ways: to clear v4 on edge 1 (code 0) and to clear v6 on edge 1 (code 0) -- exact via the outside lemma (validated by John, 2026-09-13) [curve_sides])",,,,19.01,,0.8749,,,,3_1 3_1,p2,2222,L2
3188,7,2,0,0,SSSSSSS,not tested,79.44 81.43 19.13 340.87 19.13 340.87 19.13,1.0000 1.0000 1.0059 1.0000 1.0059 1.0000 1.0059,0 0 2 0 2 0 2,0 0 0 0 0 0 0,(not a tile),,"n/a (not a tile: rep 0 (S) must bulge opposite ways: to clear v3 on edge 0 (code 0) and to clear v5 on edge 0 (code 0) -- exact via the outside lemma (validated by John, 2026-09-13) [curve_sides])",,,,19.13,,0.9942,,,,3_1 3_1,p2,2222,L2
3188,7,2,0,1,SSSSSSS,not tested,460.32 -680.16 399.84 460.32 -100.32 460.32 -100.32,1.0000 4.6073 1.0001 1.0000 1.0001 1.0000 1.0001,0 1 2 0 2 0 2,0 0 0 0 0 0 0,(not a tile),,"n/a (not a tile: rep 1 (S) must bulge opposite ways: to clear v4 on edge 1 (code 0) and to clear v6 on edge 1 (code 0) -- exact via the outside lemma (validated by John, 2026-09-13) [curve_sides])",,,,39.84,,0.2170,,,,3_1 3_1,p2,2222,L2
3188,7,2,1,1,SSSSSSS,not tested,79.44 81.43 19.13 340.87 19.13 340.87 19.13,1.0000 1.0000 1.0059 1.0000 1.0059 1.0000 1.0059,0 0 2 0 2 0 2,0 1 0 1 0 1 0,(not a tile),,"n/a (not a tile: rep 0 (S) must bulge opposite ways: to clear v3 on edge 0 (code 0) and to clear v5 on edge 0 (code 0) -- exact via the outside lemma (validated by John, 2026-09-13) [curve_sides])",,,,19.13,,0.9942,,,,3_1 3_1,p2,2222,L2
3188,7,4,0,0,SSSSSSS,not tested,79.44 81.43 19.13 340.87 19.13 340.87 19.13,1.0000 1.0000 1.0059 1.0000 1.0059 1.0000 1.0059,0 0 2 0 2 0 2,0 0 0 0 0 0 0,(not a tile),,"n/a (not a tile: rep 0 (S) must bulge opposite ways: to clear v3 on edge 0 (code 0) and to clear v5 on edge 0 (code 0) -- exact via the outside lemma (validated by John, 2026-09-13) [curve_sides])",,,,19.13,,0.9942,,,,3_1 3_1,p2,2222,L2
3188,7,4,0,2,SSSSSSS,not tested,379.01 -257.79 58.77 379.01 -19.01 379.01 -19.01,1.0000 1.1430 1.1430 1.0000 1.1430 1.0000 1.1430,0 1 1 0 1 0 1,0 0 0 0 0 0 0,(not a tile),,"n/a (not a tile: rep 1 (S) must bulge opposite ways: to clear v4 on edge 1 (code 0) and to clear v6 on edge 1 (code 0) -- exact via the outside lemma (validated by John, 2026-09-13) [curve_sides])",,,,19.01,,0.8749,,,,3_1 3_1,p2,2222,L2
3188,7,4,1,0,SSSSSSS,not tested,77.19 77.19 25.62 334.38 25.62 334.38 25.62,1.0000 0.7518 0.7518 0.7518 0.7518 0.7518 0.7518,0 1 1 1 1 1 1,0 0 1 0 1 0 1,(not a tile),,"n/a (not a tile: rep 0 (S) must bulge opposite ways: to clear v3 on edge 0 (code 0) and to clear v5 on edge 0 (code 0) -- exact via the outside lemma (validated by John, 2026-09-13) [curve_sides])",,,,25.62,,0.7518,,,,3_1 3_1,p2,2222,L2
3188,7,14,1,0,SSSSSSS,not tested,77.19 77.19 25.62 334.38 25.62 334.38 25.62,1.0000 0.7518 0.7518 0.7518 0.7518 0.7518 0.7518,0 1 1 1 1 1 1,0 0 1 0 1 0 1,(not a tile),,"n/a (not a tile: rep 0 (S) must bulge opposite ways: to clear v3 on edge 0 (code 0) and to clear v5 on edge 0 (code 0) -- exact via the outside lemma (validated by John, 2026-09-13) [curve_sides])",,,,25.62,,0.7518,,,,3_1 3_1,p2,2222,L2
3188,7,14,1,5,SSSSSSS,not tested,33.32 113.35 246.65 113.35 246.65 113.35 33.32,1.0000 1.0000 1.0000 1.0000 1.0000 1.0000 5.0135,0 0 0 0 0 0 6,0 1 0 1 0 1 0,(not a tile),,"n/a (not a tile: rep 6 (S) must bulge opposite ways: to clear v2 on edge 6 (code 0) and to clear v4 on edge 6 (code 0) -- exact via the outside lemma (validated by John, 2026-09-13) [curve_sides])",,,,33.32,,0.1995,,,,3_1 3_1,p2,2222,L2
3188,7,29,0,3,SSSSSSS,not tested,365.12 -5.12 365.12 -276.15 91.04 365.12 -5.12,1.0000 0.9944 1.0000 0.2675 0.9944 1.0000 0.9944,0 1 0 3 1 0 1,0 0 0 0 0 0 0,(not a tile),,"n/a (not a tile: rep 3 (S) must bulge opposite ways: to clear v1 on edge 3 (code 0) and to clear v6 on edge 3 (code 0) -- exact via the outside lemma (validated by John, 2026-09-13) [curve_sides])",,,,5.12,,0.2675,,,,3_1 3_1,p2,2222,L2
3188,7,33,0,3,SSSSSSS,not tested,365.12 -5.12 365.12 -276.15 91.04 365.12 -5.12,1.0000 0.9944 1.0000 0.2675 0.9944 1.0000 0.9944,0 1 0 3 1 0 1,0 0 0 0 0 0 0,(not a tile),,"n/a (not a tile: rep 3 (S) must bulge opposite ways: to clear v1 on edge 3 (code 0) and to clear v6 on edge 3 (code 0) -- exact via the outside lemma (validated by John, 2026-09-13) [curve_sides])",,,,5.12,,0.2675,,,,3_1 3_1,p2,2222,L2
3188,7,50,0,4,SSSSSSS,not tested,18.66 341.34 18.66 341.34 18.66 87.68 73.66,1.0000 1.0412 1.0000 1.0412 1.0000 1.0000 1.0412,0 1 0 1 0 0 1,0 0 0 0 0 0 0,(not a tile),,"n/a (not a tile: rep 0 (S) must bulge opposite ways: to clear v1 on edge 5 (code 0) and to clear v3 on edge 5 (code 0) -- exact via the outside lemma (validated by John, 2026-09-13) [curve_sides])",,,,18.66,,0.9604,,,,3_1 3_1,p2,2222,L2
3188,7,50,0,6,SSSSSSS,not tested,96.80 19.33 340.67 19.33 340.67 19.33 63.87,1.0000 1.1060 1.0000 1.1060 1.0000 1.1060 1.1060,0 1 0 1 0 1 1,0 0 0 0 0 0 0,(not a tile),,"n/a (not a tile: rep 1 (S) must bulge opposite ways: to clear v2 on edge 6 (code 0) and to clear v4 on edge 6 (code 0) -- exact via the outside lemma (validated by John, 2026-09-13) [curve_sides])",,,,19.33,,0.9042,,,,3_1 3_1,p2,2222,L2
3188,7,50,1,1,SSSSSSS,not tested,33.32 113.35 246.65 113.35 246.65 113.35 33.32,1.0000 1.0000 1.0000 1.0000 1.0000 1.0000 5.0135,0 0 0 0 0 0 6,0 1 0 1 0 1 0,(not a tile),,"n/a (not a tile: rep 6 (S) must bulge opposite ways: to clear v2 on edge 6 (code 0) and to clear v4 on edge 6 (code 0) -- exact via the outside lemma (validated by John, 2026-09-13) [curve_sides])",,,,33.32,,0.1995,,,,3_1 3_1,p2,2222,L2
3188,7,52,0,5,SSSSSSS,not tested,11.51 348.49 11.51 348.49 11.51 96.39 72.09,1.0000 1.0444 1.0000 1.0444 1.0000 0.6293 1.0444,0 1 0 1 0 5 1,0 0 0 0 0 0 0,(not a tile),,"n/a (not a tile: rep 5 (S) must bulge opposite ways: to clear v1 on edge 5 (code 0) and to clear v3 on edge 5 (code 0) -- exact via the outside lemma (validated by John, 2026-09-13) [curve_sides])",,,,11.51,,0.6026,,,,3_1 3_1,p2,2222,L2
3188,7,52,0,6,SSSSSSS,not tested,96.80 19.33 340.67 19.33 340.67 19.33 63.87,1.0000 1.1060 1.0000 1.1060 1.0000 1.1060 1.1060,0 1 0 1 0 1 1,0 0 0 0 0 0 0,(not a tile),,"n/a (not a tile: rep 1 (S) must bulge opposite ways: to clear v2 on edge 6 (code 0) and to clear v4 on edge 6 (code 0) -- exact via the outside lemma (validated by John, 2026-09-13) [curve_sides])",,,,19.33,,0.9042,,,,3_1 3_1,p2,2222,L2
3188,7,52,1,0,SSSSSSS,not tested,96.80 19.33 340.67 19.33 340.67 19.33 63.87,1.0000 1.1060 1.0000 1.1060 1.0000 1.1060 1.1060,0 1 0 1 0 1 1,0 0 0 0 0 0 1,(not a tile),,"n/a (not a tile: rep 1 (S) must bulge opposite ways: to clear v2 on edge 6 (code 1) and to clear v4 on edge 6 (code 1) -- exact via the outside lemma (validated by John, 2026-09-13) [curve_sides])",,,,19.33,,0.9042,,,,3_1 3_1,p2,2222,L2
3188,7,54,0,0,SSSSSSS,not tested,33.32 113.35 246.65 113.35 246.65 113.35 33.32,1.0000 1.0000 1.0000 1.0000 1.0000 1.0000 5.0135,0 0 0 0 0 0 6,0 0 0 0 0 0 0,(not a tile),,"n/a (not a tile: rep 6 (S) must bulge opposite ways: to clear v2 on edge 6 (code 0) and to clear v4 on edge 6 (code 0) -- exact via the outside lemma (validated by John, 2026-09-13) [curve_sides])",,,,33.32,,0.1995,,,,3_1 3_1,p2,2222,L2
3188,7,54,0,5,SSSSSSS,not tested,11.51 348.49 11.51 348.49 11.51 96.39 72.09,1.0000 1.0444 1.0000 1.0444 1.0000 0.6293 1.0444,0 1 0 1 0 5 1,0 0 0 0 0 0 0,(not a tile),,"n/a (not a tile: rep 5 (S) must bulge opposite ways: to clear v1 on edge 5 (code 0) and to clear v3 on edge 5 (code 0) -- exact via the outside lemma (validated by John, 2026-09-13) [curve_sides])",,,,11.51,,0.6026,,,,3_1 3_1,p2,2222,L2
3188,7,54,1,0,SSSSSSS,not tested,96.80 19.33 340.67 19.33 340.67 19.33 63.87,1.0000 1.1060 1.0000 1.1060 1.0000 1.1060 1.1060,0 1 0 1 0 1 1,0 0 0 0 0 0 1,(not a tile),,"n/a (not a tile: rep 1 (S) must bulge opposite ways: to clear v2 on edge 6 (code 1) and to clear v4 on edge 6 (code 1) -- exact via the outside lemma (validated by John, 2026-09-13) [curve_sides])",,,,19.33,,0.9042,,,,3_1 3_1,p2,2222,L2
3188,7,54,1,5,SSSSSSS,not tested,18.66 341.34 18.66 341.34 18.66 87.68 73.66,1.0000 1.0412 1.0000 1.0412 1.0000 1.0000 1.0412,0 1 0 1 0 0 1,0 0 0 0 0 1 0,(not a tile),,"n/a (not a tile: rep 0 (S) must bulge opposite ways: to clear v1 on edge 5 (code 1) and to clear v3 on edge 5 (code 1) -- exact via the outside lemma (validated by John, 2026-09-13) [curve_sides])",,,,18.66,,0.9604,,,,3_1 3_1,p2,2222,L2
3189,7,1,0,4,SUSUUSU,not tested,-22.29 247.43 247.43 112.57 -45.14 247.43 112.57,1.0000 0.2675 1.0000 0.2675 0.2675 1.0000 0.2675,0 1 0 1 1 0 1,0 0 1 2 0 1 2,"1,2,6",,no (tile),,,,22.29,,0.2675,,6,yes,3_1 3_1,pgg,22x,L2
3189,7,1,1,6,SSSSSSS,not needed (covering theorem),978.05 2825.86 -618.05 -3623.91 978.05 3983.91 -3623.91,1.0000 1.0000 1.0000 1.0000 1.0000 1.0000 1.0000,0 0 0 0 0 0 0,0 1 1 0 0 1 0,,,YES,2,"2,6",2,23.91,,1.0000,,6,yes,3_1 3_1,pgg,22x,L2
3189,7,2,1,0,SSSSSSS,not tested,80.41 80.41 19.19 340.81 19.19 340.81 19.19,1.0000 1.0000 1.0000 1.0000 1.0000 1.0000 1.0000,0 0 0 0 0 0 0,0 1 0 1 0 1 0,(not a tile),,"n/a (not a tile: rep 0 (S) must bulge opposite ways: to clear v3 on edge 0 (code 0) and to clear v5 on edge 0 (code 0) -- exact via the outside lemma (validated by John, 2026-09-13) [curve_sides])",,,,19.19,,1.0000,,,,3_1 3_1,pgg,22x,L2
3189,7,2,1,5,SSSSSSS,not tested,80.41 19.19 340.81 19.19 340.81 19.19 80.41,1.0000 1.0000 1.0000 1.0000 1.0000 1.0000 1.0000,0 0 0 0 0 0 0,0 1 0 1 0 1 0,(not a tile),,"n/a (not a tile: rep 0 (S) must bulge opposite ways: to clear v2 on edge 6 (code 0) and to clear v4 on edge 6 (code 0) -- exact via the outside lemma (validated by John, 2026-09-13) [curve_sides])",,,,19.19,,1.0000,,,,3_1 3_1,pgg,22x,L2
3189,7,6,0,0,USUUSUS,not tested,48.48 256.16 103.84 27.68 256.16 103.84 103.84,1.0000 1.2411 1.0000 1.0000 1.2411 1.0000 1.2411,0 1 0 0 1 0 1,0 0 2 0 0 2 1,"1,2,6",,no (tile),,,,27.68,,0.8058,,6,yes,3_1 3_1,pgg,22x,L2
3189,7,6,1,4,SSSSSSS,not needed (covering theorem),821.95 383.91 -23.91 821.95 383.91 -461.95 -1025.86,1.0000 1.0000 1.0000 1.0000 1.0000 1.0000 1.0000,0 0 0 0 0 0 0,0 1 0 0 1 1 0,,,YES,2,"2,6",2,23.91,,1.0000,,6,yes,3_1 3_1,pgg,22x,L2
3193,7,0,1,6,SJJJJJJ,not tested,77.19 77.19 25.62 334.38 25.62 334.38 25.62,1.0000 0.7518 0.7518 0.7518 0.7518 0.7518 0.7518,0 1 1 1 1 1 1,0 0 2 0 2 0 2,(not a tile),,"n/a (not a tile: rep 0 (S) must bulge opposite ways: to clear v3 on edge 0 (code 0) and to clear v5 on edge 0 (code 0) -- exact via the outside lemma (validated by John, 2026-09-13) [curve_sides])",,,,25.62,,0.7518,,,,3_2 3_2,p2,2222,L2
3193,7,2,0,0,SSSSSSS,not needed (covering theorem),-25.71 231.43 231.43 231.43 -25.71 128.57 128.57,1.0000 1.0000 1.0000 1.0000 1.0000 1.0000 1.0000,0 0 0 0 0 0 0,0 0 0 0 0 0 0,,,YES,2,"1,4",2,25.71,,1.0000,,6,yes,3_2 3_2,p2,2222,L2
3193,7,2,0,1,SSSSSSS,not needed (covering theorem),128.57 25.71 231.43 231.43 25.71 128.57 128.57,1.0000 1.0000 1.0000 1.0000 1.0000 1.0000 1.0000,0 0 0 0 0 0 0,0 0 0 0 0 0 0,,,YES,2,"1,4",2,25.71,,1.0000,,6,yes,3_2 3_2,p2,2222,L2
3193,7,4,1,2,SJJJJJJ,not tested,77.19 77.19 25.62 334.38 25.62 334.38 25.62,1.0000 0.7518 0.7518 0.7518 0.7518 0.7518 0.7518,0 1 1 1 1 1 1,0 0 2 0 2 0 2,(not a tile),,"n/a (not a tile: rep 0 (S) must bulge opposite ways: to clear v3 on edge 0 (code 0) and to clear v5 on edge 0 (code 0) -- exact via the outside lemma (validated by John, 2026-09-13) [curve_sides])",,,,25.62,,0.7518,,,,3_2 3_2,p2,2222,L2
3193,7,14,0,0,SSSSSSS,not tested,80.41 19.19 340.81 19.19 340.81 19.19 80.41,1.0000 1.0000 1.0000 1.0000 1.0000 1.0000 1.0000,0 0 0 0 0 0 0,0 0 0 0 0 0 0,(not a tile),,"n/a (not a tile: rep 0 (S) must bulge opposite ways: to clear v2 on edge 6 (code 0) and to clear v4 on edge 6 (code 0) -- exact via the outside lemma (validated by John, 2026-09-13) [curve_sides])",,,,19.19,,1.0000,,,,3_2 3_2,p2,2222,L2
3193,7,14,0,5,SSSSSSS,not tested,19.19 340.81 19.19 340.81 19.19 80.41 80.41,1.0000 1.0000 1.0000 1.0000 1.0000 1.0000 1.0000,0 0 0 0 0 0 0,0 0 0 0 0 0 0,(not a tile),,"n/a (not a tile: rep 0 (S) must bulge opposite ways: to clear v1 on edge 5 (code 0) and to clear v3 on edge 5 (code 0) -- exact via the outside lemma (validated by John, 2026-09-13) [curve_sides])",,,,19.19,,1.0000,,,,3_2 3_2,p2,2222,L2
3197,7,0,1,1,SSSSSSS,not tested,273.92 -46.96 -46.96 273.92 86.08 273.92 86.08,1.0000 4.0952 1.0000 1.0000 1.0000 1.0000 1.0000,0 1 0 0 0 0 0,0 0 1 0 1 0 1,(not a tile),,"n/a (not a tile: rep 1 (S) must bulge opposite ways: to clear v4 on edge 1 (code 0) and to clear v6 on edge 1 (code 0) -- exact via the outside lemma (validated by John, 2026-09-13) [curve_sides])",,,,46.96,,0.2442,,,,3_2 3_2,pgg,22x,L2
3197,7,0,1,6,SUUUUUU,not tested,77.19 77.19 25.62 334.38 25.62 334.38 25.62,1.0000 0.7518 0.7518 0.7518 0.7518 0.7518 0.7518,0 1 1 1 1 1 1,0 0 2 0 2 0 2,(not a tile),,"n/a (not a tile: rep 0 (S) must bulge opposite ways: to clear v3 on edge 0 (code 0) and to clear v5 on edge 0 (code 0) -- exact via the outside lemma (validated by John, 2026-09-13) [curve_sides])",,,,25.62,,0.7518,,,,3_2 3_2,pgg,22x,L2
3197,7,4,0,0,SSSSSSS,not tested,80.41 80.41 19.19 340.81 19.19 340.81 19.19,1.0000 1.0000 1.0000 1.0000 1.0000 1.0000 1.0000,0 0 0 0 0 0 0,0 1 0 1 0 1 0,(not a tile),,"n/a (not a tile: rep 0 (S) must bulge opposite ways: to clear v3 on edge 0 (code 0) and to clear v5 on edge 0 (code 0) -- exact via the outside lemma (validated by John, 2026-09-13) [curve_sides])",,,,19.19,,1.0000,,,,3_2 3_2,pgg,22x,L2
3197,7,4,0,5,SSSSSSS,not tested,80.41 19.19 340.81 19.19 340.81 19.19 80.41,1.0000 1.0000 1.0000 1.0000 1.0000 1.0000 1.0000,0 0 0 0 0 0 0,0 1 0 1 0 1 1,(not a tile),,"n/a (not a tile: rep 0 (S) must bulge opposite ways: to clear v2 on edge 6 (code 1) and to clear v4 on edge 6 (code 1) -- exact via the outside lemma (validated by John, 2026-09-13) [curve_sides])",,,,19.19,,1.0000,,,,3_2 3_2,pgg,22x,L2
3197,7,10,0,0,USUSUSU,not tested,71.50 272.89 87.11 87.11 272.89 21.39 87.11,1.0000 2.5997 1.0000 2.5997 1.0000 2.5997 1.0000,0 1 0 1 0 1 0,0 0 2 1 0 0 2,"2,6",,no (tile),,,,21.39,,0.3847,,6,yes,3_2 3_2,pgg,22x,L2
3197,7,14,0,0,SSSSSSS,not tested,80.41 19.19 340.81 19.19 340.81 19.19 80.41,1.0000 1.0000 1.0000 1.0000 1.0000 1.0000 1.0000,0 0 0 0 0 0 0,0 1 0 1 0 1 0,(not a tile),,"n/a (not a tile: rep 0 (S) must bulge opposite ways: to clear v2 on edge 6 (code 0) and to clear v4 on edge 6 (code 0) -- exact via the outside lemma (validated by John, 2026-09-13) [curve_sides])",,,,19.19,,1.0000,,,,3_2 3_2,pgg,22x,L2
3197,7,14,0,5,SSSSSSS,not tested,19.19 340.81 19.19 340.81 19.19 80.41 80.41,1.0000 1.0000 1.0000 1.0000 1.0000 1.0000 1.0000,0 0 0 0 0 0 0,0 1 0 1 0 1 1,(not a tile),,"n/a (not a tile: rep 0 (S) must bulge opposite ways: to clear v1 on edge 5 (code 1) and to clear v3 on edge 5 (code 1) -- exact via the outside lemma (validated by John, 2026-09-13) [curve_sides])",,,,19.19,,1.0000,,,,3_2 3_2,pgg,22x,L2
3197,7,14,1,5,SSSSSSS,not tested,62.02 297.98 62.02 297.98 62.02 58.99 58.99,1.0000 1.0000 1.0000 1.0000 1.0000 3.0912 1.0000,0 0 0 0 0 5 0,0 1 0 1 0 0 1,(not a tile),,"n/a (not a tile: rep 5 (S) must bulge opposite ways: to clear v1 on edge 5 (code 0) and to clear v3 on edge 5 (code 0) -- exact via the outside lemma (validated by John, 2026-09-13) [curve_sides])",,,,58.99,,0.3235,,,,3_2 3_2,pgg,22x,L2
3218,7,2,0,2,SSSSSSS,not tested,128.57 128.57 128.57 25.71 231.43 231.43 25.71,1.0000 1.0000 1.0000 1.0000 1.0000 1.0000 1.0000,0 0 0 0 0 0 0,0 0 0 1 1 1 0,"2,6",,no (tile),,,,25.71,,1.0000,,6,yes,3_1 3_1,pg,1xx,L2
3218,7,2,0,3,SSSSSSS,not tested,25.71 231.43 231.43 25.71 128.57 128.57 128.57,1.0000 1.0000 1.0000 1.0000 1.0000 1.0000 1.0000,0 0 0 0 0 0 0,0 0 0 1 1 1 1,"2,6",,no (tile),,,,25.71,,1.0000,,6,yes,3_1 3_1,pg,1xx,L2
3218,7,2,1,3,IIIIIII,not tested,128.57 128.57 128.57 25.71 231.43 231.43 25.71,1.0000 1.0000 1.0000 1.0000 1.0000 1.0000 1.0000,0 0 0 0 0 0 0,0 0 0 0 0 0 0,"2,6",,no (tile),,,,25.71,,1.0000,,6,yes,3_1 3_1,pg,1xx,L2
3218,7,2,1,4,IIIIIII,not tested,25.71 231.43 231.43 25.71 128.57 128.57 128.57,1.0000 1.0000 1.0000 1.0000 1.0000 1.0000 1.0000,0 0 0 0 0 0 0,0 0 0 0 0 0 0,"2,6",,no (tile),,,,25.71,,1.0000,,6,yes,3_1 3_1,pg,1xx,L2
3234,7,0,1,3,JSJJJJJ,not tested,273.92 -46.96 -46.96 273.92 86.08 273.92 86.08,1.0000 4.0952 1.0000 1.0000 1.0000 1.0000 1.0000,0 1 0 0 0 0 0,0 0 2 0 2 0 2,(not a tile),,"n/a (not a tile: rep 1 (S) must bulge opposite ways: to clear v4 on edge 1 (code 0) and to clear v6 on edge 1 (code 0) -- exact via the outside lemma (validated by John, 2026-09-13) [curve_sides])",,,,46.96,,0.2442,,,,3_3 3_3,pg,1xx,L2
3234,7,9,0,3,IIIIIII,not tested,25.71 231.43 231.43 25.71 128.57 128.57 128.57,1.0000 1.0000 1.0000 1.0000 1.0000 1.0000 1.0000,0 0 0 0 0 0 0,0 0 0 0 0 0 0,"2,6",,no (tile),,,,25.71,,1.0000,,6,yes,3_3 3_3,pg,1xx,L2
3234,7,9,0,4,IIIIIII,not tested,-25.71 231.43 231.43 231.43 -25.71 128.57 128.57,1.0000 1.0000 1.0000 1.0000 1.0000 1.0000 1.0000,0 0 0 0 0 0 0,0 0 0 0 0 0 0,"2,6",,no (tile),,,,25.71,,1.0000,,6,yes,3_3 3_3,pg,1xx,L2
3234,7,14,1,4,JJJJJSJ,not tested,62.02 297.98 62.02 297.98 62.02 58.99 58.99,1.0000 1.0000 1.0000 1.0000 1.0000 3.0912 1.0000,0 0 0 0 0 5 0,0 2 0 2 0 0 2,(not a tile),,"n/a (not a tile: rep 5 (S) must bulge opposite ways: to clear v1 on edge 5 (code 0) and to clear v3 on edge 5 (code 0) -- exact via the outside lemma (validated by John, 2026-09-13) [curve_sides])",,,,58.99,,0.3235,,,,3_3 3_3,pg,1xx,L2
3235,7,2,0,3,SSSSSSS,not needed (covering theorem),25.71 -231.43 -231.43 -231.43 385.71 591.43 591.43,1.0000 1.0000 1.0000 1.0000 1.0000 1.0000 1.0000,0 0 0 0 0 0 0,0 0 0 0 0 0 0,,,YES,2,4,2,25.71,,1.0000,,6,yes,3_3 3_3,p1,o1,L2
3235,7,2,0,4,SSSSSSS,not needed (covering theorem),488.57 385.71 -128.57 -128.57 -694.29 488.57 488.57,1.0000 1.0000 1.0000 1.0000 1.0000 1.0000 1.0000,0 0 0 0 0 0 0,0 0 0 0 0 0 0,,,YES,2,4,2,25.71,,1.0000,,6,yes,3_3 3_3,p1,o1,L2
3235,7,9,0,3,SSSSSSS,not needed (covering theorem),25.71 231.43 231.43 25.71 128.57 128.57 128.57,1.0000 1.0000 1.0000 1.0000 1.0000 1.0000 1.0000,0 0 0 0 0 0 0,0 0 0 0 0 0 0,,,YES,2,"1,4",2,25.71,,1.0000,,6,yes,3_3 3_3,p1,o1,L2
3235,7,9,0,4,SSSSSSS,not needed (covering theorem),25.71 -231.43 -231.43 -231.43 385.71 591.43 591.43,1.0000 1.0000 1.0000 1.0000 1.0000 1.0000 1.0000,0 0 0 0 0 0 0,0 0 0 0 0 0 0,,,YES,2,"1,4",2,25.71,,1.0000,,6,yes,3_3 3_3,p1,o1,L2
3235,7,11,0,3,SSSSSSS,not needed (covering theorem),1208.57 1208.57 1208.57 745.71 -848.57 -848.57 -1774.29,1.0000 1.0000 1.0000 1.0000 1.0000 1.0000 1.0000,0 0 0 0 0 0 0,0 0 0 0 0 0 0,,,YES,2,"1,4",2,25.71,,1.0000,,6,yes,3_3 3_3,p1,o1,L2
3235,7,11,0,4,SSSSSSS,not needed (covering theorem),25.71 231.43 231.43 25.71 128.57 128.57 128.57,1.0000 1.0000 1.0000 1.0000 1.0000 1.0000 1.0000,0 0 0 0 0 0 0,0 0 0 0 0 0 0,,,YES,2,"1,4",2,25.71,,1.0000,,6,yes,3_3 3_3,p1,o1,L2
4809,7,3,0,5,IIIIIII,not tested,45.00 45.00 180.00 90.00 270.00 90.00 180.00,1.0000 0.2357 0.2357 0.2357 0.2357 0.2357 0.2357,0 1 1 1 1 1 1,0 0 0 0 0 0 0,1,,no (tile),,,,45.00,,0.2357,,3 8,yes,4_2 5_4,cmm,2*22,L3
4809,7,3,1,3,IIIIIII,not tested,45.00 45.00 180.00 90.00 270.00 90.00 180.00,1.0000 0.2357 0.2357 0.2357 0.2357 0.2357 0.2357,0 1 1 1 1 1 1,0 0 0 0 0 0 0,1,,no (tile),,,,45.00,,0.2357,,3 8,yes,4_2 5_4,cmm,2*22,L3
8982,7,0,0,1,SSSSSSS,not tested,180.00 59.88 60.12 60.00 180.00 180.00 180.00,1.0000 4.9939 4.9879 1.0000 1.0000 1.0000 1.0000,0 1 2 0 0 0 0,0 0 0 0 0 0 0,1,,no (tile),,,,59.88,,0.2002,,4 6,yes,3_2 4_2,p2,2222,hand
8982,7,0,1,3,SJJSSSS,not tested,180.00 43.01 93.98 43.01 180.00 180.00 180.00,1.0000 3.4189 3.4189 1.0000 1.0000 1.0000 1.0000,0 1 1 0 0 0 0,0 0 2 0 0 0 0,"2,6",,no (tile),,,,43.01,,0.2925,,4 6,yes,3_2 4_2,p2,2222,hand
8982,7,2,1,2,SISSSSS,not tested,180.00 79.86 79.86 180.00 180.00 20.29 180.00,1.0000 1.0566 1.0000 1.0000 1.0000 1.0000 1.0000,0 1 0 0 0 0 0,0 0 1 1 1 0 0,"1,2,6",,no (tile),,,,20.29,,0.9464,,4 6,yes,3_2 4_2,p2,2222,hand
8982,7,7,1,1,SSSSISS,not tested,180.00 35.51 180.00 180.00 72.25 72.25 180.00,1.0000 1.0000 1.0000 1.0000 1.8296 1.0000 1.0000,0 0 0 0 4 0 0,0 1 1 1 0 0 0,"1,2,6",,no (tile),,,,35.51,,0.5466,,4 6,yes,3_2 4_2,p2,2222,hand
8982,7,10,0,2,SSSSSSS,not tested,180.00 180.00 59.88 60.12 60.00 180.00 180.00,1.0000 1.0000 4.9939 4.9879 1.0000 1.0000 1.0000,0 0 2 3 0 0 0,0 0 0 0 0 0 0,1,,no (tile),,,,59.88,,0.2002,,4 6,yes,3_2 4_2,p2,2222,hand
8982,7,10,1,4,SSJJSSS,not tested,180.00 180.00 43.01 93.98 43.01 180.00 180.00,1.0000 1.0000 3.4189 3.4189 1.0000 1.0000 1.0000,0 0 2 2 0 0 0,0 0 0 2 0 0 0,"2,6",,no (tile),,,,43.01,,0.2925,,4 6,yes,3_2 4_2,p2,2222,hand
8982,7,12,1,3,SSISSSS,not tested,180.00 180.00 79.86 79.86 180.00 180.00 20.29,1.0000 1.0000 1.0566 1.0000 1.0000 1.0000 1.0000,0 0 2 0 0 0 0,0 0 0 1 1 1 0,"1,2,6",,no (tile),,,,20.29,,0.9464,,4 6,yes,3_2 4_2,p2,2222,hand
8982,7,15,1,2,SSSSSIS,not tested,180.00 180.00 35.51 180.00 180.00 72.25 72.25,1.0000 1.0000 1.0000 1.0000 1.0000 1.8296 1.0000,0 0 0 0 0 5 0,0 0 1 1 1 0 0,"1,2,6",,no (tile),,,,35.51,,0.5466,,4 6,yes,3_2 4_2,p2,2222,hand
8982,7,16,0,3,SSSSSSS,not tested,180.00 180.00 180.00 59.88 60.12 60.00 180.00,1.0000 1.0000 1.0000 4.9939 4.9879 1.0000 1.0000,0 0 0 3 4 0 0,0 0 0 0 0 0 0,1,,no (tile),,,,59.88,,0.2002,,4 6,yes,3_2 4_2,p2,2222,hand
8982,7,16,1,5,SSSJJSS,not tested,180.00 180.00 180.00 43.01 93.98 43.01 180.00,1.0000 1.0000 1.0000 3.4189 3.4189 1.0000 1.0000,0 0 0 3 3 0 0,0 0 0 0 2 0 0,"2,6",,no (tile),,,,43.01,,0.2925,,4 6,yes,3_2 4_2,p2,2222,hand
8982,7,19,0,2,SSSSSSS,not tested,328.02 275.60 180.00 84.40 -84.40 84.40 31.98,1.0000 0.5911 0.5911 1.0000 0.5911 1.0000 3.3326,0 1 1 0 1 0 6,0 0 0 0 0 0 0,(not a tile),,"n/a (not a tile: no curve choice found that clears touch, on this shape or elsewhere in its family; best clearance 3.0e-16 -- search, not proof)",,,,31.98,,0.1774,,,,3_2 4_2,p2,2222,hand
8982,7,19,0,4,SSSSSSS,not tested,180.00 180.00 180.00 180.00 59.88 60.12 60.00,1.0000 1.0000 1.0000 1.0000 4.9939 4.9879 1.0000,0 0 0 0 4 5 0,0 0 0 0 0 0 0,1,,no (tile),,,,59.88,,0.2002,,4 6,yes,3_2 4_2,p2,2222,hand
8982,7,19,1,4,JJJJJJS,not tested,320.15 259.69 180.00 100.31 -100.31 100.31 39.85,1.0000 1.0000 1.0000 1.0000 1.0000 1.0000 4.6066,0 0 0 0 0 0 6,0 2 1 3 1 3 0,(not a tile),,"n/a (not a tile: no curve choice found that clears touch, on this shape or elsewhere in its family; best clearance 2.0e-16 -- search, not proof)",,,,39.85,,0.2171,,,,3_2 4_2,p2,2222,hand
8982,7,19,1,6,SSSSJJS,not tested,180.00 180.00 180.00 180.00 43.01 93.98 43.01,1.0000 1.0000 1.0000 1.0000 3.4189 3.4189 1.0000,0 0 0 0 4 4 0,0 0 0 0 0 2 0,"2,6",,no (tile),,,,43.01,,0.2925,,4 6,yes,3_2 4_2,p2,2222,hand
8986,7,0,0,2,SJJSSSS,not tested,180.00 45.00 90.00 45.00 180.00 180.00 180.00,1.0000 3.5355 3.5355 1.0000 1.0000 1.0000 1.0000,0 1 1 0 0 0 0,0 0 3 0 0 0 0,9,,no (tile),,,,45.00,,0.2828,,4 5,yes,3_2 4_2,p2,2222,L2
8986,7,0,1,2,SIISSSS,not tested,180.00 44.88 90.00 45.12 180.00 180.00 180.00,1.0000 3.5431 3.5280 1.0000 1.0000 1.0000 1.0000,0 1 2 0 0 0 0,0 0 0 0 0 0 0,1,,no (tile),,,,44.88,,0.2822,,4 5,yes,3_2 4_2,p2,2222,L2
8986,7,10,0,3,SSJJSSS,not tested,180.00 180.00 45.00 90.00 45.00 180.00 180.00,1.0000 1.0000 3.5355 3.5355 1.0000 1.0000 1.0000,0 0 2 2 0 0 0,0 0 0 3 0 0 0,9,,no (tile),,,,45.00,,0.2828,,4 5,yes,3_2 4_2,p2,2222,L2
8986,7,10,1,3,SSIISSS,not tested,180.00 180.00 44.88 90.00 45.12 180.00 180.00,1.0000 1.0000 3.5431 3.5280 1.0000 1.0000 1.0000,0 0 2 3 0 0 0,0 0 0 0 0 0 0,1,,no (tile),,,,44.88,,0.2822,,4 5,yes,3_2 4_2,p2,2222,L2
8986,7,16,0,4,SSSJJSS,not tested,180.00 180.00 180.00 45.00 90.00 45.00 180.00,1.0000 1.0000 1.0000 3.5355 3.5355 1.0000 1.0000,0 0 0 3 3 0 0,0 0 0 0 3 0 0,9,,no (tile),,,,45.00,,0.2828,,4 5,yes,3_2 4_2,p2,2222,L2
8986,7,16,1,4,SSSIISS,not tested,180.00 180.00 180.00 44.88 90.00 45.12 180.00,1.0000 1.0000 1.0000 3.5431 3.5280 1.0000 1.0000,0 0 0 3 4 0 0,0 0 0 0 0 0 0,1,,no (tile),,,,44.88,,0.2822,,4 5,yes,3_2 4_2,p2,2222,L2
8986,7,19,0,5,SSSSJJS,not tested,180.00 180.00 180.00 180.00 45.00 90.00 45.00,1.0000 1.0000 1.0000 1.0000 3.5355 3.5355 1.0000,0 0 0 0 4 4 0,0 0 0 0 0 3 0,9,,no (tile),,,,45.00,,0.2828,,4 5,yes,3_2 4_2,p2,2222,L2
8986,7,19,1,3,IIIIIIS,not tested,305.20 270.00 180.00 90.00 -90.00 90.00 54.80,1.0000 1.4174 1.4174 1.0000 1.4174 1.0000 5.2039,0 1 1 0 1 0 6,0 0 0 0 0 0 0,(not a tile),,"n/a (not a tile: no curve choice found that clears touch, on this shape or elsewhere in its family; best clearance 1.0e-16 -- search, not proof)",,,,54.80,,0.1922,,,,3_2 4_2,p2,2222,L2
8986,7,19,1,5,SSSSIIS,not tested,180.00 180.00 180.00 180.00 44.88 90.00 45.12,1.0000 1.0000 1.0000 1.0000 3.5431 3.5280 1.0000,0 0 0 0 4 5 0,0 0 0 0 0 0 0,1,,no (tile),,,,44.88,,0.2822,,4 5,yes,3_2 4_2,p2,2222,L2
10872,7,0,0,6,IIIIIII,not tested,90.00 90.00 90.00 180.00 180.00 180.00 90.00,1.0000 0.2500 0.2500 0.2500 0.2500 0.2500 0.2500,0 1 1 1 1 1 1,0 0 0 0 0 0 0,"1,2,6",,no (tile),,,,90.00,,0.2500,,3 4,yes,4_2 7_4,cmm,2*22,L3
10872,7,0,1,2,IIIIIII,not tested,90.00 90.00 90.00 180.00 180.00 180.00 90.00,1.0000 0.2500 0.2500 0.2500 0.2500 0.2500 0.2500,0 1 1 1 1 1 1,0 0 0 0 0 0 0,"1,2,6",,no (tile),,,,90.00,,0.2500,,3 4,yes,4_2 7_4,cmm,2*22,L3
10872,7,3,0,1,IIIIIII,not tested,90.00 90.00 90.00 180.00 180.00 180.00 90.00,1.0000 0.2500 0.2500 0.2500 0.2500 0.2500 0.2500,0 1 1 1 1 1 1,0 0 0 0 0 0 0,"1,2,6",,no (tile),,,,90.00,,0.2500,,3 4,yes,4_2 7_4,cmm,2*22,L3
10872,7,3,1,0,IIIIIII,not tested,90.00 90.00 90.00 180.00 180.00 180.00 90.00,1.0000 0.2500 0.2500 0.2500 0.2500 0.2500 0.2500,0 1 1 1 1 1 1,0 0 0 0 0 0 0,"1,2,6",,no (tile),,,,90.00,,0.2500,,3 4,yes,4_2 7_4,cmm,2*22,L3
13528,7,5,0,3,IIIIIII,not tested,90.00 90.00 180.00 90.00 180.00 90.00 180.00,1.0000 0.5000 0.5000 0.5000 0.5000 0.5000 0.5000,0 1 1 1 1 1 1,0 0 0 0 0 0 0,"1,2,6",,no (tile),,,,90.00,,0.5000,,3 4,yes,5_4 5_2,cmm,2*22,L3
13528,7,5,1,5,IIIIIII,not tested,90.00 90.00 180.00 90.00 180.00 90.00 180.00,1.0000 0.5000 0.5000 0.5000 0.5000 0.5000 0.5000,0 1 1 1 1 1 1,0 0 0 0 0 0 0,"1,2,6",,no (tile),,,,90.00,,0.5000,,3 4,yes,5_4 5_2,cmm,2*22,L3
25458,7,1,1,6,IIIIIII,not tested,90.00 11.31 270.00 90.00 270.00 90.00 78.69,1.0000 0.3922 0.3922 0.3922 0.3922 0.3922 1.0000,0 1 1 1 1 1 0,0 0 0 0 0 0 0,"1,2,6,9",,no (tile),,,,11.31,,0.3922,,3 4 6,yes,4_2 4_2,p4g,4*2,L2
25458,7,5,1,6,IIIIIII,not tested,90.00 78.69 90.00 270.00 90.00 270.00 11.31,1.0000 0.3922 0.3922 0.3922 0.3922 0.3922 1.0000,0 1 1 1 1 1 0,0 0 0 0 0 0 0,"1,2,6,9",,no (tile),,,,11.31,,0.3922,,3 4 6,yes,4_2 4_2,p4g,4*2,L2
25461,7,9,1,2,IIIIIII,not tested,90.00 45.00 45.00 270.00 90.00 270.00 90.00,1.0000 0.8485 0.2000 0.2000 0.2000 0.2000 0.2000,0 1 2 2 2 2 2,0 0 0 0 0 0 0,1,,no (tile),,,,45.00,,0.2000,,3 4 8,yes,4_2 4_2,cmm,2*22,L3
25473,7,15,0,4,IIIIIII,not tested,77.14 154.29 154.29 77.14 205.71 205.71 25.71,1.0000 1.0000 1.0000 1.0000 1.0000 1.0000 3.4940,0 0 0 0 0 0 6,0 0 0 0 0 0 0,"2,6",,no (tile),,,,25.71,,0.2862,,3 4 6,yes,4_2 4_2,pmg,22*,L2
25473,7,19,1,4,IIIIIII,not tested,90.21 89.79 270.21 89.79 270.21 44.90 44.90,1.0000 1.0000 1.0000 1.0000 1.0000 4.2503 5.0000,0 0 0 0 0 5 6,0 0 0 0 0 0 0,1,,no (tile),,,,44.90,,0.2000,,3 4 6,yes,4_2 4_2,pmg,22*,L2
25493,7,1,1,6,IJJJJJJ,not needed (covering theorem),81.97 19.27 258.76 101.24 78.76 281.24 78.76,1.0000 0.3365 0.3365 0.3365 0.3365 0.3365 0.3365,0 1 1 1 1 1 1,0 0 2 0 2 0 2,,,YES,2,1,2,19.27,,0.3365,,3 4 6,yes,4_3 4_3,pmg,22*,L2
25493,7,4,1,5,IIIIIII,not tested,44.95 45.05 90.00 270.00 90.00 90.00 270.00,1.0000 0.7065 0.2359 0.7065 0.2359 0.7065 0.2359,0 1 2 1 2 1 2,0 0 0 0 0 0 0,1,,no (tile),,,,44.95,,0.2359,,3 4 6,yes,4_3 4_3,pmg,22*,L2
25515,7,6,1,5,SSSSSSS,not tested,5.19 164.26 10.55 349.45 10.55 169.45 190.55,1.0000 0.4938 0.4938 0.4938 0.4938 0.4938 0.4938,0 1 1 1 1 1 1,0 0 1 0 1 0 1,1,,no (tile),,,,5.19,,0.4938,,3 5,yes,3_1 5_1,p2,2222,L2
25515,7,6,1,6,SSISISI,not needed (covering theorem),63.38 53.20 243.42 63.42 116.58 296.58 63.42,1.0000 0.3332 0.5972 0.3332 0.5972 0.3332 0.5972,0 1 2 1 2 1 2,0 0 0 1 0 0 0,,,YES,2,1,2,53.20,,0.3332,,3 5,yes,3_1 5_1,p2,2222,L2
25515,7,20,1,4,ISISISS,not needed (covering theorem),69.95 69.92 290.08 110.08 69.92 249.92 40.12,1.0000 0.7292 1.0000 0.7292 1.0000 0.7292 2.1871,0 1 0 1 0 1 6,0 0 0 1 0 0 0,,,YES,2,1,2,40.12,,0.3334,,3 5,yes,3_1 5_1,p2,2222,L2
25515,7,20,1,5,SSSSSSS,not tested,18.88 237.26 122.74 57.26 302.74 57.26 103.86,1.0000 1.0000 1.0000 1.0000 1.0000 1.0000 2.5990,0 0 0 0 0 0 6,0 1 0 1 0 1 0,1,,no (tile),,,,18.88,,0.3848,,3 5,yes,3_1 5_1,p2,2222,L2
25516,7,2,1,6,SSISISI,not needed (covering theorem),-60.07 256.86 163.21 -16.79 196.79 376.79 -16.79,1.0000 1.0000 1.4563 1.0000 1.4563 1.0000 1.4563,0 0 2 0 2 0 2,0 1 0 0 0 1 0,,,YES,2,"1,2",2,16.79,,0.6867,,3 5,yes,3_1 5_1,pgg,22x,L2
25516,7,8,1,4,ISISISS,not needed (covering theorem),59.98 16.78 343.22 163.22 16.78 196.78 103.24,1.0000 0.6860 1.0000 0.6860 1.0000 0.6860 0.6860,0 1 0 1 0 1 1,0 0 0 1 0 0 1,,,YES,2,"1,2",2,16.78,,0.6860,,3 5,yes,3_1 5_1,pgg,22x,L2
25520,7,0,0,1,SSSSSSS,not tested,180.00 59.88 60.12 60.00 180.00 180.00 180.00,1.0000 4.9939 4.9879 1.0000 1.0000 1.0000 1.0000,0 1 2 0 0 0 0,0 0 0 0 0 0 0,1,,no (tile),,,,59.88,,0.2002,,4,yes,4_2 4_2,p2,2222,hand
25520,7,1,0,1,SSSSSSS,not tested,180.00 59.88 60.12 60.00 180.00 180.00 180.00,1.0000 4.9939 4.9879 1.0000 1.0000 1.0000 1.0000,0 1 2 0 0 0 0,0 0 0 0 0 0 0,1,,no (tile),,,,59.88,,0.2002,,4,yes,4_2 4_2,p2,2222,hand
25520,7,1,1,3,SJJSSSS,not tested,180.00 43.01 93.98 43.01 180.00 180.00 180.00,1.0000 3.4189 3.4189 1.0000 1.0000 1.0000 1.0000,0 1 1 0 0 0 0,0 0 2 0 0 0 0,"2,6",,no (tile),,,,43.01,,0.2925,,4,yes,4_2 4_2,p2,2222,hand
25520,7,2,0,1,SSSSSSS,not tested,180.00 59.88 60.12 60.00 180.00 180.00 180.00,1.0000 4.9939 4.9879 1.0000 1.0000 1.0000 1.0000,0 1 2 0 0 0 0,0 0 0 0 0 0 0,1,,no (tile),,,,59.88,,0.2002,,4,yes,4_2 4_2,p2,2222,hand
25520,7,2,1,3,SJJSSSS,not tested,180.00 43.01 93.98 43.01 180.00 180.00 180.00,1.0000 3.4189 3.4189 1.0000 1.0000 1.0000 1.0000,0 1 1 0 0 0 0,0 0 2 0 0 0 0,"2,6",,no (tile),,,,43.01,,0.2925,,4,yes,4_2 4_2,p2,2222,hand
25520,7,3,1,1,SSIIIII,not tested,31.06 117.87 31.06 180.00 180.00 180.00 180.00,1.0000 1.0000 0.3426 0.3426 0.3426 0.3426 0.3426,0 0 2 2 2 2 2,0 1 0 0 0 0 0,"1,2,6",,no (tile),,,,31.06,,0.3426,,4,yes,4_2 4_2,p2,2222,hand
25520,7,3,1,3,SJJSSSS,not tested,180.00 43.01 93.98 43.01 180.00 180.00 180.00,1.0000 3.4189 3.4189 1.0000 1.0000 1.0000 1.0000,0 1 1 0 0 0 0,0 0 2 0 0 0 0,"2,6",,no (tile),,,,43.01,,0.2925,,4,yes,4_2 4_2,p2,2222,hand
25520,7,4,0,3,SSSSSSS,not tested,14.31 263.13 96.87 124.41 41.28 235.59 124.41,1.0000 0.9963 1.0000 0.9963 0.9963 1.0000 0.9963,0 1 0 1 1 0 1,0 0 0 0 0 0 0,1,,no (tile),,,,14.31,,0.9963,,4,yes,4_2 4_2,p2,2222,hand
25520,7,4,0,4,SSSSSSS,not tested,77.19 77.19 180.00 180.00 25.62 180.00 180.00,1.0000 0.7518 0.7518 0.7518 0.7518 0.7518 0.7518,0 1 1 1 1 1 1,0 0 0 0 0 0 0,1,,no (tile),,,,25.62,,0.7518,,4,yes,4_2 4_2,p2,2222,hand
25520,7,4,0,6,SSSSSSS,not needed (covering theorem),58.15 193.19 71.34 166.81 50.51 309.49 50.51,1.0000 2.0340 2.0340 1.0000 2.0340 1.0000 2.0340,0 1 1 0 1 0 1,0 0 0 0 0 0 0,,,YES,2,1,2,50.51,,0.4916,,4,yes,4_2 4_2,p2,2222,hand
25520,7,4,1,3,SSSSSSS,not tested,98.49 180.00 40.26 180.00 41.25 318.75 41.25,1.0000 1.0000 1.0000 1.0000 0.9801 1.0000 0.9801,0 0 0 0 4 0 4,0 0 1 1 0 1 0,"1,2,6",,no (tile),,,,40.26,,0.9801,,4,yes,4_2 4_2,p2,2222,hand
25520,7,5,1,1,SSSIISI,not tested,300.47 -420.94 180.00 300.47 180.00 300.47 59.53,1.0000 1.0000 1.0000 0.6762 0.6762 1.0000 0.6762,0 0 0 3 3 0 3,0 1 1 0 0 0 0,"1,2,6",,no (tile),,,,59.53,,0.6762,,4,yes,4_2 4_2,p2,2222,hand
25520,7,6,1,0,SSSSSSS,not tested,77.19 77.19 180.00 180.00 25.62 180.00 180.00,1.0000 0.7518 0.7518 0.7518 0.7518 0.7518 0.7518,0 1 1 1 1 1 1,0 0 0 0 1 1 1,"1,2,6",,no (tile),,,,25.62,,0.7518,,4,yes,4_2 4_2,p2,2222,hand
25520,7,6,1,1,SSSSSSS,not tested,48.03 83.95 48.03 180.00 180.00 180.00 180.00,1.0000 1.0000 0.2675 0.2675 0.2675 0.2675 0.2675,0 0 2 2 2 2 2,0 1 0 1 0 1 0,"1,2,6",,no (tile),,,,48.03,,0.2675,,4,yes,4_2 4_2,p2,2222,hand
25520,7,6,1,2,SISSSSS,not needed (covering theorem),179.94 65.91 65.85 180.06 48.24 311.76 48.24,1.0000 2.4526 1.0005 1.0000 1.0005 1.0000 1.0005,0 1 2 0 2 0 2,0 0 0 1 1 1 1,,,YES,2,1,2,48.24,,0.4077,,4,yes,4_2 4_2,p2,2222,hand
25520,7,8,1,0,SJJJJJJ,not needed (covering theorem),68.04 68.04 180.00 43.92 316.08 43.92 180.00,1.0000 0.4457 0.4457 0.4457 0.4457 0.4457 0.4457,0 1 1 1 1 1 1,0 0 3 1 3 1 2,,,YES,2,1,2,43.92,,0.4457,,4,yes,4_2 4_2,p2,2222,hand
25520,7,8,1,1,SSIIIII,not tested,31.06 117.87 31.06 180.00 180.00 180.00 180.00,1.0000 1.0000 0.3426 0.3426 0.3426 0.3426 0.3426,0 0 2 2 2 2 2,0 1 0 0 0 0 0,"1,2,6",,no (tile),,,,31.06,,0.3426,,4,yes,4_2 4_2,p2,2222,hand
25520,7,8,1,2,SISSSSS,not tested,180.00 79.86 79.86 180.00 180.00 20.29 180.00,1.0000 1.0566 1.0000 1.0000 1.0000 1.0000 1.0000,0 1 0 0 0 0 0,0 0 1 1 1 0 0,"1,2,6",,no (tile),,,,20.29,,0.9464,,4,yes,4_2 4_2,p2,2222,hand
25520,7,9,1,1,SSSSSSS,not tested,48.03 83.95 48.03 180.00 180.00 180.00 180.00,1.0000 1.0000 0.2675 0.2675 0.2675 0.2675 0.2675,0 0 2 2 2 2 2,0 1 0 1 0 1 0,"1,2,6",,no (tile),,,,48.03,,0.2675,,4,yes,4_2 4_2,p2,2222,hand
25520,7,9,1,6,SIIIIIS,not tested,60.00 60.00 180.00 180.00 180.00 180.00 60.00,1.0000 0.2000 0.2000 0.2000 0.2000 0.2000 1.0001,0 1 1 1 1 1 6,0 0 0 0 0 0 0,1,,no (tile),,,,60.00,,0.2000,,4,yes,4_2 4_2,p2,2222,hand
25520,7,10,0,3,SSSSSSS,not tested,46.94 63.59 296.41 69.47 63.59 185.89 174.11,1.0000 0.4945 1.0000 1.0000 0.4945 1.0000 0.4945,0 1 0 0 1 0 1,0 0 0 0 0 0 0,1,,no (tile),,,,46.94,,0.4945,,4,yes,4_2 4_2,p2,2222,hand
25520,7,10,0,4,SSSSSSS,not tested,77.19 77.19 180.00 180.00 25.62 180.00 180.00,1.0000 0.7518 0.7518 0.7518 0.7518 0.7518 0.7518,0 1 1 1 1 1 1,0 0 0 0 0 0 0,1,,no (tile),,,,25.62,,0.7518,,4,yes,4_2 4_2,p2,2222,hand
25520,7,10,0,6,SSSSSSS,not needed (covering theorem),163.43 72.21 196.57 55.65 52.14 307.86 52.14,1.0000 1.0000 0.4918 1.0000 0.4918 1.0000 0.4918,0 0 2 0 2 0 2,0 0 0 0 0 0 0,,,YES,2,1,2,52.14,,0.4918,,4,yes,4_2 4_2,p2,2222,hand
25520,7,10,1,5,SSSSSSS,not tested,397.91 -292.85 180.00 74.94 180.00 397.91 -37.91,1.0000 0.6362 0.6362 0.6362 0.6362 1.0000 0.6362,0 1 1 1 1 0 1,0 0 0 1 1 0 1,"1,2,6",,no (tile),,,,37.91,,0.6362,,4,yes,4_2 4_2,p2,2222,hand
25520,7,11,0,4,SSJJJSJ,not tested,98.13 180.00 60.57 180.00 21.30 299.43 60.57,1.0000 1.0000 1.5261 1.5261 1.5261 1.0000 1.5261,0 0 2 2 2 0 2,0 0 0 3 3 0 0,1,,no (tile),,,,21.30,,0.6552,,4,yes,4_2 4_2,p2,2222,hand
25520,7,11,1,0,SSJJJSJ,not tested,-318.71 180.00 401.29 180.00 97.41 401.29 -41.29,1.0000 1.0000 0.9982 0.9982 0.9982 1.0000 0.9982,0 0 2 2 2 0 2,0 0 0 3 1 1 2,1,,no (tile),,,,41.29,,0.9982,,4,yes,4_2 4_2,p2,2222,hand
25520,7,12,1,0,SSSSSSS,not tested,77.19 77.19 180.00 180.00 25.62 180.00 180.00,1.0000 0.7518 0.7518 0.7518 0.7518 0.7518 0.7518,0 1 1 1 1 1 1,0 0 0 0 1 1 1,"1,2,6",,no (tile),,,,25.62,,0.7518,,4,yes,4_2 4_2,p2,2222,hand
25520,7,12,1,6,SSSISSS,not tested,37.63 226.48 133.52 94.42 47.94 226.48 133.52,1.0000 1.3429 1.0000 2.4673 1.3429 1.0000 1.3429,0 1 0 3 1 0 1,0 0 0 0 1 1 1,1,,no (tile),,,,37.63,,0.4053,,4,yes,4_2 4_2,p2,2222,hand
25520,7,13,0,5,SSSSSSS,not tested,41.41 180.00 180.00 41.41 180.00 97.18 180.00,1.0000 1.0000 1.0000 1.0000 1.0000 1.0000 1.0000,0 0 0 0 0 0 0,0 0 0 0 0 0 0,1,,no (tile),,,,41.41,,1.0000,,4,yes,4_2 4_2,p2,2222,hand
25520,7,15,0,5,SSSSSSS,not tested,61.03 176.92 298.97 57.95 61.03 183.08 61.03,1.0000 16.7414 1.0000 1.0000 16.7414 1.0000 16.7414,0 1 0 0 1 0 1,0 0 0 0 0 0 0,,closing m-gon self-intersects (not a simple polygon) — not p,n/a (tile degenerate at high precision),,,,57.95,,0.0597,,4,yes,4_2 4_2,p2,2222,hand
25520,7,15,1,0,SSSSSSS,not tested,77.19 77.19 180.00 25.62 334.38 25.62 180.00,1.0000 0.7518 0.7518 0.7518 0.7518 0.7518 0.7518,0 1 1 1 1 1 1,0 0 0 1 0 1 1,1,,no (tile),,,,25.62,,0.7518,,4,yes,4_2 4_2,p2,2222,hand
25520,7,15,1,5,SSSSSSS,not tested,70.71 180.00 180.00 38.57 180.00 180.00 70.71,1.0000 1.0000 1.0000 1.0000 1.0000 1.0000 1.9816,0 0 0 0 0 0 6,0 0 0 1 1 1 0,"1,2,6",,no (tile),,,,38.57,,0.5046,,4,yes,4_2 4_2,p2,2222,hand
25520,7,15,1,6,SIIIIIS,not tested,60.00 60.00 180.00 180.00 180.00 180.00 60.00,1.0000 0.2000 0.2000 0.2000 0.2000 0.2000 1.0001,0 1 1 1 1 1 6,0 0 0 0 0 0 0,1,,no (tile),,,,60.00,,0.2000,,4,yes,4_2 4_2,p2,2222,hand
25520,7,17,1,0,SJJJJJJ,not tested,77.19 77.19 180.00 180.00 25.62 180.00 180.00,1.0000 0.7518 0.7518 0.7518 0.7518 0.7518 0.7518,0 1 1 1 1 1 1,0 0 3 0 2 1 2,"2,6",,no (tile),,,,25.62,,0.7518,,4,yes,4_2 4_2,p2,2222,hand
25520,7,17,1,1,SSSSISS,not tested,180.00 35.51 180.00 180.00 72.25 72.25 180.00,1.0000 1.0000 1.0000 1.0000 1.8296 1.0000 1.0000,0 0 0 0 4 0 0,0 1 1 1 0 0 0,"1,2,6",,no (tile),,,,35.51,,0.5466,,4,yes,4_2 4_2,p2,2222,hand
25520,7,18,0,4,SSSSSSS,not needed (covering theorem),-66.11 293.89 161.68 293.89 -47.78 66.11 198.32,1.0000 0.3159 1.0000 0.3159 0.3159 1.0000 0.3159,0 1 0 1 1 0 1,0 0 0 0 0 0 0,,,YES,2,1,2,47.78,,0.3159,,4,yes,4_2 4_2,p2,2222,hand
25520,7,18,0,5,SSSSSSS,not needed (covering theorem),61.56 56.89 298.44 175.33 61.56 61.56 184.67,1.0000 1.0000 11.2491 1.0000 11.2491 1.0000 11.2491,0 0 2 0 2 0 2,0 0 0 0 0 0 0,,,YES,2,1,2,56.89,,0.0889,,4,yes,4_2 4_2,p2,2222,hand
25520,7,18,1,0,SSSSSSS,not tested,77.19 77.19 180.00 180.00 25.62 180.00 180.00,1.0000 0.7518 0.7518 0.7518 0.7518 0.7518 0.7518,0 1 1 1 1 1 1,0 0 0 0 1 1 1,"1,2,6",,no (tile),,,,25.62,,0.7518,,4,yes,4_2 4_2,p2,2222,hand
25520,7,18,1,5,SSSSSSS,not tested,70.71 180.00 38.57 321.43 38.57 180.00 70.71,1.0000 1.0000 1.0000 1.0000 1.0000 1.0000 1.9816,0 0 0 0 0 0 6,0 0 1 0 1 1 0,1,,no (tile),,,,38.57,,0.5046,,4,yes,4_2 4_2,p2,2222,hand
25520,7,18,1,6,SIIIIIS,not tested,60.00 60.00 180.00 180.00 180.00 180.00 60.00,1.0000 0.2000 0.2000 0.2000 0.2000 0.2000 1.0001,0 1 1 1 1 1 6,0 0 0 0 0 0 0,1,,no (tile),,,,60.00,,0.2000,,4,yes,4_2 4_2,p2,2222,hand
25520,7,19,1,4,SSSSSSS,not tested,47.05 180.00 180.00 180.00 180.00 47.05 85.89,1.0000 1.0000 1.0000 1.0000 1.0000 3.6693 3.6693,0 0 0 0 0 5 5,0 1 0 1 0 0 1,"1,2,6",,no (tile),,,,47.05,,0.2725,,4,yes,4_2 4_2,p2,2222,hand
25520,7,19,1,6,SIIIIIS,not tested,60.00 60.00 180.00 180.00 180.00 180.00 60.00,1.0000 0.2000 0.2000 0.2000 0.2000 0.2000 1.0001,0 1 1 1 1 1 6,0 0 0 0 0 0 0,1,,no (tile),,,,60.00,,0.2000,,4,yes,4_2 4_2,p2,2222,hand
25520,7,20,0,2,SSSSSSS,not tested,180.00 180.00 59.88 60.12 60.00 180.00 180.00,1.0000 1.0000 4.9939 4.9879 1.0000 1.0000 1.0000,0 0 2 3 0 0 0,0 0 0 0 0 0 0,1,,no (tile),,,,59.88,,0.2002,,4,yes,4_2 4_2,p2,2222,hand
25520,7,20,1,4,SSJJSSS,not tested,180.00 180.00 43.01 93.98 43.01 180.00 180.00,1.0000 1.0000 3.4189 3.4189 1.0000 1.0000 1.0000,0 0 2 2 0 0 0,0 0 0 2 0 0 0,"2,6",,no (tile),,,,43.01,,0.2925,,4,yes,4_2 4_2,p2,2222,hand
25520,7,21,0,1,SSSSSSS,not tested,340.81 180.00 -80.41 -80.41 180.00 340.81 19.19,1.0000 1.0000 1.0000 1.0000 1.0000 1.0000 1.0000,0 0 0 0 0 0 0,0 0 0 0 0 0 0,1,,no (tile),,,,19.19,,1.0000,,4,yes,4_2 4_2,p2,2222,hand
25520,7,21,0,2,SSSSSSS,not tested,180.00 180.00 59.88 60.12 60.00 180.00 180.00,1.0000 1.0000 4.9939 4.9879 1.0000 1.0000 1.0000,0 0 2 3 0 0 0,0 0 0 0 0 0 0,1,,no (tile),,,,59.88,,0.2002,,4,yes,4_2 4_2,p2,2222,hand
25520,7,21,0,3,SSSSSSS,not tested,19.19 180.00 180.00 80.41 80.41 180.00 180.00,1.0000 1.0000 1.0000 1.0000 1.0000 1.0000 1.0000,0 0 0 0 0 0 0,0 0 0 0 0 0 0,1,,no (tile),,,,19.19,,1.0000,,4,yes,4_2 4_2,p2,2222,hand
25520,7,22,1,3,SSISSSS,not tested,339.71 180.00 -79.86 -79.86 180.00 339.71 20.29,1.0000 1.0000 1.0566 1.0000 1.0000 1.0000 1.0000,0 0 2 0 0 0 0,0 0 0 1 1 0 1,1,,no (tile),,,,20.29,,0.9464,,4,yes,4_2 4_2,p2,2222,hand
25520,7,22,1,4,SSJJSSS,not tested,180.00 180.00 43.01 93.98 43.01 180.00 180.00,1.0000 1.0000 3.4189 3.4189 1.0000 1.0000 1.0000,0 0 2 2 0 0 0,0 0 0 2 0 0 0,"2,6",,no (tile),,,,43.01,,0.2925,,4,yes,4_2 4_2,p2,2222,hand
25520,7,22,1,5,SSSISSS,not tested,35.51 180.00 180.00 72.25 72.25 180.00 180.00,1.0000 1.0000 1.0000 1.8296 1.0000 1.0000 1.0000,0 0 0 3 0 0 0,0 0 0 0 1 1 1,"1,2,6",,no (tile),,,,35.51,,0.5466,,4,yes,4_2 4_2,p2,2222,hand
25520,7,23,0,2,SSSSSSS,not tested,180.00 180.00 59.88 60.12 60.00 180.00 180.00,1.0000 1.0000 4.9939 4.9879 1.0000 1.0000 1.0000,0 0 2 3 0 0 0,0 0 0 0 0 0 0,1,,no (tile),,,,59.88,,0.2002,,4,yes,4_2 4_2,p2,2222,hand
25520,7,23,1,4,SSJJSSS,not tested,180.00 180.00 43.01 93.98 43.01 180.00 180.00,1.0000 1.0000 3.4189 3.4189 1.0000 1.0000 1.0000,0 0 2 2 0 0 0,0 0 0 2 0 0 0,"2,6",,no (tile),,,,43.01,,0.2925,,4,yes,4_2 4_2,p2,2222,hand
25520,7,24,1,2,JJJSJSS,not tested,305.42 180.00 -70.84 305.42 54.58 -54.58 180.00,1.0000 1.0000 1.0000 0.7728 1.0000 0.7728 0.7728,0 0 0 3 0 3 3,0 3 1 0 2 1 1,1,,no (tile),,,,54.58,,0.7728,,4,yes,4_2 4_2,p2,2222,hand
25520,7,26,1,2,SSSISII,not tested,59.53 180.00 60.94 59.53 300.47 59.53 180.00,1.0000 1.0000 1.0000 0.6762 1.0000 0.6762 0.6762,0 0 0 3 0 3 3,0 0 1 0 1 0 0,"1,2,6",,no (tile),,,,59.53,,0.6762,,4,yes,4_2 4_2,p2,2222,hand
25520,7,27,1,3,SSISSSS,not tested,180.00 180.00 79.86 79.86 180.00 180.00 20.29,1.0000 1.0000 1.0566 1.0000 1.0000 1.0000 1.0000,0 0 2 0 0 0 0,0 0 0 1 1 1 0,"1,2,6",,no (tile),,,,20.29,,0.9464,,4,yes,4_2 4_2,p2,2222,hand
25520,7,27,1,4,JJJJJJS,not tested,70.71 180.00 180.00 38.57 180.00 180.00 70.71,1.0000 1.0000 1.0000 1.0000 1.0000 1.0000 1.9816,0 0 0 0 0 0 6,0 3 0 2 1 2 0,"2,6",,no (tile),,,,38.57,,0.5046,,4,yes,4_2 4_2,p2,2222,hand
25520,7,29,1,1,IISISSS,not tested,45.39 180.00 45.39 314.61 45.39 89.22 180.00,1.0000 1.0000 1.0679 1.0000 1.0679 1.0679 1.0679,0 0 2 0 2 2 2,0 0 0 0 0 1 1,"1,2,6",,no (tile),,,,45.39,,0.9364,,4,yes,4_2 4_2,p2,2222,hand
25520,7,31,0,6,JJJSJSS,not tested,47.00 180.00 34.53 313.00 47.00 98.47 180.00,1.0000 1.0000 1.0000 0.9093 1.0000 0.9093 0.9093,0 0 0 3 0 3 3,0 3 3 0 0 0 0,1,,no (tile),,,,34.53,,0.9093,,4,yes,4_2 4_2,p2,2222,hand
25520,7,31,1,1,SSJSJJJ,not tested,47.06 180.00 47.06 312.94 47.06 85.87 180.00,1.0000 1.0000 1.1010 1.0000 1.1010 1.1010 1.1010,0 0 2 0 2 2 2,0 0 0 1 3 1 2,1,,no (tile),,,,47.06,,0.9082,,4,yes,4_2 4_2,p2,2222,hand
25520,7,33,0,5,SSSSSSS,not tested,41.41 180.00 97.18 180.00 41.41 180.00 180.00,1.0000 1.0000 1.0000 1.0000 1.0000 1.0000 1.0000,0 0 0 0 0 0 0,0 0 0 0 0 0 0,1,,no (tile),,,,41.41,,1.0000,,4,yes,4_2 4_2,p2,2222,hand
25520,7,34,1,2,SSSSSIS,not tested,180.00 180.00 35.51 180.00 180.00 72.25 72.25,1.0000 1.0000 1.0000 1.0000 1.0000 1.8296 1.0000,0 0 0 0 0 5 0,0 0 1 1 1 0 0,"1,2,6",,no (tile),,,,35.51,,0.5466,,4,yes,4_2 4_2,p2,2222,hand
25520,7,34,1,3,IIIIISS,not tested,45.38 180.00 180.00 180.00 180.00 45.38 89.24,1.0000 1.0000 1.0000 1.0000 1.0000 3.5592 3.5592,0 0 0 0 0 5 5,0 0 0 0 0 0 1,"1,2,6",,no (tile),,,,45.38,,0.2810,,4,yes,4_2 4_2,p2,2222,hand
25520,7,34,1,4,JJJJJJS,not needed (covering theorem),-68.01 180.00 -43.99 403.99 -43.99 180.00 291.99,1.0000 1.0000 1.0000 1.0000 1.0000 1.0000 2.2470,0 0 0 0 0 0 6,0 3 1 3 1 2 0,,,YES,2,1,2,43.99,,0.4450,,4,yes,4_2 4_2,p2,2222,hand
25520,7,36,0,3,SSSSSSS,not tested,180.00 180.00 180.00 59.88 60.12 60.00 180.00,1.0000 1.0000 1.0000 4.9939 4.9879 1.0000 1.0000,0 0 0 3 4 0 0,0 0 0 0 0 0 0,1,,no (tile),,,,59.88,,0.2002,,4,yes,4_2 4_2,p2,2222,hand
25520,7,36,1,5,SSSJJSS,not tested,180.00 180.00 180.00 43.01 93.98 43.01 180.00,1.0000 1.0000 1.0000 3.4189 3.4189 1.0000 1.0000,0 0 0 3 3 0 0,0 0 0 0 2 0 0,"2,6",,no (tile),,,,43.01,,0.2925,,4,yes,4_2 4_2,p2,2222,hand
25520,7,37,1,4,SSSISSS,not tested,35.51 180.00 180.00 72.25 72.25 180.00 180.00,1.0000 1.0000 1.0000 1.8296 1.0000 1.0000 1.0000,0 0 0 3 0 0 0,0 0 0 0 1 1 1,"1,2,6",,no (tile),,,,35.51,,0.5466,,4,yes,4_2 4_2,p2,2222,hand
25520,7,37,1,5,SSSJJSS,not tested,180.00 180.00 180.00 43.01 93.98 43.01 180.00,1.0000 1.0000 1.0000 3.4189 3.4189 1.0000 1.0000,0 0 0 3 3 0 0,0 0 0 0 2 0 0,"2,6",,no (tile),,,,43.01,,0.2925,,4,yes,4_2 4_2,p2,2222,hand
25520,7,37,1,6,SSSSISS,not tested,35.51 324.49 35.51 180.00 72.25 72.25 180.00,1.0000 1.0000 1.0000 1.0000 1.8296 1.0000 1.0000,0 0 0 0 4 0 0,0 1 0 0 0 1 1,1,,no (tile),,,,35.51,,0.5466,,4,yes,4_2 4_2,p2,2222,hand
25520,7,38,0,2,SSSSSSS,not tested,19.19 180.00 180.00 80.41 80.41 180.00 180.00,1.0000 1.0000 1.0000 1.0000 1.0000 1.0000 1.0000,0 0 0 0 0 0 0,0 0 0 0 0 0 0,1,,no (tile),,,,19.19,,1.0000,,4,yes,4_2 4_2,p2,2222,hand
25520,7,38,0,3,SSSSSSS,not tested,180.00 180.00 180.00 59.88 60.12 60.00 180.00,1.0000 1.0000 1.0000 4.9939 4.9879 1.0000 1.0000,0 0 0 3 4 0 0,0 0 0 0 0 0 0,1,,no (tile),,,,59.88,,0.2002,,4,yes,4_2 4_2,p2,2222,hand
25520,7,38,0,4,SSSSSSS,not tested,19.19 340.81 19.19 180.00 80.41 80.41 180.00,1.0000 1.0000 1.0000 1.0000 1.0000 1.0000 1.0000,0 0 0 0 0 0 0,0 0 0 0 0 0 0,1,,no (tile),,,,19.19,,1.0000,,4,yes,4_2 4_2,p2,2222,hand
25520,7,39,0,3,SSSSSSS,not tested,180.00 180.00 180.00 59.88 60.12 60.00 180.00,1.0000 1.0000 1.0000 4.9939 4.9879 1.0000 1.0000,0 0 0 3 4 0 0,0 0 0 0 0 0 0,1,,no (tile),,,,59.88,,0.2002,,4,yes,4_2 4_2,p2,2222,hand
25520,7,39,1,5,SSSJJSS,not tested,180.00 180.00 180.00 43.01 93.98 43.01 180.00,1.0000 1.0000 1.0000 3.4189 3.4189 1.0000 1.0000,0 0 0 3 3 0 0,0 0 0 0 2 0 0,"2,6",,no (tile),,,,43.01,,0.2925,,4,yes,4_2 4_2,p2,2222,hand
25520,7,40,1,3,SSSSSSS,not tested,70.71 180.00 180.00 38.57 180.00 180.00 70.71,1.0000 1.0000 1.0000 1.0000 1.0000 1.0000 1.9816,0 0 0 0 0 0 6,0 0 0 1 1 1 0,"1,2,6",,no (tile),,,,38.57,,0.5046,,4,yes,4_2 4_2,p2,2222,hand
25520,7,40,1,4,SSSISSS,not tested,37.63 226.48 133.52 94.42 47.94 226.48 133.52,1.0000 1.3429 1.0000 2.4673 1.3429 1.0000 1.3429,0 1 0 3 1 0 1,0 0 0 0 1 1 1,1,,no (tile),,,,37.63,,0.4053,,4,yes,4_2 4_2,p2,2222,hand
25520,7,41,0,0,JSJJJSS,not tested,96.65 68.04 291.96 15.31 180.00 68.04 180.00,1.0000 0.4985 1.0000 1.0000 1.0000 0.4985 0.4985,0 1 0 0 0 1 1,0 0 3 3 0 0 0,1,,no (tile),,,,15.31,,0.4985,,4,yes,4_2 4_2,p2,2222,hand
25520,7,41,1,3,JSJJJSS,not tested,43.47 316.53 43.47 93.07 180.00 43.47 180.00,1.0000 0.9677 1.0000 1.0000 1.0000 0.9677 0.9677,0 1 0 0 0 1 1,0 0 3 1 2 1 1,1,,no (tile),,,,43.47,,0.9677,,4,yes,4_2 4_2,p2,2222,hand
25520,7,42,0,0,SSSSSSS,not tested,70.71 180.00 180.00 38.57 180.00 180.00 70.71,1.0000 1.0000 1.0000 1.0000 1.0000 1.0000 1.9816,0 0 0 0 0 0 6,0 0 0 0 0 0 0,1,,no (tile),,,,38.57,,0.5046,,4,yes,4_2 4_2,p2,2222,hand
25520,7,42,0,1,SSSSSSS,not tested,14.31 263.13 96.87 124.41 41.28 235.59 124.41,1.0000 0.9963 1.0000 0.9963 0.9963 1.0000 0.9963,0 1 0 1 1 0 1,0 0 0 0 0 0 0,1,,no (tile),,,,14.31,,0.9963,,4,yes,4_2 4_2,p2,2222,hand
25520,7,42,0,5,SSSSSSS,not needed (covering theorem),170.02 48.95 311.05 48.95 60.54 189.98 70.52,1.0000 2.0310 1.0000 2.0310 1.0000 2.0310 2.0310,0 1 0 1 0 1 1,0 0 0 0 0 0 0,,,YES,2,1,2,48.95,,0.4924,,4,yes,4_2 4_2,p2,2222,hand
25520,7,42,1,5,SSSSSSS,not tested,41.69 318.31 41.69 180.00 52.29 180.00 86.03,1.0000 1.1895 1.0000 1.0000 1.0000 1.0000 1.1895,0 1 0 0 0 0 1,0 0 0 0 1 1 0,"1,2,6",,no (tile),,,,41.69,,0.8407,,4,yes,4_2 4_2,p2,2222,hand
25520,7,43,1,1,SSSSSIS,not needed (covering theorem),180.13 48.22 311.78 48.22 179.87 65.95 65.83,1.0000 1.0010 1.0000 1.0010 1.0000 2.4522 1.0010,0 1 0 1 0 5 1,0 0 0 0 1 0 1,,,YES,2,1,2,48.22,,0.4078,,4,yes,4_2 4_2,p2,2222,hand
25520,7,43,1,2,SSSSSSS,not tested,47.05 180.00 180.00 180.00 180.00 47.05 85.89,1.0000 1.0000 1.0000 1.0000 1.0000 3.6693 3.6693,0 0 0 0 0 5 5,0 1 0 1 0 0 1,"1,2,6",,no (tile),,,,47.05,,0.2725,,4,yes,4_2 4_2,p2,2222,hand
25520,7,43,1,3,SSSSSSS,not tested,70.71 180.00 180.00 38.57 180.00 180.00 70.71,1.0000 1.0000 1.0000 1.0000 1.0000 1.0000 1.9816,0 0 0 0 0 0 6,0 0 0 1 1 1 0,"1,2,6",,no (tile),,,,38.57,,0.5046,,4,yes,4_2 4_2,p2,2222,hand
25520,7,44,1,2,ISIISSS,not tested,45.39 314.61 45.39 180.00 45.39 180.00 89.22,1.0000 1.0679 1.0000 1.0000 1.0679 1.0679 1.0679,0 1 0 0 1 1 1,0 0 0 0 1 1 0,"1,2,6",,no (tile),,,,45.39,,0.9364,,4,yes,4_2 4_2,p2,2222,hand
25520,7,45,0,0,SSSSSSS,not tested,70.71 180.00 180.00 38.57 180.00 180.00 70.71,1.0000 1.0000 1.0000 1.0000 1.0000 1.0000 1.9816,0 0 0 0 0 0 6,0 0 0 0 0 0 0,1,,no (tile),,,,38.57,,0.5046,,4,yes,4_2 4_2,p2,2222,hand
25520,7,45,0,1,SSSSSSS,not tested,46.94 63.59 296.41 69.47 63.59 185.89 174.11,1.0000 0.4945 1.0000 1.0000 0.4945 1.0000 0.4945,0 1 0 0 1 0 1,0 0 0 0 0 0 0,1,,no (tile),,,,46.94,,0.4945,,4,yes,4_2 4_2,p2,2222,hand
25520,7,45,0,5,SSSSSSS,not needed (covering theorem),63.59 46.94 313.06 46.94 174.12 69.47 185.88,1.0000 0.4945 1.0000 0.4945 1.0000 1.0000 0.4945,0 1 0 1 0 0 1,0 0 0 0 0 0 0,,,YES,2,1,2,46.94,,0.4945,,4,yes,4_2 4_2,p2,2222,hand
25520,7,45,1,0,SSSSSSS,not tested,95.05 41.61 318.39 41.61 180.00 43.34 180.00,1.0000 0.9676 1.0000 0.9676 0.9676 0.9676 0.9676,0 1 0 1 1 1 1,0 0 0 0 0 1 1,"1,2,6",,no (tile),,,,41.61,,0.9676,,4,yes,4_2 4_2,p2,2222,hand
25520,7,46,1,1,IIIIISS,not tested,45.38 180.00 180.00 180.00 180.00 45.38 89.24,1.0000 1.0000 1.0000 1.0000 1.0000 3.5592 3.5592,0 0 0 0 0 5 5,0 0 0 0 0 0 1,"1,2,6",,no (tile),,,,45.38,,0.2810,,4,yes,4_2 4_2,p2,2222,hand
25520,7,46,1,6,SSSSJJS,not tested,180.00 180.00 180.00 180.00 43.01 93.98 43.01,1.0000 1.0000 1.0000 1.0000 3.4189 3.4189 1.0000,0 0 0 0 4 4 0,0 0 0 0 0 2 0,"2,6",,no (tile),,,,43.01,,0.2925,,4,yes,4_2 4_2,p2,2222,hand
25520,7,47,0,4,SSSSSSS,not tested,180.00 180.00 180.00 180.00 59.88 60.12 60.00,1.0000 1.0000 1.0000 1.0000 4.9939 4.9879 1.0000,0 0 0 0 4 5 0,0 0 0 0 0 0 0,1,,no (tile),,,,59.88,,0.2002,,4,yes,4_2 4_2,p2,2222,hand
25520,7,47,1,6,SSSSJJS,not tested,180.00 180.00 180.00 180.00 43.01 93.98 43.01,1.0000 1.0000 1.0000 1.0000 3.4189 3.4189 1.0000,0 0 0 0 4 4 0,0 0 0 0 0 2 0,"2,6",,no (tile),,,,43.01,,0.2925,,4,yes,4_2 4_2,p2,2222,hand
25520,7,48,0,4,SSSSSSS,not tested,180.00 180.00 180.00 180.00 59.88 60.12 60.00,1.0000 1.0000 1.0000 1.0000 4.9939 4.9879 1.0000,0 0 0 0 4 5 0,0 0 0 0 0 0 0,1,,no (tile),,,,59.88,,0.2002,,4,yes,4_2 4_2,p2,2222,hand
25520,7,48,1,6,SSSSJJS,not tested,180.00 180.00 180.00 180.00 43.01 93.98 43.01,1.0000 1.0000 1.0000 1.0000 3.4189 3.4189 1.0000,0 0 0 0 4 4 0,0 0 0 0 0 2 0,"2,6",,no (tile),,,,43.01,,0.2925,,4,yes,4_2 4_2,p2,2222,hand
25520,7,49,0,0,SSSSSSS,not tested,37.66 20.16 180.00 339.84 180.00 20.16 122.17,1.0000 0.7219 0.7219 1.0000 1.0000 0.7219 1.2216,0 1 1 0 0 1 6,0 0 0 0 0 0 0,(not a tile),,"n/a (not a tile: no curve choice found that clears touch, on this shape or elsewhere in its family; best clearance 2.1e-16 -- search, not proof)",,,,20.16,,0.5910,,,,4_2 4_2,p2,2222,hand
25520,7,49,0,4,SSSSSSS,not tested,180.00 180.00 180.00 180.00 59.88 60.12 60.00,1.0000 1.0000 1.0000 1.0000 4.9939 4.9879 1.0000,0 0 0 0 4 5 0,0 0 0 0 0 0 0,1,,no (tile),,,,59.88,,0.2002,,4,yes,4_2 4_2,p2,2222,hand
25521,7,0,0,3,SUSUUSU,not needed (covering theorem),102.09 54.10 257.91 24.00 101.90 336.00 24.00,1.0000 0.9993 1.0000 0.9993 0.9993 1.0000 0.9993,0 1 0 1 1 0 1,0 0 1 2 0 1 2,,,YES,2,2,2,24.00,,0.9993,,4,yes,4_2 4_2,pgg,22x,L2
25521,7,0,0,6,SUUSUSU,not needed (covering theorem),44.98 225.03 90.01 134.97 45.01 225.03 134.97,1.0000 0.7075 0.7075 1.0000 0.7075 1.0000 0.7075,0 1 1 0 1 0 1,0 0 2 0 0 1 2,,,YES,2,2,2,44.98,,0.7075,,4,yes,4_2 4_2,pgg,22x,L2
25521,7,0,1,1,SSSSSSS,not needed (covering theorem),1481.41 97.18 3060.00 -1398.59 -2700.00 -1398.59 1758.59,1.0000 1.0000 1.0000 1.0000 1.0000 1.0000 1.0000,0 0 0 0 0 0 0,0 1 0 0 1 1 1,,,YES,2,2,2,41.41,,1.0000,,4,yes,4_2 4_2,pgg,22x,L2
25521,7,0,1,3,SSSSUSU,not tested,-27.05 180.00 -38.40 180.00 245.46 245.46 114.54,1.0000 1.0000 1.0000 1.0000 0.2675 1.0000 0.2675,0 0 0 0 4 0 4,0 0 1 1 0 0 2,"1,2,6",,no (tile),,,,27.05,,0.2675,,4,yes,4_2 4_2,pgg,22x,L2
25521,7,1,1,5,SSSSSSS,not tested,80.41 19.19 180.00 340.81 180.00 19.19 80.41,1.0000 1.0000 1.0000 1.0000 1.0000 1.0000 1.0000,0 0 0 0 0 0 0,0 1 1 0 0 1 0,(not a tile),,"n/a (not a tile: no curve choice found that clears touch, on this shape or elsewhere in its family; best clearance 0.0e+0 -- search, not proof)",,,,19.19,,1.0000,,,,4_2 4_2,pgg,22x,L2
25521,7,1,1,6,SIIIIIS,not tested,86.82 46.59 180.00 180.00 180.00 180.00 46.59,1.0000 0.2749 0.2749 0.2749 0.2749 0.2749 1.0000,0 1 1 1 1 1 0,0 0 0 0 0 0 1,"1,2,6",,no (tile),,,,46.59,,0.2749,,4,yes,4_2 4_2,pgg,22x,L2
25521,7,2,0,3,SISSISI,not needed (covering theorem),57.81 47.19 302.19 75.00 57.81 197.19 162.81,1.0000 0.4535 1.0000 1.0000 0.4535 1.0000 0.4535,0 1 0 0 1 0 1,0 0 1 1 0 1 0,,,YES,2,2,2,47.19,,0.4535,,4,yes,4_2 4_2,pgg,22x,L2
25521,7,2,0,4,SSSSSSS,not tested,97.18 180.00 41.41 180.00 41.41 318.59 41.41,1.0000 1.0000 1.0000 1.0000 1.0000 1.0000 1.0000,0 0 0 0 0 0 0,0 0 1 1 1 0 1,"1,2,6",,no (tile),,,,41.41,,1.0000,,4,yes,4_2 4_2,pgg,22x,L2
25521,7,2,0,6,SSISISI,not needed (covering theorem),160.57 72.99 199.43 53.56 53.45 306.44 53.56,1.0000 1.0000 0.4922 1.0000 0.4922 1.0000 0.4922,0 0 2 0 2 0 2,0 0 0 0 0 1 0,,,YES,2,2,2,53.45,,0.4922,,4,yes,4_2 4_2,pgg,22x,L2
25521,7,2,1,0,SSSSSSS,not tested,-41.41 180.00 318.59 180.00 -97.18 318.59 41.41,1.0000 1.0000 1.0000 1.0000 1.0000 1.0000 1.0000,0 0 0 0 0 0 0,0 0 1 1 0 1 0,"1,2,6",,no (tile),,,,41.41,,1.0000,,4,yes,4_2 4_2,pgg,22x,L2
25521,7,2,1,2,SSSSSSS,not tested,23.91 258.05 101.95 101.95 54.14 258.05 101.95,1.0000 1.0000 1.0000 1.0000 1.0000 1.0000 1.0000,0 0 0 0 0 0 0,0 1 0 0 1 1 1,1,,no (tile),,,,23.91,,1.0000,,4,yes,4_2 4_2,pgg,22x,L2
25521,7,3,0,4,SSSSSSS,not tested,437.14 -128.57 437.14 -282.86 488.57 -77.14 25.71,1.0000 1.0000 1.0000 1.0000 1.0000 1.0000 1.0000,0 0 0 0 0 0 0,0 1 0 1 0 1 1,"2,6",,no (tile),,,,25.71,,1.0000,,4,yes,4_2 4_2,pgg,22x,L2
25521,7,3,0,5,SSSSSSS,not tested,77.14 128.57 282.86 25.71 77.14 231.43 77.14,1.0000 1.0000 1.0000 1.0000 1.0000 1.0000 1.0000,0 0 0 0 0 0 0,0 1 0 0 1 0 1,"2,6",,no (tile),,,,25.71,,1.0000,,4,yes,4_2 4_2,pgg,22x,L2
25521,7,3,1,0,SSSSSSS,not tested,80.41 80.41 180.00 19.19 340.81 19.19 180.00,1.0000 1.0000 1.0000 1.0000 1.0000 1.0000 1.0000,0 0 0 0 0 0 0,0 1 1 0 1 0 0,"1,2,6",,no (tile),,,,19.19,,1.0000,,4,yes,4_2 4_2,pgg,22x,L2
25521,7,3,1,5,SSSSSSS,not tested,80.41 180.00 180.00 19.19 180.00 180.00 80.41,1.0000 1.0000 1.0000 1.0000 1.0000 1.0000 1.0000,0 0 0 0 0 0 0,0 0 0 1 1 1 0,"1,2,6",,no (tile),,,,19.19,,1.0000,,4,yes,4_2 4_2,pgg,22x,L2
25521,7,3,1,6,SIIIIIS,not tested,86.82 46.59 180.00 180.00 180.00 180.00 46.59,1.0000 0.2749 0.2749 0.2749 0.2749 0.2749 1.0000,0 1 1 1 1 1 0,0 0 0 0 0 0 1,"1,2,6",,no (tile),,,,46.59,,0.2749,,4,yes,4_2 4_2,pgg,22x,L2
25521,7,4,0,4,SSSSSSS,not tested,-77.14 282.86 128.57 282.86 -25.71 77.14 231.43,1.0000 1.0000 1.0000 1.0000 1.0000 1.0000 1.0000,0 0 0 0 0 0 0,0 1 0 1 1 0 1,"2,6",,no (tile),,,,25.71,,1.0000,,4,yes,4_2 4_2,pgg,22x,L2
25521,7,4,0,5,SSSSSSS,not tested,77.14 25.71 282.86 128.57 77.14 77.14 231.43,1.0000 1.0000 1.0000 1.0000 1.0000 1.0000 1.0000,0 0 0 0 0 0 0,0 0 1 0 1 0 1,"2,6",,no (tile),,,,25.71,,1.0000,,4,yes,4_2 4_2,pgg,22x,L2
25521,7,4,1,0,SSSSSSS,not tested,80.41 80.41 180.00 180.00 19.19 180.00 180.00,1.0000 1.0000 1.0000 1.0000 1.0000 1.0000 1.0000,0 0 0 0 0 0 0,0 1 1 1 0 0 0,"1,2,6",,no (tile),,,,19.19,,1.0000,,4,yes,4_2 4_2,pgg,22x,L2
25521,7,4,1,5,SSSSSSS,not tested,80.41 180.00 19.19 340.81 19.19 180.00 80.41,1.0000 1.0000 1.0000 1.0000 1.0000 1.0000 1.0000,0 0 0 0 0 0 0,0 0 1 0 1 1 0,"1,2,6",,no (tile),,,,19.19,,1.0000,,4,yes,4_2 4_2,pgg,22x,L2
25521,7,4,1,6,SIIIIIS,not tested,86.82 46.59 180.00 180.00 180.00 180.00 46.59,1.0000 0.2749 0.2749 0.2749 0.2749 0.2749 1.0000,0 1 1 1 1 1 0,0 0 0 0 0 0 1,"1,2,6",,no (tile),,,,46.59,,0.2749,,4,yes,4_2 4_2,pgg,22x,L2
25521,7,5,1,6,SIIIIIS,not tested,86.82 46.59 180.00 180.00 180.00 180.00 46.59,1.0000 0.2749 0.2749 0.2749 0.2749 0.2749 1.0000,0 1 1 1 1 1 0,0 0 0 0 0 0 1,"1,2,6",,no (tile),,,,46.59,,0.2749,,4,yes,4_2 4_2,pgg,22x,L2
25521,7,6,1,1,IIIIIII,not tested,41.41 180.00 180.00 41.41 180.00 97.18 180.00,1.0000 1.0000 1.0000 1.0000 1.0000 1.0000 1.0000,0 0 0 0 0 0 0,0 0 0 0 0 0 0,"1,2,6",,no (tile),,,,41.41,,1.0000,,4,yes,4_2 4_2,pgg,22x,L2
25521,7,7,1,2,IIIIIII,not tested,41.41 180.00 97.18 180.00 41.41 180.00 180.00,1.0000 1.0000 1.0000 1.0000 1.0000 1.0000 1.0000,0 0 0 0 0 0 0,0 0 0 0 0 0 0,"1,2,6",,no (tile),,,,41.41,,1.0000,,4,yes,4_2 4_2,pgg,22x,L2
25521,7,8,0,0,SSSSSSS,not tested,97.18 41.41 318.59 41.41 180.00 41.41 180.00,1.0000 1.0000 1.0000 1.0000 1.0000 1.0000 1.0000,0 0 0 0 0 0 0,0 1 0 0 0 1 1,"1,2,6",,no (tile),,,,41.41,,1.0000,,4,yes,4_2 4_2,pgg,22x,L2
25521,7,8,0,5,ISISISS,not tested,150.97 32.75 327.25 85.48 32.75 209.03 61.78,1.0000 1.7223 1.0000 1.7223 1.0000 1.7223 1.7223,0 1 0 1 0 1 1,0 0 0 1 0 1 1,,closing m-gon self-intersects (not a simple polygon) — not p,n/a (tile degenerate at high precision),,,,32.75,,0.5806,,4,yes,4_2 4_2,pgg,22x,L2
25521,7,8,1,1,SSSSSSS,not tested,23.91 101.95 258.05 54.14 101.95 101.95 258.05,1.0000 1.0000 1.0000 1.0000 1.0000 1.0000 1.0000,0 0 0 0 0 0 0,0 0 0 1 1 0 1,1,,no (tile),,,,23.91,,1.0000,,4,yes,4_2 4_2,pgg,22x,L2
25521,7,8,1,3,SSSSSSS,not tested,41.41 318.59 41.41 97.18 180.00 41.41 180.00,1.0000 1.0000 1.0000 1.0000 1.0000 1.0000 1.0000,0 0 0 0 0 0 0,0 1 0 1 1 0 0,"1,2,6",,no (tile),,,,41.41,,1.0000,,4,yes,4_2 4_2,pgg,22x,L2
25521,7,9,0,5,USUSUUS,not tested,60.75 172.00 188.00 50.50 172.00 68.75 188.00,1.0000 6.6948 1.0000 6.6948 1.0000 1.0000 6.6948,0 1 0 1 0 0 1,0 0 2 1 0 2 1,,closing m-gon self-intersects (not a simple polygon) — not p,n/a (tile degenerate at high precision),,,,50.50,,0.1494,,4,yes,4_2 4_2,pgg,22x,L2
25521,7,9,1,0,USUSSSS,not tested,29.83 275.84 84.16 84.16 180.00 66.01 180.00,1.0000 0.9802 1.0000 0.9802 0.9802 0.9802 0.9802,0 1 0 1 1 1 1,0 0 2 1 1 0 0,"1,2,6",,no (tile),,,,29.83,,0.9802,,4,yes,4_2 4_2,pgg,22x,L2
25521,7,9,1,2,SSSSSSS,not needed (covering theorem),-318.59 -41.41 401.41 900.00 401.41 -540.00 97.18,1.0000 1.0000 1.0000 1.0000 1.0000 1.0000 1.0000,0 0 0 0 0 0 0,0 0 0 1 1 0 1,,,YES,2,2,2,41.41,,1.0000,,4,yes,4_2 4_2,pgg,22x,L2
25523,7,0,0,6,SJJJJJJ,not needed (covering theorem),11.31 78.69 90.00 180.00 180.00 180.00 180.00,1.0000 0.1961 0.1961 0.1961 0.1961 0.1961 0.1961,0 1 1 1 1 1 1,0 0 3 0 3 0 3,,,YES,2,1,2,11.31,,0.1961,,3 5,yes,4_2 4_2,p2,2222,L2
25523,7,0,1,2,SIIIIII,not tested,45.02 44.98 90.00 180.00 180.00 180.00 180.00,1.0000 0.7074 0.1414 0.1414 0.1414 0.1414 0.1414,0 1 2 2 2 2 2,0 0 0 0 0 0 0,1,,no (tile),,,,44.98,,0.1414,,3 5,yes,4_2 4_2,p2,2222,L2
25523,7,1,0,5,SJJSJJS,not needed (covering theorem),180.00 71.57 90.00 18.43 341.57 180.00 18.43,1.0000 0.9487 0.9487 1.0000 0.9487 0.9487 1.0000,0 1 1 0 1 1 0,0 0 3 0 0 3 0,,,YES,2,1,2,18.43,,0.9487,,3 5,yes,4_2 4_2,p2,2222,L2
25523,7,4,1,2,SISSSSS,not tested,79.60 84.45 15.96 328.09 31.91 328.09 31.91,1.0000 0.7930 0.7242 0.7242 0.7242 0.7242 0.7242,0 1 2 2 2 2 2,0 0 0 1 0 1 0,1,,no (tile),,,,15.96,,0.7242,,3 5,yes,4_2 4_2,p2,2222,L2
25523,7,6,1,0,SSSSSSS,not tested,114.17 17.71 228.13 131.87 48.13 311.87 48.13,1.0000 0.4084 0.4084 0.4084 0.4084 0.4084 0.4084,0 1 1 1 1 1 1,0 0 1 0 1 0 1,1,,no (tile),,,,17.71,,0.4084,,3 5,yes,4_2 4_2,p2,2222,L2
25523,7,6,1,2,SISSSSS,not tested,366.44 -278.93 92.48 175.03 184.97 366.44 -6.44,1.0000 0.2675 0.4944 0.4944 0.4944 1.0000 0.4944,0 1 2 2 2 0 2,0 0 0 1 0 0 0,1,,no (tile),,,,6.44,,0.2675,,3 5,yes,4_2 4_2,p2,2222,L2
25523,7,6,1,4,SSSSSSS,not tested,-318.71 498.71 -138.71 401.29 97.43 401.29 -41.29,1.0000 1.9962 1.0000 1.9962 1.9962 1.0000 1.9962,0 1 0 1 1 0 1,0 0 0 1 0 1 0,1,,no (tile),,,,41.29,,0.5010,,3 5,yes,4_2 4_2,p2,2222,L2
25523,7,6,1,6,SSSSSSS,not tested,303.08 -104.23 -18.85 464.23 -104.23 284.23 75.77,1.0000 2.5933 1.0000 2.5933 1.0000 2.5933 1.0000,0 1 0 1 0 1 0,0 0 1 1 1 1 1,"2,6",,no (tile),,,,18.85,,0.3856,,3 5,yes,4_2 4_2,p2,2222,L2
25523,7,7,1,2,SIIIIII,not tested,45.02 44.98 90.00 180.00 180.00 180.00 180.00,1.0000 0.7074 0.1414 0.1414 0.1414 0.1414 0.1414,0 1 2 2 2 2 2,0 0 0 0 0 0 0,1,,no (tile),,,,44.98,,0.1414,,3 5,yes,4_2 4_2,p2,2222,L2
25523,7,9,1,2,SISSSSS,not tested,79.60 84.45 15.96 328.09 31.91 328.09 31.91,1.0000 0.7930 0.7242 0.7242 0.7242 0.7242 0.7242,0 1 2 2 2 2 2,0 0 0 1 0 1 0,1,,no (tile),,,,15.96,,0.7242,,3 5,yes,4_2 4_2,p2,2222,L2
25523,7,12,0,3,SSSSSSS,not tested,388.90 -303.30 171.20 94.40 188.80 388.90 -28.90,1.0000 0.5317 0.5317 0.5317 0.5317 1.0000 0.5317,0 1 1 1 1 0 1,0 0 0 0 0 0 0,,closing m-gon self-intersects (not a simple polygon) — not p,n/a (tile degenerate at high precision),,,,28.90,,0.5317,,3 5,yes,4_2 4_2,p2,2222,L2
25523,7,12,1,0,SSISISI,not needed (covering theorem),-47.87 -84.30 312.16 492.16 -132.16 312.16 47.84,1.0000 1.0005 0.4475 1.0005 0.4475 1.0005 0.4475,0 1 2 1 2 1 2,0 0 0 1 0 1 0,,,YES,2,1,2,47.84,,0.4473,,3 5,yes,4_2 4_2,p2,2222,L2
25523,7,12,1,4,SSSSSSS,not tested,360.00 -0.00 89.00 271.00 -180.00 269.00 91.00,1.0000 0.2500 0.2500 0.2500 0.2500 0.2500 0.2500,0 1 1 1 1 1 1,0 0 1 0 0 1 0,(not a tile),,"n/a (not a tile: rep 0 (S) must bulge opposite ways: to clear v2 on edge 0 (code 0) and to clear v6 on edge 0 (code 0) -- exact via the outside lemma (validated by John, 2026-09-13) [curve_sides])",,,,0.00,,0.2500,,,,4_2 4_2,p2,2222,L2
25523,7,15,0,4,SSSSSSS,not needed (covering theorem),45.21 179.83 179.83 89.91 180.17 180.17 44.87,1.0000 1.0000 1.0000 1.0000 1.0000 1.0000 4.2395,0 0 0 0 0 0 6,0 0 0 0 0 0 0,,,YES,2,1,2,44.87,,0.2359,,3 5,yes,4_2 4_2,p2,2222,L2
25523,7,16,0,4,SJJJJJJ,not tested,45.00 45.00 180.00 180.00 90.00 180.00 180.00,1.0000 0.2357 0.2357 0.2357 0.2357 0.2357 0.2357,0 1 1 1 1 1 1,0 0 3 0 3 0 3,9,,no (tile),,,,45.00,,0.2357,,3 5,yes,4_2 4_2,p2,2222,L2
25523,7,18,0,4,SSSSSSS,not needed (covering theorem),68.24 31.06 198.59 198.59 80.70 161.41 161.41,1.0000 0.2667 0.2667 0.2667 0.2667 0.2667 0.2667,0 1 1 1 1 1 1,0 0 0 0 0 0 0,,,YES,2,1,2,31.06,,0.2667,,3 5,yes,4_2 4_2,p2,2222,L2
25523,7,19,1,4,SSSSSIS,not tested,28.28 216.61 143.39 216.61 143.39 108.30 43.42,1.0000 1.0000 1.0000 1.0000 1.0000 4.7025 6.9065,0 0 0 0 0 5 6,0 1 0 1 0 0 0,1,,no (tile),,,,28.28,,0.1448,,3 5,yes,4_2 4_2,p2,2222,L2
25523,7,27,0,5,JJJJJJS,not tested,45.00 180.00 180.00 90.00 180.00 180.00 45.00,1.0000 1.0000 1.0000 1.0000 1.0000 1.0000 4.2426,0 0 0 0 0 0 6,0 3 0 3 0 3 0,9,,no (tile),,,,45.00,,0.2357,,3 5,yes,4_2 4_2,p2,2222,L2
25523,7,34,1,3,IIIIIIS,not tested,44.56 180.00 180.00 180.00 180.00 90.00 45.44,1.0000 1.0000 1.0000 1.0000 1.0000 4.9236 7.0172,0 0 0 0 0 5 6,0 0 0 0 0 0 0,1,,no (tile),,,,44.56,,0.1425,,3 5,yes,4_2 4_2,p2,2222,L2
25523,7,40,0,5,SSSSSSS,not needed (covering theorem),27.95 310.45 49.55 99.10 260.90 49.55 102.50,1.0000 1.0000 1.0000 1.0000 1.0000 1.0000 2.1064,0 0 0 0 0 0 6,0 0 0 0 0 0 0,,,YES,2,1,2,27.95,,0.4747,,3 5,yes,4_2 4_2,p2,2222,L2
25523,7,42,0,5,SSSSSSS,not needed (covering theorem),31.87 328.13 31.87 183.36 91.68 176.64 56.45,1.0000 1.8343 1.0000 1.0000 1.0000 1.0000 1.8343,0 1 0 0 0 0 1,0 0 0 0 0 0 0,,,YES,2,1,2,31.87,,0.5452,,3 5,yes,4_2 4_2,p2,2222,L2
25523,7,42,1,2,SSSSSSS,not tested,360.00 90.78 269.22 -180.00 270.78 89.22 -0.00,1.0000 1.0000 1.0000 1.0000 1.0000 1.0000 4.0000,0 0 0 0 0 0 6,0 1 0 0 1 0 0,(not a tile),,"n/a (not a tile: rep 6 (S) must bulge opposite ways: to clear v1 on edge 6 (code 0) and to clear v5 on edge 6 (code 0) -- exact via the outside lemma (validated by John, 2026-09-13) [curve_sides])",,,,0.00,,0.2500,,,,4_2 4_2,p2,2222,L2
25523,7,42,1,6,ISISISS,not needed (covering theorem),47.82 312.19 47.81 132.19 227.81 47.81 84.37,1.0000 2.2340 1.0000 2.2340 1.0000 2.2340 2.2336,0 1 0 1 0 1 6,0 0 0 0 0 1 0,,,YES,2,1,2,47.81,,0.4476,,3 5,yes,4_2 4_2,p2,2222,L2
25523,7,43,1,2,SSSSSIS,not tested,28.28 216.61 143.39 216.61 143.39 108.30 43.42,1.0000 1.0000 1.0000 1.0000 1.0000 4.7025 6.9065,0 0 0 0 0 5 6,0 1 0 1 0 0 0,1,,no (tile),,,,28.28,,0.1448,,3 5,yes,4_2 4_2,p2,2222,L2
25523,7,45,1,0,SSSSSSS,not tested,53.38 288.16 71.84 108.16 251.84 18.47 108.16,1.0000 2.5339 1.0000 2.5339 1.0000 2.5339 1.0000,0 1 0 1 0 1 0,0 0 0 0 0 1 1,"2,6",,no (tile),,,,18.47,,0.3946,,3 5,yes,4_2 4_2,p2,2222,L2
25523,7,45,1,2,SSSSSSS,not tested,47.16 312.84 47.16 85.67 47.16 227.16 132.84,1.0000 0.4533 1.0000 1.0000 0.4533 1.0000 0.4533,0 1 0 0 1 0 1,0 0 0 1 1 0 1,1,,no (tile),,,,47.16,,0.4533,,3 5,yes,4_2 4_2,p2,2222,L2
25523,7,45,1,4,SSSSSIS,not tested,31.61 328.39 31.61 178.39 181.61 89.20 59.19,1.0000 2.3284 1.0000 1.0000 1.0000 2.4132 2.3284,0 1 0 0 0 5 1,0 0 0 1 0 0 0,1,,no (tile),,,,31.61,,0.4144,,3 5,yes,4_2 4_2,p2,2222,L2
25523,7,45,1,6,SSSSSSS,not tested,254.62 -55.87 415.87 -55.87 235.87 124.13 -18.75,1.0000 1.0000 1.0000 1.0000 1.0000 1.0000 2.5756,0 0 0 0 0 0 6,0 1 0 1 0 1 0,1,,no (tile),,,,18.75,,0.3883,,3 5,yes,4_2 4_2,p2,2222,L2
25523,7,46,0,5,JJJJJJS,not needed (covering theorem),11.31 180.00 180.00 180.00 180.00 90.00 78.69,1.0000 1.0000 1.0000 1.0000 1.0000 1.0000 5.0990,0 0 0 0 0 0 6,0 3 0 3 0 3 0,,,YES,2,1,2,11.31,,0.1961,,3 5,yes,4_2 4_2,p2,2222,L2
25523,7,46,1,1,IIIIIIS,not tested,44.56 180.00 180.00 180.00 180.00 90.00 45.44,1.0000 1.0000 1.0000 1.0000 1.0000 4.9236 7.0172,0 0 0 0 0 5 6,0 0 0 0 0 0 0,1,,no (tile),,,,44.56,,0.1425,,3 5,yes,4_2 4_2,p2,2222,L2
25523,7,47,0,5,SJJSJJS,not needed (covering theorem),180.00 18.43 180.00 341.57 18.43 90.00 71.57,1.0000 0.9487 0.9487 1.0000 0.9487 0.9487 1.0000,0 1 1 0 1 1 0,0 0 3 0 0 3 0,,,YES,2,1,2,18.43,,0.9487,,3 5,yes,4_2 4_2,p2,2222,L2
25524,7,0,0,0,SSUUUSU,not needed (covering theorem),-33.54 -83.24 296.78 96.76 263.24 296.78 63.22,1.0000 1.0000 0.5563 0.5563 0.5563 1.0000 0.5563,0 0 2 2 2 0 2,0 0 0 2 0 1 2,,,YES,2,"2,6",2,33.54,,0.5563,,3 5,yes,4_2 4_2,pgg,22x,L2
25524,7,0,1,2,SISSSSS,not needed (covering theorem),119.94 60.03 59.97 240.06 60.00 119.94 240.06,1.0000 2.9991 1.0000 1.0000 1.0000 1.0000 1.0000,0 1 0 0 0 0 0,0 0 0 1 1 0 1,,,YES,2,"2,6",2,59.97,,0.3334,,3 5,yes,4_2 4_2,pgg,22x,L2
25524,7,0,1,5,SSSSSSS,not needed (covering theorem),-29.20 -194.60 -97.30 554.60 306.50 554.60 -194.60,1.0000 1.0000 1.0000 1.0000 1.0000 1.0000 1.0000,0 0 0 0 0 0 0,0 0 0 0 1 1 1,,,YES,2,"2,6",2,29.20,,1.0000,,3 5,yes,4_2 4_2,pgg,22x,L2
25524,7,2,0,4,SSISISI,not needed (covering theorem),149.95 120.00 30.05 210.05 29.95 329.95 30.05,1.0000 1.0000 0.5783 1.0000 0.5783 1.0000 0.5783,0 0 2 0 2 0 2,0 0 0 1 0 0 0,,,YES,2,"2,6",2,29.95,,0.5783,,3 5,yes,4_2 4_2,pgg,22x,L2
25524,7,2,0,6,SSSISSS,not needed (covering theorem),120.09 60.00 239.91 60.05 59.95 120.09 239.91,1.0000 1.0000 1.0000 3.0014 1.0000 1.0000 1.0000,0 0 0 3 0 0 0,0 0 1 0 1 0 1,,,YES,2,"2,6",2,59.95,,0.3332,,3 5,yes,4_2 4_2,pgg,22x,L2
25524,7,3,0,6,SSSSSSS,not tested,142.24 37.76 217.76 28.96 331.04 28.96 113.28,1.0000 1.0000 1.0000 1.0000 1.0000 1.0000 1.0000,0 0 0 0 0 0 0,0 0 0 1 0 1 0,1,,no (tile),,,,28.96,,1.0000,,3 5,yes,4_2 4_2,pgg,22x,L2
25524,7,3,1,5,SUSUSSS,not tested,152.18 131.73 131.73 20.44 228.27 207.82 27.82,1.0000 0.2675 1.0000 0.2675 1.0000 1.0000 1.0000,0 1 0 1 0 0 0,0 0 1 2 0 0 0,2,,no (tile),,,,20.44,,0.2675,,3 5,yes,4_2 4_2,pgg,22x,L2
25524,7,4,0,5,SSSUSUS,not tested,154.80 25.20 205.20 232.20 27.00 127.80 127.80,1.0000 1.0000 1.0000 0.6299 1.0000 0.6299 1.0000,0 0 0 3 0 3 0,0 0 0 0 1 2 0,2,,no (tile),,,,25.20,,0.6299,,3 5,yes,4_2 4_2,pgg,22x,L2
25524,7,4,1,5,SSSSSSS,not tested,142.24 113.28 28.96 331.04 28.96 217.76 37.76,1.0000 1.0000 1.0000 1.0000 1.0000 1.0000 1.0000,0 0 0 0 0 0 0,0 1 0 1 0 0 0,1,,no (tile),,,,28.96,,1.0000,,3 5,yes,4_2 4_2,pgg,22x,L2
25524,7,8,0,2,ISIISSS,not tested,16.70 276.47 83.53 79.76 83.53 192.93 167.07,1.0000 0.6022 1.0000 1.0000 0.6022 0.6022 0.6022,0 1 0 0 1 1 1,0 0 0 0 1 0 1,1,,no (tile),,,,16.70,,0.6022,,3 5,yes,4_2 4_2,pgg,22x,L2
25524,7,8,1,4,SSSISSS,not needed (covering theorem),103.97 256.03 103.97 68.01 51.99 256.03 60.00,1.0000 1.0000 1.0000 2.7292 1.0000 1.0000 1.0000,0 0 0 3 0 0 0,0 1 0 0 0 1 1,,,YES,2,"2,6",2,51.99,,0.3664,,3 5,yes,4_2 4_2,pgg,22x,L2
25524,7,8,1,6,ISISISS,not needed (covering theorem),149.95 30.05 329.95 29.95 210.05 30.05 120.00,1.0000 1.7292 1.0000 1.7292 1.0000 1.7292 1.7292,0 1 0 1 0 1 1,0 0 0 1 0 0 0,,,YES,2,"2,6",2,29.95,,0.5783,,3 5,yes,4_2 4_2,pgg,22x,L2
25524,7,9,0,1,SSSSSIS,not needed (covering theorem),103.99 256.01 103.99 60.00 256.01 52.00 68.00,1.0000 1.0000 1.0000 1.0000 1.0000 2.7296 1.0000,0 0 0 0 0 5 0,0 1 0 0 1 0 1,,,YES,2,"2,6",2,52.00,,0.3664,,3 5,yes,4_2 4_2,pgg,22x,L2
25524,7,9,0,5,SSSSSSS,not needed (covering theorem),1050.80 -914.60 1274.60 -413.50 1274.60 -457.30 -914.60,1.0000 1.0000 1.0000 1.0000 1.0000 1.0000 1.0000,0 0 0 0 0 0 0,0 0 0 1 1 1 1,,,YES,2,"1,2,6",2,29.20,,1.0000,,3 5,yes,4_2 4_2,pgg,22x,L2
25524,7,9,1,4,USUUUSS,not needed (covering theorem),33.52 296.75 63.25 96.77 263.23 63.25 83.23,1.0000 1.7982 1.0000 1.0000 1.0000 1.7982 1.7982,0 1 0 0 0 1 1,0 0 2 0 2 1 1,,,YES,2,"2,6",2,33.52,,0.5561,,3 5,yes,4_2 4_2,pgg,22x,L2
25525,7,2,0,5,SSSSSSS,not needed (covering theorem),-81.21 -339.36 129.07 -339.36 699.36 441.21 390.29,1.0000 1.3779 1.0000 1.3779 1.0000 1.3779 1.3779,0 1 0 1 0 1 1,0 0 0 0 0 0 0,,,YES,2,1,2,20.64,,0.7257,,4,yes,3_2 5_2,p2,2222,L2
25525,7,5,1,4,SSSSSSS,not tested,285.39 329.22 -180.00 -329.22 689.22 30.78 74.61,1.0000 1.0000 1.0000 1.0000 1.0000 1.0000 1.5925,0 0 0 0 0 0 6,0 1 1 0 1 0 0,(not a tile),,"n/a (not a tile: no curve choice found that clears touch, on this shape or elsewhere in its family; best clearance 2.9e-16 -- search, not proof)",,,,30.78,,0.6279,,,,3_2 5_2,p2,2222,L2
25525,7,9,0,4,SSSSSSS,not tested,105.06 44.82 254.94 105.06 30.12 254.94 105.06,1.0000 0.7024 1.0000 0.7024 0.7024 1.0000 0.7024,0 1 0 1 1 0 1,0 0 0 0 0 0 0,1,,no (tile),,,,30.12,,0.7024,,4,yes,3_2 5_2,p2,2222,L2
25525,7,9,0,5,SSSSSSS,not needed (covering theorem),278.79 30.21 81.21 339.21 20.79 129.00 20.79,1.0000 1.0000 0.7251 1.0000 0.7251 1.0000 0.7251,0 0 2 0 2 0 2,0 0 0 0 0 0 0,,,YES,2,1,2,20.79,,0.7251,,4,yes,3_2 5_2,p2,2222,L2
25525,7,10,0,1,SSSSSSS,not tested,340.81 180.00 -80.41 80.41 19.19 180.00 180.00,1.0000 1.0000 1.0000 1.0000 1.0000 1.0000 1.0000,0 0 0 0 0 0 0,0 0 0 0 0 0 0,(not a tile),,"n/a (not a tile: no curve choice found that clears touch, on this shape or elsewhere in its family; best clearance 0.0e+0 -- search, not proof)",,,,19.19,,1.0000,,,,3_2 5_2,p2,2222,L2
25525,7,10,0,4,SSSSSSS,not tested,19.19 180.00 180.00 340.81 -80.41 80.41 180.00,1.0000 1.0000 1.0000 1.0000 1.0000 1.0000 1.0000,0 0 0 0 0 0 0,0 0 0 0 0 0 0,(not a tile),,"n/a (not a tile: no curve choice found that clears touch, on this shape or elsewhere in its family; best clearance 9.3e-18 -- search, not proof)",,,,19.19,,1.0000,,,,3_2 5_2,p2,2222,L2
25525,7,14,0,1,SSSSSSS,not tested,360.00 294.50 65.50 -180.00 0.00 245.50 114.50,1.0000 1.0000 1.0000 1.0000 1.0852 1.0000 1.0852,0 0 0 0 4 0 4,0 0 0 0 0 0 0,(not a tile),,"n/a (not a tile: no curve choice found that clears zeroCorner@v0 zeroCorner@v4, on this shape or elsewhere in its family; best clearance 6.2e-11 -- search, not proof)",,,,0.00,,0.9214,,,,3_2 5_2,p2,2222,L2
25528,7,2,0,3,SSSSSSS,not needed (covering theorem),120.48 21.90 284.75 37.63 75.25 338.10 21.90,1.0000 0.7450 0.7450 0.7450 0.7450 1.0000 0.7450,0 1 1 1 1 0 1,0 0 0 0 0 0 0,,,YES,2,1,2,21.90,,0.7450,,3 5,yes,3_2 5_2,p2,2222,L2
25531,7,0,0,0,SSSSSSS,not tested,23.91 101.95 258.05 54.14 101.95 101.95 258.05,1.0000 1.0000 1.0000 1.0000 1.0000 1.0000 1.0000,0 0 0 0 0 0 0,0 1 0 1 0 1 0,1,,no (tile),,,,23.91,,1.0000,,4,yes,3_2 5_2,pgg,22x,L2
25531,7,0,0,6,SSSSSSS,not tested,309.43 281.13 78.87 -78.87 180.00 78.87 50.57,1.0000 1.0000 1.0000 1.0000 1.0000 1.0000 3.8111,0 0 0 0 0 0 6,0 1 0 1 1 0 0,(not a tile),,"n/a (not a tile: no curve choice found that clears touch, on this shape or elsewhere in its family; best clearance 1.9e-16 -- search, not proof)",,,,50.57,,0.2624,,,,3_2 5_2,pgg,22x,L2
25531,7,2,0,4,SSSSSSS,not tested,54.14 258.05 101.95 23.91 258.05 101.95 101.95,1.0000 1.0000 1.0000 1.0000 1.0000 1.0000 1.0000,0 0 0 0 0 0 0,0 1 0 0 1 0 1,1,,no (tile),,,,23.91,,1.0000,,4,yes,3_2 5_2,pgg,22x,L2
25537,7,0,0,0,USUSUSU,not tested,32.56 206.62 153.38 88.27 59.17 206.62 153.38,1.0000 2.4024 1.0000 2.4024 1.0000 2.4024 1.0000,0 1 0 1 0 1 0,0 0 2 1 0 0 2,1,,no (tile),,,,32.56,,0.4162,,4,yes,3_2 5_2,pgg,22x,L2
25537,7,0,1,2,SSSSSSS,not tested,180.00 328.05 31.95 74.03 74.03 180.00 31.95,1.0000 1.0000 1.0000 1.6511 1.0000 1.0000 1.0000,0 0 0 3 0 0 0,0 1 0 0 1 1 0,"1,6",,no (tile),,,,31.95,,0.6056,,4,yes,3_2 5_2,pgg,22x,L2
25537,7,0,1,3,SSSSSSS,not tested,379.19 -180.00 540.00 -279.59 80.41 540.00 -180.00,1.0000 1.0000 1.0000 1.0000 1.0000 1.0000 1.0000,0 0 0 0 0 0 0,0 1 0 1 1 0 1,"1,2,6",,no (tile),,,,19.19,,1.0000,,4,yes,3_2 5_2,pgg,22x,L2
25537,7,1,0,0,SSSSSSS,not tested,41.41 235.77 124.23 14.36 262.82 97.18 124.23,1.0000 1.0000 1.0000 1.0000 1.0000 1.0000 1.0000,0 0 0 0 0 0 0,0 1 0 1 0 1 0,1,,no (tile),,,,14.36,,1.0000,,4,yes,3_2 5_2,pgg,22x,L2
25537,7,1,0,1,SSSSSSS,not tested,41.41 180.00 180.00 41.41 180.00 97.18 180.00,1.0000 1.0000 1.0000 1.0000 1.0000 1.0000 1.0000,0 0 0 0 0 0 0,0 0 0 1 1 0 0,"1,2,6",,no (tile),,,,41.41,,1.0000,,4,yes,3_2 5_2,pgg,22x,L2
25537,7,2,0,4,SSSSSSS,not tested,-80.41 180.00 180.00 340.81 180.00 180.00 -80.41,1.0000 1.0000 1.0000 1.0000 1.0000 1.0000 1.0000,0 0 0 0 0 0 0,0 1 0 1 0 1 0,"1,2,6",,no (tile),,,,19.19,,1.0000,,4,yes,3_2 5_2,pgg,22x,L2
25537,7,2,0,6,SSSSSSS,not tested,26.61 180.00 180.00 37.02 322.98 37.02 116.37,1.0000 1.0000 1.0000 1.0000 1.0000 1.0000 2.6879,0 0 0 0 0 0 6,0 0 0 1 0 1 0,1,,no (tile),,,,26.61,,0.3720,,4,yes,3_2 5_2,pgg,22x,L2
25537,7,5,0,6,SSSSSSS,not tested,-61.30 302.59 180.00 180.00 57.41 180.00 61.30,1.0000 1.0000 1.0000 1.0000 1.0000 1.0000 2.8816,0 0 0 0 0 0 6,0 1 1 1 0 0 0,(not a tile),,"n/a (not a tile: no curve choice found that clears touch, on this shape or elsewhere in its family; best clearance 1.7e-16 -- search, not proof)",,,,57.41,,0.3470,,,,3_2 5_2,pgg,22x,L2
25537,7,6,0,6,SSSSSSS,not tested,11.31 180.00 180.00 180.00 180.00 67.42 101.27,1.0000 1.0000 1.0000 1.0000 1.0000 1.0000 4.7074,0 0 0 0 0 0 6,0 0 0 0 0 1 0,"1,2,6",,no (tile),,,,11.31,,0.2124,,4,yes,3_2 5_2,pgg,22x,L2
25537,7,6,1,4,SSSSSSS,not tested,62.80 180.00 180.00 180.00 180.00 11.08 106.13,1.0000 1.0000 1.0000 1.0000 1.0000 4.6291 1.0000,0 0 0 0 0 5 0,0 0 0 0 0 0 1,"1,2,6",,no (tile),,,,11.08,,0.2160,,4,yes,3_2 5_2,pgg,22x,L2
25538,7,0,0,0,SSSSSSS,not tested,19.44 199.44 160.56 86.73 73.83 199.44 160.56,1.0000 1.0000 1.0000 1.0000 1.0000 1.0000 1.0000,0 0 0 0 0 0 0,0 0 0 1 0 0 0,1,,no (tile),,,,19.44,,1.0000,,3 5,yes,3_2 5_2,pgg,22x,L2
25538,7,0,1,3,USUSUSU,not tested,63.39 121.69 238.31 58.31 58.31 238.31 121.69,1.0000 1.1085 1.0000 1.1085 1.0000 1.1085 1.0000,0 1 0 1 0 1 0,0 0 2 1 2 1 0,"1,2,6",,no (tile),,,,58.31,,0.9021,,3 5,yes,3_2 5_2,pgg,22x,L2
25538,7,1,0,3,SSSUSSU,not needed (covering theorem),68.55 192.64 167.36 27.77 291.45 83.68 68.55,1.0000 1.0000 1.0000 2.3994 1.0000 1.0000 2.3994,0 0 0 3 0 0 3,0 0 0 0 1 1 2,,,YES,2,6,2,27.77,,0.4168,,3 5,yes,3_2 5_2,pgg,22x,L2
25538,7,1,1,3,SSSSSSS,not needed (covering theorem),53.50 165.40 194.60 29.20 194.60 97.30 165.40,1.0000 1.0000 1.0000 1.0000 1.0000 1.0000 1.0000,0 0 0 0 0 0 0,0 0 0 1 1 1 1,,,YES,2,"1,2,6",2,29.20,,1.0000,,3 5,yes,3_2 5_2,pgg,22x,L2
25538,7,1,1,6,ISIISSS,not tested,52.90 81.44 278.56 45.66 81.44 197.12 162.88,1.0000 0.6005 1.0000 1.0000 0.6005 0.6005 0.6005,0 1 0 0 1 1 1,0 0 0 0 0 1 0,1,,no (tile),,,,45.66,,0.6005,,3 5,yes,3_2 5_2,pgg,22x,L2
25538,7,2,1,5,SSSSSSS,not tested,73.83 199.44 160.56 19.44 199.44 160.56 86.73,1.0000 1.0000 1.0000 1.0000 1.0000 1.0000 1.0000,0 0 0 0 0 0 0,0 0 0 0 0 0 1,1,,no (tile),,,,19.44,,1.0000,,3 5,yes,3_2 5_2,pgg,22x,L2
25538,7,5,0,3,SSSSSIS,not tested,2.42 267.00 93.00 267.00 93.00 44.09 133.50,1.0000 1.0000 1.0000 1.0000 1.0000 2.9313 1.0000,0 0 0 0 0 5 0,0 1 0 1 0 0 1,1,,no (tile),,,,2.42,,0.3411,,3 5,yes,3_2 5_2,pgg,22x,L2
25538,7,5,1,0,SSSSSSI,not tested,1.22 205.87 154.13 205.87 154.13 75.85 102.93,1.0000 1.0000 1.0000 1.0000 1.0000 1.0000 4.5561,0 0 0 0 0 0 6,0 1 0 1 0 0 0,1,,no (tile),,,,1.22,,0.2195,,3 5,yes,3_2 5_2,pgg,22x,L2
25540,7,0,1,1,SISSSSS,not tested,337.00 11.50 85.53 82.97 23.00 337.00 23.00,1.0000 1.0579 1.0000 1.0000 1.0000 1.0000 1.0000,0 1 0 0 0 0 0,0 0 1 0 1 0 1,1,,no (tile),,,,11.50,,0.9452,,3 5,yes,4_2 4_2,pgg,22x,L2
25540,7,1,0,0,SSUSUSS,not needed (covering theorem),93.46 173.08 30.07 303.53 56.47 56.47 186.92,1.0000 1.0000 1.6688 1.0000 1.6688 1.0000 1.0000,0 0 2 0 2 0 0,0 0 0 1 2 0 0,,,YES,2,"1,2,6",2,30.07,,0.5992,,3 5,yes,4_2 4_2,pgg,22x,L2
25540,7,1,1,1,SIUSUSS,not tested,225.52 67.24 48.27 295.50 64.50 64.50 134.48,1.0000 1.6451 1.6663 1.0000 1.6663 1.0000 1.0000,0 1 2 0 2 0 0,0 0 0 1 2 0 1,1,,no (tile),,,,48.27,,0.6001,,3 5,yes,4_2 4_2,pgg,22x,L2
25540,7,1,1,2,SUUSUSU,not tested,98.56 227.74 33.70 132.26 227.74 47.74 132.26,1.0000 0.8858 0.8858 1.0000 0.8858 1.0000 0.8858,0 1 1 0 1 0 1,0 0 2 0 0 1 2,"2,6",,no (tile),,,,33.70,,0.8858,,3 5,yes,4_2 4_2,pgg,22x,L2
25540,7,3,1,6,SUSUSUU,not tested,221.56 97.23 138.44 41.56 221.56 138.44 41.20,1.0000 0.5083 1.0000 0.5083 1.0000 0.5083 0.5083,0 1 0 1 0 1 1,0 0 1 2 0 0 2,"2,6",,no (tile),,,,41.20,,0.5083,,3 5,yes,4_2 4_2,pgg,22x,L2
25540,7,5,1,0,SSSSSSI,not tested,10.85 338.30 21.70 338.30 21.70 98.91 70.24,1.0000 1.0000 1.0000 1.0000 1.0000 1.0000 1.3202,0 0 0 0 0 0 6,0 1 0 1 0 1 0,1,,no (tile),,,,10.85,,0.7575,,3 5,yes,4_2 4_2,pgg,22x,L2
25540,7,9,0,2,USUSUSU,not tested,120.00 123.13 236.87 3.13 236.87 56.87 123.13,1.0000 2.2126 1.0000 2.2126 1.0000 2.2126 1.0000,0 1 0 1 0 1 0,0 0 2 0 2 1 0,"1,2,6",,no (tile),,,,3.13,,0.4520,,3 5,yes,4_2 4_2,pgg,22x,L2
25540,7,9,1,1,USUSUSU,not tested,60.00 252.60 107.40 47.40 252.60 72.60 107.40,1.0000 1.4773 1.0000 1.4773 1.0000 1.4773 1.0000,0 1 0 1 0 1 0,0 0 2 1 0 0 2,"1,2,6",,no (tile),,,,47.40,,0.6769,,3 5,yes,4_2 4_2,pgg,22x,L2
25541,7,1,1,6,SJJJJJJ,not needed (covering theorem),81.97 19.27 258.76 101.24 78.76 281.24 78.76,1.0000 0.3365 0.3365 0.3365 0.3365 0.3365 0.3365,0 1 1 1 1 1 1,0 0 2 0 2 0 2,,,YES,2,1,2,19.27,,0.3365,,3 4 6,yes,4_3 4_3,p2,2222,L2
25541,7,4,1,5,SIIIIII,not tested,44.95 45.05 90.00 270.00 90.00 90.00 270.00,1.0000 0.7065 0.2359 0.7065 0.2359 0.7065 0.2359,0 1 2 1 2 1 2,0 0 0 0 0 0 0,1,,no (tile),,,,44.95,,0.2359,,3 4 6,yes,4_3 4_3,p2,2222,L2
25543,7,0,1,1,SISSSSS,not tested,337.00 11.50 85.53 82.97 23.00 337.00 23.00,1.0000 1.0579 1.0000 1.0000 1.0000 1.0000 1.0000,0 1 0 0 0 0 0,0 0 0 0 1 0 1,1,,no (tile),,,,11.50,,0.9452,,3 5,yes,4_3 4_3,pgg,22x,L2
25543,7,4,0,0,SSSISSS,not tested,60.46 239.08 239.08 0.69 118.85 120.92 120.92,1.0000 1.0000 1.0000 2.0418 1.0000 1.0000 1.0000,0 0 0 3 0 0 0,0 0 0 0 0 0 0,8,,no (after re-solve),,,,0.69,,0.4898,,3 5,yes,4_3 4_3,pgg,22x,L2
25543,7,5,1,2,SUUUSSU,not needed (covering theorem),-360.00 462.16 257.84 102.16 462.16 77.84 -102.16,1.0000 0.2894 0.2894 0.2894 1.0000 1.0000 0.2894,0 1 1 1 0 0 1,0 0 2 0 1 1 2,,,YES,2,6,2,0.00,,0.2894,,3 5,yes,4_3 4_3,pgg,22x,L2
25543,7,6,1,3,SUSUSSS,not needed (covering theorem),156.09 242.93 242.93 -39.02 117.07 203.91 -23.91,1.0000 0.6434 1.0000 0.6434 1.0000 1.0000 1.0000,0 1 0 1 0 0 0,0 0 1 2 0 0 0,,,YES,2,6,2,23.91,,0.6434,,3 5,yes,4_3 4_3,pgg,22x,L2
25543,7,8,0,1,SSSUSUS,not needed (covering theorem),279.57 40.21 80.43 261.92 41.71 98.08 98.08,1.0000 1.0000 1.0000 0.1886 1.0000 0.1886 1.0000,0 0 0 3 0 3 0,0 0 0 0 1 2 0,,,YES,2,6,2,40.21,,0.1886,,3 5,yes,4_3 4_3,pgg,22x,L2
25543,7,9,1,0,SSSSSSI,not tested,23.14 313.72 46.28 313.72 46.28 91.05 65.81,1.0000 1.0000 1.0000 1.0000 1.0000 2.1538 1.8021,0 0 0 0 0 5 6,0 1 0 1 0 0 0,1,,no (tile),,,,23.14,,0.4643,,3 5,yes,4_3 4_3,pgg,22x,L2
25543,7,10,0,0,JJJIJJJ,not tested,90.00 180.00 180.00 45.00 45.00 180.00 180.00,1.0000 1.0000 1.0000 4.2426 1.0000 1.0000 1.0000,0 0 0 3 0 0 0,0 3 0 0 3 0 3,9,,no (tile),,,,45.00,,0.2357,,3 5,yes,4_3 4_3,pgg,22x,L2
25543,7,15,1,0,IIIIISI,not tested,90.00 180.00 180.00 180.00 180.00 44.58 45.42,1.0000 1.0000 1.0000 1.0000 1.0000 7.0203 4.9279,0 0 0 0 0 5 6,0 0 0 0 0 0 0,1,,no (tile),,,,44.58,,0.1424,,3 5,yes,4_3 4_3,pgg,22x,L2
25543,7,16,0,2,SSSSISS,not tested,284.32 568.64 -208.64 284.32 -96.26 -8.07 75.68,1.0000 1.0000 1.0000 1.0000 3.4167 1.0000 1.0000,0 0 0 0 4 0 0,0 0 0 0 0 0 0,,closing m-gon self-intersects (not a simple polygon) — not p,n/a (tile degenerate at high precision),,,,8.07,,0.2927,,3 5,yes,4_3 4_3,pgg,22x,L2
25543,7,18,1,0,SSSSSSI,not tested,23.14 313.72 46.28 313.72 46.28 91.05 65.81,1.0000 1.0000 1.0000 1.0000 1.0000 2.1538 1.8021,0 0 0 0 0 5 6,0 1 0 1 0 0 0,1,,no (tile),,,,23.14,,0.4643,,3 5,yes,4_3 4_3,pgg,22x,L2
25543,7,19,0,0,JIIJJIJ,not tested,90.00 18.43 180.00 341.57 180.00 18.43 71.57,1.0000 1.0541 1.0541 1.0000 1.0000 1.0541 1.0000,0 1 1 0 0 1 0,0 0 0 3 0 0 3,(not a tile),,"n/a (not a tile: no curve choice found that clears touch, on this shape or elsewhere in its family; best clearance 0.0e+0 -- search, not proof)",,,,18.43,,0.9487,,,,4_3 4_3,pgg,22x,L2
25543,7,19,0,4,JJJJJIJ,not needed (covering theorem),180.00 180.00 180.00 180.00 90.00 438.69 -348.69,1.0000 1.0000 1.0000 1.0000 1.0000 5.0990 1.0000,0 0 0 0 0 5 0,0 3 0 3 0 0 3,,,YES,2,"1,6",2,11.31,,0.1961,,3 5,yes,4_3 4_3,pgg,22x,L2
25543,7,19,1,0,IIIIISI,not tested,90.00 180.00 180.00 180.00 180.00 44.58 45.42,1.0000 1.0000 1.0000 1.0000 1.0000 7.0203 4.9279,0 0 0 0 0 5 6,0 0 0 0 0 0 0,1,,no (tile),,,,44.58,,0.1424,,3 5,yes,4_3 4_3,pgg,22x,L2
25548,7,0,1,1,SSSSSSS,not tested,180.00 45.08 89.84 45.08 180.00 180.00 180.00,1.0000 3.5406 3.5406 1.0000 1.0000 1.0000 1.0000,0 1 1 0 0 0 0,0 0 1 0 1 0 1,"1,2,6",,no (tile),,,,45.08,,0.2824,,4,yes,4_2 4_2,p2,2222,L2
25548,7,0,1,6,SSSSSSS,not tested,48.03 83.95 48.03 180.00 180.00 180.00 180.00,1.0000 1.0000 0.2675 0.2675 0.2675 0.2675 0.2675,0 0 2 2 2 2 2,0 1 0 1 0 1 0,"1,2,6",,no (tile),,,,48.03,,0.2675,,4,yes,4_2 4_2,p2,2222,L2
25548,7,1,1,4,SJJJJJJ,not tested,77.19 77.19 180.00 180.00 25.62 180.00 180.00,1.0000 0.7518 0.7518 0.7518 0.7518 0.7518 0.7518,0 1 1 1 1 1 1,0 0 3 0 2 1 2,"2,6",,no (tile),,,,25.62,,0.7518,,4,yes,4_2 4_2,p2,2222,L2
25548,7,1,1,5,SSIIIII,not tested,31.06 117.87 31.06 180.00 180.00 180.00 180.00,1.0000 1.0000 0.3426 0.3426 0.3426 0.3426 0.3426,0 0 2 2 2 2 2,0 1 0 0 0 0 0,"1,2,6",,no (tile),,,,31.06,,0.3426,,4,yes,4_2 4_2,p2,2222,L2
25548,7,1,1,6,SISSSSS,not tested,180.00 79.86 79.86 180.00 20.29 339.71 20.29,1.0000 1.0566 1.0000 1.0000 1.0000 1.0000 1.0000,0 1 0 0 0 0 0,0 0 1 1 0 1 0,1,,no (tile),,,,20.29,,0.9464,,4,yes,4_2 4_2,p2,2222,L2
25548,7,3,0,0,SSSSSSS,not tested,-66.62 266.05 -19.42 132.80 227.20 266.05 93.95,1.0000 13.3703 1.0000 13.3703 1.0000 13.3703 1.0000,0 1 0 1 0 1 0,0 0 0 0 0 0 0,,closing m-gon self-intersects (not a simple polygon) — not p,n/a (tile degenerate at high precision),,,,19.42,,0.0748,,4,yes,4_2 4_2,p2,2222,L2
25548,7,3,0,3,SSSSSSS,not needed (covering theorem),17.56 260.03 99.97 64.84 295.16 97.60 64.84,1.0000 2.5984 1.0000 2.5984 1.0000 1.0000 2.5984,0 1 0 1 0 0 1,0 0 0 0 0 0 0,,,YES,2,1,2,17.56,,0.3849,,4,yes,4_2 4_2,p2,2222,L2
25548,7,3,0,6,SSSSSSS,not tested,301.02 -88.84 180.00 88.84 271.16 88.84 58.98,1.0000 1.6091 1.6091 1.0000 1.6091 1.0000 5.6320,0 1 1 0 1 0 6,0 0 0 0 0 0 0,(not a tile),,"n/a (not a tile: no curve choice found that clears touch, on this shape or elsewhere in its family; best clearance 3.5e-16 -- search, not proof)",,,,58.98,,0.1776,,,,4_2 4_2,p2,2222,L2
25548,7,3,1,3,SSSSSSS,not tested,77.19 77.19 180.00 25.62 334.38 25.62 180.00,1.0000 0.7518 0.7518 0.7518 0.7518 0.7518 0.7518,0 1 1 1 1 1 1,0 0 0 1 0 1 1,1,,no (tile),,,,25.62,,0.7518,,4,yes,4_2 4_2,p2,2222,L2
25548,7,3,1,4,SSSSSSS,not tested,48.03 83.95 48.03 180.00 180.00 180.00 180.00,1.0000 1.0000 0.2675 0.2675 0.2675 0.2675 0.2675,0 0 2 2 2 2 2,0 1 0 1 0 1 0,"1,2,6",,no (tile),,,,48.03,,0.2675,,4,yes,4_2 4_2,p2,2222,L2
25548,7,3,1,5,SISSSSS,not tested,237.83 50.94 108.77 122.17 237.83 20.29 122.17,1.0000 1.0987 0.8201 1.0000 0.8201 1.0000 0.8201,0 1 2 0 2 0 2,0 0 0 1 0 0 1,1,,no (tile),,,,20.29,,0.7464,,4,yes,4_2 4_2,p2,2222,L2
25548,7,5,1,1,SSSSSSS,not tested,239.53 -70.39 261.25 -10.86 370.86 -10.86 120.47,1.0000 1.5250 1.5250 1.0000 1.5250 1.0000 1.0000,0 1 1 0 1 0 0,0 0 1 0 1 0 1,1,,no (tile),,,,10.86,,0.6558,,4,yes,4_2 4_2,p2,2222,L2
25548,7,5,1,6,SSSSSSS,not tested,84.45 84.07 11.48 348.52 11.48 252.97 107.03,1.0000 1.0000 0.6246 1.0000 0.6246 0.6246 0.6246,0 0 2 0 2 2 2,0 1 0 1 0 1 0,1,,no (tile),,,,11.48,,0.6246,,4,yes,4_2 4_2,p2,2222,L2
25548,7,6,0,4,SSSSSSS,not tested,80.41 19.19 180.00 340.81 180.00 19.19 80.41,1.0000 1.0000 1.0000 1.0000 1.0000 1.0000 1.0000,0 0 0 0 0 0 0,0 0 0 0 0 0 0,(not a tile),,"n/a (not a tile: no curve choice found that clears touch, on this shape or elsewhere in its family; best clearance 3.5e-18 -- search, not proof)",,,,19.19,,1.0000,,,,4_2 4_2,p2,2222,L2
25548,7,6,1,1,SIIIIIS,not tested,117.87 31.06 180.00 180.00 180.00 180.00 31.06,1.0000 0.3426 0.3426 0.3426 0.3426 0.3426 1.0000,0 1 1 1 1 1 0,0 0 0 0 0 0 1,"1,2,6",,no (tile),,,,31.06,,0.3426,,4,yes,4_2 4_2,p2,2222,L2
25548,7,6,1,3,SSIIIII,not tested,31.06 117.87 31.06 180.00 180.00 180.00 180.00,1.0000 1.0000 0.3426 0.3426 0.3426 0.3426 0.3426,0 0 2 2 2 2 2,0 1 0 0 0 0 0,"1,2,6",,no (tile),,,,31.06,,0.3426,,4,yes,4_2 4_2,p2,2222,L2
25548,7,10,1,3,SSSSSSS,not tested,59.88 180.00 180.00 60.06 60.06 180.00 180.00,1.0000 1.0000 1.0000 2.9946 1.0000 1.0000 1.0000,0 0 0 3 0 0 0,0 0 0 0 1 1 1,"1,2,6",,no (tile),,,,59.88,,0.3339,,4,yes,4_2 4_2,p2,2222,L2
25548,7,10,1,4,SSSSSSS,not tested,77.19 77.19 180.00 180.00 25.62 180.00 180.00,1.0000 0.7518 0.7518 0.7518 0.7518 0.7518 0.7518,0 1 1 1 1 1 1,0 0 0 0 1 1 1,"1,2,6",,no (tile),,,,25.62,,0.7518,,4,yes,4_2 4_2,p2,2222,L2
25548,7,11,0,0,SSSSSSS,not tested,41.41 180.00 180.00 41.41 180.00 97.18 180.00,1.0000 1.0000 1.0000 1.0000 1.0000 1.0000 1.0000,0 0 0 0 0 0 0,0 0 0 0 0 0 0,1,,no (tile),,,,41.41,,1.0000,,4,yes,4_2 4_2,p2,2222,L2
25548,7,11,0,1,SSSSSSS,not needed (covering theorem),180.00 41.41 262.82 41.41 180.00 97.18 97.18,1.0000 1.0000 1.0000 1.0000 1.0000 1.0000 1.0000,0 0 0 0 0 0 0,0 0 0 0 0 0 0,,,YES,2,1,2,41.41,,1.0000,,4,yes,4_2 4_2,p2,2222,L2
25548,7,11,0,2,SSSSSSS,not needed (covering theorem),-41.41 180.00 262.82 262.82 180.00 -41.41 97.18,1.0000 1.0000 1.0000 1.0000 1.0000 1.0000 1.0000,0 0 0 0 0 0 0,0 0 0 0 0 0 0,,,YES,2,1,2,41.41,,1.0000,,4,yes,4_2 4_2,p2,2222,L2
25548,7,11,0,3,SSSSSSS,not tested,180.00 41.41 180.00 97.18 180.00 41.41 180.00,1.0000 1.0000 1.0000 1.0000 1.0000 1.0000 1.0000,0 0 0 0 0 0 0,0 0 0 0 0 0 0,1,,no (tile),,,,41.41,,1.0000,,4,yes,4_2 4_2,p2,2222,L2
25548,7,13,0,1,SSSSSSS,not needed (covering theorem),99.96 -17.56 295.16 -97.60 64.84 295.16 260.04,1.0000 2.5982 1.0000 1.0000 2.5982 1.0000 2.5982,0 1 0 0 1 0 1,0 0 0 0 0 0 0,,,YES,2,1,2,17.56,,0.3849,,4,yes,4_2 4_2,p2,2222,L2
25548,7,13,1,0,SSSSSSI,not tested,77.21 191.03 168.97 14.56 191.03 168.97 88.24,1.0000 0.9756 1.0000 0.9756 1.0000 0.9756 0.7543,0 1 0 1 0 1 6,0 0 0 1 1 1 0,1,,no (tile),,,,14.56,,0.7543,,4,yes,4_2 4_2,p2,2222,L2
25548,7,13,1,2,SSSSSSS,not tested,77.19 77.19 180.00 25.62 334.38 25.62 180.00,1.0000 0.7518 0.7518 0.7518 0.7518 0.7518 0.7518,0 1 1 1 1 1 1,0 0 0 1 0 1 1,1,,no (tile),,,,25.62,,0.7518,,4,yes,4_2 4_2,p2,2222,L2
25548,7,15,1,1,SSSSSSS,not tested,279.55 -88.02 256.49 103.51 -11.53 371.53 -11.53,1.0000 0.6167 0.6167 0.6167 1.0000 0.6167 1.0000,0 1 1 1 0 1 0,0 0 1 0 1 0 1,1,,no (tile),,,,11.53,,0.6167,,4,yes,4_2 4_2,p2,2222,L2
25548,7,15,1,6,SSSSSSS,not tested,63.90 126.45 233.55 10.35 349.65 10.35 105.76,1.0000 1.0000 1.0000 1.4929 1.0000 1.4929 1.4929,0 0 0 3 0 3 3,0 1 0 0 0 0 1,1,,no (tile),,,,10.35,,0.6698,,4,yes,4_2 4_2,p2,2222,L2
25548,7,16,1,3,SSSSSSS,not tested,77.19 77.19 180.00 180.00 25.62 180.00 180.00,1.0000 0.7518 0.7518 0.7518 0.7518 0.7518 0.7518,0 1 1 1 1 1 1,0 0 0 0 1 1 1,"1,2,6",,no (tile),,,,25.62,,0.7518,,4,yes,4_2 4_2,p2,2222,L2
25548,7,16,1,4,SSSSSSS,not tested,180.00 25.81 180.00 180.00 77.10 77.10 180.00,1.0000 1.0000 1.0000 1.0000 1.3400 1.0000 1.0000,0 0 0 0 4 0 0,0 1 1 1 0 0 0,"1,2,6",,no (tile),,,,25.81,,0.7463,,4,yes,4_2 4_2,p2,2222,L2
25548,7,17,1,0,SSSSSSI,not tested,72.25 180.00 35.51 324.49 35.51 180.00 72.25,1.0000 1.0000 1.0000 1.0000 1.0000 1.0000 1.8296,0 0 0 0 0 0 6,0 0 1 0 1 1 0,1,,no (tile),,,,35.51,,0.5466,,4,yes,4_2 4_2,p2,2222,L2
25548,7,17,1,1,SIIIIIS,not tested,117.87 31.06 180.00 180.00 180.00 180.00 31.06,1.0000 0.3426 0.3426 0.3426 0.3426 0.3426 1.0000,0 1 1 1 1 1 0,0 0 0 0 0 0 1,"1,2,6",,no (tile),,,,31.06,,0.3426,,4,yes,4_2 4_2,p2,2222,L2
25548,7,17,1,2,SJJJJJJ,not tested,77.19 77.19 180.00 180.00 25.62 180.00 180.00,1.0000 0.7518 0.7518 0.7518 0.7518 0.7518 0.7518,0 1 1 1 1 1 1,0 0 3 0 2 1 2,"2,6",,no (tile),,,,25.62,,0.7518,,4,yes,4_2 4_2,p2,2222,L2
25548,7,19,1,6,SSSSSSS,not tested,47.05 180.00 180.00 180.00 180.00 47.05 85.89,1.0000 1.0000 1.0000 1.0000 1.0000 3.6693 3.6693,0 0 0 0 0 5 5,0 1 0 1 0 0 1,"1,2,6",,no (tile),,,,47.05,,0.2725,,4,yes,4_2 4_2,p2,2222,L2
25548,7,21,1,1,SSISSSS,not tested,339.71 180.00 -79.86 -79.86 180.00 339.71 20.29,1.0000 1.0000 1.0566 1.0000 1.0000 1.0000 1.0000,0 0 2 0 0 0 0,0 0 0 1 1 0 1,1,,no (tile),,,,20.29,,0.9464,,4,yes,4_2 4_2,p2,2222,L2
25548,7,21,1,2,IISSIII,not tested,180.00 180.00 48.79 82.41 48.79 180.00 180.00,1.0000 1.0000 3.7949 3.7949 1.0000 1.0000 1.0000,0 0 2 2 0 0 0,0 0 0 1 0 0 0,"1,2,6",,no (tile),,,,48.79,,0.2635,,4,yes,4_2 4_2,p2,2222,L2
25548,7,21,1,3,JJJSJJJ,not tested,59.88 180.00 180.00 60.06 60.06 180.00 180.00,1.0000 1.0000 1.0000 2.9946 1.0000 1.0000 1.0000,0 0 0 3 0 0 0,0 3 0 0 2 1 2,"2,6",,no (tile),,,,59.88,,0.3339,,4,yes,4_2 4_2,p2,2222,L2
25548,7,26,0,2,SSSSSSS,not tested,180.00 180.00 80.41 80.41 180.00 180.00 19.19,1.0000 1.0000 1.0000 1.0000 1.0000 1.0000 1.0000,0 0 0 0 0 0 0,0 0 0 0 0 0 0,1,,no (tile),,,,19.19,,1.0000,,4,yes,4_2 4_2,p2,2222,L2
25548,7,26,0,3,SSSSSSS,not tested,80.41 180.00 180.00 19.19 180.00 180.00 80.41,1.0000 1.0000 1.0000 1.0000 1.0000 1.0000 1.0000,0 0 0 0 0 0 0,0 0 0 0 0 0 0,1,,no (tile),,,,19.19,,1.0000,,4,yes,4_2 4_2,p2,2222,L2
25548,7,26,1,0,SSSSSSI,not tested,72.25 180.00 180.00 35.51 180.00 180.00 72.25,1.0000 1.0000 1.0000 1.0000 1.0000 1.0000 1.8296,0 0 0 0 0 0 6,0 0 0 1 1 1 0,"1,2,6",,no (tile),,,,35.51,,0.5466,,4,yes,4_2 4_2,p2,2222,L2
25548,7,26,1,6,SSISSSS,not tested,180.00 180.00 79.86 79.86 180.00 180.00 20.29,1.0000 1.0000 1.0566 1.0000 1.0000 1.0000 1.0000,0 0 2 0 0 0 0,0 0 0 1 1 1 0,"1,2,6",,no (tile),,,,20.29,,0.9464,,4,yes,4_2 4_2,p2,2222,L2
25548,7,30,0,0,SSSSSSS,not tested,41.41 180.00 97.18 180.00 41.41 180.00 180.00,1.0000 1.0000 1.0000 1.0000 1.0000 1.0000 1.0000,0 0 0 0 0 0 0,0 0 0 0 0 0 0,1,,no (tile),,,,41.41,,1.0000,,4,yes,4_2 4_2,p2,2222,L2
25548,7,30,0,1,SSSSSSS,not needed (covering theorem),-41.41 180.00 262.82 262.82 180.00 -41.41 97.18,1.0000 1.0000 1.0000 1.0000 1.0000 1.0000 1.0000,0 0 0 0 0 0 0,0 0 0 0 0 0 0,,,YES,2,1,2,41.41,,1.0000,,4,yes,4_2 4_2,p2,2222,L2
25548,7,30,0,2,SSSSSSS,not needed (covering theorem),97.18 180.00 41.41 262.82 41.41 180.00 97.18,1.0000 1.0000 1.0000 1.0000 1.0000 1.0000 1.0000,0 0 0 0 0 0 0,0 0 0 0 0 0 0,,,YES,2,1,2,41.41,,1.0000,,4,yes,4_2 4_2,p2,2222,L2
25548,7,30,0,3,SSSSSSS,not tested,97.18 180.00 41.41 180.00 180.00 41.41 180.00,1.0000 1.0000 1.0000 1.0000 1.0000 1.0000 1.0000,0 0 0 0 0 0 0,0 0 0 0 0 0 0,1,,no (tile),,,,41.41,,1.0000,,4,yes,4_2 4_2,p2,2222,L2
25548,7,35,1,0,SSSSSSI,not tested,72.25 180.00 35.51 324.49 35.51 180.00 72.25,1.0000 1.0000 1.0000 1.0000 1.0000 1.0000 1.8296,0 0 0 0 0 0 6,0 0 1 0 1 1 0,1,,no (tile),,,,35.51,,0.5466,,4,yes,4_2 4_2,p2,2222,L2
25548,7,35,1,5,JJJJJSJ,not tested,180.00 180.00 25.81 180.00 180.00 77.10 77.10,1.0000 1.0000 1.0000 1.0000 1.0000 1.3400 1.0000,0 0 0 0 0 5 0,0 3 1 2 1 0 3,"2,6",,no (tile),,,,25.81,,0.7463,,4,yes,4_2 4_2,p2,2222,L2
25548,7,35,1,6,IIIIISS,not tested,45.38 180.00 180.00 180.00 180.00 45.38 89.24,1.0000 1.0000 1.0000 1.0000 1.0000 3.5592 3.5592,0 0 0 0 0 5 5,0 0 0 0 0 0 1,"1,2,6",,no (tile),,,,45.38,,0.2810,,4,yes,4_2 4_2,p2,2222,L2
25548,7,36,1,1,SSSSSSS,not tested,245.86 11.24 348.76 11.24 91.66 77.10 114.14,1.0000 1.5603 1.0000 1.5603 1.5603 1.0000 1.0000,0 1 0 1 1 0 0,0 0 0 0 1 0 1,1,,no (tile),,,,11.24,,0.6409,,4,yes,4_2 4_2,p2,2222,L2
25548,7,36,1,6,SSSSSSS,not tested,7.37 352.63 7.37 132.73 39.90 147.47 212.53,1.0000 0.7157 1.0000 1.0000 0.7157 0.7157 0.7157,0 1 0 0 1 1 1,0 0 0 1 0 1 0,1,,no (tile),,,,7.37,,0.7157,,4,yes,4_2 4_2,p2,2222,L2
25548,7,38,0,0,SSSSSSS,not needed (covering theorem),97.60 295.16 64.84 99.96 260.04 17.56 64.84,1.0000 2.5982 1.0000 2.5982 1.0000 2.5982 1.0000,0 1 0 1 0 1 0,0 0 0 0 0 0 0,,,YES,2,1,2,17.56,,0.3849,,4,yes,4_2 4_2,p2,2222,L2
25548,7,38,1,2,SSSISSS,not tested,37.63 226.48 133.52 94.42 47.94 226.48 133.52,1.0000 1.3429 1.0000 2.4673 1.3429 1.0000 1.3429,0 1 0 3 1 0 1,0 0 0 0 1 1 1,1,,no (tile),,,,37.63,,0.4053,,4,yes,4_2 4_2,p2,2222,L2
25548,7,38,1,3,SSSSSSS,not tested,180.00 180.00 180.00 45.08 89.84 45.08 180.00,1.0000 1.0000 1.0000 3.5406 3.5406 1.0000 1.0000,0 0 0 3 3 0 0,0 1 0 0 1 0 1,"1,2,6",,no (tile),,,,45.08,,0.2824,,4,yes,4_2 4_2,p2,2222,L2
25548,7,38,1,4,SSSSSSS,not tested,62.02 297.98 62.02 180.00 58.99 58.99 180.00,1.0000 1.0000 1.0000 1.0000 3.0912 1.0000 1.0000,0 0 0 0 4 0 0,0 1 0 0 0 1 1,1,,no (tile),,,,58.99,,0.3235,,4,yes,4_2 4_2,p2,2222,L2
25548,7,41,0,2,SSSSSSS,not tested,80.41 180.00 180.00 19.19 180.00 180.00 80.41,1.0000 1.0000 1.0000 1.0000 1.0000 1.0000 1.0000,0 0 0 0 0 0 0,0 0 0 0 0 0 0,1,,no (tile),,,,19.19,,1.0000,,4,yes,4_2 4_2,p2,2222,L2
25548,7,41,0,3,SSSSSSS,not tested,19.19 180.00 180.00 80.41 80.41 180.00 180.00,1.0000 1.0000 1.0000 1.0000 1.0000 1.0000 1.0000,0 0 0 0 0 0 0,0 0 0 0 0 0 0,1,,no (tile),,,,19.19,,1.0000,,4,yes,4_2 4_2,p2,2222,L2
25548,7,41,1,0,SSSSSSI,not tested,72.25 180.00 180.00 35.51 180.00 180.00 72.25,1.0000 1.0000 1.0000 1.0000 1.0000 1.0000 1.8296,0 0 0 0 0 0 6,0 0 0 1 1 1 0,"1,2,6",,no (tile),,,,35.51,,0.5466,,4,yes,4_2 4_2,p2,2222,L2
25548,7,41,1,1,SSSISSS,not tested,35.51 180.00 180.00 72.25 72.25 180.00 180.00,1.0000 1.0000 1.0000 1.8296 1.0000 1.0000 1.0000,0 0 0 3 0 0 0,0 0 0 0 1 1 1,"1,2,6",,no (tile),,,,35.51,,0.5466,,4,yes,4_2 4_2,p2,2222,L2
25548,7,43,1,1,SSSSSSS,not tested,91.24 11.26 348.74 11.26 246.24 113.76 77.50,1.0000 0.6400 1.0000 0.6400 0.6400 0.6400 1.0000,0 1 0 1 1 1 0,0 0 0 0 1 0 1,1,,no (tile),,,,11.26,,0.6400,,4,yes,4_2 4_2,p2,2222,L2
25548,7,43,1,6,SSSSSSS,not tested,11.29 348.71 11.29 247.02 112.98 78.31 90.39,1.0000 1.5669 1.0000 1.0000 1.0000 1.5669 1.5669,0 1 0 0 0 1 1,0 0 0 1 0 1 0,1,,no (tile),,,,11.29,,0.6382,,4,yes,4_2 4_2,p2,2222,L2
25548,7,45,0,1,SSSSSSS,not needed (covering theorem),17.56 260.03 99.97 64.84 295.16 97.60 64.84,1.0000 2.5984 1.0000 2.5984 1.0000 1.0000 2.5984,0 1 0 1 0 0 1,0 0 0 0 0 0 0,,,YES,2,1,2,17.56,,0.3849,,4,yes,4_2 4_2,p2,2222,L2
25548,7,45,0,4,SSSSSSS,not needed (covering theorem),260.07 295.18 64.82 -97.62 295.18 -17.56 99.93,1.0000 2.5967 1.0000 1.0000 2.5967 1.0000 2.5967,0 1 0 0 1 0 1,0 0 0 0 0 0 0,,,YES,2,1,2,17.56,,0.3851,,4,yes,4_2 4_2,p2,2222,L2
25548,7,45,1,0,SSSSSSI,not tested,77.21 191.03 168.97 14.56 191.03 168.97 88.24,1.0000 0.9756 1.0000 0.9756 1.0000 0.9756 0.7543,0 1 0 1 0 1 6,0 0 0 1 1 1 0,1,,no (tile),,,,14.56,,0.7543,,4,yes,4_2 4_2,p2,2222,L2
25548,7,45,1,5,SSSSSSS,not tested,180.00 25.81 334.19 25.81 180.00 77.10 77.10,1.0000 1.0000 1.0000 1.0000 1.0000 1.3400 1.0000,0 0 0 0 0 5 0,0 1 0 1 1 0 0,1,,no (tile),,,,25.81,,0.7463,,4,yes,4_2 4_2,p2,2222,L2
25548,7,45,1,6,SSSSSSS,not tested,47.05 180.00 180.00 180.00 180.00 47.05 85.89,1.0000 1.0000 1.0000 1.0000 1.0000 3.6693 3.6693,0 0 0 0 0 5 5,0 1 0 1 0 0 1,"1,2,6",,no (tile),,,,47.05,,0.2725,,4,yes,4_2 4_2,p2,2222,L2
25548,7,49,0,1,SSSSSSS,not tested,80.41 19.19 180.00 340.81 180.00 19.19 80.41,1.0000 1.0000 1.0000 1.0000 1.0000 1.0000 1.0000,0 0 0 0 0 0 0,0 0 0 0 0 0 0,(not a tile),,"n/a (not a tile: no curve choice found that clears touch, on this shape or elsewhere in its family; best clearance 3.5e-18 -- search, not proof)",,,,19.19,,1.0000,,,,4_2 4_2,p2,2222,L2
25548,7,49,1,4,IIIISSI,not tested,180.00 180.00 180.00 180.00 48.79 82.41 48.79,1.0000 1.0000 1.0000 1.0000 3.7949 3.7949 1.0000,0 0 0 0 4 4 0,0 0 0 0 0 1 0,"1,2,6",,no (tile),,,,48.79,,0.2635,,4,yes,4_2 4_2,p2,2222,L2
25548,7,49,1,6,IIIIISS,not tested,45.38 180.00 180.00 180.00 180.00 45.38 89.24,1.0000 1.0000 1.0000 1.0000 1.0000 3.5592 3.5592,0 0 0 0 0 5 5,0 0 0 0 0 0 1,"1,2,6",,no (tile),,,,45.38,,0.2810,,4,yes,4_2 4_2,p2,2222,L2
25550,7,1,0,6,SSSSSSS,not tested,298.70 -180.00 302.59 180.00 180.00 57.41 61.30,1.0000 1.0000 1.0000 1.0000 1.0000 1.0000 2.8816,0 0 0 0 0 0 6,0 0 1 1 1 0 0,(not a tile),,"n/a (not a tile: no curve choice found that clears touch, on this shape or elsewhere in its family; best clearance 2.3e-16 -- search, not proof)",,,,57.41,,0.3470,,,,4_2 4_2,pgg,22x,L2
25550,7,1,1,2,SSSSSSS,not tested,97.18 180.00 41.41 180.00 180.00 41.41 180.00,1.0000 1.0000 1.0000 1.0000 1.0000 1.0000 1.0000,0 0 0 0 0 0 0,0 0 0 0 0 1 1,"1,2,6",,no (tile),,,,41.41,,1.0000,,4,yes,4_2 4_2,pgg,22x,L2
25550,7,1,1,4,SSSSSSS,not needed (covering theorem),-490.73 636.60 -34.13 -344.86 704.86 -276.60 704.86,1.0000 1.0000 1.0000 1.0000 1.0000 1.0000 1.0000,0 0 0 0 0 0 0,0 1 1 0 1 0 1,,,YES,2,6,2,15.14,,1.0000,,4,yes,4_2 4_2,pgg,22x,L2
25550,7,3,0,1,SSSSSSS,not needed (covering theorem),1883.40 -2749.27 3975.14 -1523.40 3975.14 -3615.14 -1045.87,1.0000 1.0000 1.0000 1.0000 1.0000 1.0000 1.0000,0 0 0 0 0 0 0,0 1 0 1 0 1 1,,,YES,2,6,2,15.14,,1.0000,,4,yes,4_2 4_2,pgg,22x,L2
25550,7,3,0,3,SSSSSSS,not tested,180.00 97.18 180.00 41.41 180.00 180.00 41.41,1.0000 1.0000 1.0000 1.0000 1.0000 1.0000 1.0000,0 0 0 0 0 0 0,0 1 1 0 0 0 0,"1,2,6",,no (tile),,,,41.41,,1.0000,,4,yes,4_2 4_2,pgg,22x,L2
25550,7,8,1,3,SSSSSSS,not needed (covering theorem),276.60 15.14 344.86 34.13 83.40 130.73 15.14,1.0000 1.0000 1.0000 1.0000 1.0000 1.0000 1.0000,0 0 0 0 0 0 0,0 1 0 0 1 0 1,,,YES,2,6,2,15.14,,1.0000,,4,yes,4_2 4_2,pgg,22x,L2
25550,7,8,1,5,SSSSSSS,not tested,41.41 180.00 180.00 41.41 180.00 97.18 180.00,1.0000 1.0000 1.0000 1.0000 1.0000 1.0000 1.0000,0 0 0 0 0 0 0,0 0 0 0 0 1 1,"1,2,6",,no (tile),,,,41.41,,1.0000,,4,yes,4_2 4_2,pgg,22x,L2
25550,7,9,0,2,SSSSSSS,not tested,41.41 180.00 180.00 41.41 180.00 97.18 180.00,1.0000 1.0000 1.0000 1.0000 1.0000 1.0000 1.0000,0 0 0 0 0 0 0,0 0 0 1 1 0 0,"1,2,6",,no (tile),,,,41.41,,1.0000,,4,yes,4_2 4_2,pgg,22x,L2
25550,7,9,0,4,SSSSSSS,not needed (covering theorem),3205.87 2175.14 -1815.14 -4236.60 -1815.14 -1210.73 4596.60,1.0000 1.0000 1.0000 1.0000 1.0000 1.0000 1.0000,0 0 0 0 0 0 0,0 1 0 1 0 1 0,,,YES,2,6,2,15.14,,1.0000,,4,yes,4_2 4_2,pgg,22x,L2
25550,7,9,0,6,USUUUSS,not tested,-0.00 312.90 47.10 180.00 180.00 47.10 132.90,1.0000 1.7456 1.0000 1.0000 1.0000 1.7456 1.6236,0 1 0 0 0 1 6,0 0 2 0 2 1 0,"1,6",,no (tile),,,,0.00,,0.5729,,4,yes,4_2 4_2,pgg,22x,L2
25552,7,1,1,2,SUSUUSU,not needed (covering theorem),311.95 144.14 -408.05 311.95 276.09 48.05 215.86,1.0000 0.2946 1.0000 0.2946 0.2946 1.0000 0.2946,0 1 0 1 1 0 1,0 0 1 2 0 1 2,,,YES,2,2,2,48.05,,0.2946,,4,yes,4_3 4_3,pgg,22x,hand
25552,7,1,1,4,SSSUSSU,not tested,114.15 48.30 180.00 245.85 17.56 180.00 114.15,1.0000 1.0000 1.0000 2.0302 1.0000 1.0000 2.0302,0 0 0 3 0 0 3,0 0 0 0 1 1 2,"2,6",,no (tile),,,,17.56,,0.4926,,4,yes,4_3 4_3,pgg,22x,hand
25552,7,1,1,5,SUUSUSU,not needed (covering theorem),48.05 48.05 83.91 311.95 144.14 48.05 215.86,1.0000 0.2946 0.2946 1.0000 0.2946 1.0000 0.2946,0 1 1 0 1 0 1,0 0 2 0 0 1 2,,,YES,2,2,2,48.05,,0.2946,,4,yes,4_3 4_3,pgg,22x,hand
25552,7,4,1,3,SSSSSSS,not tested,19.19 180.00 180.00 80.41 80.41 180.00 180.00,1.0000 1.0000 1.0000 1.0000 1.0000 1.0000 1.0000,0 0 0 0 0 0 0,0 0 0 1 1 1 1,"1,2,6",,no (tile),,,,19.19,,1.0000,,4,yes,4_3 4_3,pgg,22x,hand
25552,7,4,1,4,SSSSSSS,not tested,80.41 80.41 180.00 180.00 19.19 180.00 180.00,1.0000 1.0000 1.0000 1.0000 1.0000 1.0000 1.0000,0 0 0 0 0 0 0,0 0 0 0 1 1 1,"1,2,6",,no (tile),,,,19.19,,1.0000,,4,yes,4_3 4_3,pgg,22x,hand
25552,7,7,1,3,SSSSSSS,not tested,80.41 80.41 180.00 180.00 19.19 180.00 180.00,1.0000 1.0000 1.0000 1.0000 1.0000 1.0000 1.0000,0 0 0 0 0 0 0,0 1 1 1 0 0 0,"1,2,6",,no (tile),,,,19.19,,1.0000,,4,yes,4_3 4_3,pgg,22x,hand
25552,7,7,1,4,SSSSSSS,not tested,180.00 19.19 180.00 180.00 80.41 80.41 180.00,1.0000 1.0000 1.0000 1.0000 1.0000 1.0000 1.0000,0 0 0 0 0 0 0,0 1 1 1 1 0 0,"1,2,6",,no (tile),,,,19.19,,1.0000,,4,yes,4_3 4_3,pgg,22x,hand
25552,7,8,1,4,SUSSSUS,not tested,180.00 2.96 240.99 180.00 58.02 119.01 119.01,1.0000 1.1528 1.0000 1.0000 1.0000 1.1528 1.0000,0 1 0 0 0 1 0,0 0 1 1 1 2 0,"2,6",,no (tile),,,,2.96,,0.8675,,4,yes,4_3 4_3,pgg,22x,hand
25552,7,8,1,5,SUSUUSU,not needed (covering theorem),206.45 51.18 153.55 308.82 77.63 51.18 51.18,1.0000 0.2280 1.0000 0.2280 0.2280 1.0000 0.2280,0 1 0 1 1 0 1,0 0 1 2 0 1 2,,,YES,2,2,2,51.18,,0.2280,,4,yes,4_3 4_3,pgg,22x,hand
25552,7,11,1,2,IIIIIII,not tested,97.18 180.00 41.41 180.00 180.00 41.41 180.00,1.0000 1.0000 1.0000 1.0000 1.0000 1.0000 1.0000,0 0 0 0 0 0 0,0 0 0 0 0 0 0,"1,2,6",,no (tile),,,,41.41,,1.0000,,4,yes,4_3 4_3,pgg,22x,hand
25552,7,11,1,5,IIIIIII,not tested,41.41 180.00 180.00 41.41 180.00 97.18 180.00,1.0000 1.0000 1.0000 1.0000 1.0000 1.0000 1.0000,0 0 0 0 0 0 0,0 0 0 0 0 0 0,"1,2,6",,no (tile),,,,41.41,,1.0000,,4,yes,4_3 4_3,pgg,22x,hand
25552,7,14,1,2,IIIIIII,not tested,180.00 180.00 41.41 180.00 97.18 180.00 41.41,1.0000 1.0000 1.0000 1.0000 1.0000 1.0000 1.0000,0 0 0 0 0 0 0,0 0 0 0 0 0 0,"1,2,6",,no (tile),,,,41.41,,1.0000,,4,yes,4_3 4_3,pgg,22x,hand
25552,7,14,1,5,IIIIIII,not tested,41.41 180.00 97.18 180.00 41.41 180.00 180.00,1.0000 1.0000 1.0000 1.0000 1.0000 1.0000 1.0000,0 0 0 0 0 0 0,0 0 0 0 0 0 0,"1,2,6",,no (tile),,,,41.41,,1.0000,,4,yes,4_3 4_3,pgg,22x,hand
25567,7,1,0,3,JJJSJJJ,not tested,120.00 120.00 240.00 10.89 49.11 120.00 240.00,1.0000 1.0000 1.0000 4.5826 1.0000 1.0000 1.0000,0 0 0 3 0 0 0,0 3 0 0 3 0 3,8,,no (tile),,,,10.89,,0.2182,,3 5,yes,3_1 5_1,p3,333,L2
25567,7,1,1,4,JJJIJJJ,not tested,120.00 240.00 120.00 49.11 10.89 240.00 120.00,1.0000 1.0000 1.0000 4.5826 1.0000 1.0000 1.0000,0 0 0 3 0 0 0,0 3 0 0 3 0 3,8,,no (tile),,,,10.89,,0.2182,,3 5,yes,3_1 5_1,p3,333,L2
25567,7,2,0,3,JJJSJJJ,not tested,120.00 240.00 120.00 49.11 10.89 240.00 120.00,1.0000 1.0000 1.0000 4.5826 1.0000 1.0000 1.0000,0 0 0 3 0 0 0,0 3 0 0 3 0 3,8,,no (tile),,,,10.89,,0.2182,,3 5,yes,3_1 5_1,p3,333,L2
25567,7,2,1,4,JJJIJJJ,not tested,120.00 120.00 240.00 10.89 49.11 120.00 240.00,1.0000 1.0000 1.0000 4.5826 1.0000 1.0000 1.0000,0 0 0 3 0 0 0,0 3 0 0 3 0 3,8,,no (tile),,,,10.89,,0.2182,,3 5,yes,3_1 5_1,p3,333,L2
25569,7,0,1,6,JIIIIIJ,not tested,90.00 11.31 270.00 90.00 270.00 90.00 78.69,1.0000 0.3922 0.3922 0.3922 0.3922 0.3922 1.0000,0 1 1 1 1 1 0,0 0 0 0 0 0 3,9,,no (tile),,,,11.31,,0.3922,,3 4 6,yes,4_2 4_2,p4,442,L2
25569,7,3,1,6,JIIIIIJ,not tested,90.00 78.69 90.00 270.00 90.00 270.00 11.31,1.0000 0.3922 0.3922 0.3922 0.3922 0.3922 1.0000,0 1 1 1 1 1 0,0 0 0 0 0 0 3,9,,no (tile),,,,11.31,,0.3922,,3 4 6,yes,4_2 4_2,p4,442,L2
25593,7,0,1,6,JJIIIII,not tested,42.98 94.03 42.98 180.00 180.00 180.00 180.00,1.0000 1.0000 0.2926 0.2926 0.2926 0.2926 0.2926,0 0 2 2 2 2 2,0 2 0 0 0 0 0,"2,6",,no (tile),,,,42.98,,0.2926,,4,yes,4_2 4_2,pg,1xx,hand
25593,7,1,0,1,SSSSSSS,not tested,77.14 77.14 128.57 282.86 25.71 77.14 231.43,1.0000 1.0000 1.0000 1.0000 1.0000 1.0000 1.0000,0 0 0 0 0 0 0,0 1 0 1 1 0 1,"2,6",,no (tile),,,,25.71,,1.0000,,4,yes,4_2 4_2,pg,1xx,hand
25593,7,1,1,4,IIIIIII,not tested,80.41 80.41 180.00 180.00 19.19 180.00 180.00,1.0000 1.0000 1.0000 1.0000 1.0000 1.0000 1.0000,0 0 0 0 0 0 0,0 0 0 0 0 0 0,"1,2,6",,no (tile),,,,19.19,,1.0000,,4,yes,4_2 4_2,pg,1xx,hand
25593,7,1,1,5,JJIIIII,not tested,42.98 94.03 42.98 180.00 180.00 180.00 180.00,1.0000 1.0000 0.2926 0.2926 0.2926 0.2926 0.2926,0 0 2 2 2 2 2,0 2 0 0 0 0 0,"2,6",,no (tile),,,,42.98,,0.2926,,4,yes,4_2 4_2,pg,1xx,hand
25593,7,1,1,6,IIIIIII,not tested,180.00 80.41 80.41 180.00 19.19 340.81 19.19,1.0000 1.0000 1.0000 1.0000 1.0000 1.0000 1.0000,0 0 0 0 0 0 0,0 0 0 0 0 0 0,"1,2,6",,no (tile),,,,19.19,,1.0000,,4,yes,4_2 4_2,pg,1xx,hand
25593,7,2,0,1,SSSSSSS,not tested,128.57 77.14 77.14 231.43 77.14 25.71 282.86,1.0000 1.0000 1.0000 1.0000 1.0000 1.0000 1.0000,0 0 0 0 0 0 0,0 1 0 1 0 0 1,"2,6",,no (tile),,,,25.71,,1.0000,,4,yes,4_2 4_2,pg,1xx,hand
25593,7,2,0,2,SSSSSSS,not tested,231.43 77.14 25.71 282.86 128.57 77.14 77.14,1.0000 1.0000 1.0000 1.0000 1.0000 1.0000 1.0000,0 0 0 0 0 0 0,0 1 1 0 1 0 1,"2,6",,no (tile),,,,25.71,,1.0000,,4,yes,4_2 4_2,pg,1xx,hand
25593,7,2,1,3,IIIIIII,not tested,80.41 80.41 180.00 19.19 340.81 19.19 180.00,1.0000 1.0000 1.0000 1.0000 1.0000 1.0000 1.0000,0 0 0 0 0 0 0,0 0 0 0 0 0 0,"1,2,6",,no (tile),,,,19.19,,1.0000,,4,yes,4_2 4_2,pg,1xx,hand
25593,7,2,1,4,JJIIIII,not tested,42.98 94.03 42.98 180.00 180.00 180.00 180.00,1.0000 1.0000 0.2926 0.2926 0.2926 0.2926 0.2926,0 0 2 2 2 2 2,0 2 0 0 0 0 0,"2,6",,no (tile),,,,42.98,,0.2926,,4,yes,4_2 4_2,pg,1xx,hand
25593,7,2,1,5,IIIIIII,not tested,180.00 80.41 80.41 180.00 180.00 19.19 180.00,1.0000 1.0000 1.0000 1.0000 1.0000 1.0000 1.0000,0 0 0 0 0 0 0,0 0 0 0 0 0 0,"1,2,6",,no (tile),,,,19.19,,1.0000,,4,yes,4_2 4_2,pg,1xx,hand
25593,7,3,1,3,JJIIIII,not tested,42.98 94.03 42.98 180.00 180.00 180.00 180.00,1.0000 1.0000 0.2926 0.2926 0.2926 0.2926 0.2926,0 0 2 2 2 2 2,0 2 0 0 0 0 0,"2,6",,no (tile),,,,42.98,,0.2926,,4,yes,4_2 4_2,pg,1xx,hand
25593,7,4,1,2,IIIIIII,not tested,262.82 180.00 -41.41 180.00 180.00 -41.41 180.00,1.0000 1.0000 1.0000 1.0000 1.0000 1.0000 1.0000,0 0 0 0 0 0 0,0 0 0 0 0 0 0,"1,2,6",,no (tile),,,,41.41,,1.0000,,4,yes,4_2 4_2,pg,1xx,hand
25593,7,5,1,2,IIIIIII,not tested,180.00 180.00 41.41 180.00 97.18 180.00 41.41,1.0000 1.0000 1.0000 1.0000 1.0000 1.0000 1.0000,0 0 0 0 0 0 0,0 0 0 0 0 0 0,"1,2,6",,no (tile),,,,41.41,,1.0000,,4,yes,4_2 4_2,pg,1xx,hand
25595,7,1,0,0,IIUIUII,not tested,-27.82 207.82 228.27 228.27 -20.44 131.73 152.18,1.0000 1.0000 0.2675 1.0000 0.2675 1.0000 1.0000,0 0 2 0 2 0 0,0 0 0 0 2 0 0,2,,no (tile),,,,20.44,,0.2675,,3 5,yes,4_2 4_2,pg,1xx,L2
25595,7,1,1,6,IIIIIII,not tested,246.72 217.76 -37.76 142.24 -28.96 388.96 -28.96,1.0000 1.0000 1.0000 1.0000 1.0000 1.0000 1.0000,0 0 0 0 0 0 0,0 0 0 0 0 0 0,"1,2,6",,no (tile),,,,28.96,,1.0000,,3 5,yes,4_2 4_2,pg,1xx,L2
25595,7,2,0,0,IIIIIII,not tested,37.76 142.24 113.28 28.96 331.04 28.96 217.76,1.0000 1.0000 1.0000 1.0000 1.0000 1.0000 1.0000,0 0 0 0 0 0 0,0 0 0 0 0 0 0,"1,2,6",,no (tile),,,,28.96,,1.0000,,3 5,yes,4_2 4_2,pg,1xx,L2
25595,7,2,1,5,IIIIUIU,not tested,127.84 154.77 25.23 205.23 232.16 26.93 127.84,1.0000 1.0000 1.0000 1.0000 0.6259 1.0000 0.6259,0 0 0 0 4 0 4,0 0 0 0 0 0 2,2,,no (tile),,,,25.23,,0.6259,,3 5,yes,4_2 4_2,pg,1xx,L2
25595,7,4,0,2,USUSUSU,not tested,120.00 129.13 50.87 230.87 9.13 230.87 129.13,1.0000 2.8065 1.0000 2.8065 1.0000 2.8065 1.0000,0 1 0 1 0 1 0,0 0 2 1 2 1 0,"1,2,6",,no (tile),,,,9.13,,0.3563,,3 5,yes,4_2 4_2,pg,1xx,L2
25595,7,5,1,5,SUSUUSU,not tested,345.52 134.48 -45.52 225.52 -120.00 225.52 134.48,1.0000 0.2675 1.0000 0.2675 0.2675 1.0000 0.2675,0 1 0 1 1 0 1,0 0 1 2 2 0 0,"1,2,6",,no (tile),,,,14.48,,0.2675,,3 5,yes,4_2 4_2,pg,1xx,L2
25641,7,1,1,3,IIIIIII,not tested,41.41 180.00 180.00 41.41 180.00 97.18 180.00,1.0000 1.0000 1.0000 1.0000 1.0000 1.0000 1.0000,0 0 0 0 0 0 0,0 0 0 0 0 0 0,"1,2,6",,no (tile),,,,41.41,,1.0000,,4,yes,4_2 4_2,pg,1xx,L2
25641,7,1,1,4,IIIIIII,not tested,180.00 41.41 262.82 41.41 180.00 97.18 97.18,1.0000 1.0000 1.0000 1.0000 1.0000 1.0000 1.0000,0 0 0 0 0 0 0,0 0 0 0 0 0 0,6,,no (tile),,,,41.41,,1.0000,,4,yes,4_2 4_2,pg,1xx,L2
25641,7,1,1,6,IIIIIII,not tested,180.00 41.41 180.00 97.18 180.00 41.41 180.00,1.0000 1.0000 1.0000 1.0000 1.0000 1.0000 1.0000,0 0 0 0 0 0 0,0 0 0 0 0 0 0,"1,2,6",,no (tile),,,,41.41,,1.0000,,4,yes,4_2 4_2,pg,1xx,L2
25641,7,2,1,5,IIIIIII,not tested,180.00 180.00 80.41 80.41 180.00 180.00 19.19,1.0000 1.0000 1.0000 1.0000 1.0000 1.0000 1.0000,0 0 0 0 0 0 0,0 0 0 0 0 0 0,"1,2,6",,no (tile),,,,19.19,,1.0000,,4,yes,4_2 4_2,pg,1xx,L2
25641,7,2,1,6,IIIIIII,not tested,80.41 180.00 180.00 19.19 180.00 180.00 80.41,1.0000 1.0000 1.0000 1.0000 1.0000 1.0000 1.0000,0 0 0 0 0 0 0,0 0 0 0 0 0 0,"1,2,6",,no (tile),,,,19.19,,1.0000,,4,yes,4_2 4_2,pg,1xx,L2
25641,7,3,1,0,IIIIIII,not tested,97.18 180.00 41.41 180.00 180.00 41.41 180.00,1.0000 1.0000 1.0000 1.0000 1.0000 1.0000 1.0000,0 0 0 0 0 0 0,0 0 0 0 0 0 0,"1,2,6",,no (tile),,,,41.41,,1.0000,,4,yes,4_2 4_2,pg,1xx,L2
25641,7,3,1,4,IIIIIII,not tested,41.41 180.00 97.18 180.00 41.41 180.00 180.00,1.0000 1.0000 1.0000 1.0000 1.0000 1.0000 1.0000,0 0 0 0 0 0 0,0 0 0 0 0 0 0,"1,2,6",,no (tile),,,,41.41,,1.0000,,4,yes,4_2 4_2,pg,1xx,L2
25641,7,3,1,6,IIIIIII,not tested,97.18 180.00 41.41 262.82 41.41 180.00 97.18,1.0000 1.0000 1.0000 1.0000 1.0000 1.0000 1.0000,0 0 0 0 0 0 0,0 0 0 0 0 0 0,6,,no (tile),,,,41.41,,1.0000,,4,yes,4_2 4_2,pg,1xx,L2
25641,7,4,1,0,IIIIIII,not tested,19.19 180.00 180.00 80.41 80.41 180.00 180.00,1.0000 1.0000 1.0000 1.0000 1.0000 1.0000 1.0000,0 0 0 0 0 0 0,0 0 0 0 0 0 0,"1,2,6",,no (tile),,,,19.19,,1.0000,,4,yes,4_2 4_2,pg,1xx,L2
25641,7,4,1,6,IIIIIII,not tested,80.41 180.00 180.00 19.19 180.00 180.00 80.41,1.0000 1.0000 1.0000 1.0000 1.0000 1.0000 1.0000,0 0 0 0 0 0 0,0 0 0 0 0 0 0,"1,2,6",,no (tile),,,,19.19,,1.0000,,4,yes,4_2 4_2,pg,1xx,L2
25642,7,1,0,4,IIIUIIU,not tested,114.15 48.30 180.00 245.85 17.56 180.00 114.15,1.0000 1.0000 1.0000 2.0302 1.0000 1.0000 2.0302,0 0 0 3 0 0 3,0 0 0 0 0 0 2,"2,6",,no (tile),,,,17.56,,0.4926,,4,yes,4_4 4_4,pg,1xx,L2
25642,7,4,0,3,IIIIIII,not tested,19.19 180.00 180.00 80.41 80.41 180.00 180.00,1.0000 1.0000 1.0000 1.0000 1.0000 1.0000 1.0000,0 0 0 0 0 0 0,0 0 0 0 0 0 0,"1,2,6",,no (tile),,,,19.19,,1.0000,,4,yes,4_4 4_4,pg,1xx,L2
25642,7,4,0,4,IIIIIII,not tested,80.41 80.41 180.00 180.00 19.19 180.00 180.00,1.0000 1.0000 1.0000 1.0000 1.0000 1.0000 1.0000,0 0 0 0 0 0 0,0 0 0 0 0 0 0,"1,2,6",,no (tile),,,,19.19,,1.0000,,4,yes,4_4 4_4,pg,1xx,L2
25642,7,7,0,3,IIIIIII,not tested,80.41 80.41 180.00 180.00 19.19 180.00 180.00,1.0000 1.0000 1.0000 1.0000 1.0000 1.0000 1.0000,0 0 0 0 0 0 0,0 0 0 0 0 0 0,"1,2,6",,no (tile),,,,19.19,,1.0000,,4,yes,4_4 4_4,pg,1xx,L2
25642,7,7,0,4,IIIIIII,not tested,180.00 19.19 180.00 180.00 80.41 80.41 180.00,1.0000 1.0000 1.0000 1.0000 1.0000 1.0000 1.0000,0 0 0 0 0 0 0,0 0 0 0 0 0 0,"1,2,6",,no (tile),,,,19.19,,1.0000,,4,yes,4_4 4_4,pg,1xx,L2
25642,7,8,0,4,IUIIIUI,not tested,180.00 2.96 240.99 180.00 58.02 119.01 119.01,1.0000 1.1528 1.0000 1.0000 1.0000 1.1528 1.0000,0 1 0 0 0 1 0,0 0 0 0 0 2 0,"2,6",,no (tile),,,,2.96,,0.8675,,4,yes,4_4 4_4,pg,1xx,L2
25642,7,10,0,3,UIIIUII,not tested,11.93 243.98 180.00 52.05 116.02 116.02 180.00,1.0000 0.6011 0.6011 0.6011 1.0000 0.6011 0.6011,0 1 1 1 0 1 1,0 0 0 0 2 0 0,"2,6",,no (tile),,,,11.93,,0.6011,,4,yes,4_4 4_4,pg,1xx,L2
25642,7,11,0,2,IIIIIII,not tested,262.82 180.00 -41.41 180.00 180.00 -41.41 180.00,1.0000 1.0000 1.0000 1.0000 1.0000 1.0000 1.0000,0 0 0 0 0 0 0,0 0 0 0 0 0 0,"1,2,6",,no (tile),,,,41.41,,1.0000,,4,yes,4_4 4_4,pg,1xx,L2
25642,7,11,0,3,IIIIIII,not tested,262.82 262.82 180.00 -41.41 97.18 -41.41 180.00,1.0000 1.0000 1.0000 1.0000 1.0000 1.0000 1.0000,0 0 0 0 0 0 0,0 0 0 0 0 0 0,6,,no (tile),,,,41.41,,1.0000,,4,yes,4_4 4_4,pg,1xx,L2
25642,7,11,0,4,IIIIIII,not tested,41.41 262.82 41.41 180.00 97.18 97.18 180.00,1.0000 1.0000 1.0000 1.0000 1.0000 1.0000 1.0000,0 0 0 0 0 0 0,0 0 0 0 0 0 0,6,,no (tile),,,,41.41,,1.0000,,4,yes,4_4 4_4,pg,1xx,L2
25642,7,11,0,5,IIIIIII,not tested,41.41 180.00 180.00 41.41 180.00 97.18 180.00,1.0000 1.0000 1.0000 1.0000 1.0000 1.0000 1.0000,0 0 0 0 0 0 0,0 0 0 0 0 0 0,"1,2,6",,no (tile),,,,41.41,,1.0000,,4,yes,4_4 4_4,pg,1xx,L2
25642,7,14,0,2,IIIIIII,not tested,180.00 180.00 41.41 180.00 97.18 180.00 41.41,1.0000 1.0000 1.0000 1.0000 1.0000 1.0000 1.0000,0 0 0 0 0 0 0,0 0 0 0 0 0 0,"1,2,6",,no (tile),,,,41.41,,1.0000,,4,yes,4_4 4_4,pg,1xx,L2
25642,7,14,0,3,IIIIIII,not tested,41.41 262.82 41.41 180.00 97.18 97.18 180.00,1.0000 1.0000 1.0000 1.0000 1.0000 1.0000 1.0000,0 0 0 0 0 0 0,0 0 0 0 0 0 0,6,,no (tile),,,,41.41,,1.0000,,4,yes,4_4 4_4,pg,1xx,L2
25642,7,14,0,4,IIIIIII,not tested,180.00 262.82 262.82 180.00 -41.41 97.18 -41.41,1.0000 1.0000 1.0000 1.0000 1.0000 1.0000 1.0000,0 0 0 0 0 0 0,0 0 0 0 0 0 0,6,,no (tile),,,,41.41,,1.0000,,4,yes,4_4 4_4,pg,1xx,L2
25642,7,14,0,5,IIIIIII,not tested,41.41 180.00 97.18 180.00 41.41 180.00 180.00,1.0000 1.0000 1.0000 1.0000 1.0000 1.0000 1.0000,0 0 0 0 0 0 0,0 0 0 0 0 0 0,"1,2,6",,no (tile),,,,41.41,,1.0000,,4,yes,4_4 4_4,pg,1xx,L2
25642,7,15,0,4,IUIIUII,not tested,180.00 244.90 14.69 180.00 115.10 115.10 50.21,1.0000 1.8385 1.0000 1.0000 1.8385 1.0000 1.0000,0 1 0 0 1 0 0,0 0 0 0 2 0 0,"2,6",,no (tile),,,,14.69,,0.5439,,4,yes,4_4 4_4,pg,1xx,L2
25643,7,0,1,2,JJIIIII,not tested,42.98 94.03 42.98 180.00 180.00 180.00 180.00,1.0000 1.0000 0.2926 0.2926 0.2926 0.2926 0.2926,0 0 2 2 2 2 2,0 2 0 0 0 0 0,"2,6",,no (tile),,,,42.98,,0.2926,,4,yes,4_4 4_4,p1,o1,hand
25643,7,0,1,4,IJJIIII,not tested,180.00 43.01 93.98 43.01 180.00 180.00 180.00,1.0000 3.4189 3.4189 1.0000 1.0000 1.0000 1.0000,0 1 1 0 0 0 0,0 0 2 0 0 0 0,"2,6",,no (tile),,,,43.01,,0.2925,,4,yes,4_4 4_4,p1,o1,hand
25643,7,1,0,2,SSSSSSS,not tested,301.02 271.16 -271.16 271.16 180.00 88.84 58.98,1.0000 1.6091 1.0000 1.6091 1.6091 1.0000 5.6320,0 1 0 1 1 0 6,0 0 0 0 0 0 0,(not a tile),,"n/a (not a tile: no curve choice found that clears touch, on this shape or elsewhere in its family; best clearance 2.7e-16 -- search, not proof)",,,,58.98,,0.1776,,,,4_4 4_4,p1,o1,hand
25643,7,1,0,3,SSSSSSS,not needed (covering theorem),-1105.71 -437.14 848.57 -437.14 1722.86 -488.57 797.14,1.0000 1.0000 1.0000 1.0000 1.0000 1.0000 1.0000,0 0 0 0 0 0 0,0 0 0 0 0 0 0,,,YES,2,4,2,25.71,,1.0000,,4,yes,4_4 4_4,p1,o1,hand
25643,7,1,1,1,IJJJJJJ,not tested,74.53 74.53 180.00 180.00 30.95 180.00 180.00,1.0000 0.6247 0.6247 0.6247 0.6247 0.6247 0.6247,0 1 1 1 1 1 1,0 0 0 0 2 2 2,"2,6",,no (tile),,,,30.95,,0.6247,,4,yes,4_4 4_4,p1,o1,hand
25643,7,1,1,2,JJIIIII,not tested,42.98 94.03 42.98 180.00 180.00 180.00 180.00,1.0000 1.0000 0.2926 0.2926 0.2926 0.2926 0.2926,0 0 2 2 2 2 2,0 2 0 0 0 0 0,"2,6",,no (tile),,,,42.98,,0.2926,,4,yes,4_4 4_4,p1,o1,hand
25643,7,1,1,3,JIJJJJJ,not needed (covering theorem),540.00 291.99 -68.01 -180.00 -43.99 403.99 -43.99,1.0000 2.2470 1.0000 1.0000 1.0000 1.0000 1.0000,0 1 0 0 0 0 0,0 0 2 2 0 2 0,,,YES,2,4,2,43.99,,0.4450,,4,yes,4_4 4_4,p1,o1,hand
25643,7,2,0,4,SSSSSSS,not needed (covering theorem),231.43 77.14 25.71 282.86 128.57 77.14 77.14,1.0000 1.0000 1.0000 1.0000 1.0000 1.0000 1.0000,0 0 0 0 0 0 0,0 0 0 0 0 0 0,,,YES,2,4,2,25.71,,1.0000,,4,yes,4_4 4_4,p1,o1,hand
25643,7,2,1,1,IJJJJJJ,not needed (covering theorem),68.02 68.02 180.00 43.96 316.04 43.96 180.00,1.0000 0.4453 0.4453 0.4453 0.4453 0.4453 0.4453,0 1 1 1 1 1 1,0 0 0 2 0 2 2,,,YES,2,4,2,43.96,,0.4453,,4,yes,4_4 4_4,p1,o1,hand
25643,7,2,1,2,JJIIIII,not tested,42.98 94.03 42.98 180.00 180.00 180.00 180.00,1.0000 1.0000 0.2926 0.2926 0.2926 0.2926 0.2926,0 0 2 2 2 2 2,0 2 0 0 0 0 0,"2,6",,no (tile),,,,42.98,,0.2926,,4,yes,4_4 4_4,p1,o1,hand
25643,7,2,1,3,JIJJJJJ,not tested,180.00 52.89 52.89 180.00 180.00 74.22 180.00,1.0000 3.6200 1.0000 1.0000 1.0000 1.0000 1.0000,0 1 0 0 0 0 0,0 0 2 2 2 0 0,"2,6",,no (tile),,,,52.89,,0.2762,,4,yes,4_4 4_4,p1,o1,hand
25643,7,3,1,0,JIIIIIJ,not tested,86.82 46.59 180.00 180.00 180.00 180.00 46.59,1.0000 0.2749 0.2749 0.2749 0.2749 0.2749 1.0000,0 1 1 1 1 1 0,0 0 0 0 0 0 2,"2,6",,no (tile),,,,46.59,,0.2749,,4,yes,4_4 4_4,p1,o1,hand
25643,7,3,1,2,JJIIIII,not tested,42.98 94.03 42.98 180.00 180.00 180.00 180.00,1.0000 1.0000 0.2926 0.2926 0.2926 0.2926 0.2926,0 0 2 2 2 2 2,0 2 0 0 0 0 0,"2,6",,no (tile),,,,42.98,,0.2926,,4,yes,4_4 4_4,p1,o1,hand
25643,7,4,1,1,IJJJJJJ,not tested,74.53 74.53 180.00 180.00 30.95 180.00 180.00,1.0000 0.6247 0.6247 0.6247 0.6247 0.6247 0.6247,0 1 1 1 1 1 1,0 0 0 0 2 2 2,"2,6",,no (tile),,,,30.95,,0.6247,,4,yes,4_4 4_4,p1,o1,hand
25643,7,6,1,0,JIIIIIJ,not tested,86.82 46.59 180.00 180.00 180.00 180.00 46.59,1.0000 0.2749 0.2749 0.2749 0.2749 0.2749 1.0000,0 1 1 1 1 1 0,0 0 0 0 0 0 2,"2,6",,no (tile),,,,46.59,,0.2749,,4,yes,4_4 4_4,p1,o1,hand
25643,7,6,1,1,IJJJJJJ,not needed (covering theorem),68.02 68.02 180.00 43.96 316.04 43.96 180.00,1.0000 0.4453 0.4453 0.4453 0.4453 0.4453 0.4453,0 1 1 1 1 1 1,0 0 0 2 0 2 2,,,YES,2,4,2,43.96,,0.4453,,4,yes,4_4 4_4,p1,o1,hand
25643,7,6,1,6,JJJJJJI,not tested,83.65 180.00 180.00 12.71 180.00 180.00 83.65,1.0000 1.0000 1.0000 1.0000 1.0000 1.0000 0.6639,0 0 0 0 0 0 6,0 0 0 2 2 2 0,"2,6",,no (tile),,,,12.71,,0.6639,,4,yes,4_4 4_4,p1,o1,hand
25643,7,7,1,1,IJJJJJJ,not tested,74.53 74.53 180.00 180.00 30.95 180.00 180.00,1.0000 0.6247 0.6247 0.6247 0.6247 0.6247 0.6247,0 1 1 1 1 1 1,0 0 0 0 2 2 2,"2,6",,no (tile),,,,30.95,,0.6247,,4,yes,4_4 4_4,p1,o1,hand
25643,7,8,1,0,JIIIIIJ,not tested,86.82 46.59 180.00 180.00 180.00 180.00 46.59,1.0000 0.2749 0.2749 0.2749 0.2749 0.2749 1.0000,0 1 1 1 1 1 0,0 0 0 0 0 0 2,"2,6",,no (tile),,,,46.59,,0.2749,,4,yes,4_4 4_4,p1,o1,hand
25643,7,8,1,1,IJJJJJJ,not tested,74.53 74.53 180.00 180.00 30.95 180.00 180.00,1.0000 0.6247 0.6247 0.6247 0.6247 0.6247 0.6247,0 1 1 1 1 1 1,0 0 0 0 2 2 2,"2,6",,no (tile),,,,30.95,,0.6247,,4,yes,4_4 4_4,p1,o1,hand
25643,7,8,1,6,JJJJJJI,not needed (covering theorem),68.01 180.00 43.98 316.02 43.98 180.00 68.01,1.0000 1.0000 1.0000 1.0000 1.0000 1.0000 2.2467,0 0 0 0 0 0 6,0 0 2 0 2 2 0,,,YES,2,4,2,43.98,,0.4451,,4,yes,4_4 4_4,p1,o1,hand
25643,7,9,1,0,JIIIIIJ,not tested,86.82 46.59 180.00 180.00 180.00 180.00 46.59,1.0000 0.2749 0.2749 0.2749 0.2749 0.2749 1.0000,0 1 1 1 1 1 0,0 0 0 0 0 0 2,"2,6",,no (tile),,,,46.59,,0.2749,,4,yes,4_4 4_4,p1,o1,hand
25643,7,9,1,5,IIIIIJJ,not tested,47.05 180.00 180.00 180.00 180.00 47.05 85.89,1.0000 1.0000 1.0000 1.0000 1.0000 3.6694 3.6694,0 0 0 0 0 5 5,0 0 0 0 0 0 2,"2,6",,no (tile),,,,47.05,,0.2725,,4,yes,4_4 4_4,p1,o1,hand
25643,7,10,0,2,SSSSSSS,not tested,328.02 275.60 180.00 84.40 -84.40 84.40 31.98,1.0000 0.5911 0.5911 1.0000 0.5911 1.0000 3.3326,0 1 1 0 1 0 6,0 0 0 0 0 0 0,(not a tile),,"n/a (not a tile: no curve choice found that clears touch, on this shape or elsewhere in its family; best clearance 3.0e-16 -- search, not proof)",,,,31.98,,0.1774,,,,4_4 4_4,p1,o1,hand
25643,7,10,0,3,SSSSSSS,not tested,25.71 282.86 128.57 77.14 77.14 231.43 77.14,1.0000 1.0000 1.0000 1.0000 1.0000 1.0000 1.0000,0 0 0 0 0 0 0,0 0 0 0 0 0 0,,closing m-gon self-intersects (not a simple polygon) — not p,n/a (tile degenerate at high precision),,,,25.71,,1.0000,,4,yes,4_4 4_4,p1,o1,hand
25643,7,10,1,5,JJIJJJJ,not needed (covering theorem),316.00 180.00 -68.00 -68.00 180.00 316.00 44.00,1.0000 1.0000 2.2476 1.0000 1.0000 1.0000 1.0000,0 0 2 0 0 0 0,0 0 0 2 2 0 2,,,YES,2,4,2,44.00,,0.4449,,4,yes,4_4 4_4,p1,o1,hand
25643,7,10,1,6,IIJJIII,not tested,180.00 180.00 43.01 93.98 43.01 180.00 180.00,1.0000 1.0000 3.4189 3.4189 1.0000 1.0000 1.0000,0 0 2 2 0 0 0,0 0 0 2 0 0 0,"2,6",,no (tile),,,,43.01,,0.2925,,4,yes,4_4 4_4,p1,o1,hand
25643,7,12,1,5,JJIJJJJ,not tested,180.00 180.00 82.35 82.35 180.00 180.00 15.30,1.0000 1.0000 0.7988 1.0000 1.0000 1.0000 1.0000,0 0 2 0 0 0 0,0 0 0 2 2 2 0,"2,6",,no (tile),,,,15.30,,0.7988,,4,yes,4_4 4_4,p1,o1,hand
25643,7,12,1,6,JJJJJJI,not tested,83.65 180.00 180.00 12.71 180.00 180.00 83.65,1.0000 1.0000 1.0000 1.0000 1.0000 1.0000 0.6639,0 0 0 0 0 0 6,0 0 0 2 2 2 0,"2,6",,no (tile),,,,12.71,,0.6639,,4,yes,4_4 4_4,p1,o1,hand
25643,7,15,0,3,SSSSSSS,not needed (covering theorem),591.43 77.14 437.14 -231.43 282.86 -334.29 77.14,1.0000 1.0000 1.0000 1.0000 1.0000 1.0000 1.0000,0 0 0 0 0 0 0,0 0 0 0 0 0 0,,,YES,2,"1,4",2,25.71,,1.0000,,4,yes,4_4 4_4,p1,o1,hand
25643,7,15,0,4,SSSSSSS,not needed (covering theorem),128.57 282.86 25.71 77.14 231.43 77.14 77.14,1.0000 1.0000 1.0000 1.0000 1.0000 1.0000 1.0000,0 0 0 0 0 0 0,0 0 0 0 0 0 0,,,YES,2,"1,4",2,25.71,,1.0000,,4,yes,4_4 4_4,p1,o1,hand
25643,7,15,1,4,JJJJJIJ,not tested,180.00 180.00 37.20 180.00 180.00 71.40 71.40,1.0000 1.0000 1.0000 1.0000 1.0000 1.9140 1.0000,0 0 0 0 0 5 0,0 0 2 2 2 0 0,"2,6",,no (tile),,,,37.20,,0.5225,,4,yes,4_4 4_4,p1,o1,hand
25643,7,15,1,5,IIIIIJJ,not tested,47.05 180.00 180.00 180.00 180.00 47.05 85.89,1.0000 1.0000 1.0000 1.0000 1.0000 3.6694 3.6694,0 0 0 0 0 5 5,0 0 0 0 0 0 2,"2,6",,no (tile),,,,47.05,,0.2725,,4,yes,4_4 4_4,p1,o1,hand
25643,7,15,1,6,JJJJJJI,not needed (covering theorem),68.01 180.00 43.98 316.02 43.98 180.00 68.01,1.0000 1.0000 1.0000 1.0000 1.0000 1.0000 2.2467,0 0 0 0 0 0 6,0 0 2 0 2 2 0,,,YES,2,4,2,43.98,,0.4451,,4,yes,4_4 4_4,p1,o1,hand
25643,7,16,0,4,SSSSSSS,not needed (covering theorem),-1105.71 -437.14 848.57 -437.14 1722.86 -488.57 797.14,1.0000 1.0000 1.0000 1.0000 1.0000 1.0000 1.0000,0 0 0 0 0 0 0,0 0 0 0 0 0 0,,,YES,2,"1,4",2,25.71,,1.0000,,4,yes,4_4 4_4,p1,o1,hand
25643,7,16,1,1,IIIJJII,not tested,180.00 180.00 180.00 43.01 93.98 43.01 180.00,1.0000 1.0000 1.0000 3.4189 3.4189 1.0000 1.0000,0 0 0 3 3 0 0,0 0 0 0 2 0 0,"2,6",,no (tile),,,,43.01,,0.2925,,4,yes,4_4 4_4,p1,o1,hand
25643,7,16,1,2,JJJJIJJ,not needed (covering theorem),43.99 316.01 43.99 180.00 68.01 68.01 180.00,1.0000 1.0000 1.0000 1.0000 2.2470 1.0000 1.0000,0 0 0 0 4 0 0,0 2 0 0 0 2 2,,,YES,2,4,2,43.99,,0.4450,,4,yes,4_4 4_4,p1,o1,hand
25643,7,17,1,6,JJJJJJI,not tested,83.65 180.00 180.00 12.71 180.00 180.00 83.65,1.0000 1.0000 1.0000 1.0000 1.0000 1.0000 0.6639,0 0 0 0 0 0 6,0 0 0 2 2 2 0,"2,6",,no (tile),,,,12.71,,0.6639,,4,yes,4_4 4_4,p1,o1,hand
25643,7,18,0,3,SSSSSSS,not needed (covering theorem),77.14 231.43 77.14 25.71 282.86 128.57 77.14,1.0000 1.0000 1.0000 1.0000 1.0000 1.0000 1.0000,0 0 0 0 0 0 0,0 0 0 0 0 0 0,,,YES,2,"1,4",2,25.71,,1.0000,,4,yes,4_4 4_4,p1,o1,hand
25643,7,18,0,4,SSSSSSS,not tested,25.71 282.86 128.57 77.14 77.14 231.43 77.14,1.0000 1.0000 1.0000 1.0000 1.0000 1.0000 1.0000,0 0 0 0 0 0 0,0 0 0 0 0 0 0,,closing m-gon self-intersects (not a simple polygon) — not p,n/a (tile degenerate at high precision),,,,25.71,,1.0000,,4,yes,4_4 4_4,p1,o1,hand
25643,7,18,1,4,JJJJJIJ,not needed (covering theorem),180.00 43.93 316.07 43.93 180.00 68.04 68.04,1.0000 1.0000 1.0000 1.0000 1.0000 2.2441 1.0000,0 0 0 0 0 5 0,0 2 0 2 2 0 0,,,YES,2,4,2,43.93,,0.4456,,4,yes,4_4 4_4,p1,o1,hand
25643,7,18,1,5,IIIIIJJ,not tested,47.05 180.00 180.00 180.00 180.00 47.05 85.89,1.0000 1.0000 1.0000 1.0000 1.0000 3.6694 3.6694,0 0 0 0 0 5 5,0 0 0 0 0 0 2,"2,6",,no (tile),,,,47.05,,0.2725,,4,yes,4_4 4_4,p1,o1,hand
25643,7,18,1,6,JJJJJJI,not tested,83.65 180.00 180.00 12.71 180.00 180.00 83.65,1.0000 1.0000 1.0000 1.0000 1.0000 1.0000 0.6639,0 0 0 0 0 0 6,0 0 0 2 2 2 0,"2,6",,no (tile),,,,12.71,,0.6639,,4,yes,4_4 4_4,p1,o1,hand
25643,7,19,1,3,IIIIJJI,not tested,180.00 180.00 180.00 180.00 43.01 93.98 43.01,1.0000 1.0000 1.0000 1.0000 3.4189 3.4189 1.0000,0 0 0 0 4 4 0,0 0 0 0 0 2 0,"2,6",,no (tile),,,,43.01,,0.2925,,4,yes,4_4 4_4,p1,o1,hand
25643,7,19,1,5,IIIIIJJ,not tested,47.05 180.00 180.00 180.00 180.00 47.05 85.89,1.0000 1.0000 1.0000 1.0000 1.0000 3.6694 3.6694,0 0 0 0 0 5 5,0 0 0 0 0 0 2,"2,6",,no (tile),,,,47.05,,0.2725,,4,yes,4_4 4_4,p1,o1,hand
25644,7,0,1,4,ISSIIII,not tested,180.00 59.88 60.12 60.00 180.00 180.00 180.00,1.0000 4.9939 4.9879 1.0000 1.0000 1.0000 1.0000,0 1 2 0 0 0 0,0 0 0 0 0 0 0,1,,no (tile),,,,59.88,,0.2002,,4,yes,4_4 4_4,pg,1xx,L2
25644,7,3,0,0,SIIIIIS,not tested,60.00 60.00 180.00 180.00 180.00 180.00 60.00,1.0000 0.2000 0.2000 0.2000 0.2000 0.2000 1.0001,0 1 1 1 1 1 6,0 0 0 0 0 0 0,1,,no (tile),,,,60.00,,0.2000,,4,yes,4_4 4_4,pg,1xx,L2
25644,7,5,1,3,IIIIIII,not tested,41.41 180.00 180.00 41.41 180.00 97.18 180.00,1.0000 1.0000 1.0000 1.0000 1.0000 1.0000 1.0000,0 0 0 0 0 0 0,0 0 0 0 0 0 0,"1,2,6",,no (tile),,,,41.41,,1.0000,,4,yes,4_4 4_4,pg,1xx,L2
25644,7,6,0,0,SIIIIIS,not tested,60.00 60.00 180.00 180.00 180.00 180.00 60.00,1.0000 0.2000 0.2000 0.2000 0.2000 0.2000 1.0001,0 1 1 1 1 1 6,0 0 0 0 0 0 0,1,,no (tile),,,,60.00,,0.2000,,4,yes,4_4 4_4,pg,1xx,L2
25644,7,6,0,1,IIIIIII,not tested,80.41 80.41 180.00 19.19 340.81 19.19 180.00,1.0000 1.0000 1.0000 1.0000 1.0000 1.0000 1.0000,0 0 0 0 0 0 0,0 0 0 0 0 0 0,"1,2,6",,no (tile),,,,19.19,,1.0000,,4,yes,4_4 4_4,pg,1xx,L2
25644,7,6,0,6,IIIIIII,not tested,80.41 180.00 180.00 19.19 180.00 180.00 80.41,1.0000 1.0000 1.0000 1.0000 1.0000 1.0000 1.0000,0 0 0 0 0 0 0,0 0 0 0 0 0 0,"1,2,6",,no (tile),,,,19.19,,1.0000,,4,yes,4_4 4_4,pg,1xx,L2
25644,7,8,0,0,SIIIIIS,not tested,60.00 60.00 180.00 180.00 180.00 180.00 60.00,1.0000 0.2000 0.2000 0.2000 0.2000 0.2000 1.0001,0 1 1 1 1 1 6,0 0 0 0 0 0 0,1,,no (tile),,,,60.00,,0.2000,,4,yes,4_4 4_4,pg,1xx,L2
25644,7,8,0,1,IIIIIII,not tested,80.41 80.41 180.00 180.00 19.19 180.00 180.00,1.0000 1.0000 1.0000 1.0000 1.0000 1.0000 1.0000,0 0 0 0 0 0 0,0 0 0 0 0 0 0,"1,2,6",,no (tile),,,,19.19,,1.0000,,4,yes,4_4 4_4,pg,1xx,L2
25644,7,8,0,6,IIIIIII,not tested,80.41 180.00 19.19 340.81 19.19 180.00 80.41,1.0000 1.0000 1.0000 1.0000 1.0000 1.0000 1.0000,0 0 0 0 0 0 0,0 0 0 0 0 0 0,"1,2,6",,no (tile),,,,19.19,,1.0000,,4,yes,4_4 4_4,pg,1xx,L2
25644,7,9,0,0,SIIIIIS,not tested,60.00 60.00 180.00 180.00 180.00 180.00 60.00,1.0000 0.2000 0.2000 0.2000 0.2000 0.2000 1.0001,0 1 1 1 1 1 6,0 0 0 0 0 0 0,1,,no (tile),,,,60.00,,0.2000,,4,yes,4_4 4_4,pg,1xx,L2
25644,7,10,0,2,JJJJJJS,not tested,320.15 259.69 180.00 100.31 -100.31 100.31 39.85,1.0000 1.0000 1.0000 1.0000 1.0000 1.0000 4.6066,0 0 0 0 0 0 6,0 2 1 3 1 3 0,(not a tile),,"n/a (not a tile: no curve choice found that clears touch, on this shape or elsewhere in its family; best clearance 2.0e-16 -- search, not proof)",,,,39.85,,0.2171,,,,4_4 4_4,pg,1xx,L2
25644,7,10,1,0,IIIIIII,not tested,19.19 180.00 180.00 80.41 80.41 180.00 180.00,1.0000 1.0000 1.0000 1.0000 1.0000 1.0000 1.0000,0 0 0 0 0 0 0,0 0 0 0 0 0 0,"1,2,6",,no (tile),,,,19.19,,1.0000,,4,yes,4_4 4_4,pg,1xx,L2
25644,7,10,1,5,IIIIIII,not tested,340.81 180.00 -80.41 -80.41 180.00 340.81 19.19,1.0000 1.0000 1.0000 1.0000 1.0000 1.0000 1.0000,0 0 0 0 0 0 0,0 0 0 0 0 0 0,"1,2,6",,no (tile),,,,19.19,,1.0000,,4,yes,4_4 4_4,pg,1xx,L2
25644,7,10,1,6,IISSIII,not tested,180.00 180.00 59.88 60.12 60.00 180.00 180.00,1.0000 1.0000 4.9939 4.9879 1.0000 1.0000 1.0000,0 0 2 3 0 0 0,0 0 0 0 0 0 0,1,,no (tile),,,,59.88,,0.2002,,4,yes,4_4 4_4,pg,1xx,L2
25644,7,11,0,3,IIIIIII,not tested,41.41 180.00 180.00 41.41 180.00 97.18 180.00,1.0000 1.0000 1.0000 1.0000 1.0000 1.0000 1.0000,0 0 0 0 0 0 0,0 0 0 0 0 0 0,"1,2,6",,no (tile),,,,41.41,,1.0000,,4,yes,4_4 4_4,pg,1xx,L2
25644,7,13,0,4,IIIIIII,not tested,41.41 180.00 97.18 180.00 41.41 180.00 180.00,1.0000 1.0000 1.0000 1.0000 1.0000 1.0000 1.0000,0 0 0 0 0 0 0,0 0 0 0 0 0 0,"1,2,6",,no (tile),,,,41.41,,1.0000,,4,yes,4_4 4_4,pg,1xx,L2
25644,7,13,1,4,UIUIIII,not tested,278.34 278.34 -115.01 81.66 16.68 180.00 180.00,1.0000 0.2675 1.0000 0.2675 0.2675 0.2675 0.2675,0 1 0 1 1 1 1,0 0 2 0 0 0 0,(not a tile),,"n/a (not a tile: no curve choice found that clears touch, on this shape or elsewhere in its family; best clearance 3.3e-10 -- search, not proof)",,,,16.68,,0.2675,,,,4_4 4_4,pg,1xx,L2
25644,7,14,1,4,IIIIIII,not tested,41.41 180.00 97.18 180.00 41.41 180.00 180.00,1.0000 1.0000 1.0000 1.0000 1.0000 1.0000 1.0000,0 0 0 0 0 0 0,0 0 0 0 0 0 0,"1,2,6",,no (tile),,,,41.41,,1.0000,,4,yes,4_4 4_4,pg,1xx,L2
25644,7,16,1,0,IIIIIII,not tested,19.19 180.00 180.00 80.41 80.41 180.00 180.00,1.0000 1.0000 1.0000 1.0000 1.0000 1.0000 1.0000,0 0 0 0 0 0 0,0 0 0 0 0 0 0,"1,2,6",,no (tile),,,,19.19,,1.0000,,4,yes,4_4 4_4,pg,1xx,L2
25644,7,16,1,1,IIISSII,not tested,180.00 180.00 180.00 59.88 60.12 60.00 180.00,1.0000 1.0000 1.0000 4.9939 4.9879 1.0000 1.0000,0 0 0 3 4 0 0,0 0 0 0 0 0 0,1,,no (tile),,,,59.88,,0.2002,,4,yes,4_4 4_4,pg,1xx,L2
25644,7,16,1,2,IIIIIII,not tested,19.19 340.81 19.19 180.00 80.41 80.41 180.00,1.0000 1.0000 1.0000 1.0000 1.0000 1.0000 1.0000,0 0 0 0 0 0 0,0 0 0 0 0 0 0,"1,2,6",,no (tile),,,,19.19,,1.0000,,4,yes,4_4 4_4,pg,1xx,L2
25644,7,19,1,3,IIIISSI,not tested,180.00 180.00 180.00 180.00 59.88 60.12 60.00,1.0000 1.0000 1.0000 1.0000 4.9939 4.9879 1.0000,0 0 0 0 4 5 0,0 0 0 0 0 0 0,1,,no (tile),,,,59.88,,0.2002,,4,yes,4_4 4_4,pg,1xx,L2
72633,7,6,0,1,IIIIIII,not tested,90.00 90.00 90.00 90.00 270.00 90.00 180.00,1.0000 0.7500 0.2500 0.2500 0.7500 0.2500 0.2500,0 1 2 2 1 2 2,0 0 0 0 0 0 0,,5,no (deep),,,,90.00,,0.2500,,3 4,yes,4_2 5_2,cmm,2*22,L3
72633,7,25,0,1,IIIIIII,not tested,90.00 90.00 180.00 90.00 270.00 90.00 90.00,1.0000 0.2500 0.2500 0.7500 0.2500 0.2500 0.7500,0 1 1 3 1 1 3,0 0 0 0 0 0 0,,9,no (deep),,,,90.00,,0.2500,,3 4,yes,4_2 5_2,cmm,2*22,L3
72675,7,14,1,5,IIIIIII,not tested,90.00 90.00 90.00 270.00 90.00 90.00 180.00,1.0000 0.5000 0.5000 0.5000 0.5000 0.5000 0.5000,0 1 1 1 1 5 1,0 0 0 0 0 0 0,"1,2",,no (tile),,,,90.00,,0.5000,,3 4,yes,4_2 5_2,cmm,2*22,L2
72675,7,24,1,1,IIIIIII,not tested,90.00 180.00 90.00 90.00 270.00 90.00 90.00,1.0000 1.0000 1.0000 1.0000 1.0000 1.0000 2.0000,0 1 0 0 0 0 6,0 0 0 0 0 0 0,"1,2",,no (tile),,,,90.00,,0.5000,,3 4,yes,4_2 5_2,cmm,2*22,L2
72684,7,10,1,3,IIIIIII,not tested,60.00 180.00 120.00 120.00 60.00 240.00 120.00,1.0000 1.0000 1.0000 1.0000 1.0000 1.0000 1.0000,0 1 1 3 1 1 1,0 0 0 0 0 0 0,"1,2,6",,no (tile),,,,60.00,,1.0000,,3 4,yes,4_2 5_2,pmg,22*,L2
72684,7,12,0,2,IIIIIII,not tested,60.00 180.00 120.00 120.00 60.00 240.00 120.00,1.0000 1.0000 1.0000 1.0000 1.0000 1.0000 1.0000,0 1 1 1 1 1 1,0 0 0 0 0 0 0,"1,2,6",,no (tile),,,,60.00,,1.0000,,3 4,yes,4_2 5_2,pmg,22*,L2
72684,7,12,1,1,IISISIS,not tested,439.30 180.00 -259.30 100.70 439.30 -79.30 79.30,1.0000 1.0000 0.7424 1.0000 0.7424 1.0000 0.7424,0 0 2 0 2 0 2,0 0 0 0 1 0 0,"1,2",,no (tile),,,,79.30,,0.7424,,3 4,yes,4_2 5_2,pmg,22*,L2
72684,7,13,0,0,IIIIIII,not tested,120.00 180.00 60.00 120.00 240.00 60.00 120.00,1.0000 1.0000 1.0000 1.0000 1.0000 1.0000 1.0000,0 1 0 0 0 0 0,0 0 0 0 0 0 0,"1,2,6",,no (tile),,,,60.00,,1.0000,,3 4,yes,4_2 5_2,pmg,22*,L2
72684,7,13,0,1,IISISIS,not tested,80.33 180.00 99.67 60.99 279.67 80.33 119.01,1.0000 1.0000 0.6718 1.0000 0.6718 1.0000 0.6718,0 0 2 0 2 0 2,0 0 0 0 0 0 0,"1,2",,no (tile),,,,60.99,,0.6718,,3 4,yes,4_2 5_2,pmg,22*,L2
72684,7,13,1,1,IISISIS,not tested,118.74 180.00 61.26 61.26 298.74 61.26 118.74,1.0000 1.0000 1.9233 1.0000 1.9233 1.0000 1.9233,0 0 2 0 2 0 2,0 0 0 0 1 0 0,"1,2",,no (tile),,,,61.26,,0.5199,,3 4,yes,4_2 5_2,pmg,22*,L2
72684,7,15,1,6,IIIIIII,not tested,120.00 180.00 60.00 120.00 240.00 60.00 120.00,1.0000 1.0000 1.0000 1.0000 1.0000 1.0000 1.0000,0 1 0 0 0 5 0,0 0 0 0 0 0 0,"1,2,6",,no (tile),,,,60.00,,1.0000,,3 4,yes,4_2 5_2,pmg,22*,L2
72685,7,0,1,3,IIIIIII,not tested,90.00 180.00 90.00 135.00 45.00 270.00 90.00,1.0000 1.0000 1.0000 1.4142 1.0000 1.0000 1.0000,0 0 0 3 0 0 0,0 0 0 0 0 0 0,"1,2,9",,no (tile),,,,45.00,,0.7071,,3 4,yes,4_2 5_2,cm,1*x,L2
72685,7,1,1,6,IIIIIII,not tested,90.00 180.00 90.00 90.00 270.00 45.00 135.00,1.0000 1.0000 1.0000 1.0000 1.0000 1.4142 1.0000,0 0 0 0 0 5 0,0 0 0 0 0 0 0,"1,2,9",,no (tile),,,,45.00,,0.7071,,3 4,yes,4_2 5_2,cm,1*x,L2
72686,7,1,1,0,IJJJJJJ,not needed (covering theorem),109.77 70.23 128.05 180.00 51.95 308.05 51.95,1.0000 0.3983 0.3983 0.3983 0.3983 0.3983 0.3983,0 1 1 1 1 1 1,0 0 2 1 3 1 3,,,YES,2,1,2,51.95,,0.3983,,3 4,yes,4_2 5_2,pmg,22*,L2
72686,7,5,1,0,IJJJJJJ,not needed (covering theorem),70.21 109.79 51.93 308.07 51.93 180.00 128.07,1.0000 0.3984 0.3984 0.3984 0.3984 0.3984 0.3984,0 1 1 1 1 1 1,0 0 2 0 2 1 3,,,YES,2,1,2,51.93,,0.3984,,3 4,yes,4_2 5_2,pmg,22*,L2
72686,7,10,0,6,IIJJIJJ,not tested,252.58 180.00 -72.58 203.75 252.58 107.42 -23.75,1.0000 0.2675 0.2675 0.2675 1.0000 0.2675 0.2675,0 1 2 2 0 2 2,0 0 0 3 0 0 3,1,,no (tile),,,,23.75,,0.2675,,3 4,yes,4_2 5_2,pmg,22*,L2
72686,7,10,1,3,IIJJIJJ,not tested,14.76 180.00 165.24 17.84 165.24 194.76 162.16,1.0000 0.2675 0.5035 0.5035 0.2675 0.5035 0.5035,0 1 2 2 1 2 2,0 0 0 1 0 2 3,"1,6",,no (tile),,,,14.76,,0.2675,,3 4,yes,4_2 5_2,pmg,22*,L2
72686,7,10,1,4,IIIIIII,not tested,60.00 180.00 120.00 120.00 60.00 240.00 120.00,1.0000 1.0000 1.0000 1.0000 1.0000 1.0000 1.0000,0 1 2 0 2 0 2,0 0 0 0 0 0 0,"1,2,6",,no (tile),,,,60.00,,1.0000,,3 4,yes,4_2 5_2,pmg,22*,L2
72686,7,13,0,6,IIJJIJJ,not tested,74.04 180.00 105.96 54.09 254.04 105.96 125.91,1.0000 0.5500 0.6529 0.6529 0.5500 0.6529 0.6529,0 1 2 2 1 2 2,0 0 0 3 0 0 3,1,,no (tile),,,,54.09,,0.5500,,3 4,yes,4_2 5_2,pmg,22*,L2
72686,7,13,1,2,IIIIIII,not tested,120.00 180.00 60.00 120.00 240.00 60.00 120.00,1.0000 1.0000 1.0000 1.0000 1.0000 1.0000 1.0000,0 1 2 1 2 1 2,0 0 0 0 0 0 0,"1,2,6",,no (tile),,,,60.00,,1.0000,,3 4,yes,4_2 5_2,pmg,22*,L2
72686,7,13,1,3,IIJJIJJ,not tested,64.50 180.00 115.50 45.50 295.50 64.50 134.50,1.0000 1.7722 1.5259 1.5259 1.0000 1.5259 1.5259,0 1 2 2 0 2 2,0 0 0 1 0 2 3,"1,6",,no (tile),,,,45.50,,0.5643,,3 4,yes,4_2 5_2,pmg,22*,L2
72688,7,0,0,6,IIIIIII,not tested,90.00 180.00 90.00 120.00 90.00 270.00 60.00,1.0000 1.0000 1.0007 0.7314 1.0000 1.0007 1.0007,0 0 2 3 0 2 2,0 0 0 0 0 0 0,,6,no (deep),,,,60.00,,0.7309,,3 4,yes,4_2 5_2,cm,1*x,L2
72688,7,1,1,6,IIIIIII,not tested,90.00 180.00 90.00 60.00 270.00 90.00 120.00,1.0000 1.0000 1.0007 1.0007 1.0000 0.7314 1.0007,0 0 2 2 0 5 2,0 0 0 0 0 0 0,,6,no (deep),,,,60.00,,0.7309,,3 4,yes,4_2 5_2,cm,1*x,L2
72703,7,15,0,5,IIIIIII,not tested,90.00 90.00 90.00 270.00 90.00 180.00 90.00,1.0000 0.3333 0.3333 1.0000 0.3333 0.3333 1.3333,0 1 1 0 1 1 6,0 0 0 0 0 0 0,,4,no (deep),,,,90.00,,0.2500,,3 4,yes,4_2 5_2,pmg,22*,L2
72703,7,23,0,4,IIIIIII,not tested,97.54 97.54 180.00 180.00 82.46 180.00 82.46,1.0000 1.0000 0.7116 1.0000 0.7116 1.0000 2.7116,0 0 2 0 2 0 6,0 0 0 0 0 0 0,1,,no (tile),,,,82.46,,0.2624,,3 4,yes,4_2 5_2,pmg,22*,L2
72703,7,38,0,5,IIIIIII,not tested,82.46 180.00 82.46 180.00 180.00 97.54 97.54,1.0000 0.7116 1.0000 0.7116 1.0000 1.0000 2.7116,0 1 0 1 0 0 6,0 0 0 0 0 0 0,1,,no (tile),,,,82.46,,0.2624,,3 4,yes,4_2 5_2,pmg,22*,L2
72703,7,41,0,4,IIIIIII,not tested,90.00 180.00 90.00 270.00 90.00 90.00 90.00,1.0000 1.0000 3.0000 1.0000 1.0000 3.0000 4.0000,0 0 2 0 0 2 6,0 0 0 0 0 0 0,,4,no (deep),,,,90.00,,0.2500,,3 4,yes,4_2 5_2,pmg,22*,L2
72755,7,1,0,2,IIIIIII,not tested,36.00 180.00 72.00 144.00 144.00 108.00 216.00,1.0000 0.4472 0.4472 0.4472 0.4472 0.4472 0.4472,0 1 1 1 1 1 1,0 0 0 0 0 0 0,6,,no (tile),,,,36.00,,0.4472,,3 6,yes,4_3 5_3,pmg,22*,L2
72755,7,2,1,0,IIIIIII,not tested,44.73 180.00 90.54 89.46 270.54 89.46 135.27,1.0000 3.0000 1.0000 1.0000 1.0000 1.0000 2.8418,0 1 0 0 0 0 6,0 0 0 0 0 0 0,1,,no (tile),,,,44.73,,0.3333,,3 6,yes,4_3 5_3,pmg,22*,L2
72755,7,2,1,2,IIIIIII,not tested,90.78 180.00 44.61 135.39 89.22 270.78 89.22,1.0000 0.3333 0.9492 0.3333 0.3333 0.3333 0.3333,0 1 2 1 1 1 1,0 0 0 0 0 0 0,1,,no (tile),,,,44.61,,0.3333,,3 6,yes,4_3 5_3,pmg,22*,L2
72755,7,4,0,0,IIIIIII,not tested,72.00 180.00 36.00 216.00 108.00 144.00 144.00,1.0000 2.2361 1.0000 1.0000 1.0000 1.0000 1.0000,0 1 0 0 0 0 0,0 0 0 0 0 0 0,6,,no (tile),,,,36.00,,0.4472,,3 6,yes,4_3 5_3,pmg,22*,L2
72758,7,12,0,0,IIIIIII,not tested,69.94 180.00 40.13 110.06 319.87 40.13 139.87,1.0000 1.3723 1.0000 1.0000 1.3723 1.0000 1.0000,0 1 0 0 1 0 0,0 0 0 0 0 0 0,"1,6",,no (tile),,,,40.13,,0.7287,,3 6,yes,4_3 5_3,pmg,22*,L2
72781,7,9,0,5,SSSSJSJ,not tested,80.52 180.00 180.00 180.00 99.48 80.52 99.48,1.0000 1.0000 1.0000 1.0000 1.9311 4.0000 1.9311,0 0 0 0 4 5 4,0 0 0 0 0 0 3,1,,no (tile),,,,80.52,,0.2500,,3 4,yes,4_1 5_1,p2,2222,L2
72781,7,9,1,6,SSSSJIJ,not tested,80.52 180.00 180.00 180.00 99.48 80.52 99.48,1.0000 1.0000 1.0000 1.0000 1.9311 4.0000 1.9311,0 0 0 0 4 5 4,0 0 0 0 0 0 3,1,,no (tile),,,,80.52,,0.2500,,3 4,yes,4_1 5_1,p2,2222,L2
72781,7,11,0,5,SSSSJSJ,not tested,80.52 180.00 180.00 180.00 99.48 80.52 99.48,1.0000 1.0000 1.0000 1.0000 1.9311 4.0000 1.9311,0 0 0 0 4 5 4,0 0 0 0 0 0 3,1,,no (tile),,,,80.52,,0.2500,,3 4,yes,4_1 5_1,p2,2222,L2
72781,7,11,1,6,SSSSJIJ,not tested,80.52 180.00 180.00 180.00 99.48 80.52 99.48,1.0000 1.0000 1.0000 1.0000 1.9311 4.0000 1.9311,0 0 0 0 4 5 4,0 0 0 0 0 0 3,1,,no (tile),,,,80.52,,0.2500,,3 4,yes,4_1 5_1,p2,2222,L2
72788,7,10,1,3,SSSISSS,not tested,60.00 180.00 120.00 120.00 60.00 240.00 120.00,1.0000 1.0000 1.0000 1.0000 1.0000 1.0000 1.0000,0 0 0 3 0 0 0,0 0 1 0 1 0 1,"1,2",,no (tile),,,,60.00,,1.0000,,3 4,yes,4_2 5_2,p2,2222,L2
72788,7,12,0,2,SSSSSSS,not tested,60.00 180.00 120.00 120.00 60.00 240.00 120.00,1.0000 1.0000 1.0000 1.0000 1.0000 1.0000 1.0000,0 0 0 0 0 0 0,0 0 0 0 0 0 0,1,,no (tile),,,,60.00,,1.0000,,3 4,yes,4_2 5_2,p2,2222,L2
72788,7,12,1,1,JJSJSJS,not tested,439.30 180.00 -259.30 100.70 439.30 -79.30 79.30,1.0000 1.0000 0.7424 1.0000 0.7424 1.0000 0.7424,0 0 2 0 2 0 2,0 3 0 1 1 2 0,1,,no (tile),,,,79.30,,0.7424,,3 4,yes,4_2 5_2,p2,2222,L2
72788,7,13,0,0,SSSSSSS,not tested,120.00 180.00 60.00 120.00 240.00 60.00 120.00,1.0000 1.0000 1.0000 1.0000 1.0000 1.0000 1.0000,0 0 0 0 0 0 0,0 0 0 0 0 0 0,1,,no (tile),,,,60.00,,1.0000,,3 4,yes,4_2 5_2,p2,2222,L2
72788,7,13,0,1,JJSJSJS,not tested,80.33 180.00 99.67 60.99 279.67 80.33 119.01,1.0000 1.0000 0.6718 1.0000 0.6718 1.0000 0.6718,0 0 2 0 2 0 2,0 3 0 3 0 0 0,1,,no (tile),,,,60.99,,0.6718,,3 4,yes,4_2 5_2,p2,2222,L2
72788,7,13,1,1,JJSJSJS,not tested,118.74 180.00 61.26 61.26 298.74 61.26 118.74,1.0000 1.0000 1.9233 1.0000 1.9233 1.0000 1.9233,0 0 2 0 2 0 2,0 3 0 1 1 2 0,1,,no (tile),,,,61.26,,0.5199,,3 4,yes,4_2 5_2,p2,2222,L2
72788,7,15,1,6,SSSSSIS,not tested,120.00 180.00 60.00 120.00 240.00 60.00 120.00,1.0000 1.0000 1.0000 1.0000 1.0000 1.0000 1.0000,0 0 0 0 0 5 0,0 0 1 0 1 0 1,"1,2",,no (tile),,,,60.00,,1.0000,,3 4,yes,4_2 5_2,p2,2222,L2
72789,7,0,1,3,JJJIJJJ,not needed (covering theorem),90.00 180.00 90.00 135.00 45.00 270.00 90.00,1.0000 1.0000 1.0000 1.4142 1.0000 1.0000 1.0000,0 0 0 3 0 0 0,0 3 0 0 1 2 3,,,YES,2,2,2,45.00,,0.7071,,3 4,yes,4_2 5_2,pgg,22x,L2
72789,7,1,1,6,JJJJJIJ,not needed (covering theorem),90.00 180.00 90.00 90.00 270.00 45.00 135.00,1.0000 1.0000 1.0000 1.0000 1.0000 1.4142 1.0000,0 0 0 0 0 5 0,0 3 0 1 2 0 3,,,YES,2,2,2,45.00,,0.7071,,3 4,yes,4_2 5_2,pgg,22x,L2
72790,7,1,1,0,SJJJJJJ,not needed (covering theorem),109.77 70.23 128.05 180.00 51.95 308.05 51.95,1.0000 0.3983 0.3983 0.3983 0.3983 0.3983 0.3983,0 1 1 1 1 1 1,0 0 2 1 3 1 3,,,YES,2,1,2,51.95,,0.3983,,3 4,yes,4_2 5_2,p2,2222,hand
72790,7,5,1,0,SJJJJJJ,not needed (covering theorem),70.21 109.79 51.93 308.07 51.93 180.00 128.07,1.0000 0.3984 0.3984 0.3984 0.3984 0.3984 0.3984,0 1 1 1 1 1 1,0 0 2 0 2 1 3,,,YES,2,1,2,51.93,,0.3984,,3 4,yes,4_2 5_2,p2,2222,hand
72790,7,10,0,6,SSJJSJJ,not tested,395.26 180.00 -215.26 52.03 395.26 -35.26 127.97,1.0000 1.0000 1.3657 1.3657 1.0000 1.3657 1.3657,0 0 2 2 0 2 2,0 0 0 3 0 0 3,1,,no (tile),,,,35.26,,0.7322,,3 4,yes,4_2 5_2,p2,2222,hand
72790,7,10,1,3,SSJJSJJ,not tested,-136.30 180.00 316.30 203.49 316.30 43.70 -23.49,1.0000 1.0000 1.2999 1.2999 1.0000 1.2999 1.2999,0 0 2 2 0 2 2,0 0 0 1 1 2 3,"1,6",,no (tile),,,,23.49,,0.7693,,3 4,yes,4_2 5_2,p2,2222,hand
72790,7,10,1,4,SSISISI,not tested,60.00 180.00 120.00 120.00 60.00 240.00 120.00,1.0000 1.0000 1.0000 1.0000 1.0000 1.0000 1.0000,0 0 2 0 2 0 2,0 0 0 1 0 0 0,"1,2,6",,no (tile),,,,60.00,,1.0000,,3 4,yes,4_2 5_2,p2,2222,hand
72790,7,13,0,6,SSJJSJJ,not tested,106.93 180.00 73.07 78.35 286.93 73.07 101.65,1.0000 1.0000 1.0238 1.0238 1.0000 1.0238 1.0238,0 0 2 2 0 2 2,0 0 0 3 0 0 3,1,,no (tile),,,,73.07,,0.9768,,3 4,yes,4_2 5_2,p2,2222,hand
72790,7,13,1,2,SSISISI,not tested,120.00 180.00 60.00 120.00 240.00 60.00 120.00,1.0000 1.0000 1.0000 1.0000 1.0000 1.0000 1.0000,0 0 2 0 2 0 2,0 0 0 0 0 1 0,"1,2,6",,no (tile),,,,60.00,,1.0000,,3 4,yes,4_2 5_2,p2,2222,hand
72790,7,13,1,3,SSJJSJJ,not tested,81.05 180.00 98.95 51.45 278.95 81.05 128.55,1.0000 1.0000 0.9473 0.9473 1.0000 0.9473 0.9473,0 0 2 2 0 2 2,0 0 0 1 1 2 3,"1,6",,no (tile),,,,51.45,,0.9473,,3 4,yes,4_2 5_2,p2,2222,hand
72792,7,0,0,6,IIIIIII,not tested,90.00 180.00 90.00 120.00 90.00 270.00 60.00,1.0000 1.0000 1.0007 0.7314 1.0000 1.0007 1.0007,0 0 2 3 0 2 2,0 0 0 0 0 0 0,,6,no (deep),,,,60.00,,0.7309,,3 4,yes,4_2 5_2,pgg,22x,L2
72792,7,1,1,6,IIIIIII,not tested,90.00 180.00 90.00 60.00 270.00 90.00 120.00,1.0000 1.0000 1.0007 1.0007 1.0000 0.7314 1.0007,0 0 2 2 0 5 2,0 0 0 0 0 0 0,,6,no (deep),,,,60.00,,0.7309,,3 4,yes,4_2 5_2,pgg,22x,L2
72814,7,1,0,0,SSJJSJJ,not needed (covering theorem),108.43 90.00 71.57 90.00 288.43 71.57 180.00,1.0000 1.0000 0.3162 0.3162 1.0000 0.3162 0.3162,0 0 2 2 0 2 2,0 0 0 3 0 0 3,,,YES,2,1,2,71.57,,0.3162,,3 4,yes,4_3 5_3,p2,2222,L2
72872,7,0,0,0,JJJJSJJ,not tested,90.00 270.00 180.00 90.00 71.57 108.43 90.00,1.0000 1.0000 1.0000 1.0000 3.1623 1.0000 1.0000,0 0 0 0 4 0 0,0 3 0 3 0 0 3,9,,no (tile),,,,71.57,,0.3162,,3 4,yes,3_2 6_2,p4,442,L2
72872,7,0,1,2,JJJJIJJ,not needed (covering theorem),2916.87 270.00 180.00 90.00 -1368.43 -1278.43 90.00,1.0000 1.0000 1.0000 1.0000 1.8974 1.0000 1.0000,0 0 0 0 4 0 0,0 3 0 3 0 2 1,,,YES,2,9,2,36.87,,0.5270,,3 4,yes,3_2 6_2,p4,442,L2
72872,7,1,0,6,JJJJJJS,not tested,71.57 90.00 180.00 270.00 90.00 90.00 108.43,1.0000 1.0000 1.0000 1.0000 1.0000 1.0000 3.1623,0 0 0 0 0 0 6,0 3 0 3 0 3 0,9,,no (tile),,,,71.57,,0.3162,,3 4,yes,3_2 6_2,p4,442,L2
72872,7,1,1,0,JJJJJJI,not needed (covering theorem),71.57 90.00 180.00 270.00 36.87 90.00 161.57,1.0000 1.0000 1.0000 1.0000 1.0000 1.0000 1.8974,0 0 0 0 0 0 6,0 3 0 3 2 1 0,,,YES,2,9,2,36.87,,0.5270,,3 4,yes,3_2 6_2,p4,442,L2
72893,7,0,0,0,IIIIIII,not tested,66.26 270.00 180.00 90.00 113.74 90.00 90.00,1.0000 9.4031 9.4031 1.0000 17.4089 9.4031 1.0000,0 1 1 0 4 1 0,0 0 0 0 0 0 0,1,,no (tile),,,,66.26,,0.0574,,3 4,yes,3_2 6_2,pgg,22x,L2
72893,7,1,1,0,IIIIIII,not tested,70.38 90.00 180.00 270.00 109.62 90.00 90.00,1.0000 1.1270 1.1270 1.0000 1.0000 1.1270 3.7947,0 1 1 0 0 1 6,0 0 0 0 0 0 0,1,,no (tile),,,,70.38,,0.2635,,3 4,yes,3_2 6_2,pgg,22x,L2
72924,7,2,0,6,JJJJJJS,not tested,18.43 180.00 270.00 90.00 90.00 180.00 71.57,1.0000 1.0000 1.0000 1.0000 1.0000 1.0000 3.1623,0 0 0 0 0 0 6,0 3 0 3 0 3 0,9,,no (tile),,,,18.43,,0.3162,,3 4 8,yes,4_3 5_3,p4,442,L3
72924,7,5,1,0,IIIIIII,not tested,45.00 180.00 270.00 180.00 90.00 90.00 45.00,1.0000 1.0000 1.0000 1.0000 1.0000 5.0000 4.2426,0 0 0 0 0 5 6,0 0 0 0 0 0 0,1,,no (tile),,,,45.00,,0.2000,,3 4 8,yes,4_3 5_3,p4,442,L3
72924,7,6,0,4,JJJJJSJ,not tested,180.00 90.00 180.00 270.00 90.00 45.00 45.00,1.0000 1.0000 1.0000 1.0000 1.0000 4.2426 1.0000,0 0 0 0 0 5 0,0 3 0 3 0 0 3,9,,no (tile),,,,45.00,,0.2357,,3 4 8,yes,4_3 5_3,p4,442,L3
72925,7,5,1,0,IIIIIII,not tested,60.00 180.00 240.00 180.00 120.00 90.00 30.00,1.0000 1.0000 1.0000 1.0000 1.0000 8.6603 8.0000,0 0 0 0 0 5 6,0 0 0 0 0 0 0,1,,no (tile),,,,30.00,,0.1155,,3 12,yes,4_3 5_3,p6,632,L3
72925,7,6,1,0,IIIIIII,not tested,90.00 240.00 180.00 120.00 180.00 60.00 30.00,1.0000 1.0000 1.0000 1.0000 1.0000 8.0000 5.1962,0 0 0 0 0 5 6,0 0 0 0 0 0 0,1,,no (tile),,,,30.00,,0.1250,,3 12,yes,4_3 5_3,p6,632,L3
72948,7,8,1,0,SSSSSSI,not tested,72.20 180.00 180.00 35.61 144.39 215.61 72.20,1.0000 1.0000 1.0000 1.0000 1.0000 1.0000 1.2230,0 0 0 0 0 0 6,0 0 0 1 0 1 0,1,,no (tile),,,,35.61,,0.8176,,3 6,yes,4_3 5_3,p2,2222,L2
72948,7,9,1,3,SSSISSS,not tested,26.44 180.00 180.00 76.78 76.78 206.44 153.56,1.0000 1.0000 1.0000 0.9147 1.0000 1.0000 1.0000,0 0 0 3 0 0 0,0 0 0 0 1 0 1,1,,no (tile),,,,26.44,,0.9147,,3 6,yes,4_3 5_3,p2,2222,L2
72952,7,6,1,0,UUUUUUI,not tested,60.00 120.00 180.00 240.00 60.00 180.00 60.00,1.0000 1.0000 1.0000 1.0000 1.0000 1.0000 4.0000,0 0 0 0 0 0 6,0 0 2 2 2 0 0,"1,2,6",,no (tile),,,,60.00,,0.2500,,3 6,yes,4_3 5_3,pgg,22x,L2
72952,7,6,1,4,UUUUIUU,not tested,60.00 240.00 180.00 120.00 60.00 60.00 180.00,1.0000 1.0000 1.0000 1.0000 4.0000 1.0000 1.0000,0 0 0 0 4 0 0,0 0 2 2 0 2 0,"1,2,6",,no (tile),,,,60.00,,0.2500,,3 6,yes,4_3 5_3,pgg,22x,L2
72962,7,1,0,3,SJJSSSS,not tested,180.00 78.69 90.00 101.31 180.00 90.00 180.00,1.0000 2.5495 2.5495 1.0000 1.0000 1.0000 1.0000,0 1 1 0 0 0 0,0 0 3 0 0 0 0,9,,no (tile),,,,78.69,,0.3922,,3 4,yes,4_3 5_3,p2,2222,hand
72962,7,1,1,1,SIISSSS,not tested,298.14 30.93 90.00 59.07 180.00 180.00 61.86,1.0000 2.5733 2.5701 1.0000 1.0000 1.0000 1.0000,0 1 2 0 0 0 0,0 0 0 0 0 0 1,1,,no (tile),,,,30.93,,0.3886,,3 4,yes,4_3 5_3,p2,2222,hand
72962,7,2,1,1,SIISSSS,not tested,65.17 147.42 90.00 57.42 180.00 180.00 180.00,1.0000 2.5278 2.6926 1.0000 1.0000 1.0000 1.0000,0 1 2 0 0 0 0,0 0 0 1 1 1 1,1,,no (tile),,,,57.42,,0.3714,,3 4,yes,4_3 5_3,p2,2222,hand
72962,7,3,0,0,SSSSSSS,not tested,60.00 240.00 60.00 180.00 60.00 180.00 120.00,1.0000 1.0000 1.0000 1.0000 1.0000 1.0000 1.0000,0 0 0 0 0 0 0,0 0 0 0 0 0 0,1,,no (tile),,,,60.00,,1.0000,,3 4,yes,4_3 5_3,p2,2222,hand
72962,7,3,0,1,SSSSSSS,not needed (covering theorem),-72.00 216.00 252.00 252.00 180.00 -36.00 108.00,1.0000 1.0000 1.0000 1.0000 1.0000 1.0000 1.0000,0 0 0 0 0 0 0,0 0 0 0 0 0 0,,,YES,2,1,2,36.00,,1.0000,,3 4,yes,4_3 5_3,p2,2222,hand
72962,7,5,1,0,SSSSSSI,not tested,107.80 144.39 35.61 324.39 35.61 180.00 72.20,1.0000 1.0000 1.0000 1.0000 1.0000 1.0000 1.2230,0 0 0 0 0 0 6,0 1 0 1 0 0 0,1,,no (tile),,,,35.61,,0.8176,,3 4,yes,4_3 5_3,p2,2222,hand
72962,7,7,0,6,SSSSSSS,not tested,54.63 180.00 180.00 70.40 109.60 180.00 125.37,1.0000 1.0000 1.0000 0.9958 1.0000 1.0000 1.1505,0 0 0 3 0 0 6,0 0 0 0 0 0 0,1,,no (tile),,,,54.63,,0.8655,,3 4,yes,4_3 5_3,p2,2222,hand
72962,7,7,1,0,SSSSSSI,not tested,72.20 215.61 144.39 35.61 180.00 180.00 72.20,1.0000 1.0000 1.0000 1.0000 1.0000 1.0000 1.2230,0 0 0 0 0 0 6,0 1 0 1 1 1 0,1,,no (tile),,,,35.61,,0.8176,,3 4,yes,4_3 5_3,p2,2222,hand
72962,7,7,1,4,SSSJSSJ,not tested,60.45 180.00 180.00 60.45 119.55 180.00 119.55,1.0000 1.0000 1.0000 1.0139 1.0000 1.0000 1.0139,0 0 0 3 0 0 3,0 0 0 0 1 1 2,6,,no (tile),,,,60.45,,0.9863,,3 4,yes,4_3 5_3,p2,2222,hand
72962,7,10,1,2,SSIISSS,not tested,30.76 180.00 164.62 90.00 74.62 180.00 180.00,1.0000 1.0000 0.9642 1.3262 1.0000 1.0000 1.0000,0 0 2 3 0 0 0,0 0 0 0 1 1 1,1,,no (tile),,,,30.76,,0.7270,,3 4,yes,4_3 5_3,p2,2222,hand
72962,7,14,0,5,SSSJJSS,not tested,180.00 180.00 180.00 59.04 90.00 120.96 90.00,1.0000 1.0000 1.0000 2.9155 2.9155 1.0000 1.0000,0 0 0 3 3 0 0,0 0 0 0 3 0 0,9,,no (tile),,,,59.04,,0.3430,,3 4,yes,4_3 5_3,p2,2222,hand
72962,7,14,0,6,SSSSSSS,not tested,57.41 180.00 180.00 180.00 57.41 122.59 122.59,1.0000 1.0000 1.0000 1.0000 2.7852 1.0000 2.7852,0 0 0 0 4 0 6,0 0 0 0 0 0 0,1,,no (tile),,,,57.41,,0.3590,,3 4,yes,4_3 5_3,p2,2222,hand
72962,7,14,1,3,ISIIISI,not tested,180.00 312.22 47.78 90.00 90.00 132.22 47.78,1.0000 1.0273 1.0000 1.5217 1.6194 1.0273 1.0000,0 1 0 3 4 1 0,0 0 0 0 0 0 0,1,,no (tile),,,,47.78,,0.6175,,3 4,yes,4_3 5_3,p2,2222,hand
72962,7,14,1,5,SSSSJSJ,not tested,42.43 180.00 180.00 180.00 42.43 137.57 137.57,1.0000 1.0000 1.0000 1.0000 2.0323 1.0000 2.0323,0 0 0 0 4 0 4,0 0 0 0 0 1 2,6,,no (tile),,,,42.43,,0.4920,,3 4,yes,4_3 5_3,p2,2222,hand
72980,7,3,0,2,JJUJSJU,not tested,125.24 180.00 54.76 234.76 70.48 109.52 125.24,1.0000 1.0000 1.8992 1.0000 2.0000 1.0000 1.8992,0 0 2 0 4 0 2,0 3 0 2 0 1 2,"1,6",,no (tile),,,,54.76,,0.5000,,3 4,yes,4_3 5_3,pgg,22x,hand
72980,7,6,0,4,UJJUJSJ,not tested,94.20 94.20 180.00 265.80 85.80 26.15 153.85,1.0000 3.0415 3.0415 1.0000 3.0415 6.5409 3.0415,0 1 1 0 1 5 1,0 0 3 2 2 0 1,"1,6",,no (tile),,,,26.15,,0.1529,,3 4,yes,4_3 5_3,pgg,22x,hand
72980,7,6,1,0,UIIUIII,not tested,47.19 227.19 180.00 132.81 132.81 90.00 90.00,1.0000 0.8183 0.8183 1.0000 0.8183 3.0990 2.0528,0 1 1 0 1 5 6,0 0 0 2 0 0 0,1,,no (tile),,,,47.19,,0.2641,,3 4,yes,4_3 5_3,pgg,22x,hand
208907,7,0,1,0,IIIIIII,not tested,31.06 148.94 148.94 31.06 180.00 180.00 180.00,1.0000 0.5711 1.0000 0.5711 0.5711 0.5711 0.5711,0 1 0 1 1 1 1,0 0 0 0 0 0 0,"1,6",,no (tile),,,,31.06,,0.5711,,3 4,yes,5_2 5_2,pm,1**,hand
208907,7,0,1,5,IJJJJJJ,not needed (covering theorem),89.99 90.01 148.48 63.04 296.96 63.04 148.49,1.0000 0.4265 0.4782 0.4782 0.4782 0.4782 0.4265,0 1 2 2 2 2 1,0 0 0 2 0 2 3,,,YES,2,4,2,63.04,,0.4265,,3 4,yes,5_2 5_2,pm,1**,hand
208907,7,1,0,0,IJJIJIJ,not needed (covering theorem),-30.00 210.00 240.00 210.00 -30.00 150.00 150.00,1.0000 0.9995 0.9995 1.0000 0.9995 1.0000 0.9995,0 1 1 0 1 0 1,0 0 0 0 3 0 3,,,YES,2,"1,4,5",2,30.00,,0.9995,,3 4,yes,5_2 5_2,pm,1**,hand
208907,7,1,0,1,IJIJIJJ,not needed (covering theorem),-2370.02 2550.02 -2310.02 2730.02 -2490.02 2670.02 120.00,1.0000 0.8687 1.0000 0.8687 1.0000 0.8687 0.8687,0 1 0 1 0 1 1,0 0 0 0 0 3 3,,,YES,2,"1,4,5",2,29.98,,0.8687,,3 4,yes,5_2 5_2,pm,1**,hand
208907,7,2,1,1,IIIIIII,not tested,135.86 44.14 180.00 180.00 180.00 44.14 135.86,1.0000 0.4785 0.4785 0.4785 0.4785 1.0000 0.4785,0 1 1 1 1 0 1,0 0 0 0 0 0 0,"1,6",,no (tile),,,,44.14,,0.4785,,3 4,yes,5_2 5_2,pm,1**,hand
208907,7,2,1,3,IJJJJJJ,not needed (covering theorem),89.99 90.01 148.48 63.04 296.96 63.04 148.49,1.0000 0.4265 0.4782 0.4782 0.4782 0.4782 0.4265,0 1 2 2 2 2 1,0 0 0 2 0 2 3,,,YES,2,4,2,63.04,,0.4265,,3 4,yes,5_2 5_2,pm,1**,hand
208907,7,4,0,0,IIIIIII,not tested,60.00 120.00 180.00 120.00 60.00 180.00 180.00,1.0000 1.0000 1.0000 1.0000 1.0000 1.0000 1.0000,0 0 0 0 0 0 0,0 0 0 0 0 0 0,"1,2,6",,no (tile),,,,60.00,,1.0000,,3 4,yes,5_2 5_2,pm,1**,hand
208907,7,4,0,1,IIIIIII,not tested,120.00 60.00 180.00 180.00 60.00 120.00 180.00,1.0000 1.0000 1.0000 1.0000 1.0000 1.0000 1.0000,0 0 0 0 0 0 0,0 0 0 0 0 0 0,"1,2,6",,no (tile),,,,60.00,,1.0000,,3 4,yes,5_2 5_2,pm,1**,hand
208907,7,4,1,0,IIIIIII,not tested,59.53 120.47 180.00 120.47 59.53 180.00 180.00,1.0000 1.0142 1.0142 1.0000 1.0142 1.0142 1.0142,0 1 1 0 1 1 1,0 0 0 0 0 0 0,"1,6",,no (tile),,,,59.53,,0.9860,,3 4,yes,5_2 5_2,pm,1**,hand
208907,7,4,1,1,IIIIIII,not tested,116.99 63.01 180.00 180.00 63.01 116.99 180.00,1.0000 0.9077 0.9077 0.9077 1.0000 0.9077 0.9077,0 1 1 1 0 1 1,0 0 0 0 0 0 0,"1,6",,no (tile),,,,63.01,,0.9077,,3 4,yes,5_2 5_2,pm,1**,hand
208908,7,0,1,0,IIIIIII,not tested,31.06 148.94 148.94 31.06 180.00 180.00 180.00,1.0000 0.5711 1.0000 0.5711 0.5711 0.5711 0.5711,0 1 0 1 1 1 1,0 0 0 0 0 0 0,"1,6",,no (tile),,,,31.06,,0.5711,,3 4,yes,5_2 5_2,pmg,22*,hand
208908,7,0,1,5,IJJJJJJ,not needed (covering theorem),89.99 90.01 148.48 63.04 296.96 63.04 148.49,1.0000 0.4265 0.4782 0.4782 0.4782 0.4782 0.4265,0 1 2 2 2 2 1,0 0 0 2 0 2 3,,,YES,2,4,2,63.04,,0.4265,,3 4,yes,5_2 5_2,pmg,22*,hand
208908,7,1,0,0,IJJIJIJ,not needed (covering theorem),-30.00 210.00 240.00 210.00 -30.00 150.00 150.00,1.0000 0.9995 0.9995 1.0000 0.9995 1.0000 0.9995,0 1 1 0 1 0 1,0 0 0 0 3 0 3,,,YES,2,"1,4,5",2,30.00,,0.9995,,3 4,yes,5_2 5_2,pmg,22*,hand
208908,7,1,0,1,IJIJIJJ,not needed (covering theorem),-2370.02 2550.02 -2310.02 2730.02 -2490.02 2670.02 120.00,1.0000 0.8687 1.0000 0.8687 1.0000 0.8687 0.8687,0 1 0 1 0 1 1,0 0 0 0 0 3 3,,,YES,2,"1,4,5",2,29.98,,0.8687,,3 4,yes,5_2 5_2,pmg,22*,hand
208908,7,2,1,1,IIIIIII,not tested,135.86 44.14 180.00 180.00 180.00 44.14 135.86,1.0000 0.4785 0.4785 0.4785 0.4785 1.0000 0.4785,0 1 1 1 1 0 1,0 0 0 0 0 0 0,"1,6",,no (tile),,,,44.14,,0.4785,,3 4,yes,5_2 5_2,pmg,22*,hand
208908,7,2,1,3,IJJJJJJ,not needed (covering theorem),89.99 90.01 148.48 63.04 296.96 63.04 148.49,1.0000 0.4265 0.4782 0.4782 0.4782 0.4782 0.4265,0 1 2 2 2 2 1,0 0 0 2 0 2 3,,,YES,2,4,2,63.04,,0.4265,,3 4,yes,5_2 5_2,pmg,22*,hand
208908,7,4,0,0,IIIIIII,not tested,60.00 120.00 180.00 120.00 60.00 180.00 180.00,1.0000 1.0000 1.0000 1.0000 1.0000 1.0000 1.0000,0 0 0 0 0 0 0,0 0 0 0 0 0 0,"1,2,6",,no (tile),,,,60.00,,1.0000,,3 4,yes,5_2 5_2,pmg,22*,hand
208908,7,4,0,1,IIIIIII,not tested,120.00 60.00 180.00 180.00 60.00 120.00 180.00,1.0000 1.0000 1.0000 1.0000 1.0000 1.0000 1.0000,0 0 0 0 0 0 0,0 0 0 0 0 0 0,"1,2,6",,no (tile),,,,60.00,,1.0000,,3 4,yes,5_2 5_2,pmg,22*,hand
208908,7,4,1,0,IIIIIII,not tested,59.53 120.47 180.00 120.47 59.53 180.00 180.00,1.0000 1.0142 1.0142 1.0000 1.0142 1.0142 1.0142,0 1 1 0 1 1 1,0 0 0 0 0 0 0,"1,6",,no (tile),,,,59.53,,0.9860,,3 4,yes,5_2 5_2,pmg,22*,hand
208908,7,4,1,1,IIIIIII,not tested,116.99 63.01 180.00 180.00 63.01 116.99 180.00,1.0000 0.9077 0.9077 0.9077 1.0000 0.9077 0.9077,0 1 1 1 0 1 1,0 0 0 0 0 0 0,"1,6",,no (tile),,,,63.01,,0.9077,,3 4,yes,5_2 5_2,pmg,22*,hand
209028,7,5,0,0,ISSSSSI,not tested,90.00 120.96 90.00 180.00 180.00 180.00 59.04,1.0000 0.3430 0.3430 0.3430 0.3430 0.3430 1.0000,0 1 1 1 1 1 0,0 0 0 0 0 0 0,"1,2,6,9",,no (tile),,,,59.04,,0.3430,,3 4,yes,5_3 5_3,pmg,22*,hand
209028,7,5,0,2,IISSSSS,not tested,59.04 90.00 120.96 90.00 180.00 180.00 180.00,1.0000 1.0000 0.3430 0.3430 0.3430 0.3430 0.3430,0 0 2 2 2 2 2,0 0 0 0 0 0 0,"1,2,6,9",,no (tile),,,,59.04,,0.3430,,3 4,yes,5_3 5_3,pmg,22*,hand
209028,7,5,1,0,IISSSSI,not tested,90.00 90.00 166.17 27.67 332.33 27.67 166.17,1.0000 1.0148 1.0455 1.0455 1.0455 1.0455 1.0148,0 1 2 2 2 2 6,0 0 0 1 0 1 0,1,,no (tile),,,,27.67,,0.9565,,3 4,yes,5_3 5_3,pmg,22*,hand
209028,7,5,1,2,ISISSSS,not tested,49.06 130.94 130.94 49.06 180.00 180.00 180.00,1.0000 0.4368 1.0000 0.4368 0.4368 0.4368 0.4368,0 1 0 1 1 1 1,0 0 0 1 1 1 1,"1,6",,no (tile),,,,49.06,,0.4368,,3 4,yes,5_3 5_3,pmg,22*,hand
209028,7,6,0,2,IISSSSS,not tested,78.69 90.00 101.31 180.00 90.00 180.00 180.00,1.0000 1.0000 0.3922 0.3922 0.3922 0.3922 0.3922,0 0 2 2 2 2 2,0 0 0 0 0 0 0,"1,2,6,9",,no (tile),,,,78.69,,0.3922,,3 4,yes,5_3 5_3,pmg,22*,hand
209028,7,9,1,0,IISSSSI,not tested,90.00 90.00 166.17 27.67 332.33 27.67 166.17,1.0000 1.0148 1.0455 1.0455 1.0455 1.0455 1.0148,0 1 2 2 2 2 6,0 0 0 1 0 1 0,1,,no (tile),,,,27.67,,0.9565,,3 4,yes,5_3 5_3,pmg,22*,hand
209028,7,9,1,5,IIIIIII,not tested,135.19 44.81 180.00 180.00 180.00 44.81 135.19,1.0000 0.4730 0.4730 0.4730 0.4730 1.0000 0.4730,0 1 1 1 1 5 1,0 0 0 0 0 0 0,"1,6",,no (tile),,,,44.81,,0.4730,,3 4,yes,5_3 5_3,pmg,22*,hand
209028,7,10,1,3,ISSISSS,not tested,58.62 121.38 180.00 121.38 58.62 180.00 180.00,1.0000 1.0414 1.0414 1.0000 1.0414 1.0414 1.0414,0 1 1 0 1 1 1,0 0 0 0 1 1 1,"1,6",,no (tile),,,,58.62,,0.9602,,3 4,yes,5_3 5_3,pmg,22*,hand
209028,7,10,1,4,IIIIIII,not tested,129.68 50.32 180.00 180.00 50.32 129.68 180.00,1.0000 1.2769 1.2769 1.2769 1.0000 1.2769 1.2769,0 1 1 1 4 1 1,0 0 0 0 0 0 0,"1,6",,no (tile),,,,50.32,,0.7832,,3 4,yes,5_3 5_3,pmg,22*,hand
209028,7,13,0,0,ISSSSSI,not tested,90.00 101.31 180.00 90.00 180.00 180.00 78.69,1.0000 0.3922 0.3922 0.3922 0.3922 0.3922 1.0000,0 1 1 1 1 1 0,0 0 0 0 0 0 0,"1,2,6,9",,no (tile),,,,78.69,,0.3922,,3 4,yes,5_3 5_3,pmg,22*,hand
209053,7,0,1,0,SISIIII,not tested,31.06 148.94 148.94 31.06 180.00 180.00 180.00,1.0000 0.5711 1.0000 0.5711 0.5711 0.5711 0.5711,0 1 0 1 1 1 1,0 0 1 0 0 0 0,"1,6",,no (tile),,,,31.06,,0.5711,,3 4,yes,5_2 5_2,p2,2222,hand
209053,7,0,1,5,SJJJJJJ,not needed (covering theorem),89.99 90.01 148.48 63.04 296.96 63.04 148.49,1.0000 0.4265 0.4782 0.4782 0.4782 0.4782 0.4265,0 1 2 2 2 2 1,0 0 0 2 0 2 3,,,YES,2,5,2,63.04,,0.4265,,3 4,yes,5_2 5_2,p2,2222,hand
209053,7,1,0,0,SJJSJSJ,not needed (covering theorem),-30.00 210.00 240.00 210.00 -30.00 150.00 150.00,1.0000 0.9995 0.9995 1.0000 0.9995 1.0000 0.9995,0 1 1 0 1 0 1,0 0 0 0 3 0 3,,,YES,2,"1,4",2,30.00,,0.9995,,3 4,yes,5_2 5_2,p2,2222,hand
209053,7,1,0,1,SJSJSJJ,not needed (covering theorem),-2370.02 2550.02 -2310.02 2730.02 -2490.02 2670.02 120.00,1.0000 0.8687 1.0000 0.8687 1.0000 0.8687 0.8687,0 1 0 1 0 1 1,0 0 0 0 0 3 3,,,YES,2,"1,4",2,29.98,,0.8687,,3 4,yes,5_2 5_2,p2,2222,hand
209053,7,2,1,1,SIIIISI,not tested,135.86 44.14 180.00 180.00 180.00 44.14 135.86,1.0000 0.4785 0.4785 0.4785 0.4785 1.0000 0.4785,0 1 1 1 1 0 1,0 0 0 0 0 1 0,"1,6",,no (tile),,,,44.14,,0.4785,,3 4,yes,5_2 5_2,p2,2222,hand
209053,7,2,1,3,SJJJJJJ,not needed (covering theorem),89.99 90.01 148.48 63.04 296.96 63.04 148.49,1.0000 0.4265 0.4782 0.4782 0.4782 0.4782 0.4265,0 1 2 2 2 2 1,0 0 0 2 0 2 3,,,YES,2,5,2,63.04,,0.4265,,3 4,yes,5_2 5_2,p2,2222,hand
209053,7,4,0,0,SSSSSSS,not tested,60.00 120.00 180.00 120.00 60.00 180.00 180.00,1.0000 1.0000 1.0000 1.0000 1.0000 1.0000 1.0000,0 0 0 0 0 0 0,0 0 0 0 0 0 0,1,,no (tile),,,,60.00,,1.0000,,3 4,yes,5_2 5_2,p2,2222,hand
209053,7,4,0,1,SSSSSSS,not tested,120.00 60.00 180.00 180.00 60.00 120.00 180.00,1.0000 1.0000 1.0000 1.0000 1.0000 1.0000 1.0000,0 0 0 0 0 0 0,0 0 0 0 0 0 0,1,,no (tile),,,,60.00,,1.0000,,3 4,yes,5_2 5_2,p2,2222,hand
209053,7,4,1,0,SIISIII,not tested,59.53 120.47 180.00 120.47 59.53 180.00 180.00,1.0000 1.0142 1.0142 1.0000 1.0142 1.0142 1.0142,0 1 1 0 1 1 1,0 0 0 1 0 0 0,"1,6",,no (tile),,,,59.53,,0.9860,,3 4,yes,5_2 5_2,p2,2222,hand
209053,7,4,1,1,SIIISII,not tested,116.99 63.01 180.00 180.00 63.01 116.99 180.00,1.0000 0.9077 0.9077 0.9077 1.0000 0.9077 0.9077,0 1 1 1 0 1 1,0 0 0 0 1 0 0,"1,6",,no (tile),,,,63.01,,0.9077,,3 4,yes,5_2 5_2,p2,2222,hand
209053,7,7,0,4,SSSSSSS,not tested,60.00 300.00 60.00 120.00 120.00 120.00 120.00,1.0000 1.0000 1.0000 1.0000 1.0000 1.0000 1.0000,0 0 0 0 0 0 0,0 0 0 0 0 0 0,1,,no (tile),,,,60.00,,1.0000,,3 4,yes,5_2 5_2,p2,2222,hand
209053,7,7,0,6,SSSSSSS,not tested,120.00 60.00 300.00 60.00 120.00 120.00 120.00,1.0000 1.0000 1.0000 1.0000 1.0000 1.0000 1.0000,0 0 0 0 0 0 0,0 0 0 0 0 0 0,1,,no (tile),,,,60.00,,1.0000,,3 4,yes,5_2 5_2,p2,2222,hand
209053,7,7,1,4,SSSSISS,not tested,63.04 296.96 63.04 116.96 121.52 121.52 116.96,1.0000 1.0000 1.0000 1.0000 1.0456 1.0000 1.0000,0 0 0 0 4 0 0,0 1 0 1 0 0 1,1,,no (tile),,,,63.04,,0.9564,,3 4,yes,5_2 5_2,p2,2222,hand
209053,7,7,1,6,SSSSSIS,not tested,126.02 53.98 306.02 53.98 126.02 116.99 116.99,1.0000 1.0000 1.0000 1.0000 1.0000 0.9077 1.0000,0 0 0 0 0 5 0,0 1 0 1 0 0 1,1,,no (tile),,,,53.98,,0.9077,,3 4,yes,5_2 5_2,p2,2222,hand
209074,7,0,0,0,SSSSSSS,not tested,47.72 132.28 132.28 47.72 180.00 180.00 180.00,1.0000 0.4485 1.0000 0.4485 0.4485 0.4485 0.4485,0 1 0 1 1 1 1,0 0 0 0 0 0 0,1,,no (tile),,,,47.72,,0.4485,,3 4,yes,5_1 5_1,p2,2222,L2
209074,7,0,0,2,SJSJSSS,not tested,262.93 48.07 98.93 81.07 49.00 262.93 97.07,1.0000 1.8837 2.5936 1.8837 0.7116 1.0000 0.7116,0 1 2 1 4 0 4,0 0 0 3 0 0 0,1,,no (tile),,,,48.07,,0.2744,,3 4,yes,5_1 5_1,p2,2222,L2
209074,7,1,0,2,SJSJSSS,not tested,180.00 82.10 97.90 82.10 97.90 180.00 180.00,1.0000 1.8992 4.0000 1.8992 1.0000 1.0000 1.0000,0 1 2 1 0 0 0,0 0 0 3 0 0 0,1,,no (tile),,,,82.10,,0.2500,,3 4,yes,5_1 5_1,p2,2222,L2
209074,7,1,1,3,SJIJSSS,not tested,180.00 82.10 97.90 82.10 97.90 180.00 180.00,1.0000 1.8992 4.0000 1.8992 1.0000 1.0000 1.0000,0 1 2 1 0 0 0,0 0 0 3 0 0 0,1,,no (tile),,,,82.10,,0.2500,,3 4,yes,5_1 5_1,p2,2222,L2
209074,7,2,1,1,SSSSSSS,not tested,47.72 132.28 132.28 47.72 180.00 180.00 180.00,1.0000 0.4485 1.0000 0.4485 0.4485 0.4485 0.4485,0 1 0 1 1 1 1,0 0 1 0 0 0 0,"1,6",,no (tile),,,,47.72,,0.4485,,3 4,yes,5_1 5_1,p2,2222,L2
209074,7,2,1,3,SJIJSSS,not tested,262.93 48.07 98.93 81.07 49.00 262.93 97.07,1.0000 1.8837 2.5936 1.8837 0.7116 1.0000 0.7116,0 1 2 1 4 0 4,0 0 0 3 0 0 0,1,,no (tile),,,,48.07,,0.2744,,3 4,yes,5_1 5_1,p2,2222,L2
209074,7,4,1,2,SISIISS,not tested,60.94 239.53 59.53 120.47 180.00 59.53 180.00,1.0000 1.0142 1.0000 1.0142 1.0142 1.0000 1.0000,0 1 0 1 1 0 0,0 0 1 0 0 1 1,"1,2,6",,no (tile),,,,59.53,,0.9860,,3 4,yes,5_1 5_1,p2,2222,L2
209074,7,4,1,6,SSSISII,not tested,63.01 180.00 53.98 243.01 63.01 116.99 180.00,1.0000 1.0000 1.0000 0.9077 1.0000 0.9077 0.9077,0 0 0 3 0 3 3,0 0 1 0 0 0 0,"1,2,6",,no (tile),,,,53.98,,0.9077,,3 4,yes,5_1 5_1,p2,2222,L2
209074,7,5,0,0,SSSSSSS,not tested,60.00 240.00 60.00 120.00 180.00 60.00 180.00,1.0000 1.0000 1.0000 1.0000 1.0000 1.0000 1.0000,0 0 0 0 0 0 0,0 0 0 0 0 0 0,1,,no (tile),,,,60.00,,1.0000,,3 4,yes,5_1 5_1,p2,2222,L2
209074,7,5,0,4,SSSSSSS,not tested,60.00 180.00 60.00 240.00 60.00 120.00 180.00,1.0000 1.0000 1.0000 1.0000 1.0000 1.0000 1.0000,0 0 0 0 0 0 0,0 0 0 0 0 0 0,1,,no (tile),,,,60.00,,1.0000,,3 4,yes,5_1 5_1,p2,2222,L2
209074,7,6,1,4,SSSSSSS,not tested,117.82 124.35 55.65 304.35 55.65 124.35 117.82,1.0000 1.0000 1.0000 1.0000 1.0000 1.0000 0.9335,0 0 0 0 0 0 6,0 1 0 1 0 1 0,1,,no (tile),,,,55.65,,0.9335,,3 4,yes,5_1 5_1,p2,2222,L2
209074,7,6,1,6,SSSSSSS,not tested,119.06 119.06 121.87 58.13 301.87 58.13 121.87,1.0000 1.0292 1.0292 1.0292 1.0292 1.0292 1.0292,0 1 1 1 1 1 1,0 0 1 0 1 0 1,1,,no (tile),,,,58.13,,0.9716,,3 4,yes,5_1 5_1,p2,2222,L2
209074,7,10,0,0,SSSSSSS,not tested,60.17 119.83 180.00 119.83 60.17 180.00 180.00,1.0000 0.9948 0.9948 1.0000 0.9948 0.9948 0.9948,0 1 1 0 1 1 1,0 0 0 0 0 0 0,1,,no (tile),,,,60.17,,0.9948,,3 4,yes,5_1 5_1,p2,2222,L2
209074,7,10,0,6,SSSSSSS,not tested,60.45 180.00 180.00 60.45 119.55 180.00 119.55,1.0000 1.0000 1.0000 1.0137 1.0000 1.0000 1.0137,0 0 0 3 0 0 3,0 0 0 0 0 0 0,1,,no (tile),,,,60.45,,0.9865,,3 4,yes,5_1 5_1,p2,2222,L2
209074,7,10,1,0,SSSSSSS,not tested,60.45 180.00 180.00 60.45 119.55 180.00 119.55,1.0000 1.0000 1.0000 1.0137 1.0000 1.0000 1.0137,0 0 0 3 0 0 3,0 0 0 0 0 0 1,"1,6",,no (tile),,,,60.45,,0.9865,,3 4,yes,5_1 5_1,p2,2222,L2
209074,7,10,1,1,SSSSSSS,not tested,60.17 119.83 180.00 119.83 60.17 180.00 180.00,1.0000 0.9948 0.9948 1.0000 0.9948 0.9948 0.9948,0 1 1 0 1 1 1,0 0 0 1 0 0 0,"1,6",,no (tile),,,,60.17,,0.9948,,3 4,yes,5_1 5_1,p2,2222,L2
209074,7,11,0,3,SSJSJSS,not tested,180.00 180.00 82.10 97.90 82.10 97.90 180.00,1.0000 1.0000 1.8992 4.0000 1.8992 1.0000 1.0000,0 0 2 3 2 0 0,0 0 0 0 3 0 0,1,,no (tile),,,,82.10,,0.2500,,3 4,yes,5_1 5_1,p2,2222,L2
209074,7,11,1,4,SSJIJSS,not tested,180.00 180.00 82.10 97.90 82.10 97.90 180.00,1.0000 1.0000 1.8992 4.0000 1.8992 1.0000 1.0000,0 0 2 3 2 0 0,0 0 0 0 3 0 0,1,,no (tile),,,,82.10,,0.2500,,3 4,yes,5_1 5_1,p2,2222,L2
209074,7,13,0,3,SSJSJSS,not tested,180.00 180.00 82.10 97.90 82.10 97.90 180.00,1.0000 1.0000 1.8992 4.0000 1.8992 1.0000 1.0000,0 0 2 3 2 0 0,0 0 0 0 3 0 0,1,,no (tile),,,,82.10,,0.2500,,3 4,yes,5_1 5_1,p2,2222,L2
209074,7,13,1,4,SSJIJSS,not tested,180.00 180.00 82.10 97.90 82.10 97.90 180.00,1.0000 1.0000 1.8992 4.0000 1.8992 1.0000 1.0000,0 0 2 3 2 0 0,0 0 0 0 3 0 0,1,,no (tile),,,,82.10,,0.2500,,3 4,yes,5_1 5_1,p2,2222,L2
209074,7,15,0,1,SSSSSSS,not tested,60.00 180.00 120.00 60.00 240.00 60.00 180.00,1.0000 1.0000 1.0000 1.0000 1.0000 1.0000 1.0000,0 0 0 0 0 0 0,0 0 0 0 0 0 0,1,,no (tile),,,,60.00,,1.0000,,3 4,yes,5_1 5_1,p2,2222,L2
209074,7,15,0,5,SSSSSSS,not tested,300.00 180.00 -60.00 180.00 240.00 -60.00 120.00,1.0000 1.0000 1.0000 1.0000 1.0000 1.0000 1.0000,0 0 0 0 0 0 0,0 0 0 0 0 0 0,1,,no (tile),,,,60.00,,1.0000,,3 4,yes,5_1 5_1,p2,2222,L2
209074,7,16,1,0,SSIISIS,not tested,306.02 180.00 -63.01 180.00 243.01 -63.01 116.99,1.0000 1.0000 0.9077 0.9077 1.0000 0.9077 1.0000,0 0 2 2 0 2 0,0 0 0 0 0 0 1,"1,2,6",,no (tile),,,,53.98,,0.9077,,3 4,yes,5_1 5_1,p2,2222,L2
209074,7,16,1,3,IISISSS,not tested,60.23 180.00 119.77 60.23 240.23 59.53 180.00,1.0000 1.0000 1.0072 1.0000 1.0072 1.0072 1.0072,0 0 2 0 2 2 2,0 0 0 0 1 0 0,"1,2,6",,no (tile),,,,59.53,,0.9929,,3 4,yes,5_1 5_1,p2,2222,L2
209074,7,17,1,0,SSSSSSS,not tested,42.43 180.00 180.00 180.00 42.43 137.57 137.57,1.0000 1.0000 1.0000 1.0000 2.0323 1.0000 2.0323,0 0 0 0 4 0 4,0 0 0 0 0 0 1,"1,6",,no (tile),,,,42.43,,0.4920,,3 4,yes,5_1 5_1,p2,2222,L2
209074,7,17,1,5,SSSJIJS,not tested,79.47 280.53 79.47 118.59 69.44 110.56 161.94,1.0000 0.1397 1.0000 1.9572 1.9682 1.9572 0.1397,0 1 0 3 4 3 1,0 0 0 0 0 3 0,1,,no (tile),,,,69.44,,0.0710,,3 4,yes,5_1 5_1,p2,2222,L2
209074,7,18,0,4,SSSJSJS,not tested,180.00 180.00 180.00 82.10 97.90 82.10 97.90,1.0000 1.0000 1.0000 1.8992 4.0000 1.8992 1.0000,0 0 0 3 4 3 0,0 0 0 0 0 3 0,1,,no (tile),,,,82.10,,0.2500,,3 4,yes,5_1 5_1,p2,2222,L2
209074,7,18,1,5,SSSJIJS,not tested,180.00 180.00 180.00 82.10 97.90 82.10 97.90,1.0000 1.0000 1.0000 1.8992 4.0000 1.8992 1.0000,0 0 0 3 4 3 0,0 0 0 0 0 3 0,1,,no (tile),,,,82.10,,0.2500,,3 4,yes,5_1 5_1,p2,2222,L2
209074,7,19,0,4,SSSJSJS,not tested,79.47 280.53 79.47 118.59 69.44 110.56 161.94,1.0000 0.1397 1.0000 1.9572 1.9682 1.9572 0.1397,0 1 0 3 4 3 1,0 0 0 0 0 3 0,1,,no (tile),,,,69.44,,0.0710,,3 4,yes,5_1 5_1,p2,2222,L2
209074,7,19,0,6,SSSSSSS,not tested,42.43 180.00 180.00 180.00 42.43 137.57 137.57,1.0000 1.0000 1.0000 1.0000 2.0323 1.0000 2.0323,0 0 0 0 4 0 4,0 0 0 0 0 0 0,1,,no (tile),,,,42.43,,0.4920,,3 4,yes,5_1 5_1,p2,2222,L2
209075,7,0,0,2,SJSJUSU,not tested,116.45 101.60 141.95 38.05 141.95 243.55 116.45,1.0000 0.9834 0.9909 0.9834 0.0500 1.0000 0.0500,0 1 2 1 4 0 4,0 0 0 3 0 1 2,"1,2",,no (tile),,,,38.05,,0.0500,YES,3 4,yes,5_1 5_1,pgg,22x,L2
209075,7,0,1,3,SJIJUSU,not tested,116.45 101.60 141.95 38.05 141.95 243.55 116.45,1.0000 0.9834 0.9909 0.9834 0.0500 1.0000 0.0500,0 1 2 1 4 0 4,0 0 0 3 0 1 2,"1,2",,no (tile),,,,38.05,,0.0500,YES,3 4,yes,5_1 5_1,pgg,22x,L2
209075,7,2,1,4,SSSSSSS,not tested,120.00 120.00 60.00 300.00 60.00 120.00 120.00,1.0000 1.0000 1.0000 1.0000 1.0000 1.0000 1.0000,0 0 0 0 0 0 0,0 1 0 1 0 1 0,"1,2",,no (tile),,,,60.00,,1.0000,,3 4,yes,5_1 5_1,pgg,22x,L2
209075,7,2,1,6,SSSSSSS,not tested,120.00 120.00 120.00 60.00 300.00 60.00 120.00,1.0000 1.0000 1.0000 1.0000 1.0000 1.0000 1.0000,0 0 0 0 0 0 0,0 1 0 1 0 1 0,"1,2",,no (tile),,,,60.00,,1.0000,,3 4,yes,5_1 5_1,pgg,22x,L2
209075,7,3,0,0,SSUSUSS,not tested,-60.00 240.00 210.00 210.00 -30.00 150.00 180.00,1.0000 1.0000 1.0000 1.0000 1.0000 1.0000 1.0000,0 0 2 0 2 0 0,0 1 0 0 2 1 1,"1,2",,no (tile),,,,30.00,,1.0000,,3 4,yes,5_1 5_1,pgg,22x,L2
209075,7,3,0,6,SSUSUSS,not tested,60.00 180.00 210.00 30.00 150.00 150.00 120.00,1.0000 1.0000 1.0000 1.0000 1.0000 1.0000 1.0000,0 0 2 0 2 0 0,0 0 0 1 2 0 1,"1,2",,no (tile),,,,30.00,,1.0000,,3 4,yes,5_1 5_1,pgg,22x,L2
209075,7,3,1,0,SSUSUSS,not tested,60.00 180.00 210.00 30.00 150.00 150.00 120.00,1.0000 1.0000 1.0000 1.0000 1.0000 1.0000 1.0000,0 0 2 0 2 0 0,0 0 0 1 2 0 0,"1,2",,no (tile),,,,30.00,,1.0000,,3 4,yes,5_1 5_1,pgg,22x,L2
209075,7,3,1,1,SSUSUSS,not tested,-60.00 240.00 210.00 210.00 -30.00 150.00 180.00,1.0000 1.0000 1.0000 1.0000 1.0000 1.0000 1.0000,0 0 2 0 2 0 0,0 0 0 1 2 0 0,"1,2",,no (tile),,,,30.00,,1.0000,,3 4,yes,5_1 5_1,pgg,22x,L2
209075,7,4,0,0,SSSSSSS,not tested,60.00 120.00 180.00 120.00 60.00 180.00 180.00,1.0000 1.0000 1.0000 1.0000 1.0000 1.0000 1.0000,0 0 0 0 0 0 0,0 1 1 0 1 1 1,"1,2",,no (tile),,,,60.00,,1.0000,,3 4,yes,5_1 5_1,pgg,22x,L2
209075,7,4,0,6,SSSSSSS,not tested,60.00 180.00 180.00 60.00 120.00 180.00 120.00,1.0000 1.0000 1.0000 1.0000 1.0000 1.0000 1.0000,0 0 0 0 0 0 0,0 0 0 1 0 0 1,"1,2",,no (tile),,,,60.00,,1.0000,,3 4,yes,5_1 5_1,pgg,22x,L2
209075,7,4,1,0,SSSSSSS,not tested,60.00 180.00 180.00 60.00 120.00 180.00 120.00,1.0000 1.0000 1.0000 1.0000 1.0000 1.0000 1.0000,0 0 0 0 0 0 0,0 0 0 1 0 0 0,"1,2,6",,no (tile),,,,60.00,,1.0000,,3 4,yes,5_1 5_1,pgg,22x,L2
209075,7,4,1,1,SSSSSSS,not tested,60.00 120.00 180.00 120.00 60.00 180.00 180.00,1.0000 1.0000 1.0000 1.0000 1.0000 1.0000 1.0000,0 0 0 0 0 0 0,0 0 0 1 0 0 0,"1,2,6",,no (tile),,,,60.00,,1.0000,,3 4,yes,5_1 5_1,pgg,22x,L2
209075,7,7,0,4,USUJSJS,not tested,218.84 218.84 141.16 85.70 94.30 85.70 55.46,1.0000 0.9411 1.0000 1.9888 3.4660 1.9888 0.9411,0 1 0 3 4 3 1,0 0 2 0 0 3 1,"1,2",,no (tile),,,,55.46,,0.2715,,3 4,yes,5_1 5_1,pgg,22x,L2
209075,7,7,1,5,USUJIJS,not tested,218.84 218.84 141.16 85.70 94.30 85.70 55.46,1.0000 0.9411 1.0000 1.9888 3.4660 1.9888 0.9411,0 1 0 3 4 3 1,0 0 2 0 0 3 1,"1,2",,no (tile),,,,55.46,,0.2715,,3 4,yes,5_1 5_1,pgg,22x,L2
209077,7,0,1,3,SIIIIII,not tested,44.82 135.18 90.00 90.00 180.00 180.00 180.00,1.0000 0.2364 0.7049 0.2364 0.2364 0.2364 0.2364,0 1 2 1 1 1 1,0 0 0 0 0 0 0,1,,no (tile),,,,44.82,,0.2364,,3 4,yes,4_2 6_2,p2,2222,L2
209077,7,1,0,1,SJJJJSS,not needed (covering theorem),180.00 -225.00 90.00 90.00 180.00 405.00 180.00,1.0000 2.1213 2.1213 2.1213 2.1213 1.0000 1.0000,0 1 1 1 1 0 0,0 0 3 0 3 0 0,,,YES,2,1,2,45.00,,0.4714,,3 4,yes,4_2 6_2,p2,2222,L2
209077,7,1,1,5,SIIIISS,not tested,180.00 44.82 180.00 90.00 90.00 135.18 180.00,1.0000 2.1279 2.1279 2.1147 2.1279 1.0000 1.0000,0 1 1 3 1 0 0,0 0 0 0 0 0 0,1,,no (tile),,,,44.82,,0.4699,,3 4,yes,4_2 6_2,p2,2222,L2
209077,7,2,0,3,SJJJJSS,not needed (covering theorem),180.00 45.00 180.00 90.00 90.00 135.00 180.00,1.0000 2.1213 2.1213 2.1213 2.1213 1.0000 1.0000,0 1 1 1 1 0 0,0 0 3 0 3 0 0,,,YES,2,1,2,45.00,,0.4714,,3 4,yes,4_2 6_2,p2,2222,L2
209077,7,2,1,1,SSSISII,not tested,-44.14 268.27 180.00 -44.14 224.14 135.86 180.00,1.0000 1.0000 1.0000 0.4785 1.0000 0.4785 0.4785,0 0 0 3 0 3 3,0 1 1 0 1 0 0,"1,6",,no (tile),,,,44.14,,0.4785,,3 4,yes,4_2 6_2,p2,2222,L2
209077,7,2,1,3,SIIIISS,not tested,180.00 134.86 90.00 90.00 180.00 45.14 180.00,1.0000 2.1163 2.1264 2.1163 2.1163 1.0000 1.0000,0 1 2 1 1 0 0,0 0 0 0 0 0 0,1,,no (tile),,,,45.14,,0.4703,,3 4,yes,4_2 6_2,p2,2222,L2
209077,7,3,0,1,SJJJJJJ,not needed (covering theorem),18.43 161.57 90.00 90.00 180.00 180.00 180.00,1.0000 0.3162 0.3162 0.3162 0.3162 0.3162 0.3162,0 1 1 1 1 1 1,0 0 3 0 3 0 3,,,YES,2,1,2,18.43,,0.3162,,3 4,yes,4_2 6_2,p2,2222,L2
209077,7,4,0,4,SSSSSSS,not needed (covering theorem),-68.04 322.68 509.29 -149.29 254.64 -74.64 105.36,1.0000 0.4276 0.4276 0.4276 0.4276 0.4276 0.4276,0 1 1 1 1 1 1,0 0 0 0 0 0 0,,,YES,2,1,2,37.32,,0.4276,,3 4,yes,4_2 6_2,p2,2222,L2
209077,7,4,0,5,SSSSSSS,not tested,293.66 -113.66 196.62 293.66 66.34 -16.62 180.00,1.0000 0.2675 0.2675 1.0000 0.2675 0.2675 0.2675,0 1 1 0 1 1 1,0 0 0 0 0 0 0,1,,no (tile),,,,16.62,,0.2675,,3 4,yes,4_2 6_2,p2,2222,L2
209077,7,4,1,3,SSISSSS,not tested,166.36 127.83 116.09 63.91 232.17 127.83 65.81,1.0000 1.0000 1.1860 1.0000 1.0000 1.0000 1.1677,0 0 2 0 0 0 6,0 1 0 1 0 1 0,1,,no (tile),,,,63.91,,0.8432,,3 4,yes,4_2 6_2,p2,2222,L2
209077,7,4,1,4,SSSSSSS,not tested,5.19 164.26 180.00 10.55 180.00 169.45 190.55,1.0000 0.4938 0.4938 0.4938 0.4938 0.4938 0.4938,0 1 1 1 1 1 1,0 0 0 1 1 0 1,1,,no (tile),,,,5.19,,0.4938,,3 4,yes,4_2 6_2,p2,2222,L2
209077,7,6,0,0,SSSSSSS,not needed (covering theorem),133.53 144.47 107.76 72.24 252.24 107.76 81.99,1.0000 1.0000 1.0000 1.0000 1.0000 1.0000 1.3366,0 0 0 0 0 0 6,0 0 0 0 0 0 0,,,YES,2,1,2,72.24,,0.7482,,3 4,yes,4_2 6_2,p2,2222,L2
209077,7,6,0,4,SSSSSSS,not needed (covering theorem),98.14 73.62 286.38 45.05 171.76 36.81 188.24,1.0000 1.0000 1.0000 2.1232 1.0000 1.0000 2.1232,0 0 0 3 0 0 3,0 0 0 0 0 0 0,,,YES,2,1,2,36.81,,0.4710,,3 4,yes,4_2 6_2,p2,2222,L2
209077,7,6,0,6,SSSSSSS,not tested,180.00 69.22 152.33 69.22 290.78 27.67 110.78,1.0000 1.4189 1.0000 1.4189 1.0000 1.4189 1.0000,0 1 0 1 0 1 0,0 0 0 0 0 0 0,1,,no (tile),,,,27.67,,0.7048,,3 4,yes,4_2 6_2,p2,2222,L2
209077,7,6,1,1,SSSSSSS,not tested,180.00 125.26 125.26 54.74 305.26 54.74 54.74,1.0000 2.3091 1.0000 2.3091 1.0000 2.3091 1.0000,0 1 0 1 0 1 0,0 0 1 1 1 0 0,1,,no (tile),,,,54.74,,0.4331,,3 4,yes,4_2 6_2,p2,2222,L2
209077,7,7,0,0,SSSSSSS,not needed (covering theorem),98.13 188.17 36.85 171.83 45.02 286.31 73.69,1.0000 0.4712 0.4712 1.0000 0.4712 0.4712 0.4712,0 1 1 0 1 1 1,0 0 0 0 0 0 0,,,YES,2,1,2,36.85,,0.4712,,3 4,yes,4_2 6_2,p2,2222,L2
209077,7,7,0,4,SSSSSSS,not needed (covering theorem),133.63 81.96 107.80 252.20 72.20 107.80 144.41,1.0000 0.7488 0.7488 0.7488 0.7488 0.7488 0.7488,0 1 1 1 1 1 1,0 0 0 0 0 0 0,,,YES,2,1,2,72.20,,0.7488,,3 4,yes,4_2 6_2,p2,2222,L2
209077,7,7,0,5,SSSSSSS,not tested,180.00 104.51 46.47 284.51 75.49 133.53 75.49,1.0000 1.0022 1.0000 1.0022 1.0000 1.0022 1.0000,0 1 0 1 0 1 0,0 0 0 0 0 0 0,1,,no (tile),,,,46.47,,0.9978,,3 4,yes,4_2 6_2,p2,2222,L2
209077,7,7,1,2,SSSSSSS,not tested,180.00 76.27 76.27 283.73 76.27 103.73 103.73,1.0000 0.9494 1.0000 0.9494 1.0000 0.9494 1.0000,0 1 0 1 0 1 0,0 0 1 1 1 0 0,1,,no (tile),,,,76.27,,0.9494,,3 4,yes,4_2 6_2,p2,2222,L2
209077,7,9,0,0,SSSSSSS,not needed (covering theorem),68.15 254.57 74.57 105.43 149.14 210.86 37.28,1.0000 1.0000 1.0000 1.0000 1.0000 1.0000 2.3357,0 0 0 0 0 0 6,0 0 0 0 0 0 0,,,YES,2,1,2,37.28,,0.4281,,3 4,yes,4_2 6_2,p2,2222,L2
209077,7,9,0,6,SSSSSSS,not tested,42.43 180.00 40.07 317.57 42.43 139.93 137.57,1.0000 1.0000 1.0000 2.0321 1.0000 1.0000 2.0321,0 0 0 3 0 0 3,0 0 0 0 0 0 0,1,,no (tile),,,,40.07,,0.4921,,3 4,yes,4_2 6_2,p2,2222,L2
209077,7,9,1,0,SSSSISS,not tested,178.62 47.81 133.58 226.42 66.79 113.21 133.58,1.0000 0.9893 0.9893 0.9893 0.8061 0.9893 0.9893,0 1 1 1 4 1 1,0 0 1 0 0 0 1,1,,no (tile),,,,47.81,,0.8061,,3 4,yes,4_2 6_2,p2,2222,L2
209077,7,9,1,6,SSSSSSS,not tested,18.88 237.26 122.74 180.00 57.26 180.00 103.86,1.0000 1.0000 1.0000 1.0000 1.0000 1.0000 2.5990,0 0 0 0 0 0 6,0 1 0 0 1 1 0,1,,no (tile),,,,18.88,,0.3848,,3 4,yes,4_2 6_2,p2,2222,L2
209077,7,10,0,4,JJJJJJS,not needed (covering theorem),18.43 180.00 180.00 180.00 90.00 90.00 161.57,1.0000 1.0000 1.0000 1.0000 1.0000 1.0000 3.1623,0 0 0 0 0 0 6,0 3 0 3 0 3 0,,,YES,2,1,2,18.43,,0.3162,,3 4,yes,4_2 6_2,p2,2222,L2
209077,7,11,0,2,SSJJJJS,not needed (covering theorem),180.00 180.00 135.00 90.00 90.00 180.00 45.00,1.0000 1.0000 2.1213 2.1213 2.1213 2.1213 1.0000,0 0 2 2 2 2 0,0 0 0 3 0 3 0,,,YES,2,1,2,45.00,,0.4714,,3 4,yes,4_2 6_2,p2,2222,L2
209077,7,11,1,1,IISISSS,not tested,45.39 180.00 225.39 134.61 45.39 180.00 89.23,1.0000 1.0000 2.1357 1.0000 2.1357 2.1357 2.1357,0 0 2 0 2 2 2,0 0 0 0 0 0 1,"1,6",,no (tile),,,,45.39,,0.4682,,3 4,yes,4_2 6_2,p2,2222,L2
209077,7,11,1,6,SSIIIIS,not tested,180.00 180.00 44.82 180.00 90.00 90.00 135.18,1.0000 1.0000 2.1279 2.1279 2.1147 2.1279 1.0000,0 0 2 2 4 2 0,0 0 0 0 0 0 0,1,,no (tile),,,,44.82,,0.4699,,3 4,yes,4_2 6_2,p2,2222,L2
209077,7,12,0,4,SSJJJJS,not needed (covering theorem),180.00 180.00 45.00 180.00 90.00 90.00 135.00,1.0000 1.0000 2.1213 2.1213 2.1213 2.1213 1.0000,0 0 2 2 2 2 0,0 0 0 3 0 3 0,,,YES,2,1,2,45.00,,0.4714,,3 4,yes,4_2 6_2,p2,2222,L2
209077,7,12,1,4,SSIIIIS,not tested,180.00 180.00 134.86 90.00 90.00 180.00 45.14,1.0000 1.0000 2.1163 2.1264 2.1163 2.1163 1.0000,0 0 2 3 2 2 0,0 0 0 0 0 0 0,1,,no (tile),,,,45.14,,0.4703,,3 4,yes,4_2 6_2,p2,2222,L2
209077,7,13,1,6,IIIIIIS,not tested,44.79 180.00 180.00 180.00 90.00 90.00 135.21,1.0000 1.0000 1.0000 1.0000 2.9781 1.0000 4.2272,0 0 0 0 4 0 6,0 0 0 0 0 0 0,1,,no (tile),,,,44.79,,0.2366,,3 4,yes,4_2 6_2,p2,2222,L2
209078,7,0,0,5,SSSSSSS,not needed (covering theorem),150.00 120.00 150.00 60.00 210.00 120.00 90.00,1.0000 1.0000 1.0000 1.0000 1.0000 1.0000 1.0000,0 0 0 0 0 0 0,0 1 1 0 0 1 0,,,YES,2,2,2,60.00,,1.0000,,3 4,yes,4_2 6_2,pgg,22x,L2
209078,7,0,1,0,SUSUUUS,not needed (covering theorem),89.99 224.99 44.99 135.01 90.01 269.99 45.02,1.0000 0.7067 1.0000 0.7067 0.7067 0.7067 1.0000,0 1 0 1 1 1 0,0 0 1 2 0 2 0,,,YES,2,2,2,44.99,,0.7067,,3 4,yes,4_2 6_2,pgg,22x,L2
209078,7,0,1,3,SSISSSS,not needed (covering theorem),160.00 100.00 140.00 60.00 260.00 80.00 100.00,1.0000 1.0000 1.0000 1.0000 1.0000 1.0000 1.0000,0 0 2 0 0 0 0,0 0 0 1 1 0 0,,,YES,2,2,2,60.00,,1.0000,,3 4,yes,4_2 6_2,pgg,22x,L2
209078,7,0,1,4,SSSSSSS,not tested,240.00 60.00 180.00 60.00 180.00 120.00 60.00,1.0000 1.0000 1.0000 1.0000 1.0000 1.0000 1.0000,0 0 0 0 0 0 0,0 1 1 0 0 1 1,"1,2,6",,no (tile),,,,60.00,,1.0000,,3 4,yes,4_2 6_2,pgg,22x,L2
209078,7,1,0,6,SSSSSSS,not needed (covering theorem),-150.00 -450.00 960.00 510.00 -780.00 -150.00 960.00,1.0000 1.0000 1.0000 1.0000 1.0000 1.0000 1.0000,0 0 0 0 0 0 0,0 1 0 0 1 1 0,,,YES,2,2,2,60.00,,1.0000,,3 4,yes,4_2 6_2,pgg,22x,L2
209078,7,1,1,0,SSSSISS,not needed (covering theorem),160.02 99.99 80.01 260.01 59.98 139.99 99.99,1.0000 1.0000 1.0000 1.0000 1.0005 1.0000 1.0000,0 0 0 0 4 0 0,0 0 1 1 0 0 0,,,YES,2,2,2,59.98,,0.9995,,3 4,yes,4_2 6_2,pgg,22x,L2
209078,7,1,1,3,SUUUSUS,not needed (covering theorem),89.99 45.02 269.99 90.01 135.01 44.99 224.99,1.0000 0.7067 0.7067 0.7067 1.0000 0.7067 1.0000,0 1 1 1 0 1 0,0 0 2 0 1 2 0,,,YES,2,2,2,44.99,,0.7067,,3 4,yes,4_2 6_2,pgg,22x,L2
209078,7,1,1,6,SSSSSSS,not tested,480.00 -60.00 -120.00 180.00 300.00 180.00 -60.00,1.0000 1.0000 1.0000 1.0000 1.0000 1.0000 1.0000,0 0 0 0 0 0 0,0 0 1 1 0 0 1,"1,2,6",,no (tile),,,,60.00,,1.0000,,3 4,yes,4_2 6_2,pgg,22x,L2
209080,7,1,0,1,SJJJJSS,not tested,180.00 90.00 90.00 180.00 90.00 90.00 180.00,1.0000 1.5000 1.5000 1.5000 1.5000 1.0000 1.0000,0 1 1 1 1 0 0,0 0 3 0 3 0 0,"1,9",,no (tile),,,,90.00,,0.6667,,3 4,yes,4_2 6_2,p2,2222,L2
209080,7,1,0,6,SSJJSJJ,not needed (covering theorem),18.43 180.00 71.57 90.00 198.43 161.57 180.00,1.0000 1.0000 0.3162 0.3162 1.0000 0.3162 0.3162,0 0 2 2 0 2 2,0 0 0 3 0 0 3,,,YES,2,1,2,18.43,,0.3162,,3 4,yes,4_2 6_2,p2,2222,L2
209080,7,1,1,3,SSIISII,not tested,44.84 180.00 45.16 90.00 224.84 135.16 180.00,1.0000 1.0000 0.7051 0.2364 1.0000 0.2364 0.2364,0 0 2 3 0 3 3,0 0 0 0 0 0 0,1,,no (tile),,,,44.84,,0.2364,,3 4,yes,4_2 6_2,p2,2222,L2
209080,7,1,1,5,SJJJJSS,not tested,180.00 90.00 90.00 180.00 90.00 90.00 180.00,1.0000 1.5000 1.5000 1.5000 1.5000 1.0000 1.0000,0 1 1 1 1 0 0,0 0 1 2 3 0 0,"1,6",,no (tile),,,,90.00,,0.6667,,3 4,yes,4_2 6_2,p2,2222,L2
209080,7,2,0,3,SSSSSSS,not tested,60.00 120.00 180.00 120.00 60.00 180.00 180.00,1.0000 1.0000 1.0000 1.0000 1.0000 1.0000 1.0000,0 0 0 0 0 0 0,0 0 0 0 0 0 0,1,,no (tile),,,,60.00,,1.0000,,3 4,yes,4_2 6_2,p2,2222,L2
209080,7,2,0,4,SJJJJSS,not tested,180.00 90.00 90.00 180.00 90.00 90.00 180.00,1.0000 1.5000 1.5000 1.5000 1.5000 1.0000 1.0000,0 1 1 1 1 0 0,0 0 0 3 3 0 0,1,,no (tile),,,,90.00,,0.6667,,3 4,yes,4_2 6_2,p2,2222,L2
209080,7,2,1,1,SSSISSS,not tested,60.94 119.06 180.00 120.47 59.53 180.00 180.00,1.0000 1.0000 1.0000 1.0142 1.0000 1.0000 1.0000,0 0 0 3 0 0 0,0 1 1 0 1 1 1,"1,2",,no (tile),,,,59.53,,0.9860,,3 4,yes,4_2 6_2,p2,2222,L2
209080,7,2,1,2,SJJJJSS,not tested,180.00 90.00 90.00 180.00 90.00 90.00 180.00,1.0000 1.5000 1.5000 1.5000 1.5000 1.0000 1.0000,0 1 1 1 1 0 0,0 0 2 1 3 0 0,1,,no (tile),,,,90.00,,0.6667,,3 4,yes,4_2 6_2,p2,2222,L2
209080,7,4,0,4,SSSSSSS,not needed (covering theorem),320.94 23.88 62.94 297.06 39.06 140.94 15.18,1.0000 1.0000 0.3216 1.0000 0.3216 1.0000 0.3216,0 0 2 0 2 0 2,0 0 0 0 0 0 0,,,YES,2,1,2,15.18,,0.3216,,3 4,yes,4_2 6_2,p2,2222,L2
209080,7,4,0,5,SSSSSSS,not tested,108.37 180.00 53.19 180.00 180.00 126.81 71.63,1.0000 1.0000 1.0000 1.0000 1.0000 1.0000 2.5308,0 0 0 0 0 0 6,0 0 0 0 0 0 0,1,,no (tile),,,,53.19,,0.3951,,3 4,yes,4_2 6_2,p2,2222,L2
209080,7,4,0,6,SSSSSSS,not needed (covering theorem),68.10 142.70 74.60 105.40 285.40 74.60 149.21,1.0000 0.4279 0.4279 0.4279 0.4279 0.4279 0.4279,0 1 1 1 1 1 1,0 0 0 0 0 0 0,,,YES,2,1,2,68.10,,0.4279,,3 4,yes,4_2 6_2,p2,2222,L2
209080,7,4,1,2,SSSSSSS,not tested,109.25 70.75 127.60 180.00 180.00 52.40 180.00,1.0000 0.3972 0.3972 0.3972 0.3972 0.3972 0.3972,0 1 1 1 1 1 1,0 0 1 1 1 0 0,"1,6",,no (tile),,,,52.40,,0.3972,,3 4,yes,4_2 6_2,p2,2222,L2
209080,7,6,0,1,SJJSJJS,not tested,128.09 152.09 88.28 79.82 280.18 91.72 79.82,1.0000 0.8525 0.8525 1.0385 0.8525 0.8525 1.0385,0 1 1 3 1 1 3,0 0 3 0 0 3 0,1,,no (tile),,,,79.82,,0.8210,,3 4,yes,4_2 6_2,p2,2222,L2
209080,7,6,1,0,SISISIS,not needed (covering theorem),151.33 132.98 104.31 75.69 255.69 104.31 75.69,1.0000 0.8683 0.7550 0.8683 0.7550 0.8683 0.7550,0 1 2 1 2 1 2,0 0 0 0 1 0 1,,,YES,2,1,2,75.69,,0.7550,,3 4,yes,4_2 6_2,p2,2222,L2
209080,7,6,1,6,SJJSJJS,not tested,71.08 186.94 36.30 186.94 173.06 143.70 101.98,1.0000 0.0500 0.0500 1.0000 0.0500 0.0500 0.8844,0 1 1 0 1 1 6,0 0 1 1 2 3 0,"1,6",,no (tile),,,,36.30,,0.0500,YES,3 4,yes,4_2 6_2,p2,2222,L2
209080,7,7,0,4,SSSSSSS,not needed (covering theorem),68.09 149.21 74.61 285.39 105.39 74.61 142.70,1.0000 1.0000 1.0000 1.0000 1.0000 1.0000 2.3372,0 0 0 0 0 0 6,0 0 0 0 0 0 0,,,YES,2,1,2,68.09,,0.4279,,3 4,yes,4_2 6_2,p2,2222,L2
209080,7,7,0,5,SSSSSSS,not tested,109.25 70.75 127.60 180.00 180.00 52.40 180.00,1.0000 0.3972 0.3972 0.3972 0.3972 0.3972 0.3972,0 1 1 1 1 1 1,0 0 0 0 0 0 0,1,,no (tile),,,,52.40,,0.3972,,3 4,yes,4_2 6_2,p2,2222,L2
209080,7,7,0,6,SSSSSSS,not needed (covering theorem),399.08 -15.21 219.08 -39.08 422.95 -62.95 -23.87,1.0000 3.1105 1.0000 3.1105 1.0000 3.1105 3.1105,0 1 0 1 0 1 1,0 0 0 0 0 0 0,,,YES,2,1,2,15.21,,0.3215,,3 4,yes,4_2 6_2,p2,2222,L2
209080,7,7,1,2,SSSSSSS,not tested,108.37 180.00 53.19 180.00 180.00 126.81 71.63,1.0000 1.0000 1.0000 1.0000 1.0000 1.0000 2.5308,0 0 0 0 0 0 6,0 0 1 1 1 0 0,"1,6",,no (tile),,,,53.19,,0.3951,,3 4,yes,4_2 6_2,p2,2222,L2
209080,7,9,0,0,SJJSJJS,not tested,172.63 59.54 82.38 300.46 59.54 97.62 127.82,1.0000 0.7678 0.7678 1.0000 0.7678 0.7678 0.3443,0 1 1 0 1 1 6,0 0 3 0 0 3 0,1,,no (tile),,,,59.54,,0.3443,,3 4,yes,4_2 6_2,p2,2222,L2
209080,7,9,1,0,SJJSJJS,not tested,236.91 57.32 88.94 294.23 65.77 91.06 65.77,1.0000 0.6986 0.6986 0.4254 0.6986 0.6986 0.4254,0 1 1 3 1 1 3,0 0 1 0 2 3 1,"1,6",,no (tile),,,,57.32,,0.4254,,3 4,yes,4_2 6_2,p2,2222,L2
209080,7,9,1,6,SISISIS,not needed (covering theorem),176.93 61.04 118.96 241.04 61.04 118.96 122.03,1.0000 1.0316 1.0000 1.0316 1.0000 1.0316 1.0320,0 1 0 1 0 1 6,0 0 0 0 1 0 0,,,YES,2,1,2,61.04,,0.9690,,3 4,yes,4_2 6_2,p2,2222,L2
209080,7,11,0,2,SSJJJJS,not tested,180.00 180.00 90.00 90.00 180.00 90.00 90.00,1.0000 1.0000 1.5000 1.5000 1.5000 1.5000 1.0000,0 0 2 2 2 2 0,0 0 0 3 0 3 0,"1,9",,no (tile),,,,90.00,,0.6667,,3 4,yes,4_2 6_2,p2,2222,L2
209080,7,11,0,4,JJSJJSS,not needed (covering theorem),18.43 180.00 161.57 198.43 90.00 71.57 180.00,1.0000 1.0000 3.1623 1.0000 1.0000 3.1623 3.1623,0 0 2 0 0 2 2,0 3 0 0 3 0 0,,,YES,2,1,2,18.43,,0.3162,,3 4,yes,4_2 6_2,p2,2222,L2
209080,7,11,1,1,IISIISS,not tested,44.75 180.00 135.25 224.75 90.00 45.25 180.00,1.0000 1.0000 4.2240 1.0000 2.9736 4.2240 4.2240,0 0 2 0 4 2 2,0 0 0 0 0 0 0,1,,no (tile),,,,44.75,,0.2367,,3 4,yes,4_2 6_2,p2,2222,L2
209080,7,11,1,6,SSJJJJS,not tested,180.00 180.00 90.00 90.00 180.00 90.00 90.00,1.0000 1.0000 1.5000 1.5000 1.5000 1.5000 1.0000,0 0 2 2 2 2 0,0 0 0 1 2 3 0,"1,6",,no (tile),,,,90.00,,0.6667,,3 4,yes,4_2 6_2,p2,2222,L2
209080,7,12,0,5,SSJJJJS,not tested,180.00 180.00 90.00 90.00 180.00 90.00 90.00,1.0000 1.0000 1.5000 1.5000 1.5000 1.5000 1.0000,0 0 2 2 2 2 0,0 0 0 0 3 3 0,1,,no (tile),,,,90.00,,0.6667,,3 4,yes,4_2 6_2,p2,2222,L2
209080,7,12,0,6,SSSSSSS,not tested,60.00 180.00 180.00 60.00 120.00 180.00 120.00,1.0000 1.0000 1.0000 1.0000 1.0000 1.0000 1.0000,0 0 0 0 0 0 0,0 0 0 0 0 0 0,1,,no (tile),,,,60.00,,1.0000,,3 4,yes,4_2 6_2,p2,2222,L2
209080,7,12,1,3,SSJJJJS,not tested,180.00 180.00 90.00 90.00 180.00 90.00 90.00,1.0000 1.0000 1.5000 1.5000 1.5000 1.5000 1.0000,0 0 2 2 2 2 0,0 0 0 2 1 3 0,1,,no (tile),,,,90.00,,0.6667,,3 4,yes,4_2 6_2,p2,2222,L2
209080,7,12,1,4,SSSISSS,not tested,63.04 180.00 180.00 58.48 121.52 180.00 116.96,1.0000 1.0000 1.0000 1.0456 1.0000 1.0000 1.0000,0 0 0 3 0 0 0,0 0 0 0 0 0 1,"1,2",,no (tile),,,,58.48,,0.9564,,3 4,yes,4_2 6_2,p2,2222,L2
209081,7,0,0,5,SSSSSSS,not tested,108.00 180.00 108.00 36.00 252.00 144.00 72.00,1.0000 1.0000 1.0000 1.0000 1.0000 1.0000 1.0000,0 0 0 0 0 0 0,0 0 0 1 1 0 0,2,,no (tile),,,,36.00,,1.0000,,3 4,yes,4_2 6_2,pgg,22x,L2
209081,7,0,0,6,SUSSSUS,not tested,120.00 180.00 0.00 300.00 60.00 180.00 60.00,1.0000 2.2636 1.0000 1.0000 1.0000 2.2636 1.0000,0 1 0 0 0 1 0,0 0 1 0 1 2 1,"1,2,6",,no (tile),,,,0.00,,0.4418,,3 4,yes,4_2 6_2,pgg,22x,L2
209081,7,0,1,3,SIISIIS,not tested,128.67 115.66 120.00 115.66 244.34 60.00 115.66,1.0000 0.8761 0.2519 1.0000 0.8761 0.8761 1.0000,0 1 2 0 1 1 0,0 0 0 1 0 0 1,,6,no (deep),,,,60.00,,0.2519,,3 4,yes,4_2 6_2,pgg,22x,L2
209081,7,1,0,0,SIISIIS,not tested,180.69 89.66 60.00 270.34 89.66 120.00 89.66,1.0000 0.8585 0.8585 1.0000 0.8795 0.8585 1.0000,0 1 1 0 4 1 0,0 0 0 0 0 0 1,,6,no (deep),,,,60.00,,0.8585,,3 4,yes,4_2 6_2,pgg,22x,L2
209081,7,1,1,5,SUSSSUS,not tested,-120.00 300.00 180.00 300.00 60.00 -0.00 180.00,1.0000 2.2636 1.0000 1.0000 1.0000 2.2636 1.0000,0 1 0 0 0 1 0,0 0 0 1 0 2 1,"1,2,6",,no (tile),,,,0.00,,0.4418,,3 4,yes,4_2 6_2,pgg,22x,L2
209081,7,1,1,6,SSSSSSS,not tested,108.00 72.00 144.00 252.00 36.00 108.00 180.00,1.0000 1.0000 1.0000 1.0000 1.0000 1.0000 1.0000,0 0 0 0 0 0 0,0 0 1 1 0 0 0,2,,no (tile),,,,36.00,,1.0000,,3 4,yes,4_2 6_2,pgg,22x,L2
209087,7,0,0,3,SSSSSSS,not tested,60.00 180.00 120.00 120.00 60.00 240.00 120.00,1.0000 1.0000 1.0000 1.0000 1.0000 1.0000 1.0000,0 0 0 0 0 0 0,0 1 1 1 1 1 1,"1,2",,no (tile),,,,60.00,,1.0000,,3 4,yes,4_2 6_2,pgg,22x,L2
209087,7,0,1,0,SUUSUSU,not tested,104.16 104.16 180.00 75.84 75.84 284.16 75.84,1.0000 1.0221 1.0221 1.0000 1.0221 1.0000 1.0221,0 1 1 0 1 0 1,0 0 2 0 0 1 2,"1,2",,no (tile),,,,75.84,,0.9784,,3 4,yes,4_2 6_2,pgg,22x,L2
209087,7,1,0,3,SSSSSSS,not needed (covering theorem),-338.50 1195.49 -497.00 -677.00 857.00 -1353.99 1713.99,1.0000 1.0000 1.0000 1.0000 1.0000 1.0000 1.0000,0 0 0 0 0 0 0,0 1 1 1 1 1 1,,,YES,2,"1,2",2,21.50,,1.0000,,3 4,yes,4_2 6_2,pgg,22x,L2
209087,7,1,1,6,SSSISSS,not tested,68.97 180.00 111.03 124.49 55.51 248.97 111.03,1.0000 1.0000 1.0000 1.1324 1.0000 1.0000 1.0000,0 0 0 3 0 0 0,0 1 0 0 0 1 0,1,,no (tile),,,,55.51,,0.8831,,3 4,yes,4_2 6_2,pgg,22x,L2
209087,7,4,0,1,SSSSSSS,not needed (covering theorem),338.50 1166.01 -806.01 583.00 -403.00 -223.00 244.51,1.0000 1.0000 1.0000 1.0000 1.0000 1.0000 1.0000,0 0 0 0 0 0 0,0 0 0 0 0 0 1,,,YES,2,"1,2",2,21.50,,1.0000,,3 4,yes,4_2 6_2,pgg,22x,L2
209087,7,4,1,4,SSSISSS,not tested,71.52 108.48 251.52 54.24 125.76 108.48 180.00,1.0000 1.0000 1.0000 1.1687 1.0000 1.0000 1.0000,0 0 0 3 0 0 0,0 1 0 0 0 1 0,1,,no (tile),,,,54.24,,0.8556,,3 4,yes,4_2 6_2,pgg,22x,L2
209087,7,5,0,0,USUSUUS,not tested,43.53 285.49 74.51 136.47 74.51 180.00 105.49,1.0000 1.0683 1.0000 1.0683 1.0000 1.0000 1.0683,0 1 0 1 0 0 1,0 0 2 0 2 0 0,"1,2",,no (tile),,,,43.53,,0.9360,,3 4,yes,4_2 6_2,pgg,22x,L2
209087,7,5,0,1,SSSSSSS,not tested,60.00 120.00 240.00 60.00 120.00 120.00 180.00,1.0000 1.0000 1.0000 1.0000 1.0000 1.0000 1.0000,0 0 0 0 0 0 0,0 0 0 0 0 0 1,"1,2",,no (tile),,,,60.00,,1.0000,,3 4,yes,4_2 6_2,pgg,22x,L2
209087,7,5,1,3,USUSUUS,not tested,118.74 61.26 298.74 61.26 61.26 180.00 118.74,1.0000 1.9233 1.0000 1.9233 1.0000 1.0000 1.9233,0 1 0 1 0 0 1,0 0 2 1 0 2 1,"1,2",,no (tile),,,,61.26,,0.5199,,3 4,yes,4_2 6_2,pgg,22x,L2
209099,7,2,0,0,SSSSSSS,not needed (covering theorem),210.08 59.97 119.95 29.97 330.03 120.03 29.97,1.0000 1.0000 1.0000 1.1543 1.0000 1.0000 1.1543,0 0 0 3 0 0 3,0 0 0 0 0 0 0,,,YES,2,1,2,29.97,,0.8663,,3 4,yes,4_3 6_3,p2,2222,L2
209099,7,4,0,4,SSSSSSS,not needed (covering theorem),122.20 73.85 286.15 163.96 98.02 73.85 81.98,1.0000 4.2902 1.0000 1.0000 1.0000 4.2902 4.2902,0 1 0 0 0 1 1,0 0 0 0 0 0 0,,,YES,2,1,2,73.85,,0.2331,,3 4,yes,4_3 6_3,p2,2222,L2
209099,7,4,1,2,SSSSSSS,not tested,24.64 167.39 192.61 12.03 155.36 204.64 143.33,1.0000 1.0000 1.0000 0.6981 1.0000 0.6981 0.6981,0 0 0 3 0 3 3,0 1 0 0 1 0 1,1,,no (tile),,,,12.03,,0.6981,,3 4,yes,4_3 6_3,p2,2222,L2
209099,7,4,1,6,SSSSSSS,not tested,71.33 108.67 251.33 180.00 18.41 108.67 161.59,1.0000 2.5264 1.0000 1.0000 2.5264 1.0000 2.5264,0 1 0 0 1 0 1,0 0 0 0 1 1 0,6,,no (tile),,,,18.41,,0.3958,,3 4,yes,4_3 6_3,p2,2222,L2
209100,7,0,0,4,SSSSSSS,not tested,65.10 68.27 245.10 114.90 46.63 180.00 180.00,1.0000 0.8419 1.0000 0.8419 0.8419 0.8419 0.8419,0 1 0 1 1 1 1,0 0 0 0 0 0 0,1,,no (tile),,,,46.63,,0.8419,,3 4,yes,5_3 5_3,p2,2222,hand
209100,7,0,0,5,SSSSSSS,not needed (covering theorem),26.59 63.47 89.94 269.94 90.06 180.11 179.89,1.0000 0.2236 0.2236 0.2236 0.2236 0.2236 0.2236,0 1 1 1 1 1 1,0 0 0 0 0 0 0,,,YES,2,1,2,26.59,,0.2236,,3 4,yes,5_3 5_3,p2,2222,hand
209100,7,0,1,3,SSSSSSS,not tested,109.25 70.75 127.60 180.00 52.40 307.60 52.40,1.0000 0.3972 0.3972 0.3972 0.3972 0.3972 0.3972,0 1 1 1 1 1 1,0 0 1 1 0 1 0,1,,no (tile),,,,52.40,,0.3972,,3 4,yes,5_3 5_3,p2,2222,hand
209100,7,2,0,3,SSSSSSS,not needed (covering theorem),2598.05 -3114.14 -258.04 876.08 438.04 2598.05 -2238.05,1.0000 1.4146 1.4146 1.4146 1.4146 1.0000 1.4146,0 1 1 1 1 0 1,0 0 0 0 0 0 0,,,YES,2,1,2,78.04,,0.7069,,3 4,yes,5_3 5_3,p2,2222,hand
209100,7,2,1,3,SSSSSSS,not tested,216.15 -36.15 198.99 180.00 -18.99 216.15 143.85,1.0000 1.8124 1.8124 1.8124 1.8124 1.0000 1.8124,0 1 1 1 1 0 1,0 0 1 1 0 0 0,"1,6",,no (tile),,,,18.99,,0.5518,,3 4,yes,5_3 5_3,p2,2222,hand
209100,7,3,0,4,SJJJJJJ,not tested,71.57 108.43 90.00 180.00 180.00 90.00 180.00,1.0000 0.3162 0.3162 0.3162 0.3162 0.3162 0.3162,0 1 1 1 1 1 1,0 0 3 0 3 0 3,9,,no (tile),,,,71.57,,0.3162,,3 4,yes,5_3 5_3,p2,2222,hand
209100,7,5,1,6,SSSSSSS,not tested,72.19 126.31 180.00 53.69 306.31 53.69 107.81,1.0000 1.0000 1.0000 1.0000 1.0000 1.0000 2.5391,0 0 0 0 0 0 6,0 1 1 0 1 0 0,1,,no (tile),,,,53.69,,0.3938,,3 4,yes,5_3 5_3,p2,2222,hand
209100,7,6,1,3,SJJJJJJ,not tested,109.25 70.75 127.60 180.00 180.00 52.40 180.00,1.0000 0.3972 0.3972 0.3972 0.3972 0.3972 0.3972,0 1 1 1 1 1 1,0 0 2 1 2 0 3,6,,no (tile),,,,52.40,,0.3972,,3 4,yes,5_3 5_3,p2,2222,hand
209100,7,6,1,6,SSSSISS,not tested,180.00 35.61 144.39 215.61 72.20 72.20 180.00,1.0000 1.0000 1.0000 1.0000 1.2230 1.0000 1.0000,0 0 0 0 4 0 0,0 1 0 1 0 0 0,1,,no (tile),,,,35.61,,0.8176,,3 4,yes,5_3 5_3,p2,2222,hand
209100,7,7,1,0,SJJJJJJ,not needed (covering theorem),79.11 19.11 261.78 98.22 180.00 81.78 180.00,1.0000 0.3307 0.3307 0.3307 0.3307 0.3307 0.3307,0 1 1 1 1 1 1,0 0 2 0 3 1 2,,,YES,2,1,2,19.11,,0.3307,,3 4,yes,5_3 5_3,p2,2222,hand
209100,7,8,0,0,SSSSSSS,not needed (covering theorem),81.87 98.66 197.32 197.32 81.34 162.68 80.81,1.0000 1.0000 1.0000 1.0000 1.0000 1.0000 3.5168,0 0 0 0 0 0 6,0 0 0 0 0 0 0,,,YES,2,1,2,80.81,,0.2844,,3 4,yes,5_3 5_3,p2,2222,hand
209100,7,9,1,0,SSSSSIS,not tested,210.05 87.95 62.00 298.00 62.00 149.00 31.00,1.0000 0.5664 0.5664 0.5664 0.5664 0.9695 0.5664,0 1 1 1 1 5 1,0 0 1 0 1 0 1,1,,no (tile),,,,31.00,,0.5664,,3 4,yes,5_3 5_3,p2,2222,hand
209100,7,9,1,2,SISSSSS,not tested,188.59 45.82 134.18 91.65 268.35 91.65 79.77,1.0000 2.2367 1.0000 1.0000 1.0000 1.0000 2.6459,0 1 0 0 0 0 6,0 0 0 1 0 1 0,1,,no (tile),,,,45.82,,0.3779,,3 4,yes,5_3 5_3,p2,2222,hand
209100,7,11,1,0,SIIIIII,not tested,134.87 45.13 180.00 180.00 90.00 90.00 180.00,1.0000 0.7055 0.7055 0.7055 0.7087 0.7055 0.7055,0 1 1 1 4 1 1,0 0 0 0 0 0 0,1,,no (tile),,,,45.13,,0.7055,,3 4,yes,5_3 5_3,p2,2222,hand
209100,7,12,0,6,SSSSSSS,not needed (covering theorem),90.00 51.83 270.00 103.66 128.17 90.00 166.34,1.0000 1.0000 0.2429 0.2429 0.2429 1.0000 0.2429,0 0 2 2 2 0 2,0 0 0 0 0 0 0,,,YES,2,1,2,51.83,,0.2429,,3 4,yes,5_3 5_3,p2,2222,hand
209100,7,12,1,5,SSSSSSS,not tested,73.39 106.61 180.00 54.76 180.00 180.00 125.24,1.0000 0.3911 0.3911 0.3911 0.3911 0.3911 0.3911,0 1 1 1 1 1 1,0 0 0 1 1 1 0,"1,6",,no (tile),,,,54.76,,0.3911,,3 4,yes,5_3 5_3,p2,2222,hand
209100,7,12,1,6,SSSSSSS,not tested,72.19 126.31 180.00 180.00 53.69 180.00 107.81,1.0000 1.0000 1.0000 1.0000 1.0000 1.0000 2.5391,0 0 0 0 0 0 6,0 1 1 1 0 0 0,"1,6",,no (tile),,,,53.69,,0.3938,,3 4,yes,5_3 5_3,p2,2222,hand
209100,7,13,0,4,SSSSSSS,not needed (covering theorem),81.87 80.81 162.68 81.34 197.32 197.32 98.66,1.0000 0.2844 0.2844 0.2844 0.2844 0.2844 0.2844,0 1 1 1 1 1 1,0 0 0 0 0 0 0,,,YES,2,1,2,80.81,,0.2844,,3 4,yes,5_3 5_3,p2,2222,hand
209100,7,14,1,5,SSSSSSS,not tested,73.39 106.61 54.76 305.24 54.76 180.00 125.24,1.0000 0.3911 0.3911 0.3911 0.3911 0.3911 0.3911,0 1 1 1 1 1 1,0 0 1 0 1 1 0,1,,no (tile),,,,54.76,,0.3911,,3 4,yes,5_3 5_3,p2,2222,hand
209100,7,15,0,5,SSJSJJJ,not tested,76.10 180.00 30.73 256.10 103.90 73.16 180.00,1.0000 1.0000 1.0410 1.0000 1.0410 1.0410 1.0410,0 0 2 0 2 2 2,0 0 0 0 3 3 0,1,,no (tile),,,,30.73,,0.9606,,3 4,yes,5_3 5_3,p2,2222,hand
209100,7,15,1,2,JJJSJSS,not tested,73.76 180.00 32.48 253.76 106.24 73.76 180.00,1.0000 1.0000 1.0000 1.1185 1.0000 1.1185 1.1185,0 0 0 3 0 3 3,0 3 1 0 2 1 1,1,,no (tile),,,,32.48,,0.8941,,3 4,yes,5_3 5_3,p2,2222,hand
209100,7,15,1,3,SSIISII,not tested,5.12 180.00 84.88 90.00 174.88 185.12 180.00,1.0000 1.0000 0.2675 0.3320 1.0000 0.3320 0.3320,0 0 2 3 0 3 3,0 0 0 0 1 0 0,1,,no (tile),,,,5.12,,0.2675,,3 4,yes,5_3 5_3,p2,2222,hand
209100,7,17,0,0,JJJSJSS,not tested,-75.55 180.00 284.59 255.55 104.45 -29.04 180.00,1.0000 1.0000 1.0000 0.9982 1.0000 0.9982 0.9982,0 0 0 3 0 3 3,0 3 3 0 0 0 0,1,,no (tile),,,,29.04,,0.9982,,3 4,yes,5_3 5_3,p2,2222,hand
209100,7,17,1,6,IISIISS,not tested,15.27 180.00 195.27 164.73 90.00 74.73 180.00,1.0000 1.0000 3.1098 1.0000 2.4569 3.1098 3.1098,0 0 2 0 4 2 2,0 0 0 0 0 1 1,1,,no (tile),,,,15.27,,0.3216,,3 4,yes,5_3 5_3,p2,2222,hand
209100,7,18,1,3,IIIIIIS,not tested,134.82 180.00 90.00 90.00 180.00 180.00 45.18,1.0000 1.0000 1.0063 1.0000 1.0000 1.0000 1.4187,0 0 2 0 0 0 6,0 0 0 0 0 0 0,1,,no (tile),,,,45.18,,0.7049,,3 4,yes,5_3 5_3,p2,2222,hand
209100,7,20,1,2,JJJJJJS,not needed (covering theorem),281.03 180.00 -81.93 180.00 261.93 98.07 -19.10,1.0000 1.0000 1.0000 1.0000 1.0000 1.0000 3.0261,0 0 0 0 0 0 6,0 3 1 2 0 2 0,,,YES,2,1,2,19.10,,0.3305,,3 4,yes,5_3 5_3,p2,2222,hand
209100,7,21,1,3,SSISSSS,not tested,180.00 180.00 74.46 74.46 211.08 148.92 31.08,1.0000 1.0000 1.0717 1.0000 1.0000 1.0000 1.0000,0 0 2 0 0 0 0,0 0 0 1 0 1 0,1,,no (tile),,,,31.08,,0.9331,,3 4,yes,5_3 5_3,p2,2222,hand
209100,7,21,1,6,JJJJJJS,not tested,108.37 180.00 53.19 180.00 180.00 126.81 71.63,1.0000 1.0000 1.0000 1.0000 1.0000 1.0000 2.5308,0 0 0 0 0 0 6,0 3 1 2 1 3 0,6,,no (tile),,,,53.19,,0.3951,,3 4,yes,5_3 5_3,p2,2222,hand
209100,7,23,0,0,JJJJJJS,not tested,71.57 180.00 90.00 180.00 180.00 90.00 108.43,1.0000 1.0000 1.0000 1.0000 1.0000 1.0000 3.1623,0 0 0 0 0 0 6,0 3 0 3 0 3 0,9,,no (tile),,,,71.57,,0.3162,,3 4,yes,5_3 5_3,p2,2222,hand
209100,7,24,0,2,SSSSSSS,not needed (covering theorem),78.06 281.94 78.06 78.04 156.07 101.96 125.87,1.0000 0.7067 1.0000 1.0000 1.0000 1.0000 0.7067,0 1 0 0 0 0 1,0 0 0 0 0 0 0,,,YES,2,1,2,78.04,,0.7067,,3 4,yes,5_3 5_3,p2,2222,hand
209100,7,24,0,5,SSSSSSS,not needed (covering theorem),-400.91 780.02 -420.02 -439.12 799.12 -19.11 600.02,1.0000 1.0000 1.0000 1.3234 1.0000 1.3234 1.3234,0 0 0 3 0 3 3,0 0 0 0 0 0 0,,,YES,2,1,2,19.11,,0.7557,,3 4,yes,5_3 5_3,p2,2222,hand
209100,7,24,1,6,SSSSSSS,not tested,78.70 281.30 78.70 71.94 180.00 108.06 101.30,1.0000 0.9695 1.0000 1.0000 1.0000 1.0000 0.9695,0 1 0 0 0 0 1,0 0 0 1 1 0 0,"1,6",,no (tile),,,,71.94,,0.9695,,3 4,yes,5_3 5_3,p2,2222,hand
209100,7,26,0,0,SSSSSSS,not needed (covering theorem),26.70 179.34 180.66 90.33 269.67 89.67 63.63,1.0000 1.0000 1.0000 1.0000 1.0000 1.0000 4.4772,0 0 0 0 0 0 6,0 0 0 0 0 0 0,,,YES,2,1,2,26.70,,0.2234,,3 4,yes,5_3 5_3,p2,2222,hand
209100,7,26,1,4,SSSISSS,not tested,125.24 234.76 125.24 54.76 125.24 109.52 125.24,1.0000 0.0765 1.0000 1.3069 1.0000 1.0000 0.0765,0 1 0 3 0 0 1,0 0 0 0 0 1 0,1,,no (tile),,,,54.76,,0.0585,,3 4,yes,5_3 5_3,p2,2222,hand
209100,7,26,1,6,SSSSSSS,not tested,108.37 53.19 306.81 53.19 180.00 126.81 71.63,1.0000 1.0000 1.0000 1.0000 1.0000 1.0000 2.5308,0 0 0 0 0 0 6,0 1 0 1 1 0 0,1,,no (tile),,,,53.19,,0.3951,,3 4,yes,5_3 5_3,p2,2222,hand
209105,7,0,0,0,SSSSSSS,not needed (covering theorem),306.71 -94.80 -189.61 274.80 242.90 274.80 85.20,1.0000 1.0000 1.0000 1.0000 1.0000 1.0000 1.0000,0 0 0 0 0 0 0,0 0 0 0 1 1 1,,,YES,2,"1,2",2,53.29,,1.0000,,3 4,yes,5_3 5_3,pgg,22x,hand
209105,7,0,0,6,SISSISI,not needed (covering theorem),60.08 179.92 119.92 120.16 59.92 240.08 119.92,1.0000 1.0008 1.0000 1.0000 1.0008 1.0000 1.0008,0 1 0 0 1 0 1,0 0 1 0 0 0 0,,,YES,2,2,2,59.92,,0.9992,,3 4,yes,5_3 5_3,pgg,22x,hand
209105,7,0,1,1,SSSSSSS,not needed (covering theorem),1500.00 -2340.00 3000.00 -1320.00 -300.00 -2640.00 3000.00,1.0000 1.0000 1.0000 1.0000 1.0000 1.0000 1.0000,0 0 0 0 0 0 0,0 1 1 1 0 0 0,,,YES,2,2,2,60.00,,1.0000,,3 4,yes,5_3 5_3,pgg,22x,hand
209105,7,0,1,2,SISSSSS,not tested,94.81 126.92 53.08 253.83 11.36 253.83 106.17,1.0000 1.7391 1.0000 1.0000 1.0000 1.0000 1.0000,0 1 0 0 0 0 0,0 0 0 1 0 1 0,1,,no (tile),,,,11.36,,0.5750,,3 4,yes,5_3 5_3,pgg,22x,hand
209105,7,0,1,4,SSSSSSS,not tested,133.43 75.52 180.00 104.48 46.57 284.48 75.52,1.0000 1.0000 1.0000 1.0000 1.0000 1.0000 1.0000,0 0 0 0 0 0 0,0 1 1 0 1 0 1,"1,6",,no (tile),,,,46.57,,1.0000,,3 4,yes,5_3 5_3,pgg,22x,hand
209105,7,0,1,5,SSSISSS,not needed (covering theorem),69.85 -583.47 471.73 145.07 436.81 471.73 -111.73,1.0000 1.0000 1.0000 1.6892 1.0000 1.0000 1.0000,0 0 0 3 0 0 0,0 0 0 0 1 1 1,,,YES,2,2,2,69.85,,0.5920,,3 4,yes,5_3 5_3,pgg,22x,hand
209105,7,1,0,5,SSSSSSS,not tested,160.00 160.00 100.00 60.00 200.00 200.00 20.00,1.0000 1.0000 1.0000 1.0000 1.0000 1.0000 1.0000,0 0 0 0 0 0 0,0 0 1 0 0 0 0,"1,2",,no (tile),,,,20.00,,1.0000,,3 4,yes,5_3 5_3,pgg,22x,hand
209105,7,1,1,4,SSUSSUS,not tested,90.49 180.00 134.76 44.27 180.00 225.24 45.24,1.0000 1.0000 0.7343 1.0000 1.0000 0.7343 1.0000,0 0 2 0 0 2 0,0 0 0 1 1 2 0,"2,6",,no (tile),,,,44.27,,0.7343,,3 4,yes,5_3 5_3,pgg,22x,hand
209105,7,1,1,6,SSSSSSS,not tested,141.79 60.00 180.00 38.21 321.79 38.21 120.00,1.0000 1.0000 1.0000 1.0000 1.0000 1.0000 1.0000,0 0 0 0 0 0 0,0 0 0 1 0 1 1,"1,2,6",,no (tile),,,,38.21,,1.0000,,3 4,yes,5_3 5_3,pgg,22x,hand
209105,7,2,0,0,SSUSUSS,not tested,129.96 50.04 194.95 194.95 35.09 165.05 129.96,1.0000 1.0000 0.7688 1.0000 0.7688 1.0000 1.0000,0 0 2 0 2 0 0,0 0 0 1 2 0 0,2,,no (tile),,,,35.09,,0.7688,,3 4,yes,5_3 5_3,pgg,22x,hand
209105,7,2,1,5,SSSSSSS,not tested,130.65 49.35 180.00 229.35 31.94 130.65 148.06,1.0000 1.0000 1.0000 1.0000 1.0000 1.0000 1.0000,0 0 0 0 0 0 0,0 0 0 0 1 1 0,2,,no (tile),,,,31.94,,1.0000,,3 4,yes,5_3 5_3,pgg,22x,hand
209105,7,3,0,0,SSSSSSS,not tested,127.76 52.24 203.28 28.96 331.04 28.96 127.76,1.0000 1.0000 1.0000 1.0000 1.0000 1.0000 1.0000,0 0 0 0 0 0 0,0 0 1 0 1 0 0,1,,no (tile),,,,28.96,,1.0000,,3 4,yes,5_3 5_3,pgg,22x,hand
209105,7,3,0,5,SSSSSSS,not tested,127.76 127.76 28.96 331.04 28.96 203.28 52.24,1.0000 1.0000 1.0000 1.0000 1.0000 1.0000 1.0000,0 0 0 0 0 0 0,0 0 1 0 1 0 0,1,,no (tile),,,,28.96,,1.0000,,3 4,yes,5_3 5_3,pgg,22x,hand
209105,7,4,0,4,SSSSSSS,not tested,140.00 140.00 140.00 60.00 160.00 220.00 40.00,1.0000 1.0000 1.0000 1.0000 1.0000 1.0000 1.0000,0 0 0 0 0 0 0,0 0 0 1 0 0 0,"1,2",,no (tile),,,,40.00,,1.0000,,3 4,yes,5_3 5_3,pgg,22x,hand
209105,7,4,0,6,SSSSSSS,not tested,140.00 40.00 220.00 160.00 60.00 140.00 140.00,1.0000 1.0000 1.0000 1.0000 1.0000 1.0000 1.0000,0 0 0 0 0 0 0,0 0 0 1 0 0 0,"1,2",,no (tile),,,,40.00,,1.0000,,3 4,yes,5_3 5_3,pgg,22x,hand
209105,7,4,1,0,SUSUUUS,not needed (covering theorem),-98.01 -49.01 130.99 327.02 81.99 278.01 229.01,1.0000 0.4873 1.0000 0.4873 0.4873 0.4873 1.0000,0 1 0 1 1 1 0,0 0 1 2 0 2 0,,,YES,2,2,2,32.98,,0.4873,,3 4,yes,5_3 5_3,pgg,22x,hand
209105,7,4,1,4,SUUUSUS,not needed (covering theorem),-98.05 -130.98 278.05 81.95 -32.93 490.98 310.98,1.0000 0.4880 0.4880 0.4880 1.0000 0.4880 1.0000,0 1 1 1 0 1 0,0 0 2 0 1 2 0,,,YES,2,2,2,32.93,,0.4880,,3 4,yes,5_3 5_3,pgg,22x,hand
209105,7,4,1,5,SSSSSSS,not tested,141.79 120.00 180.00 38.21 180.00 180.00 60.00,1.0000 1.0000 1.0000 1.0000 1.0000 1.0000 1.0000,0 0 0 0 0 0 0,0 0 0 1 1 1 1,"1,2,6",,no (tile),,,,38.21,,1.0000,,3 4,yes,5_3 5_3,pgg,22x,hand
209105,7,4,1,6,SSSSSSS,not tested,141.79 60.00 180.00 180.00 38.21 180.00 120.00,1.0000 1.0000 1.0000 1.0000 1.0000 1.0000 1.0000,0 0 0 0 0 0 0,0 0 0 0 1 1 1,"1,2,6",,no (tile),,,,38.21,,1.0000,,3 4,yes,5_3 5_3,pgg,22x,hand
209105,7,5,0,4,SSUSUSS,not tested,124.01 124.01 173.99 49.99 186.01 186.01 55.99,1.0000 1.0000 0.2675 1.0000 0.2675 1.0000 1.0000,0 0 2 0 2 0 0,0 0 0 1 2 0 0,2,,no (tile),,,,49.99,,0.2675,,3 4,yes,5_3 5_3,pgg,22x,hand
209105,7,5,1,5,SSSSSSS,not tested,130.65 148.06 130.65 31.94 229.35 180.00 49.35,1.0000 1.0000 1.0000 1.0000 1.0000 1.0000 1.0000,0 0 0 0 0 0 0,0 1 1 0 0 0 0,2,,no (tile),,,,31.94,,1.0000,,3 4,yes,5_3 5_3,pgg,22x,hand
209105,7,6,0,5,SSSSSSS,not tested,160.00 20.00 200.00 200.00 60.00 100.00 160.00,1.0000 1.0000 1.0000 1.0000 1.0000 1.0000 1.0000,0 0 0 0 0 0 0,0 0 0 0 1 0 0,"1,2",,no (tile),,,,20.00,,1.0000,,3 4,yes,5_3 5_3,pgg,22x,hand
209105,7,6,1,0,SUSSUSS,not tested,93.81 46.91 226.91 180.00 39.28 133.09 180.00,1.0000 0.9266 1.0000 1.0000 0.9266 1.0000 1.0000,0 1 0 0 1 0 0,0 0 1 1 2 0 0,"2,6",,no (tile),,,,39.28,,0.9266,,3 4,yes,5_3 5_3,pgg,22x,hand
209105,7,6,1,5,SSSSSSS,not tested,141.79 120.00 38.21 321.79 38.21 180.00 60.00,1.0000 1.0000 1.0000 1.0000 1.0000 1.0000 1.0000,0 0 0 0 0 0 0,0 0 1 0 1 1 1,"1,2,6,8",,no (tile),,,,38.21,,1.0000,,3 4,yes,5_3 5_3,pgg,22x,hand
209105,7,8,0,5,SSSSSSS,not needed (covering theorem),-413.29 1165.20 -805.20 -1197.10 -805.20 1970.39 985.20,1.0000 1.0000 1.0000 1.0000 1.0000 1.0000 1.0000,0 0 0 0 0 0 0,0 0 0 1 1 1 1,,,YES,2,"1,2",2,53.29,,1.0000,,3 4,yes,5_3 5_3,pgg,22x,hand
209105,7,8,0,6,ISISSIS,not needed (covering theorem),60.04 119.96 240.04 59.96 120.08 119.96 179.96,1.0000 0.9996 1.0000 0.9996 0.9996 1.0000 0.9996,0 1 0 1 1 0 1,0 0 0 0 1 0 0,,,YES,2,2,2,59.96,,0.9996,,3 4,yes,5_3 5_3,pgg,22x,hand
209105,7,8,1,0,SSSSSIS,not tested,95.05 107.08 252.92 12.03 252.92 53.54 126.46,1.0000 1.0000 1.0000 1.0000 1.0000 1.7570 1.0000,0 0 0 0 0 5 0,0 1 0 1 0 0 0,1,,no (tile),,,,12.03,,0.5692,,3 4,yes,5_3 5_3,pgg,22x,hand
209105,7,8,1,1,SSSSSSS,not needed (covering theorem),-60.00 -120.00 480.00 -60.00 240.00 -120.00 540.00,1.0000 1.0000 1.0000 1.0000 1.0000 1.0000 1.0000,0 0 0 0 0 0 0,0 0 0 1 1 1 0,,,YES,2,2,2,60.00,,1.0000,,3 4,yes,5_3 5_3,pgg,22x,hand
209105,7,8,1,4,SSSISSS,not needed (covering theorem),69.93 248.25 111.75 76.78 145.03 111.75 136.50,1.0000 1.0000 1.0000 1.6914 1.0000 1.0000 1.0000,0 0 0 3 0 0 0,0 0 0 0 1 1 1,,,YES,2,2,2,69.93,,0.5912,,3 4,yes,5_3 5_3,pgg,22x,hand
209105,7,8,1,5,SSSSSSS,not tested,133.43 75.52 284.48 46.57 104.48 180.00 75.52,1.0000 1.0000 1.0000 1.0000 1.0000 1.0000 1.0000,0 0 0 0 0 0 0,0 1 0 1 0 0 1,"1,6",,no (tile),,,,46.57,,1.0000,,3 4,yes,5_3 5_3,pgg,22x,hand
209191,7,0,0,3,SJJSJJS,not tested,155.54 101.46 120.67 103.00 257.00 59.33 103.00,1.0000 0.7347 0.7347 1.0000 0.7347 0.7347 1.0000,0 1 1 0 1 1 0,0 0 3 1 0 3 1,"1,2",,no (tile),,,,59.33,,0.7347,,3 4,yes,4_2 6_2,pgg,22x,L2
209191,7,0,1,4,SJJSJJS,not tested,170.24 121.55 35.56 291.79 68.21 144.44 68.21,1.0000 1.0672 1.0672 1.0000 1.0672 1.0672 1.0000,0 1 1 0 1 1 0,0 0 1 0 2 3 1,"1,2,6",,no (tile),,,,35.56,,0.9370,,3 4,yes,4_2 6_2,pgg,22x,L2
209191,7,0,1,5,SSISISI,not needed (covering theorem),111.99 180.00 68.01 111.99 248.01 68.01 111.99,1.0000 1.0000 0.7490 1.0000 0.7490 1.0000 0.7490,0 0 2 0 2 0 2,0 1 0 1 0 0 0,,,YES,2,"1,2",2,68.01,,0.7490,,3 4,yes,4_2 6_2,pgg,22x,L2
209191,7,1,0,5,SSJJSJJ,not tested,123.28 168.20 68.52 89.50 291.48 68.52 90.50,1.0000 1.0000 1.0623 1.0623 1.0000 1.0623 1.0623,0 0 2 2 0 2 2,0 1 0 3 1 0 3,"1,2",,no (tile),,,,68.52,,0.9414,,3 4,yes,4_2 6_2,pgg,22x,L2
209191,7,1,1,3,SISISIS,not needed (covering theorem),180.00 111.96 111.96 68.04 248.04 111.96 68.04,1.0000 0.7478 1.0000 0.7478 1.0000 0.7478 1.0000,0 1 0 1 0 1 0,0 0 0 0 1 0 1,,,YES,2,"1,2",2,68.04,,0.7478,,3 4,yes,4_2 6_2,pgg,22x,L2
209191,7,1,1,4,SSJJSJJ,not tested,115.46 95.77 148.76 93.81 148.76 211.24 86.19,1.0000 1.0000 0.2675 0.2675 1.0000 0.2675 0.2675,0 0 2 2 0 2 2,0 1 0 1 0 2 3,"1,2,6",,no (tile),,,,86.19,,0.2675,,3 4,yes,4_2 6_2,pgg,22x,L2
209191,7,4,0,0,SSSSSSS,not needed (covering theorem),137.00 317.00 43.00 86.01 115.49 158.50 43.00,1.0000 1.0000 1.0000 1.0000 1.0000 1.0000 1.0000,0 0 0 0 0 0 0,0 0 0 0 1 0 0,,,YES,2,"1,2",2,43.00,,1.0000,,3 4,yes,4_2 6_2,pgg,22x,L2
209191,7,5,0,3,SSSSSSS,not needed (covering theorem),86.01 43.00 317.00 137.00 43.00 158.50 115.49,1.0000 1.0000 1.0000 1.0000 1.0000 1.0000 1.0000,0 0 0 0 0 0 0,0 0 0 0 0 1 0,,,YES,2,"1,2",2,43.00,,1.0000,,3 4,yes,4_2 6_2,pgg,22x,L2
209193,7,1,1,2,SSSSSSS,not tested,331.04 -104.48 464.48 -435.52 284.48 226.57 133.43,1.0000 1.0000 1.0000 1.0000 1.0000 1.0000 1.0000,0 0 0 0 0 0 0,0 1 0 1 0 1 0,1,,no (tile),,,,28.96,,1.0000,,3 4,yes,4_3 6_3,pgg,22x,L2
209194,7,0,0,1,USUUIUS,not tested,72.24 156.10 203.90 131.65 65.83 114.17 156.10,1.0000 1.7720 1.0000 1.0000 3.2288 1.0000 1.7720,0 1 0 0 4 0 1,0 0 2 2 0 0 0,1,,no (tile),,,,65.83,,0.3097,,3 4,yes,4_3 6_3,pgg,22x,L2
209194,7,0,1,1,SSSSSSS,not tested,269.00 180.00 180.00 -89.00 269.00 -0.00 91.00,1.0000 1.0000 1.0000 1.0000 4.0000 1.0000 1.0000,0 0 0 0 4 0 0,0 0 0 1 0 0 1,1,,no (tile),,,,0.00,,0.2500,,3 4,yes,4_3 6_3,pgg,22x,L2
209194,7,1,0,1,ISIIIIS,not tested,81.11 240.28 119.72 38.61 180.00 180.00 60.28,1.0000 1.0085 1.0000 1.0000 1.0000 1.0000 1.0085,0 1 0 0 0 0 1,0 0 0 0 0 0 0,1,,no (tile),,,,38.61,,0.9916,,3 4,yes,4_3 6_3,pgg,22x,L2
209194,7,1,0,4,SSSSUSU,not tested,217.81 180.00 180.00 19.39 122.80 142.19 37.81,1.0000 1.0000 1.0000 2.9172 1.9637 1.0000 1.9637,0 0 0 3 4 0 4,0 0 0 0 0 1 2,"1,2,6",,no (tile),,,,19.39,,0.3428,,3 4,yes,4_3 6_3,pgg,22x,L2
209194,7,1,0,5,SSSSSSS,not tested,98.21 120.00 240.00 21.79 120.00 240.00 60.00,1.0000 1.0000 1.0000 1.0000 1.0000 1.0000 1.0000,0 0 0 0 0 0 0,0 0 0 1 1 1 1,1,,no (tile),,,,21.79,,1.0000,,3 4,yes,4_3 6_3,pgg,22x,L2
209194,7,1,0,6,JSJJSJS,not tested,79.43 110.56 249.44 118.59 69.44 110.56 161.98,1.0000 2.3817 1.0000 1.0000 2.3817 1.0000 2.6066,0 1 0 0 1 0 6,0 0 3 2 1 1 0,"1,6",,no (tile),,,,69.44,,0.3836,,3 4,yes,4_3 6_3,pgg,22x,L2
209194,7,2,0,3,SSSSSIS,not needed (covering theorem),90.01 135.09 224.91 134.99 135.09 67.45 112.46,1.0000 1.0000 1.0000 1.0000 1.0000 3.6976 1.0000,0 0 0 0 0 5 0,0 1 0 0 1 0 0,,,YES,2,6,2,67.45,,0.2704,,3 4,yes,4_3 6_3,pgg,22x,L2
209194,7,2,1,1,USUSUSU,not tested,180.00 127.81 232.19 52.19 127.81 114.50 65.50,1.0000 2.7780 1.0000 2.7780 1.0000 4.8237 1.0000,0 1 0 1 0 5 0,0 0 2 1 0 0 2,"1,2,6",,no (tile),,,,52.19,,0.2073,,3 4,yes,4_3 6_3,pgg,22x,L2
209194,7,3,0,3,UUUUUIU,not tested,60.00 180.00 180.00 180.00 120.00 60.00 120.00,1.0000 1.0000 1.0000 1.0000 1.0000 4.0000 1.0000,0 0 0 0 0 5 0,0 2 0 2 2 0 0,"1,6",,no (tile),,,,60.00,,0.2500,,3 4,yes,4_3 6_3,pgg,22x,L2
209195,7,0,0,0,SSSSISS,not needed (covering theorem),105.42 285.42 74.58 149.17 68.12 142.71 74.58,1.0000 1.0000 1.0000 1.0000 2.3363 1.0000 1.0000,0 0 0 0 4 0 0,0 1 0 0 0 1 0,,,YES,2,6,2,68.12,,0.4280,,3 4,yes,4_3 6_3,pgg,22x,L2
209195,7,0,1,2,SSSSSSS,not tested,180.00 307.70 52.30 127.70 70.63 109.37 52.30,1.0000 1.0000 1.0000 1.0000 2.5162 1.0000 1.0000,0 0 0 0 4 0 0,0 1 0 1 0 1 0,"1,2,6",,no (tile),,,,52.30,,0.3974,,3 4,yes,4_3 6_3,pgg,22x,L2
209195,7,1,0,5,SSSSSSS,not tested,14.09 243.42 116.58 102.49 51.24 243.42 128.76,1.0000 1.0000 1.0000 1.0000 1.0000 1.0000 1.0000,0 0 0 0 0 0 0,0 1 0 0 0 1 1,6,,no (tile),,,,14.09,,1.0000,,3 4,yes,4_3 6_3,pgg,22x,L2
209195,7,2,0,2,SSSSSIS,not tested,299.03 295.83 64.17 -3.20 64.17 -1.60 181.60,1.0000 1.0000 1.0000 1.0000 1.0000 1.1108 1.0000,0 0 0 0 0 5 0,0 1 0 1 0 0 0,1,,no (tile),,,,1.60,,0.9002,,3 4,yes,4_3 6_3,pgg,22x,L2
209195,7,2,1,2,USUUUSS,not tested,45.33 225.33 134.67 180.00 180.00 72.38 62.29,1.0000 8.8539 1.0000 1.0000 1.0000 13.2138 8.8539,0 1 0 0 0 5 1,0 0 2 0 2 0 1,"1,6",,no (tile),,,,45.33,,0.0757,,3 4,yes,4_3 6_3,pgg,22x,L2
209201,7,0,1,1,SISSSSS,not tested,237.82 61.09 98.63 142.46 217.54 20.28 122.18,1.0000 0.7012 0.8854 1.0000 0.8854 1.0000 1.0000,0 1 2 0 2 0 0,0 0 0 1 0 0 1,1,,no (tile),,,,20.28,,0.7012,,3 4,yes,4_3 6_3,p2,2222,hand
209201,7,0,1,3,SSSSSSS,not tested,-28.87 180.00 285.05 208.87 -105.05 285.05 74.95,1.0000 1.0000 0.9945 1.0000 0.9945 1.0000 0.9945,0 0 2 0 2 0 2,0 0 0 1 1 1 1,"1,6",,no (tile),,,,28.87,,0.9945,,3 4,yes,4_3 6_3,p2,2222,hand
209201,7,0,1,4,SSSSSSS,not tested,267.13 -87.13 209.96 267.13 180.00 -29.96 92.87,1.0000 0.8414 1.0000 0.8414 0.8414 1.0000 0.8414,0 1 0 1 1 0 1,0 0 1 1 1 0 0,"1,6",,no (tile),,,,29.96,,0.8414,,3 4,yes,4_3 6_3,p2,2222,hand
209201,7,0,1,6,SSSISSS,not tested,17.78 188.30 171.70 85.26 76.96 206.07 153.93,1.0000 1.0230 1.0000 0.6267 1.0230 1.0230 1.0230,0 1 0 3 1 1 1,0 0 0 0 1 0 1,1,,no (tile),,,,17.78,,0.6127,,3 4,yes,4_3 6_3,p2,2222,hand
209201,7,1,0,2,SSSSSSS,not tested,180.00 57.41 122.59 122.59 57.41 180.00 180.00,1.0000 2.7852 1.0000 2.7852 1.0000 1.0000 1.0000,0 1 0 3 0 0 0,0 0 0 0 0 0 0,1,,no (tile),,,,57.41,,0.3590,,3 4,yes,4_3 6_3,p2,2222,hand
209201,7,1,1,3,SJSJSSS,not tested,180.00 46.52 133.48 133.48 46.52 180.00 180.00,1.0000 2.1800 1.0000 2.1800 1.0000 1.0000 1.0000,0 1 0 1 0 0 0,0 0 1 2 0 0 0,6,,no (tile),,,,46.52,,0.4587,,3 4,yes,4_3 6_3,p2,2222,hand
209201,7,2,0,0,SSSSSSS,not needed (covering theorem),109.43 141.14 109.34 70.57 250.66 109.34 109.52,1.0000 1.0000 0.6672 0.6672 1.0000 0.6672 1.0000,0 0 2 2 0 2 0,0 0 0 0 0 0 0,,,YES,2,1,2,70.57,,0.6672,,3 4,yes,4_3 6_3,p2,2222,hand
209201,7,2,0,4,SSSSSSS,not needed (covering theorem),50.55 151.41 208.59 50.43 158.04 79.02 201.96,1.0000 1.2708 1.0000 1.2708 1.2708 1.2708 1.2708,0 1 0 1 1 1 1,0 0 0 0 0 0 0,,,YES,2,1,2,50.43,,0.7869,,3 4,yes,4_3 6_3,p2,2222,hand
209201,7,2,1,1,SISSSSS,not tested,191.47 84.26 95.74 72.11 287.89 96.41 72.11,1.0000 1.0284 1.0000 0.6283 1.0000 0.6283 1.0000,0 1 0 3 0 3 0,0 0 0 0 0 1 1,2,,no (tile),,,,72.11,,0.6109,,3 4,yes,4_3 6_3,p2,2222,hand
209201,7,2,1,4,SSSSSSS,not tested,234.44 -54.44 180.00 258.44 180.00 -24.00 125.56,1.0000 0.8304 0.8304 0.8304 0.8304 1.0000 0.8304,0 1 1 1 1 0 1,0 0 0 1 1 0 0,"1,2,6",,no (tile),,,,24.00,,0.8304,,3 4,yes,4_3 6_3,p2,2222,hand
209201,7,4,0,1,SSSSSSS,not needed (covering theorem),201.97 79.01 158.03 50.44 208.57 151.43 50.54,1.0000 1.0000 1.0000 0.7868 1.0000 0.7868 1.0000,0 0 0 3 0 3 0,0 0 0 0 0 0 0,,,YES,2,1,2,50.44,,0.7868,,3 4,yes,4_3 6_3,p2,2222,hand
209201,7,4,0,5,SSSSSSS,not needed (covering theorem),109.55 109.27 250.73 70.59 109.27 141.18 109.41,1.0000 1.4983 1.0000 1.0000 1.4983 1.4983 1.4983,0 1 0 0 1 1 1,0 0 0 0 0 0 0,,,YES,2,1,2,70.59,,0.6674,,3 4,yes,4_3 6_3,p2,2222,hand
209201,7,4,1,3,SSSSSSS,not tested,254.16 28.75 180.00 77.09 180.00 74.16 105.84,1.0000 0.9870 0.9870 0.9870 0.9870 1.0000 0.9870,0 1 1 1 1 0 1,0 0 0 1 1 0 1,"1,2,6",,no (tile),,,,28.75,,0.9870,,3 4,yes,4_3 6_3,p2,2222,hand
209201,7,4,1,6,SSSSISS,not tested,153.61 40.97 206.39 153.61 82.71 97.29 165.42,1.0000 1.2450 1.0000 1.2450 1.4250 1.2450 1.2450,0 1 0 1 4 1 1,0 0 1 0 0 0 1,2,,no (tile),,,,40.97,,0.7018,,3 4,yes,4_3 6_3,p2,2222,hand
209201,7,5,0,3,SSSSSSS,not tested,180.00 180.00 57.41 122.59 122.59 57.41 180.00,1.0000 1.0000 2.7852 1.0000 2.7852 1.0000 1.0000,0 0 2 0 4 0 0,0 0 0 0 0 0 0,1,,no (tile),,,,57.41,,0.3590,,3 4,yes,4_3 6_3,p2,2222,hand
209201,7,5,1,4,SSJSJSS,not tested,180.00 180.00 46.52 133.48 133.48 46.52 180.00,1.0000 1.0000 2.1800 1.0000 2.1800 1.0000 1.0000,0 0 2 0 2 0 0,0 0 0 1 2 0 0,6,,no (tile),,,,46.52,,0.4587,,3 4,yes,4_3 6_3,p2,2222,hand
209203,7,0,1,6,SSISSSS,not tested,287.66 111.27 -19.46 199.46 -38.92 398.92 -38.92,1.0000 1.0000 0.9744 1.0000 1.0000 1.0000 1.0000,0 0 2 0 0 0 0,0 1 0 1 0 1 0,1,,no (tile),,,,19.46,,0.9744,,3 4,yes,5_3 5_3,pgg,22x,L2
209203,7,1,0,0,SSSUSUS,not needed (covering theorem),88.12 183.76 91.88 832.82 832.82 -472.82 -656.58,1.0000 1.0000 1.0000 0.7297 1.0000 0.7297 1.0000,0 0 0 3 0 3 0,0 0 0 0 1 2 0,,,YES,2,"1,2",2,63.42,,0.7297,,3 4,yes,5_3 5_3,pgg,22x,L2
209203,7,1,0,3,SSSSSSS,not needed (covering theorem),-422.15 1165.20 985.20 -383.04 1548.24 -1188.24 -805.20,1.0000 1.0000 1.0000 1.0000 1.0000 1.0000 1.0000,0 0 0 0 0 0 0,0 0 0 1 0 1 1,,,YES,2,2,2,23.04,,1.0000,,3 4,yes,5_3 5_3,pgg,22x,L2
209203,7,1,0,4,SSSSSSS,not tested,180.00 -75.52 180.00 284.48 255.52 104.48 -28.96,1.0000 1.0000 1.0000 1.0000 1.0000 1.0000 1.0000,0 0 0 0 0 0 0,0 1 1 1 0 1 0,"1,2,6",,no (tile),,,,28.96,,1.0000,,3 4,yes,5_3 5_3,pgg,22x,L2
209203,7,1,1,1,SISUSUS,not tested,141.55 109.23 70.77 173.93 173.93 186.07 44.52,1.0000 0.8926 1.0000 0.0500 1.0000 0.0500 1.0000,0 1 0 3 0 3 0,0 0 0 0 1 2 1,1,,no (tile),,,,44.52,,0.0500,YES,3 4,yes,5_3 5_3,pgg,22x,L2
209203,7,1,1,2,SSSUSUS,not tested,85.08 180.00 94.92 59.55 239.55 120.45 120.45,1.0000 1.0000 1.0000 0.6489 1.0000 0.6489 1.0000,0 0 0 3 0 3 0,0 0 1 0 0 2 1,"1,2,6",,no (tile),,,,59.55,,0.6489,,3 4,yes,5_3 5_3,pgg,22x,L2
209203,7,1,1,5,SSSSSSS,not tested,180.00 75.52 180.00 28.96 255.52 104.48 75.52,1.0000 1.0000 1.0000 1.0000 1.0000 1.0000 1.0000,0 0 0 0 0 0 0,0 1 1 0 1 0 0,"1,2,6",,no (tile),,,,28.96,,1.0000,,3 4,yes,5_3 5_3,pgg,22x,L2
209203,7,8,0,1,SSSSSSS,not tested,28.96 255.52 104.48 75.52 180.00 75.52 180.00,1.0000 1.0000 1.0000 1.0000 1.0000 1.0000 1.0000,0 0 0 0 0 0 0,0 1 0 0 0 1 1,"1,2,6",,no (tile),,,,28.96,,1.0000,,3 4,yes,5_3 5_3,pgg,22x,L2
209203,7,8,0,2,SSSSSSS,not needed (covering theorem),-4765.20 -12348.24 12708.24 -7583.04 4945.20 5125.20 2817.85,1.0000 1.0000 1.0000 1.0000 1.0000 1.0000 1.0000,0 0 0 0 0 0 0,0 1 0 1 1 1 0,,,YES,2,2,2,23.04,,1.0000,,3 4,yes,5_3 5_3,pgg,22x,L2
209203,7,8,0,5,USUSSSS,not needed (covering theorem),63.42 247.14 112.86 112.86 91.86 183.72 88.14,1.0000 1.3716 1.0000 1.3716 1.3716 1.3716 1.3716,0 1 0 1 1 1 1,0 0 2 1 1 1 1,,,YES,2,"1,2",2,63.42,,0.7291,,3 4,yes,5_3 5_3,pgg,22x,L2
209203,7,8,1,2,SSSSSSS,not tested,75.52 104.48 255.52 28.96 180.00 75.52 180.00,1.0000 1.0000 1.0000 1.0000 1.0000 1.0000 1.0000,0 0 0 0 0 0 0,0 1 0 1 1 0 0,"1,2,6",,no (tile),,,,28.96,,1.0000,,3 4,yes,5_3 5_3,pgg,22x,L2
209203,7,8,1,5,USUSSSS,not tested,118.25 118.25 241.75 61.75 92.12 180.00 87.88,1.0000 1.5126 1.0000 1.5126 1.5126 1.5126 1.5126,0 1 0 1 1 1 1,0 0 2 1 0 0 1,"1,2,6",,no (tile),,,,61.75,,0.6611,,3 4,yes,5_3 5_3,pgg,22x,L2
209203,7,8,1,6,USUSISS,not tested,49.21 192.34 167.66 167.66 71.56 108.44 143.13,1.0000 7.8573 1.0000 7.8573 8.8782 7.8573 7.8573,0 1 0 1 4 1 1,0 0 2 1 0 1 0,1,,no (tile),,,,49.21,,0.1126,,3 4,yes,5_3 5_3,pgg,22x,L2
209209,7,3,0,1,SSSSSSS,not needed (covering theorem),179.49 90.26 135.28 89.74 45.23 314.77 45.23,1.0000 1.0000 1.4161 1.4161 1.0000 1.4161 1.0000,0 0 2 2 0 2 0,0 0 0 0 0 0 0,,,YES,2,1,2,45.23,,0.7062,,3 4,yes,5_3 5_3,p2,2222,hand
209209,7,3,0,4,SSSSSSS,not tested,82.49 96.56 263.44 14.07 180.95 179.05 83.44,1.0000 0.4949 1.0000 0.4949 1.0000 0.4949 1.0000,0 1 0 1 0 1 0,0 0 0 0 0 0 0,1,,no (tile),,,,14.07,,0.4949,,3 4,yes,5_3 5_3,p2,2222,hand
209209,7,3,1,3,SSSSSSS,not tested,180.00 60.31 141.65 119.69 38.35 321.65 38.35,1.0000 1.0043 1.0000 1.0043 1.0000 1.0043 1.0000,0 1 0 1 0 1 0,0 0 1 1 0 1 0,"1,6",,no (tile),,,,38.35,,0.9958,,3 4,yes,5_3 5_3,p2,2222,hand
209209,7,4,0,3,SSSSSSS,not tested,120.00 180.00 120.00 60.00 180.00 180.00 60.00,1.0000 1.0000 1.0000 1.0000 1.0000 1.0000 1.0000,0 0 0 0 0 0 0,0 0 0 0 0 0 0,1,,no (tile),,,,60.00,,1.0000,,3 4,yes,5_3 5_3,p2,2222,hand
209209,7,4,0,6,SSSSSSS,not tested,117.62 180.00 106.98 73.02 180.00 180.00 62.38,1.0000 1.0000 1.2619 1.0000 1.0000 1.0000 1.3621,0 0 2 0 0 0 6,0 0 0 0 0 0 0,1,,no (tile),,,,62.38,,0.7342,,3 4,yes,5_3 5_3,p2,2222,hand
209209,7,4,1,0,SSSSSSI,not tested,107.80 144.39 180.00 35.61 180.00 180.00 72.20,1.0000 1.0000 1.0000 1.0000 1.0000 1.0000 1.2230,0 0 0 0 0 0 6,0 1 1 0 0 0 0,"1,2,6",,no (tile),,,,35.61,,0.8176,,3 4,yes,5_3 5_3,p2,2222,hand
209209,7,4,1,3,SSJSSSJ,not tested,120.50 180.00 120.50 59.50 180.00 180.00 59.50,1.0000 1.0000 0.9850 1.0000 1.0000 1.0000 0.9850,0 0 2 0 0 0 2,0 0 0 1 1 1 2,6,,no (tile),,,,59.50,,0.9850,,3 4,yes,5_3 5_3,p2,2222,hand
209209,7,4,1,6,SSISSSS,not tested,120.46 180.00 119.77 60.23 180.00 180.00 59.54,1.0000 1.0000 0.9930 1.0000 1.0000 1.0000 1.0000,0 0 2 0 0 0 0,0 0 0 0 0 0 1,"1,2",,no (tile),,,,59.54,,0.9930,,3 4,yes,5_3 5_3,p2,2222,hand
209209,7,5,0,1,SSSSSSS,not needed (covering theorem),119.98 120.01 -240.00 59.99 300.01 59.99 480.02,1.0000 1.0000 1.0001 1.0001 1.0001 1.0001 1.0000,0 0 2 2 2 2 0,0 0 0 0 0 0 0,,,YES,2,1,2,59.99,,0.9999,,3 4,yes,5_3 5_3,p2,2222,hand
209209,7,5,0,3,SSSSSSS,not needed (covering theorem),120.16 119.82 120.09 120.02 59.91 300.09 59.91,1.0000 1.0000 1.0000 1.0007 1.0007 1.0007 1.0007,0 0 0 3 3 3 3,0 0 0 0 0 0 0,,,YES,2,1,2,59.91,,0.9993,,3 4,yes,5_3 5_3,p2,2222,hand
209209,7,5,1,1,SISSSSS,not needed (covering theorem),120.09 119.96 120.03 119.94 59.99 300.01 59.99,1.0000 1.0002 1.0008 1.0008 1.0000 1.0008 1.0000,0 1 2 2 0 2 0,0 0 0 1 1 1 1,,,YES,2,1,2,59.99,,0.9992,,3 4,yes,5_3 5_3,p2,2222,hand
209209,7,5,1,6,SSSSSSS,not tested,119.06 119.06 121.87 58.13 301.87 58.13 121.87,1.0000 1.0292 1.0292 1.0292 1.0292 1.0292 1.0292,0 1 1 1 1 1 1,0 0 1 0 1 0 1,1,,no (tile),,,,58.13,,0.9716,,3 4,yes,5_3 5_3,p2,2222,hand
209209,7,6,1,3,SIIISII,not tested,115.53 64.47 180.00 180.00 45.51 134.49 180.00,1.0000 1.3173 1.3173 1.3173 1.2648 1.3173 1.3173,0 1 1 1 4 1 1,0 0 0 0 0 0 0,1,,no (tile),,,,45.51,,0.7591,,3 4,yes,5_3 5_3,p2,2222,hand
209209,7,6,1,4,SSSSSSS,not tested,180.00 62.66 117.34 180.00 117.34 62.66 180.00,1.0000 1.0889 1.0000 1.0000 1.0889 1.0000 1.0000,0 1 0 0 1 0 0,0 0 1 1 1 0 0,"1,6",,no (tile),,,,62.66,,0.9184,,3 4,yes,5_3 5_3,p2,2222,hand
209209,7,10,0,1,SSSSSSS,not needed (covering theorem),175.47 92.26 184.53 100.14 87.74 84.38 175.47,1.0000 1.0000 1.0000 2.5970 2.5970 1.0000 1.0000,0 0 0 3 3 0 0,0 0 0 0 0 0 0,,,YES,2,1,2,84.38,,0.3851,,3 4,yes,5_3 5_3,p2,2222,hand
209209,7,10,1,2,SSSSSSS,not tested,53.38 180.00 126.62 233.38 18.47 108.16 180.00,1.0000 1.0000 1.0000 1.0000 2.5339 1.0000 1.0000,0 0 0 0 4 0 0,0 0 1 0 0 1 1,1,,no (tile),,,,18.47,,0.3946,,3 4,yes,5_3 5_3,p2,2222,hand
209209,7,13,0,5,SSSSSSS,not needed (covering theorem),84.56 175.34 175.34 92.33 184.66 100.11 87.67,1.0000 1.0000 1.0000 1.0000 1.0000 2.5984 2.5984,0 0 0 0 0 5 5,0 0 0 0 0 0 0,,,YES,2,1,2,84.56,,0.3849,,3 4,yes,5_3 5_3,p2,2222,hand
209209,7,13,1,2,SSSSSSS,not tested,114.17 17.71 228.13 131.87 180.00 48.13 180.00,1.0000 0.4084 0.4084 0.4084 0.4084 0.4084 0.4084,0 1 1 1 1 1 1,0 0 1 0 0 1 1,1,,no (tile),,,,17.71,,0.4084,,3 4,yes,5_3 5_3,p2,2222,hand
209209,7,14,1,0,SSSSISI,not tested,161.84 36.33 323.67 36.33 161.84 78.64 101.36,1.0000 1.0000 1.0000 1.0000 1.0996 1.2719 0.8490,0 0 0 0 4 5 6,0 1 0 1 0 0 0,,1,no (deep),,,,36.33,,0.6675,,3 4,yes,5_3 5_3,p2,2222,hand
209209,7,14,1,2,SIIIISI,not tested,132.17 47.83 180.00 180.00 180.00 46.39 133.61,1.0000 0.4591 0.4591 0.4591 0.4591 1.0236 0.4591,0 1 1 1 1 5 1,0 0 0 0 0 0 0,1,,no (tile),,,,46.39,,0.4485,,3 4,yes,5_3 5_3,p2,2222,hand
209209,7,19,0,2,SSSSSSS,not tested,120.00 180.00 120.00 60.00 180.00 180.00 60.00,1.0000 1.0000 1.0000 1.0000 1.0000 1.0000 1.0000,0 0 0 0 0 0 0,0 0 0 0 0 0 0,1,,no (tile),,,,60.00,,1.0000,,3 4,yes,5_3 5_3,p2,2222,hand
209209,7,19,0,6,SSSSSSS,not tested,54.63 180.00 180.00 70.40 109.60 180.00 125.37,1.0000 1.0000 1.0000 0.9958 1.0000 1.0000 1.1505,0 0 0 3 0 0 6,0 0 0 0 0 0 0,1,,no (tile),,,,54.63,,0.8655,,3 4,yes,5_3 5_3,p2,2222,hand
209209,7,19,1,0,SSSSSSI,not tested,120.47 180.00 119.06 60.94 180.00 180.00 59.53,1.0000 1.0000 1.0000 1.0000 1.0000 1.0000 1.0142,0 0 0 0 0 0 6,0 0 1 0 0 0 0,"1,2",,no (tile),,,,59.53,,0.9860,,3 4,yes,5_3 5_3,p2,2222,hand
209209,7,19,1,1,SSSISSS,not tested,35.61 180.00 144.39 107.80 72.20 180.00 180.00,1.0000 1.0000 1.0000 1.2230 1.0000 1.0000 1.0000,0 0 0 3 0 0 0,0 0 1 0 1 1 1,"1,2,6",,no (tile),,,,35.61,,0.8176,,3 4,yes,5_3 5_3,p2,2222,hand
209209,7,19,1,4,SSSJSSJ,not tested,60.45 180.00 180.00 60.45 119.55 180.00 119.55,1.0000 1.0000 1.0000 1.0139 1.0000 1.0000 1.0139,0 0 0 3 0 0 3,0 0 0 0 1 1 2,6,,no (tile),,,,60.45,,0.9863,,3 4,yes,5_3 5_3,p2,2222,hand
209209,7,24,0,3,SSSSSSS,not needed (covering theorem),150.48 209.52 150.48 104.76 127.89 75.24 81.64,1.0000 1.0000 1.0000 1.0000 3.2725 3.2725 1.0000,0 0 0 0 4 4 0,0 0 0 0 0 0 0,,,YES,2,1,2,75.24,,0.3056,,3 4,yes,5_3 5_3,p2,2222,hand
209209,7,24,0,5,SSSSSSS,not tested,58.81 180.30 179.70 180.30 89.85 120.89 90.15,1.0000 1.0000 1.0000 1.0000 1.0000 2.9117 2.9117,0 0 0 0 0 5 5,0 0 0 0 0 0 0,9,,no (after re-solve),,,,58.81,,0.3434,,3 4,yes,5_3 5_3,p2,2222,hand
209209,7,24,1,0,SSSSISI,not tested,161.84 36.33 323.67 36.33 161.84 78.64 101.36,1.0000 1.0000 1.0000 1.0000 1.0996 1.2719 0.8490,0 0 0 0 4 5 6,0 1 0 1 0 0 0,,1,no (deep),,,,36.33,,0.6675,,3 4,yes,5_3 5_3,p2,2222,hand
209209,7,24,1,5,SSSSSSS,not tested,180.00 180.00 180.00 46.52 133.48 133.48 46.52,1.0000 1.0000 1.0000 2.1800 1.0000 2.1800 1.0000,0 0 0 3 0 3 0,0 0 0 0 1 1 0,"1,6",,no (tile),,,,46.52,,0.4587,,3 4,yes,5_3 5_3,p2,2222,hand
209209,7,26,0,2,SSSSSSS,not tested,82.49 96.56 263.44 14.07 180.95 179.05 83.44,1.0000 0.4949 1.0000 0.4949 1.0000 0.4949 1.0000,0 1 0 1 0 1 0,0 0 0 0 0 0 0,1,,no (tile),,,,14.07,,0.4949,,3 4,yes,5_3 5_3,p2,2222,hand
209209,7,26,0,5,SSSSSSS,not needed (covering theorem),45.12 314.88 45.12 179.72 90.14 135.15 89.86,1.0000 1.4152 1.0000 1.0000 1.0000 1.4152 1.4152,0 1 0 0 0 1 1,0 0 0 0 0 0 0,,,YES,2,1,2,45.12,,0.7066,,3 4,yes,5_3 5_3,p2,2222,hand
209209,7,26,1,5,SSSSSSS,not tested,180.00 39.58 320.42 39.58 116.88 140.42 63.12,1.0000 1.0450 1.0000 1.0450 1.0000 1.0450 1.0000,0 1 0 1 0 1 0,0 0 0 0 1 1 0,"1,6",,no (tile),,,,39.58,,0.9570,,3 4,yes,5_3 5_3,p2,2222,hand
209210,7,0,0,0,SSUSUSS,not needed (covering theorem),40.08 279.84 172.96 33.05 106.87 187.04 80.16,1.0000 1.0000 0.2230 1.0000 0.2230 1.0000 1.0000,0 0 2 0 2 0 0,0 0 0 1 2 0 0,,,YES,2,"2,6",2,33.05,,0.2230,,3 4,yes,5_3 5_3,pgg,22x,hand
209210,7,1,0,2,SSJJSJJ,not tested,85.28 126.47 148.25 25.93 274.72 85.28 154.07,1.0000 1.3443 0.9647 0.9647 1.0000 0.9647 0.9647,0 1 2 2 0 2 2,0 0 0 1 1 2 3,"1,6",,no (tile),,,,25.93,,0.7176,,3 4,yes,5_3 5_3,pgg,22x,hand
209210,7,1,0,4,SISISIS,not needed (covering theorem),81.99 78.19 258.19 19.82 199.82 160.18 101.81,1.0000 0.3708 1.0000 0.3708 1.0000 0.3708 1.0000,0 1 0 1 0 1 0,0 0 1 0 0 0 0,,,YES,2,"2,6",2,19.82,,0.3708,,3 4,yes,5_3 5_3,pgg,22x,hand
209210,7,1,0,6,SSISSSS,not tested,166.36 127.83 116.09 63.91 232.17 127.83 65.81,1.0000 1.0000 1.1860 1.0000 1.0000 1.0000 1.1677,0 0 2 0 0 0 6,0 1 0 1 0 1 0,1,,no (tile),,,,63.91,,0.8432,,3 4,yes,5_3 5_3,pgg,22x,hand
209210,7,1,1,0,SSIISII,not tested,225.52 -91.03 225.52 240.00 225.52 134.48 -60.00,1.0000 1.0000 0.2675 0.2675 1.0000 0.2675 0.2675,0 0 2 2 0 2 6,0 1 0 0 0 0 0,"1,2,6",,no (tile),,,,60.00,,0.2675,,3 4,yes,5_3 5_3,pgg,22x,hand
209210,7,1,1,3,SSUSSSU,not tested,52.41 307.59 0.00 0.00 307.59 52.41 180.00,1.0000 0.4067 1.5698 0.4067 1.0000 0.4067 1.5698,0 1 2 1 0 1 2,0 0 0 1 1 1 2,"1,6",,no (tile),,,,0.00,,0.2591,,3 4,yes,5_3 5_3,pgg,22x,hand
209210,7,1,1,6,SSSSSSS,not tested,180.00 137.01 111.49 68.51 222.99 137.01 42.99,1.0000 1.0000 0.7328 1.0000 1.0000 1.0000 1.0000,0 0 2 0 0 0 0,0 1 0 1 0 1 0,"1,2",,no (tile),,,,42.99,,0.7328,,3 4,yes,5_3 5_3,pgg,22x,hand
209210,7,2,0,0,SSSSSSS,not needed (covering theorem),-86.21 532.43 -1500.00 2032.43 -1672.43 1766.21 -172.43,1.0000 1.0000 1.0000 1.0000 1.0000 1.0000 1.0000,0 0 0 0 0 0 0,0 0 1 0 1 0 0,,,YES,2,"1,2,6",2,33.79,,1.0000,,3 4,yes,5_3 5_3,pgg,22x,hand
209210,7,2,1,2,SSSSSSS,not needed (covering theorem),420.00 -120.00 60.00 -180.00 -300.00 540.00 480.00,1.0000 1.0000 1.0000 1.0000 1.0000 1.0000 1.0000,0 0 0 0 0 0 0,0 0 1 0 0 1 1,,,YES,2,"2,6",2,60.00,,1.0000,,3 4,yes,5_3 5_3,pgg,22x,hand
209210,7,2,1,3,SSUSSSU,not tested,127.91 52.09 180.00 180.00 52.09 127.91 180.00,1.0000 1.2288 1.6274 1.2288 1.0000 1.2288 1.6274,0 1 2 1 0 1 2,0 0 0 1 1 1 2,"1,6",,no (tile),,,,52.09,,0.6145,,3 4,yes,5_3 5_3,pgg,22x,hand
209210,7,2,1,4,SSSUSSU,not tested,109.02 180.00 38.04 250.98 70.98 141.96 109.02,1.0000 1.0000 1.0000 0.8826 1.0000 1.0000 0.8826,0 0 0 3 0 0 3,0 0 0 0 1 1 2,6,,no (tile),,,,38.04,,0.8826,,3 4,yes,5_3 5_3,pgg,22x,hand
209210,7,2,1,5,SSSSSSS,not needed (covering theorem),-1829.20 97.30 -82.70 262.70 -165.40 2091.90 525.40,1.0000 1.0000 1.0000 1.0000 1.0000 1.0000 1.0000,0 0 0 0 0 0 0,0 0 0 0 0 1 1,,,YES,2,"2,6",2,29.20,,1.0000,,3 4,yes,5_3 5_3,pgg,22x,hand
209210,7,3,0,1,SSSSSSS,not needed (covering theorem),172.69 93.66 119.46 67.85 292.15 67.85 86.34,1.0000 1.0000 1.0000 1.0000 1.0000 1.0000 1.0000,0 0 0 0 0 0 0,0 0 1 0 1 0 0,,,YES,2,"1,2,6",2,67.85,,1.0000,,3 4,yes,5_3 5_3,pgg,22x,hand
209210,7,3,0,6,SSSSSSS,not tested,74.78 180.00 30.45 329.55 30.45 149.55 105.22,1.0000 1.0000 1.0000 1.0000 1.0000 1.0000 1.0504,0 0 0 0 0 0 6,0 0 1 0 1 0 0,1,,no (tile),,,,30.45,,0.9521,,3 4,yes,5_3 5_3,pgg,22x,hand
209210,7,5,0,5,SUSSUSS,not needed (covering theorem),-4494.34 -2992.65 -2992.65 2427.17 3352.65 7846.99 -2247.17,1.0000 0.7717 1.0000 1.0000 0.7717 1.0000 1.0000,0 1 0 0 1 0 0,0 0 1 1 2 0 0,,,YES,2,"2,6",2,73.01,,0.7717,,3 4,yes,5_3 5_3,pgg,22x,hand
209210,7,5,0,6,SSUSUSS,not tested,48.32 180.00 221.68 41.68 138.32 138.32 131.68,1.0000 1.0000 1.0000 1.0000 1.0000 1.0000 1.3299,0 0 2 0 2 0 6,0 0 0 1 2 0 0,"1,2",,no (tile),,,,41.68,,0.7519,,3 4,yes,5_3 5_3,pgg,22x,hand
209210,7,5,1,2,SUUUSSU,not needed (covering theorem),-81.98 668.84 -226.86 586.86 -144.89 -406.86 504.89,1.0000 0.3941 0.3941 0.3941 1.0000 1.0000 0.3941,0 1 1 1 0 0 1,0 0 2 0 1 1 2,,,YES,2,"2,6",2,46.86,,0.3941,,3 4,yes,5_3 5_3,pgg,22x,hand
209210,7,5,1,5,SSSSSSS,not needed (covering theorem),165.40 -1770.80 277.30 97.30 82.70 1965.40 82.70,1.0000 1.0000 1.0000 1.0000 1.0000 1.0000 1.0000,0 0 0 0 0 0 0,0 1 1 1 1 0 0,,,YES,2,"2,6",2,29.20,,1.0000,,3 4,yes,5_3 5_3,pgg,22x,hand
209210,7,6,1,0,SSSSSSI,not tested,113.93 132.13 227.87 132.13 60.85 167.01 66.07,1.0000 1.0000 1.0000 1.0000 3.4298 1.0000 2.4660,0 0 0 0 4 0 6,0 1 0 1 0 0 0,1,,no (tile),,,,60.85,,0.2916,,3 4,yes,5_3 5_3,pgg,22x,hand
209210,7,6,1,2,SSSSSSS,not tested,150.42 29.58 180.00 180.00 180.00 29.58 150.42,1.0000 0.5798 0.5798 0.5798 0.5798 1.0000 0.5798,0 1 1 1 1 0 1,0 0 1 0 1 1 1,"1,6",,no (tile),,,,29.58,,0.5798,,3 4,yes,5_3 5_3,pgg,22x,hand
209210,7,7,1,0,IIISIII,not tested,90.00 180.00 180.00 44.82 135.18 180.00 90.00,1.0000 1.0000 1.0000 1.4097 1.0000 1.0000 0.9936,0 0 0 3 0 0 6,0 0 0 0 0 0 0,1,,no (tile),,,,44.82,,0.7048,,3 4,yes,5_3 5_3,pgg,22x,hand
209210,7,7,1,5,IIUIUUU,not tested,127.76 180.00 52.24 232.24 52.24 180.00 75.52,1.0000 1.0000 1.2247 1.0000 1.2247 1.2247 1.2247,0 0 2 0 2 2 2,0 0 0 0 0 2 2,"1,2,6",,no (tile),,,,52.24,,0.8165,,3 4,yes,5_3 5_3,pgg,22x,hand
209210,7,8,0,4,JSJSJSJ,not tested,185.99 22.45 337.55 14.94 159.07 157.55 22.45,1.0000 0.9273 1.0000 0.3392 1.0000 0.9273 1.0000,0 1 0 3 0 1 0,0 0 3 0 2 1 1,"1,6",,no (tile),,,,14.94,,0.3392,,3 4,yes,5_3 5_3,pgg,22x,hand
209210,7,8,1,1,SSSSSSS,not tested,53.38 126.62 233.38 180.00 18.47 108.16 180.00,1.0000 1.0000 1.0000 1.0000 2.5339 1.0000 1.0000,0 0 0 0 4 0 0,0 1 0 0 0 1 1,"1,2",,no (tile),,,,18.47,,0.3946,,3 4,yes,5_3 5_3,pgg,22x,hand
209215,7,0,1,1,SIISSSS,not tested,97.58 131.21 90.00 138.79 82.42 97.58 262.42,1.0000 0.6588 2.2569 1.0000 1.0000 1.0000 1.0000,0 1 2 0 0 0 0,0 0 0 0 1 0 1,1,,no (tile),,,,82.42,,0.2919,,3 4,yes,5_4 5_4,p2,2222,L2
209215,7,1,1,1,SIISSSS,not needed (covering theorem),278.01 40.99 90.00 49.01 261.99 98.01 81.99,1.0000 2.2643 1.9680 1.0000 1.0000 1.0000 1.0000,0 1 2 0 0 0 0,0 0 0 0 1 0 1,,,YES,2,1,2,40.99,,0.4416,,3 4,yes,5_4 5_4,p2,2222,L2
209215,7,1,1,5,SIIIIII,not tested,134.83 135.17 90.00 90.00 270.00 90.00 90.00,1.0000 0.7092 0.7050 0.7092 0.7050 0.7092 0.7050,0 1 2 1 2 1 2,0 0 0 0 0 0 0,1,,no (tile),,,,90.00,,0.7050,,3 4,yes,5_4 5_4,p2,2222,L2
209215,7,2,1,1,SIISSSS,not tested,145.78 107.11 90.00 162.89 34.22 325.78 34.22,1.0000 0.8826 0.9557 1.0000 1.0000 1.0000 1.0000,0 1 2 0 0 0 0,0 0 0 0 1 0 1,1,,no (tile),,,,34.22,,0.8826,,3 4,yes,5_4 5_4,p2,2222,L2
209215,7,3,0,0,SSSSSSS,not needed (covering theorem),69.10 221.80 41.80 221.80 69.10 138.20 138.20,1.0000 1.0000 1.0000 1.0000 1.0000 1.0000 1.0000,0 0 0 0 0 0 0,0 0 0 0 0 0 0,,,YES,2,1,2,41.80,,1.0000,,3 4,yes,5_4 5_4,p2,2222,L2
209215,7,3,0,1,SSSSSSS,not needed (covering theorem),-63.62 211.81 243.62 243.62 211.81 -63.62 116.38,1.0000 1.0000 1.0000 1.0000 1.0000 1.0000 1.0000,0 0 0 0 0 0 0,0 0 0 0 0 0 0,,,YES,2,1,2,63.62,,1.0000,,3 4,yes,5_4 5_4,p2,2222,L2
209215,7,3,0,2,SSSSSSS,not tested,180.00 52.18 127.82 180.00 114.18 65.82 180.00,1.0000 1.0331 1.0000 1.0000 0.8946 1.0000 1.0000,0 1 0 0 4 0 0,0 0 0 0 0 0 0,1,,no (tile),,,,52.18,,0.8659,,3 4,yes,5_4 5_4,p2,2222,L2
209215,7,5,1,0,SSSSSII,not tested,109.47 141.06 38.94 321.06 38.94 160.53 90.00,1.0000 1.0000 1.0000 1.0000 1.0000 0.9428 1.0001,0 0 0 0 0 5 6,0 1 0 1 0 0 0,1,,no (tile),,,,38.94,,0.9428,,3 4,yes,5_4 5_4,p2,2222,L2
209215,7,7,0,0,SSSSSSS,not needed (covering theorem),148.19 63.62 243.62 63.62 148.19 116.38 116.38,1.0000 1.0000 1.0000 1.0000 1.0000 1.0000 1.0000,0 0 0 0 0 0 0,0 0 0 0 0 0 0,,,YES,2,1,2,63.62,,1.0000,,3 4,yes,5_4 5_4,p2,2222,L2
209215,7,7,0,1,SSSSSSS,not needed (covering theorem),221.80 69.10 138.20 138.20 69.10 221.80 41.80,1.0000 1.0000 1.0000 1.0000 1.0000 1.0000 1.0000,0 0 0 0 0 0 0,0 0 0 0 0 0 0,,,YES,2,1,2,41.80,,1.0000,,3 4,yes,5_4 5_4,p2,2222,L2
209215,7,7,0,6,SSSSSSS,not tested,54.63 180.00 180.00 70.40 109.60 180.00 125.37,1.0000 1.0000 1.0000 0.9958 1.0000 1.0000 1.1505,0 0 0 3 0 0 6,0 0 0 0 0 0 0,1,,no (tile),,,,54.63,,0.8655,,3 4,yes,5_4 5_4,p2,2222,L2
209215,7,8,1,0,SSSSSII,not needed (covering theorem),40.93 278.15 81.85 98.15 261.85 49.07 90.00,1.0000 1.0000 1.0000 1.0000 1.0000 1.9652 2.2667,0 0 0 0 0 5 6,0 1 0 1 0 0 0,,,YES,2,1,2,40.93,,0.4412,,3 4,yes,5_4 5_4,p2,2222,L2
209215,7,8,1,3,SIIIIII,not tested,134.83 135.17 90.00 90.00 270.00 90.00 90.00,1.0000 0.7092 0.7050 0.7092 0.7050 0.7092 0.7050,0 1 2 1 2 1 2,0 0 0 0 0 0 0,1,,no (tile),,,,90.00,,0.7050,,3 4,yes,5_4 5_4,p2,2222,L2
209215,7,9,1,0,SSSSSII,not tested,161.63 36.74 323.26 36.74 143.26 108.37 90.00,1.0000 1.0000 1.0000 1.0000 1.0000 0.9454 0.9490,0 0 0 0 0 5 6,0 1 0 1 0 0 0,1,,no (tile),,,,36.74,,0.9454,,3 4,yes,5_4 5_4,p2,2222,L2
209215,7,14,0,2,JSJSJSJ,not tested,61.36 120.68 239.32 59.32 59.32 239.32 120.68,1.0000 1.0421 1.0000 1.0421 1.0000 1.0421 1.0000,0 1 0 1 0 1 0,0 0 3 0 3 0 0,1,,no (tile),,,,59.32,,0.9596,,3 4,yes,5_4 5_4,p2,2222,L2
209215,7,14,0,4,SSSSSSS,not tested,180.00 180.00 180.00 57.41 122.59 122.59 57.41,1.0000 1.0000 1.0000 2.7852 1.0000 2.7852 1.0000,0 0 0 3 0 5 0,0 0 0 0 0 0 0,1,,no (tile),,,,57.41,,0.3590,,3 4,yes,5_4 5_4,p2,2222,L2
209215,7,14,0,6,SSSSSSS,not tested,57.41 180.00 180.00 180.00 57.41 122.59 122.59,1.0000 1.0000 1.0000 1.0000 2.7852 1.0000 2.7852,0 0 0 0 4 0 6,0 0 0 0 0 0 0,1,,no (tile),,,,57.41,,0.3590,,3 4,yes,5_4 5_4,p2,2222,L2
209217,7,2,1,1,SISSSSS,not tested,120.46 119.77 119.77 120.46 59.54 300.46 59.54,1.0000 0.9930 1.0000 1.0000 1.0000 1.0000 1.0000,0 1 0 0 0 0 0,0 0 1 0 1 0 1,1,,no (tile),,,,59.54,,0.9930,,3 4,yes,5_4 5_4,p2,2222,hand
209217,7,2,1,6,SJJJJJJ,not needed (covering theorem),115.74 115.74 128.53 51.47 308.53 51.47 128.53,1.0000 1.1515 1.1515 1.1515 1.1515 1.1515 1.1515,0 1 1 1 1 1 1,0 0 2 0 2 0 2,,,YES,2,1,2,51.47,,0.8685,,3 4,yes,5_4 5_4,p2,2222,hand
209217,7,3,1,3,SIIISII,not tested,116.99 63.01 180.00 180.00 63.01 116.99 180.00,1.0000 0.9077 0.9077 0.9077 1.0000 0.9077 0.9077,0 1 1 1 0 1 1,0 0 0 0 1 0 0,"1,6",,no (tile),,,,63.01,,0.9077,,3 4,yes,5_4 5_4,p2,2222,hand
209217,7,3,1,4,SJSSJSS,not tested,180.00 62.66 117.34 180.00 117.34 62.66 180.00,1.0000 1.0889 1.0000 1.0000 1.0889 1.0000 1.0000,0 1 0 0 1 0 0,0 0 1 1 2 0 0,6,,no (tile),,,,62.66,,0.9184,,3 4,yes,5_4 5_4,p2,2222,hand
209217,7,6,0,1,SSSJJSS,not tested,180.00 90.00 180.00 101.31 90.00 78.69 180.00,1.0000 1.0000 1.0000 2.5495 2.5495 1.0000 1.0000,0 0 0 3 3 0 0,0 0 0 0 3 0 0,9,,no (tile),,,,78.69,,0.3922,,3 4,yes,5_4 5_4,p2,2222,hand
209217,7,8,0,5,SSSSSJJ,not tested,78.69 180.00 180.00 90.00 180.00 101.31 90.00,1.0000 1.0000 1.0000 1.0000 1.0000 2.5495 2.5495,0 0 0 0 0 5 5,0 0 0 0 0 0 3,9,,no (tile),,,,78.69,,0.3922,,3 4,yes,5_4 5_4,p2,2222,hand
209217,7,9,1,0,SSSSIII,not tested,166.18 27.64 332.36 27.64 166.18 90.00 90.00,1.0000 1.0000 1.0000 1.0000 1.0148 0.9554 1.0148,0 0 0 0 4 5 6,0 1 0 1 0 0 0,1,,no (tile),,,,27.64,,0.9414,,3 4,yes,5_4 5_4,p2,2222,hand
209217,7,9,1,2,SIIIISI,not tested,135.86 44.14 180.00 180.00 180.00 44.14 135.86,1.0000 0.4785 0.4785 0.4785 0.4785 1.0000 0.4785,0 1 1 1 1 0 1,0 0 0 0 0 1 0,"1,6",,no (tile),,,,44.14,,0.4785,,3 4,yes,5_4 5_4,p2,2222,hand
209217,7,14,0,3,SSSSJJS,not tested,180.00 180.00 180.00 90.00 120.96 90.00 59.04,1.0000 1.0000 1.0000 1.0000 2.9155 2.9155 1.0000,0 0 0 0 4 4 0,0 0 0 0 0 3 0,9,,no (tile),,,,59.04,,0.3430,,3 4,yes,5_4 5_4,p2,2222,hand
209217,7,14,0,5,SSSSSJJ,not tested,59.04 180.00 180.00 180.00 90.00 120.96 90.00,1.0000 1.0000 1.0000 1.0000 1.0000 2.9155 2.9155,0 0 0 0 0 5 5,0 0 0 0 0 0 3,9,,no (tile),,,,59.04,,0.3430,,3 4,yes,5_4 5_4,p2,2222,hand
209217,7,14,1,0,SSSSIII,not tested,166.18 27.64 332.36 27.64 166.18 90.00 90.00,1.0000 1.0000 1.0000 1.0000 1.0148 0.9554 1.0148,0 0 0 0 4 5 6,0 1 0 1 0 0 0,1,,no (tile),,,,27.64,,0.9414,,3 4,yes,5_4 5_4,p2,2222,hand
209217,7,14,1,5,SSSJSJS,not tested,180.00 180.00 180.00 46.52 133.48 133.48 46.52,1.0000 1.0000 1.0000 2.1800 1.0000 2.1800 1.0000,0 0 0 3 0 3 0,0 0 0 0 1 2 0,6,,no (tile),,,,46.52,,0.4587,,3 4,yes,5_4 5_4,p2,2222,hand
209219,7,0,0,1,SSSISSS,not needed (covering theorem),-71.84 215.92 575.92 -107.96 -72.04 575.92 -215.92,1.0000 1.0000 1.0000 2.2322 1.0000 1.0000 1.0000,0 0 0 3 0 0 0,0 0 1 0 0 1 0,,,YES,2,6,2,71.84,,0.4480,,3 4,yes,4_3 6_3,pgg,22x,hand
209219,7,0,0,2,SSSSSSS,not tested,180.00 58.21 121.79 180.00 116.42 63.58 180.00,1.0000 1.0537 1.0000 1.0000 1.0000 1.0000 1.0000,0 1 0 0 0 0 0,0 0 0 0 1 0 0,"1,2",,no (tile),,,,58.21,,0.9491,,3 4,yes,4_3 6_3,pgg,22x,hand
209219,7,0,1,1,SIUSUSS,not tested,226.43 66.78 65.46 178.68 181.32 47.75 133.57,1.0000 1.6782 1.0208 1.0000 1.0208 1.0000 1.0000,0 1 2 0 2 0 0,0 0 0 0 2 0 1,1,,no (tile),,,,47.75,,0.5959,,3 4,yes,4_3 6_3,pgg,22x,hand
209219,7,0,1,3,SSSSSSS,not tested,318.18 -96.36 318.18 138.18 -138.18 318.18 41.82,1.0000 1.0000 0.4968 1.0000 0.4968 1.0000 0.4968,0 0 2 0 2 0 2,0 1 0 0 1 0 1,"1,6",,no (tile),,,,41.82,,0.4968,,3 4,yes,4_3 6_3,pgg,22x,hand
209219,7,0,1,4,SSSSSSS,not tested,180.00 60.00 120.00 180.00 120.00 60.00 180.00,1.0000 1.0000 1.0000 1.0000 1.0000 1.0000 1.0000,0 0 0 0 0 0 0,0 1 1 1 0 0 0,"1,6",,no (tile),,,,60.00,,1.0000,,3 4,yes,4_3 6_3,pgg,22x,hand
209219,7,0,1,6,SSSSSSS,not tested,29.79 180.00 180.00 75.10 75.10 209.79 150.21,1.0000 1.0000 1.0000 1.0283 1.0000 1.0000 1.0000,0 0 0 3 0 0 0,0 0 0 0 1 0 1,1,,no (tile),,,,29.79,,0.9725,,3 4,yes,4_3 6_3,pgg,22x,hand
209219,7,1,0,0,SSSSSSS,not needed (covering theorem),72.00 216.00 108.00 36.00 252.00 108.00 108.00,1.0000 1.0000 1.0000 1.0000 1.0000 1.0000 1.0000,0 0 0 0 0 0 0,0 0 0 1 1 1 0,,,YES,2,"1,6",2,36.00,,1.0000,,3 4,yes,4_3 6_3,pgg,22x,hand
209219,7,1,0,4,SSSSUSU,not tested,6.46 180.00 180.00 12.93 173.54 160.61 186.46,1.0000 1.0000 1.0000 1.0000 0.5287 1.0000 0.5287,0 0 0 0 4 0 4,0 0 0 0 0 1 2,"2,6",,no (tile),,,,6.46,,0.5287,,3 4,yes,4_3 6_3,pgg,22x,hand
209219,7,1,0,6,SJJSJJS,not tested,71.08 186.94 36.30 186.94 173.06 143.70 101.98,1.0000 0.0500 0.0500 1.0000 0.0500 0.0500 0.8844,0 1 1 0 1 1 6,0 0 1 1 2 3 0,"1,6",,no (tile),,,,36.30,,0.0500,YES,3 4,yes,4_3 6_3,pgg,22x,hand
209219,7,1,1,1,SIISIIS,not tested,91.13 134.44 115.46 134.44 225.56 64.54 134.44,1.0000 0.3816 0.2708 1.0000 0.2708 0.2708 1.0000,0 1 2 0 2 2 0,0 0 0 1 0 0 1,,1,no (deep),,,,64.54,,0.2708,,3 4,yes,4_3 6_3,pgg,22x,hand
209219,7,1,1,2,SSSSSSS,not tested,75.52 180.00 104.48 46.57 284.48 75.52 133.43,1.0000 1.0000 1.0000 1.0000 1.0000 1.0000 1.0000,0 0 0 0 0 0 0,0 0 1 0 1 0 1,"1,6",,no (tile),,,,46.57,,1.0000,,3 4,yes,4_3 6_3,pgg,22x,hand
209219,7,1,1,4,SUSSUSS,not needed (covering theorem),151.04 52.24 203.28 75.52 156.72 52.24 208.96,1.0000 1.4289 1.0000 1.0000 1.4289 1.0000 1.0000,0 1 0 0 1 0 0,0 0 1 1 2 0 0,,,YES,2,6,2,52.24,,0.6998,,3 4,yes,4_3 6_3,pgg,22x,hand
209219,7,2,0,1,SSSUSUS,not needed (covering theorem),144.22 107.89 215.78 36.14 108.25 251.75 35.97,1.0000 1.0000 1.0000 1.3071 1.0000 1.3071 1.0000,0 0 0 3 0 3 0,0 0 0 0 1 2 0,,,YES,2,"1,6",2,35.97,,0.7651,,3 4,yes,4_3 6_3,pgg,22x,hand
209219,7,2,0,5,SSSSSSS,not needed (covering theorem),11969.61 2992.17 -2632.17 1496.08 2992.17 -14601.78 -1316.08,1.0000 1.0000 1.0000 1.0000 1.0000 1.0000 1.0000,0 0 0 0 0 0 0,0 0 0 0 0 1 1,,,YES,2,6,2,56.08,,1.0000,,3 4,yes,4_3 6_3,pgg,22x,hand
209219,7,2,1,0,SSSSSSI,not needed (covering theorem),23.28 313.44 46.56 104.54 255.46 104.45 52.27,1.0000 1.0000 1.0000 1.0000 1.0000 1.0000 3.0623,0 0 0 0 0 0 6,0 1 0 1 0 0 0,,,YES,2,6,2,23.28,,0.3266,,3 4,yes,4_3 6_3,pgg,22x,hand
209219,7,2,1,6,SUSUSUU,not tested,131.53 48.47 228.47 131.53 90.00 90.00 180.00,1.0000 1.6597 1.0000 1.6597 1.4972 1.6597 1.6597,0 1 0 1 4 1 1,0 0 1 2 0 0 2,"1,2",,no (tile),,,,48.47,,0.6025,,3 4,yes,4_3 6_3,pgg,22x,hand
209219,7,3,0,3,IISIIII,not tested,180.00 180.00 44.73 135.27 90.00 90.00 180.00,1.0000 1.0000 4.2229 1.0000 2.9720 1.0000 1.0000,0 0 2 0 4 0 0,0 0 0 0 0 0 0,1,,no (tile),,,,44.73,,0.2368,,3 4,yes,4_3 6_3,pgg,22x,hand
209220,7,0,1,1,SISSSSS,not needed (covering theorem),768.24 -204.12 -262.00 122.12 115.75 768.24 -408.24,1.0000 0.6254 1.0000 1.0000 1.0000 1.0000 1.0000,0 1 0 0 0 0 0,0 0 1 1 1 0 1,,,YES,2,6,2,48.24,,0.6254,,3 4,yes,5_4 5_4,pgg,22x,hand
209220,7,0,1,6,SSSSSSS,not tested,90.67 180.00 89.33 90.67 89.33 270.67 89.33,1.0000 1.0000 2.0000 1.0000 1.0000 1.0000 1.0000,0 0 2 0 0 0 0,0 0 0 0 1 0 1,1,,no (tile),,,,89.33,,0.5000,,3 4,yes,5_4 5_4,pgg,22x,hand
209220,7,1,0,0,SSISSSS,not needed (covering theorem),68.32 223.37 71.94 39.74 280.52 79.48 136.63,1.0000 1.0000 1.6494 1.0000 1.0000 1.0000 1.0000,0 0 2 0 0 0 0,0 0 0 0 1 0 0,,,YES,2,6,2,39.74,,0.6063,,3 4,yes,5_4 5_4,pgg,22x,hand
209220,7,1,0,3,SJJSJJS,not tested,133.18 134.55 110.36 92.27 225.45 69.64 134.55,1.0000 1.1127 1.1127 1.0000 1.1127 1.1127 1.0000,0 1 1 0 1 1 0,0 0 3 1 2 1 1,6,,no (tile),,,,69.64,,0.8987,,3 4,yes,5_4 5_4,pgg,22x,hand
209220,7,1,1,4,SJJUJJU,not tested,98.77 53.29 133.58 207.94 207.94 46.42 152.06,1.0000 0.2657 0.2657 0.5511 0.2657 0.2657 0.5511,0 1 1 3 1 1 3,0 0 3 0 2 1 2,6,,no (tile),,,,46.42,,0.2657,,3 4,yes,5_4 5_4,pgg,22x,hand
209220,7,1,1,5,SSSSUSU,not tested,120.00 180.00 60.00 120.00 240.00 60.00 120.00,1.0000 1.0000 1.0000 1.0000 1.0000 1.0000 1.0000,0 0 2 0 4 0 4,0 0 0 0 0 1 2,"1,2,6",,no (tile),,,,60.00,,1.0000,,3 4,yes,5_4 5_4,pgg,22x,hand
209220,7,2,0,1,SSISSSS,not needed (covering theorem),115.70 122.15 98.02 155.87 48.26 311.74 48.26,1.0000 1.0000 0.6247 1.0000 1.0000 1.0000 1.0000,0 0 2 0 0 0 0,0 0 0 1 0 1 0,,,YES,2,6,2,48.26,,0.6247,,3 4,yes,5_4 5_4,pgg,22x,hand
209220,7,2,0,6,SSSSSSS,not tested,89.33 180.00 90.67 89.33 270.67 89.33 90.67,1.0000 1.0000 1.0000 1.0000 1.0000 1.0000 2.0000,0 0 0 0 0 0 6,0 0 1 0 1 0 0,1,,no (tile),,,,89.33,,0.5000,,3 4,yes,5_4 5_4,pgg,22x,hand
209220,7,3,0,2,SSSUSUS,not tested,180.00 60.00 120.00 240.00 60.00 120.00 120.00,1.0000 1.0000 1.0000 1.0000 1.0000 1.0000 1.0000,0 1 0 3 0 3 0,0 0 0 0 1 2 0,"1,2,6",,no (tile),,,,60.00,,1.0000,,3 4,yes,5_4 5_4,pgg,22x,hand
209220,7,3,0,3,SJJUJJU,not tested,98.77 53.29 133.58 207.94 207.94 46.42 152.06,1.0000 0.2657 0.2657 0.5511 0.2657 0.2657 0.5511,0 1 1 3 1 1 3,0 0 3 0 2 1 2,6,,no (tile),,,,46.42,,0.2657,,3 4,yes,5_4 5_4,pgg,22x,hand
209220,7,3,1,1,SISSSSS,not needed (covering theorem),280.53 39.74 71.93 223.34 68.33 136.66 79.47,1.0000 1.6503 1.0000 1.0000 1.0000 1.0000 1.0000,0 1 0 0 0 0 0,0 0 0 0 0 0 1,,,YES,2,6,2,39.74,,0.6059,,3 4,yes,5_4 5_4,pgg,22x,hand
209220,7,3,1,4,SJJSJJS,not tested,116.11 139.43 66.80 220.57 104.46 113.20 139.43,1.0000 0.7605 0.7605 1.0000 0.7605 0.7605 1.0000,0 1 1 0 1 1 0,0 0 3 0 2 1 1,6,,no (tile),,,,66.80,,0.7605,,3 4,yes,5_4 5_4,pgg,22x,hand
209220,7,4,0,2,SSUUUSU,not tested,221.66 79.82 58.53 180.00 180.00 138.34 41.66,1.0000 1.5586 0.4069 0.4069 0.4069 1.0000 0.4069,0 1 2 2 2 0 2,0 0 0 2 0 1 2,"1,2,6",,no (tile),,,,41.66,,0.2610,,3 4,yes,5_4 5_4,pgg,22x,hand
209220,7,4,0,6,SUSUUUS,not tested,62.01 232.18 52.18 127.82 180.00 180.00 65.81,1.0000 0.3547 1.0000 0.3547 0.3547 0.3547 1.7318,0 1 0 1 1 1 6,0 0 1 2 0 2 0,"1,2,6",,no (tile),,,,52.18,,0.2048,,3 4,yes,5_4 5_4,pgg,22x,hand
209220,7,4,1,0,SSSSSSI,not needed (covering theorem),116.46 127.08 136.69 136.69 111.66 223.31 48.12,1.0000 1.0000 1.0000 1.0000 1.0000 1.0000 2.5010,0 0 0 0 0 0 6,0 1 1 1 1 1 0,,,YES,2,6,2,48.12,,0.3998,,3 4,yes,5_4 5_4,pgg,22x,hand
209220,7,4,1,1,SISSSSS,not needed (covering theorem),127.19 116.40 48.09 223.37 111.69 136.63 136.63,1.0000 2.5002 1.0000 1.0000 1.0000 1.0000 1.0000,0 1 0 0 0 0 0,0 0 1 1 1 1 1,,,YES,2,6,2,48.09,,0.4000,,3 4,yes,5_4 5_4,pgg,22x,hand
209220,7,5,0,0,SSSSSIS,not needed (covering theorem),122.15 115.71 48.26 311.74 48.26 155.87 98.02,1.0000 1.0000 1.0000 1.0000 1.0000 0.6247 1.0000,0 0 0 0 0 5 0,0 0 1 0 1 0 0,,,YES,2,6,2,48.26,,0.6247,,3 4,yes,5_4 5_4,pgg,22x,hand
209220,7,5,0,2,SSSSSSS,not tested,180.00 89.30 90.70 89.30 270.70 89.30 90.70,1.0000 2.0000 1.0000 1.0000 1.0000 1.0000 1.0000,0 1 0 0 0 0 0,0 0 0 1 0 1 0,1,,no (tile),,,,89.30,,0.5000,,3 4,yes,5_4 5_4,pgg,22x,hand
209220,7,6,0,0,SSSSISS,not needed (covering theorem),93.05 173.90 173.90 63.00 148.50 61.55 186.10,1.0000 1.0000 1.0000 1.0000 2.7037 1.0000 1.0000,0 0 0 0 4 0 0,0 0 0 1 0 0 0,,,YES,2,6,2,61.55,,0.3699,,3 4,yes,5_4 5_4,pgg,22x,hand
209220,7,6,0,1,SSSISSS,not needed (covering theorem),136.73 111.63 223.27 48.13 116.50 127.00 136.73,1.0000 1.0000 1.0000 2.5015 1.0000 1.0000 1.0000,0 0 0 3 0 0 0,0 0 0 0 1 0 0,,,YES,2,6,2,48.13,,0.3998,,3 4,yes,5_4 5_4,pgg,22x,hand
209220,7,6,1,2,SUUUSSU,not tested,42.97 137.03 180.00 180.00 48.71 88.32 222.97,1.0000 0.5985 0.5985 0.5985 1.8141 1.0000 0.5985,0 1 1 1 4 0 1,0 0 2 0 0 1 2,"1,2,6",,no (tile),,,,42.97,,0.3299,,3 4,yes,5_4 5_4,pgg,22x,hand
209220,7,6,1,6,SUSSUUU,not tested,148.35 31.65 211.65 89.22 59.13 180.00 180.00,1.0000 0.3137 1.0000 1.2228 0.3137 0.3137 0.3137,0 1 0 3 1 1 1,0 0 1 0 2 0 2,"1,2,6",,no (tile),,,,31.65,,0.2566,,3 4,yes,5_4 5_4,pgg,22x,hand
209220,7,7,0,5,SUJJUJJ,not tested,102.60 128.58 231.19 51.39 128.81 128.81 128.61,1.0000 2.4710 1.9855 1.9855 2.4710 1.9855 1.9855,0 1 2 2 1 2 2,0 0 0 3 2 2 1,6,,no (tile),,,,51.39,,0.4047,,3 4,yes,5_4 5_4,pgg,22x,hand
209220,7,7,0,6,SSUSUSS,not tested,-21.37 180.00 201.37 201.37 -21.37 158.63 201.37,1.0000 1.0000 0.7721 1.0000 0.7721 1.0000 1.8625,0 0 2 0 2 0 6,0 0 0 1 2 0 0,"1,2,6",,no (tile),,,,21.37,,0.4146,,3 4,yes,5_4 5_4,pgg,22x,hand
209220,7,7,1,0,SSSSSSI,not needed (covering theorem),39.74 280.52 79.48 136.65 68.33 223.35 71.93,1.0000 1.0000 1.0000 1.0000 1.0000 1.0000 1.6501,0 0 0 0 0 0 6,0 1 0 0 0 0 0,,,YES,2,6,2,39.74,,0.6060,,3 4,yes,5_4 5_4,pgg,22x,hand
209220,7,7,1,4,SSJJSJJ,not tested,198.73 55.28 198.73 107.43 105.98 161.27 72.57,1.0000 1.0000 0.4288 0.4288 1.0000 0.4288 0.4288,0 0 2 2 0 2 2,0 1 0 3 0 2 1,6,,no (tile),,,,55.28,,0.4288,,3 4,yes,5_4 5_4,pgg,22x,hand
209220,7,8,0,1,SSSSSIS,not tested,191.99 84.00 168.01 62.27 297.73 31.14 64.86,1.0000 1.0000 1.0000 1.0000 1.0000 2.4529 1.0000,0 0 0 0 0 5 0,0 0 0 1 0 0 0,,closing m-gon self-intersects (not a simple polygon) — not p,n/a (tile degenerate at high precision),,,,31.14,,0.4077,,3 4,yes,5_4 5_4,pgg,22x,hand
209220,7,8,0,5,SSJJSJJ,not tested,255.19 1.44 255.19 89.46 104.81 103.37 90.54,1.0000 1.0000 0.6709 0.6709 1.0000 0.6709 0.6709,0 0 2 2 0 2 2,0 1 0 3 1 2 1,6,,no (tile),,,,1.44,,0.6709,,3 4,yes,5_4 5_4,pgg,22x,hand
209220,7,8,1,3,SUSUSSS,not tested,180.00 163.54 163.54 16.46 196.46 163.54 16.46,1.0000 1.1747 1.0000 1.1747 1.0000 1.9180 1.0000,0 1 0 1 0 5 0,0 0 1 2 0 0 0,"1,2,6",,no (tile),,,,16.46,,0.5214,,3 4,yes,5_4 5_4,pgg,22x,hand
209220,7,8,1,4,SUJJUJJ,not tested,102.60 128.58 231.19 51.39 128.81 128.81 128.61,1.0000 2.4710 1.9855 1.9855 2.4710 1.9855 1.9855,0 1 2 2 1 2 2,0 0 0 3 2 2 1,6,,no (tile),,,,51.39,,0.4047,,3 4,yes,5_4 5_4,pgg,22x,hand
209220,7,9,1,0,SSSSSSI,not needed (covering theorem),155.87 48.26 311.74 48.26 115.71 122.14 98.02,1.0000 1.0000 1.0000 1.0000 1.0000 1.0000 0.6248,0 0 0 0 0 0 6,0 1 0 1 1 1 0,,,YES,2,6,2,48.26,,0.6248,,3 4,yes,5_4 5_4,pgg,22x,hand
209220,7,9,1,2,SSSSSSS,not tested,180.00 92.52 87.48 272.52 87.48 92.52 87.48,1.0000 1.0000 1.0000 1.0000 1.0000 2.0000 1.0000,0 0 0 0 0 5 0,0 1 0 1 0 0 0,1,,no (tile),,,,87.48,,0.5000,,3 4,yes,5_4 5_4,pgg,22x,hand
209220,7,10,1,2,JJIJJJJ,not needed (covering theorem),22.62 180.00 168.69 78.69 90.00 180.00 180.00,1.0000 1.0000 1.1767 1.0000 1.0000 1.0000 1.0000,0 0 2 0 0 0 0,0 3 0 2 1 2 1,,,YES,2,6,2,22.62,,0.8498,,3 4,yes,5_4 5_4,pgg,22x,hand
209220,7,11,0,2,JJJIJJJ,not needed (covering theorem),180.00 180.00 90.00 78.69 168.69 180.00 22.62,1.0000 1.0000 1.0000 1.1767 1.0000 1.0000 1.0000,0 0 0 3 0 0 0,0 3 0 0 1 2 3,,,YES,2,6,2,22.62,,0.8498,,3 4,yes,5_4 5_4,pgg,22x,hand
209220,7,12,0,0,JJJJJIJ,not needed (covering theorem),90.00 180.00 180.00 22.62 180.00 168.69 78.69,1.0000 1.0000 1.0000 1.0000 1.0000 1.1767 1.0000,0 0 0 0 0 5 0,0 3 0 1 2 0 3,,,YES,2,6,2,22.62,,0.8498,,3 4,yes,5_4 5_4,pgg,22x,hand
209220,7,13,1,0,JJJJJJI,not needed (covering theorem),168.69 180.00 22.62 180.00 180.00 90.00 78.69,1.0000 1.0000 1.0000 1.0000 1.0000 1.0000 1.1767,0 0 0 0 0 0 6,0 3 2 1 2 1 0,,,YES,2,6,2,22.62,,0.8498,,3 4,yes,5_4 5_4,pgg,22x,hand
209220,7,14,0,3,SSSSISS,not tested,214.37 322.90 37.10 72.81 88.64 18.55 145.63,1.0000 1.0000 1.0000 1.0000 2.8820 1.0000 1.0000,0 0 0 0 4 0 0,0 1 0 0 0 0 0,,closing m-gon self-intersects (not a simple polygon) — not p,n/a (tile degenerate at high precision),,,,18.55,,0.3470,,3 4,yes,5_4 5_4,pgg,22x,hand
209220,7,14,0,4,SSSSSSS,not tested,180.00 180.00 180.00 18.00 162.00 130.01 49.99,1.0000 1.0000 1.0000 2.4784 1.0000 1.0000 1.0000,0 0 0 3 0 0 0,0 0 0 0 0 1 0,"1,2,6",,no (tile),,,,18.00,,0.4035,,3 4,yes,5_4 5_4,pgg,22x,hand
209220,7,14,0,6,SSSSSSS,not tested,18.00 180.00 180.00 180.00 49.99 130.01 162.00,1.0000 1.0000 1.0000 1.0000 1.0000 1.0000 2.4784,0 0 0 0 0 0 6,0 0 0 0 1 0 0,"1,2,6",,no (tile),,,,18.00,,0.4035,,3 4,yes,5_4 5_4,pgg,22x,hand
209220,7,14,1,0,SSSSSSI,not needed (covering theorem),6.38 203.93 156.07 347.24 12.76 101.97 71.65,1.0000 1.0000 1.0000 1.0000 1.0000 1.0000 3.1657,0 0 0 0 0 0 6,0 0 0 1 0 0 0,,,YES,2,6,2,6.38,,0.3159,,3 4,yes,5_4 5_4,pgg,22x,hand
209220,7,14,1,3,SSSISSS,not tested,359.92 120.27 239.73 0.04 60.09 119.87 0.08,1.0000 1.0000 1.0000 3.0020 1.0000 1.0000 1.0000,0 0 0 3 0 0 0,0 0 0 0 0 0 1,(not a tile),,"n/a (not a tile: fold at 0,6)",,,,0.04,,0.3331,,,,5_4 5_4,pgg,22x,hand
209220,7,14,1,4,SSSSSSS,not tested,180.00 180.00 180.00 49.99 130.01 162.00 18.00,1.0000 1.0000 1.0000 1.0000 1.0000 2.4784 1.0000,0 0 0 0 0 5 0,0 0 0 1 0 0 0,"1,2,6",,no (tile),,,,18.00,,0.4035,,3 4,yes,5_4 5_4,pgg,22x,hand
209220,7,14,1,6,SSSSSSS,not tested,49.99 180.00 180.00 180.00 18.00 162.00 130.01,1.0000 1.0000 1.0000 1.0000 2.4784 1.0000 1.0000,0 0 0 0 4 0 0,0 0 0 0 0 0 1,"1,2,6",,no (tile),,,,18.00,,0.4035,,3 4,yes,5_4 5_4,pgg,22x,hand
209222,7,2,0,1,SSUUUUS,not needed (covering theorem),119.98 120.01 -240.00 59.99 300.01 59.99 480.02,1.0000 1.0000 1.0001 1.0001 1.0001 1.0001 1.0000,0 0 2 2 2 2 0,0 0 0 2 0 2 0,,,YES,2,6,2,59.99,,0.9999,,3 4,yes,5_4 5_4,pgg,22x,L2
209222,7,2,0,3,SSSUUUU,not needed (covering theorem),120.16 119.82 120.09 120.02 59.91 300.09 59.91,1.0000 1.0000 1.0000 1.0007 1.0007 1.0007 1.0007,0 0 0 3 3 3 3,0 0 0 0 2 0 2,,,YES,2,6,2,59.91,,0.9993,,3 4,yes,5_4 5_4,pgg,22x,L2
209222,7,3,1,3,SIIISII,not tested,125.10 54.90 180.00 180.00 54.90 125.10 180.00,1.0000 1.1500 1.1500 1.1500 1.0000 1.1500 1.1500,0 1 1 1 0 1 1,0 0 0 0 0 0 0,1,,no (tile),,,,54.90,,0.8696,,3 4,yes,5_4 5_4,pgg,22x,L2
209222,7,3,1,4,SUSSUSS,not tested,180.00 62.66 117.34 180.00 117.34 62.66 180.00,1.0000 1.0889 1.0000 1.0000 1.0889 1.0000 1.0000,0 1 0 0 1 0 0,0 0 1 1 2 0 0,6,,no (tile),,,,62.66,,0.9184,,3 4,yes,5_4 5_4,pgg,22x,L2
209222,7,6,0,1,SSSUUSS,not needed (covering theorem),175.47 92.26 184.53 100.14 87.74 84.38 175.47,1.0000 1.0000 1.0000 2.5970 2.5970 1.0000 1.0000,0 0 0 3 3 0 0,0 0 0 0 2 0 0,,,YES,2,6,2,84.38,,0.3851,,3 4,yes,5_4 5_4,pgg,22x,L2
209222,7,8,0,5,SSSSSUU,not needed (covering theorem),84.56 175.34 175.34 92.33 184.66 100.11 87.67,1.0000 1.0000 1.0000 1.0000 1.0000 2.5984 2.5984,0 0 0 0 0 5 5,0 0 0 0 0 0 2,,,YES,2,6,2,84.56,,0.3849,,3 4,yes,5_4 5_4,pgg,22x,L2
209222,7,9,1,0,SSSSISI,not tested,161.84 36.33 323.67 36.33 161.84 78.64 101.36,1.0000 1.0000 1.0000 1.0000 1.0996 1.2719 0.8490,0 0 0 0 4 5 6,0 1 0 1 0 0 0,,1,no (deep),,,,36.33,,0.6675,,3 4,yes,5_4 5_4,pgg,22x,L2
209222,7,9,1,2,SIIIISI,not tested,136.49 43.51 180.00 180.00 180.00 43.51 136.49,1.0000 0.4835 0.4835 0.4835 0.4835 1.0000 0.4835,0 1 1 1 1 0 1,0 0 0 0 0 0 0,1,,no (tile),,,,43.51,,0.4835,,3 4,yes,5_4 5_4,pgg,22x,L2
209222,7,14,0,3,SSSSUUS,not needed (covering theorem),150.48 209.52 150.48 104.76 127.89 75.24 81.64,1.0000 1.0000 1.0000 1.0000 3.2725 3.2725 1.0000,0 0 0 0 4 4 0,0 0 0 0 0 2 0,,,YES,2,6,2,75.24,,0.3056,,3 4,yes,5_4 5_4,pgg,22x,L2
209222,7,14,0,5,SSSSSUU,not tested,58.81 180.30 179.70 180.30 89.85 120.89 90.15,1.0000 1.0000 1.0000 1.0000 1.0000 2.9117 2.9117,0 0 0 0 0 5 5,0 0 0 0 0 0 2,9,,no (after re-solve),,,,58.81,,0.3434,,3 4,yes,5_4 5_4,pgg,22x,L2
209222,7,14,1,0,SSSSISI,not tested,161.84 36.33 323.67 36.33 161.84 78.64 101.36,1.0000 1.0000 1.0000 1.0000 1.0996 1.2719 0.8490,0 0 0 0 4 5 6,0 1 0 1 0 0 0,,1,no (deep),,,,36.33,,0.6675,,3 4,yes,5_4 5_4,pgg,22x,L2
209222,7,14,1,5,SSSUSUS,not tested,180.00 180.00 180.00 46.52 133.48 133.48 46.52,1.0000 1.0000 1.0000 2.1800 1.0000 2.1800 1.0000,0 0 0 3 0 3 0,0 0 0 0 1 2 0,6,,no (tile),,,,46.52,,0.4587,,3 4,yes,5_4 5_4,pgg,22x,L2
209232,7,0,0,1,SSSSISS,not needed (covering theorem),72.08 143.92 216.08 71.93 108.04 144.03 143.92,1.0000 1.0000 1.0000 1.0000 1.3812 1.0000 1.0000,0 0 0 0 4 0 0,0 1 0 1 0 0 1,,,YES,2,2,2,71.93,,0.7240,,3 4,yes,4_3 6_3,pgg,22x,hand
209232,7,0,1,2,SSSISSS,not needed (covering theorem),71.94 215.97 144.03 72.02 107.98 144.03 144.03,1.0000 1.0000 1.0000 2.2345 1.0000 1.0000 1.0000,0 0 0 3 0 0 0,0 1 0 0 1 1 0,,,YES,2,2,2,71.94,,0.4475,,3 4,yes,4_3 6_3,pgg,22x,hand
209232,7,0,1,5,USUSSSS,not tested,33.63 213.63 146.37 56.16 180.00 90.21 180.00,1.0000 1.0276 1.0000 1.0276 1.0276 1.0276 1.0276,0 1 0 1 1 1 1,0 0 2 0 0 1 1,"1,2,6",,no (tile),,,,33.63,,0.9732,,3 4,yes,4_3 6_3,pgg,22x,hand
209232,7,1,0,1,SSSSSSS,not tested,57.91 226.57 133.43 17.61 237.91 122.09 104.48,1.0000 1.0000 1.0000 1.0000 1.0000 1.0000 1.0000,0 0 0 0 0 0 0,0 1 0 1 0 1 1,1,,no (tile),,,,17.61,,1.0000,,3 4,yes,4_3 6_3,pgg,22x,hand
209232,7,1,0,3,SSSSSSS,not tested,-17.61 -133.43 493.43 -57.91 255.52 237.91 122.09,1.0000 1.0000 1.0000 1.0000 1.0000 1.0000 1.0000,0 0 0 0 0 0 0,0 1 0 1 1 0 1,1,,no (tile),,,,17.61,,1.0000,,3 4,yes,4_3 6_3,pgg,22x,hand
209232,7,1,1,4,ISIISII,not tested,36.75 314.90 45.10 143.25 134.90 45.10 180.00,1.0000 2.1252 1.0000 1.0000 2.1252 1.0000 1.0000,0 1 0 0 1 0 0,0 0 0 0 0 0 0,1,,no (tile),,,,36.75,,0.4705,,3 4,yes,4_3 6_3,pgg,22x,hand
209232,7,1,1,5,ISIIISI,not tested,146.37 47.80 312.20 33.63 180.00 47.80 132.20,1.0000 2.2333 1.0000 1.0000 1.0000 2.2333 1.0000,0 1 0 0 0 1 0,0 0 0 0 0 0 0,1,,no (tile),,,,33.63,,0.4478,,3 4,yes,4_3 6_3,pgg,22x,hand
209232,7,2,0,3,SSSSSIS,not needed (covering theorem),71.89 216.14 143.86 72.13 143.86 144.06 108.07,1.0000 1.0000 1.0000 1.0000 1.0000 1.3806 1.0000,0 0 0 0 0 5 0,0 1 0 1 0 0 1,,,YES,2,2,2,71.89,,0.7243,,3 4,yes,4_3 6_3,pgg,22x,hand
209232,7,2,1,0,SSSSSSI,not needed (covering theorem),72.02 144.04 215.96 71.91 144.04 144.04 107.98,1.0000 1.0000 1.0000 1.0000 1.0000 1.0000 2.2340,0 0 0 0 0 0 6,0 1 0 0 1 1 0,,,YES,2,2,2,71.91,,0.4476,,3 4,yes,4_3 6_3,pgg,22x,hand
209232,7,2,1,4,USUSSSS,not tested,60.31 144.61 215.39 35.39 180.00 84.31 180.00,1.0000 1.1074 1.0000 1.1074 1.1074 1.1074 1.1074,0 1 0 1 1 1 1,0 0 2 1 1 0 0,"1,2,6",,no (tile),,,,35.39,,0.9030,,3 4,yes,4_3 6_3,pgg,22x,hand
209232,7,3,1,0,JJJJJJI,not needed (covering theorem),-3221.57 180.00 180.00 180.00 6623.13 90.00 -3131.57,1.0000 1.0000 1.0000 1.0000 1.0000 1.0000 4.4272,0 0 0 0 0 0 6,0 3 0 3 2 1 0,,,YES,2,2,2,18.43,,0.2259,,3 4,yes,4_3 6_3,pgg,22x,hand
209232,7,3,1,2,JJJJIJJ,not needed (covering theorem),143.13 180.00 180.00 180.00 18.43 108.43 90.00,1.0000 1.0000 1.0000 1.0000 4.4272 1.0000 1.0000,0 0 0 0 4 0 0,0 3 0 3 0 2 1,,,YES,2,2,2,18.43,,0.2259,,3 4,yes,4_3 6_3,pgg,22x,hand
209290,7,0,1,3,IIIIIII,not needed (covering theorem),120.00 90.00 150.00 120.00 270.00 60.00 90.00,1.0000 0.4479 0.2242 1.0000 0.4479 0.4479 1.0000,0 1 2 0 1 1 0,0 0 0 0 0 0 0,,,YES,2,8,2,60.00,,0.2242,,3 4 6,yes,4_2 6_2,p6,632,L3
209290,7,1,1,0,IIIIIII,not needed (covering theorem),120.00 90.00 60.00 270.00 120.00 150.00 90.00,1.0000 0.4479 0.4479 1.0000 0.2242 0.4479 1.0000,0 1 1 0 4 1 0,0 0 0 0 0 0 0,,,YES,2,8,2,60.00,,0.2242,,3 4 6,yes,4_2 6_2,p6,632,L3
209336,7,0,0,2,JJSJJJJ,not tested,120.00 120.00 90.00 150.00 120.00 60.00 240.00,1.0000 1.0000 1.7321 1.0000 1.0000 1.0000 1.0000,0 0 2 0 0 0 0,0 3 0 0 3 0 3,8,,no (tile),,,,60.00,,0.5774,,3 4,yes,4_2 6_2,p3,333,L2
209336,7,0,1,3,JJIJJJJ,not needed (covering theorem),120.00 120.00 90.00 150.00 120.00 60.00 240.00,1.0000 1.0000 1.7321 1.0000 1.0000 1.0000 1.0000,0 0 2 0 0 0 0,0 3 0 2 1 0 3,,,YES,2,7,2,60.00,,0.5774,,3 4,yes,4_2 6_2,p3,333,L2
209336,7,1,0,0,JJJJSJJ,not tested,120.00 240.00 60.00 120.00 150.00 90.00 120.00,1.0000 1.0000 1.0000 1.0000 1.7321 1.0000 1.0000,0 0 0 0 4 0 0,0 3 0 3 0 0 3,8,,no (tile),,,,60.00,,0.5774,,3 4,yes,4_2 6_2,p3,333,L2
209336,7,1,1,2,JJJJIJJ,not needed (covering theorem),120.00 240.00 60.00 120.00 150.00 90.00 120.00,1.0000 1.0000 1.0000 1.0000 1.7321 1.0000 1.0000,0 0 0 0 4 0 0,0 3 2 1 0 0 3,,,YES,2,7,2,60.00,,0.5774,,3 4,yes,4_2 6_2,p3,333,L2
209337,7,0,1,2,IIIIIII,not tested,120.00 60.00 60.00 60.00 120.00 240.00 240.00,1.0000 4.0000 4.0000 1.0000 1.0000 1.0000 1.0000,0 1 2 0 0 0 0,0 0 0 0 0 0 0,8,,no (tile),,,,60.00,,0.2500,,3 6,yes,5_3 5_3,p3,333,hand
209337,7,1,0,1,JSJJJJJ,not tested,120.00 60.00 60.00 240.00 60.00 120.00 240.00,1.0000 3.0000 1.0000 1.0000 1.0000 1.0000 1.0000,0 1 0 0 0 0 0,0 0 3 0 3 0 3,8,,no (tile),,,,60.00,,0.3333,,3 6,yes,5_3 5_3,p3,333,hand
209337,7,2,0,1,JSJJJJJ,not tested,120.00 79.11 40.89 240.00 120.00 60.00 240.00,1.0000 2.6458 1.0000 1.0000 1.0000 1.0000 1.0000,0 1 0 0 0 0 0,0 0 3 0 3 0 3,8,,no (tile),,,,40.89,,0.3780,,3 6,yes,5_3 5_3,p3,333,hand
209337,7,3,0,4,JJJSJJJ,not tested,120.00 240.00 120.00 60.00 60.00 240.00 60.00,1.0000 1.0000 1.0000 3.0000 1.0000 1.0000 1.0000,0 0 0 3 0 0 0,0 3 0 0 3 0 3,8,,no (tile),,,,60.00,,0.3333,,3 6,yes,5_3 5_3,p3,333,hand
209337,7,5,0,5,JJJJSJJ,not tested,120.00 60.00 240.00 120.00 79.11 40.89 240.00,1.0000 1.0000 1.0000 1.0000 2.6458 1.0000 1.0000,0 0 0 0 4 0 0,0 3 0 3 0 0 3,8,,no (tile),,,,40.89,,0.3780,,3 6,yes,5_3 5_3,p3,333,hand
209337,7,6,0,2,JJSJJJJ,not tested,120.00 240.00 13.90 106.10 60.00 240.00 120.00,1.0000 1.0000 3.6056 1.0000 1.0000 1.0000 1.0000,0 0 2 0 0 0 0,0 3 0 0 3 0 3,8,,no (tile),,,,13.90,,0.2774,,3 6,yes,5_3 5_3,p3,333,hand
209337,7,6,0,4,JJJSJJJ,not tested,120.00 120.00 240.00 13.90 106.10 60.00 240.00,1.0000 1.0000 1.0000 3.6056 1.0000 1.0000 1.0000,0 0 0 3 0 0 0,0 3 0 0 3 0 3,8,,no (tile),,,,13.90,,0.2774,,3 6,yes,5_3 5_3,p3,333,hand
209337,7,6,1,3,IIIIIII,not tested,120.00 240.00 60.00 60.00 60.00 240.00 120.00,1.0000 1.0000 4.0000 4.0000 1.0000 1.0000 1.0000,0 0 2 3 0 0 0,0 0 0 0 0 0 0,8,,no (tile),,,,60.00,,0.2500,,3 6,yes,5_3 5_3,p3,333,hand
209338,7,0,1,5,JIIIIIJ,not tested,90.00 45.00 90.00 270.00 270.00 90.00 45.00,1.0000 0.4714 0.4714 0.4714 0.4714 0.4714 1.0000,0 1 1 1 1 1 0,0 0 0 0 0 0 3,(not a tile),,"n/a (not a tile: rep 0 (J) must bulge opposite ways: to clear v3 on edge 0 (code 0) and to clear v4 on edge 6 (code 3) -- exact via the outside lemma (validated by John, 2026-09-13) [curve_sides])",,,,45.00,,0.4714,,,,5_3 5_3,p4,442,L2
209338,7,1,0,1,JSJJJJJ,not tested,90.00 135.00 45.00 270.00 90.00 90.00 180.00,1.0000 1.4142 1.0000 1.0000 1.0000 1.0000 1.0000,0 1 0 0 0 0 0,0 0 3 0 3 0 3,9,,no (tile),,,,45.00,,0.7071,,3 4,yes,5_3 5_3,p4,442,L2
209338,7,2,1,3,JIIIIIJ,not tested,90.00 161.57 90.00 90.00 270.00 90.00 108.43,1.0000 0.6325 0.6325 0.6325 0.6325 0.6325 1.0000,0 1 1 1 1 1 0,0 0 0 0 0 0 3,9,,no (tile),,,,90.00,,0.6325,,3 4,yes,5_3 5_3,p4,442,L2
209338,7,3,0,4,JJJSJJJ,not tested,90.00 180.00 90.00 135.00 45.00 270.00 90.00,1.0000 1.0000 1.0000 1.4142 1.0000 1.0000 1.0000,0 0 0 3 0 0 0,0 3 0 0 3 0 3,9,,no (tile),,,,45.00,,0.7071,,3 4,yes,5_3 5_3,p4,442,L2
209338,7,4,1,1,JJJJJIJ,not needed (covering theorem),90.00 90.00 270.00 90.00 90.00 135.00 135.00,1.0000 1.0000 1.0000 1.0000 1.0000 1.4142 1.0000,0 0 0 0 0 5 0,0 1 2 3 0 0 3,,,YES,2,9,2,90.00,,0.7071,,3 4,yes,5_3 5_3,p4,442,L2
209338,7,4,1,4,JIIIIIJ,not tested,90.00 45.00 270.00 90.00 90.00 270.00 45.00,1.0000 0.4714 0.4714 0.4714 0.4714 0.4714 1.0000,0 1 1 1 1 1 0,0 0 0 0 0 0 3,9,,no (tile),,,,45.00,,0.4714,,3 4,yes,5_3 5_3,p4,442,L2
209338,7,5,1,5,JIIIIIJ,not tested,90.00 108.43 90.00 270.00 90.00 90.00 161.57,1.0000 0.6325 0.6325 0.6325 0.6325 0.6325 1.0000,0 1 1 1 1 1 0,0 0 0 0 0 0 3,9,,no (tile),,,,90.00,,0.6325,,3 4,yes,5_3 5_3,p4,442,L2
209338,7,6,1,3,IIIIIII,not tested,90.00 270.00 45.00 90.00 45.00 270.00 90.00,1.0000 1.0000 2.1213 2.1213 1.0000 1.0000 1.0000,0 0 2 3 0 0 0,0 0 0 0 0 0 0,9,,no (tile),,,,45.00,,0.4714,,3 4,yes,5_3 5_3,p4,442,L2
209338,7,6,1,6,IIIIIII,not tested,90.00 270.00 90.00 90.00 135.00 135.00 90.00,1.0000 1.0000 1.0000 1.0000 1.4142 1.0000 1.0000,0 1 1 0 4 1 0,0 0 0 0 0 0 0,9,,no (tile),,,,90.00,,0.7071,,3 4,yes,5_3 5_3,p4,442,L2
209385,7,0,1,0,IIIIIII,not tested,120.00 120.00 120.00 120.00 60.00 300.00 60.00,1.0000 1.0000 1.0000 1.0000 1.0000 1.0000 1.0000,0 0 0 0 0 0 0,0 0 0 0 0 0 0,"1,2",,no (tile),,,,60.00,,1.0000,,3 4,yes,5_1 5_1,pg,1xx,L2
209385,7,0,1,5,IIIIIII,not tested,120.00 120.00 120.00 60.00 300.00 60.00 120.00,1.0000 1.0000 1.0000 1.0000 1.0000 1.0000 1.0000,0 0 0 0 0 0 0,0 0 0 0 0 0 0,"1,2",,no (tile),,,,60.00,,1.0000,,3 4,yes,5_1 5_1,pg,1xx,L2
209385,7,1,0,0,SSSUSUS,not tested,120.00 60.00 180.00 210.00 30.00 150.00 150.00,1.0000 1.0000 1.0000 1.0000 1.0000 1.0000 1.0000,0 0 0 3 0 3 0,0 1 1 0 0 2 1,"1,2",,no (tile),,,,30.00,,1.0000,,3 4,yes,5_1 5_1,pg,1xx,L2
209385,7,1,0,1,SSSUSUS,not tested,180.00 -60.00 240.00 210.00 210.00 -30.00 150.00,1.0000 1.0000 1.0000 1.0000 1.0000 1.0000 1.0000,0 0 0 3 0 3 0,0 1 0 0 1 2 0,"1,2",,no (tile),,,,30.00,,1.0000,,3 4,yes,5_1 5_1,pg,1xx,L2
209385,7,1,1,1,IIIUIUI,not tested,120.00 60.00 180.00 210.00 30.00 150.00 150.00,1.0000 1.0000 1.0000 1.0000 1.0000 1.0000 1.0000,0 0 0 3 0 3 0,0 0 0 0 0 2 0,"1,2",,no (tile),,,,30.00,,1.0000,,3 4,yes,5_1 5_1,pg,1xx,L2
209385,7,1,1,2,IIIUIUI,not tested,180.00 -60.00 240.00 210.00 210.00 -30.00 150.00,1.0000 1.0000 1.0000 1.0000 1.0000 1.0000 1.0000,0 0 0 3 0 3 0,0 0 0 0 0 2 0,"1,2",,no (tile),,,,30.00,,1.0000,,3 4,yes,5_1 5_1,pg,1xx,L2
209385,7,2,0,0,SSSSSSS,not tested,120.00 60.00 180.00 180.00 60.00 120.00 180.00,1.0000 1.0000 1.0000 1.0000 1.0000 1.0000 1.0000,0 0 0 0 0 0 0,0 1 1 1 0 1 1,"1,2",,no (tile),,,,60.00,,1.0000,,3 4,yes,5_1 5_1,pg,1xx,L2
209385,7,2,0,1,SSSSSSS,not tested,180.00 60.00 120.00 180.00 120.00 60.00 180.00,1.0000 1.0000 1.0000 1.0000 1.0000 1.0000 1.0000,0 0 0 0 0 0 0,0 1 0 0 1 0 0,"1,2",,no (tile),,,,60.00,,1.0000,,3 4,yes,5_1 5_1,pg,1xx,L2
209385,7,2,1,1,IIIIIII,not tested,120.00 60.00 180.00 180.00 60.00 120.00 180.00,1.0000 1.0000 1.0000 1.0000 1.0000 1.0000 1.0000,0 0 0 0 0 0 0,0 0 0 0 0 0 0,"1,2,6",,no (tile),,,,60.00,,1.0000,,3 4,yes,5_1 5_1,pg,1xx,L2
209385,7,2,1,2,IIIIIII,not tested,180.00 60.00 120.00 180.00 120.00 60.00 180.00,1.0000 1.0000 1.0000 1.0000 1.0000 1.0000 1.0000,0 0 0 0 0 0 0,0 0 0 0 0 0 0,"1,2,6",,no (tile),,,,60.00,,1.0000,,3 4,yes,5_1 5_1,pg,1xx,L2
209385,7,3,0,2,SUSUUSU,not tested,210.00 210.00 30.00 150.00 120.00 150.00 30.00,1.0000 0.9221 1.0000 0.9221 0.7289 1.0000 0.7289,0 1 0 1 4 0 4,0 0 1 2 0 1 2,2,,no (tile),,,,30.00,,0.7289,,3 4,yes,5_1 5_1,pg,1xx,L2
209385,7,3,1,3,IUIUUIU,not tested,210.00 210.00 30.00 150.00 120.00 150.00 30.00,1.0000 0.9221 1.0000 0.9221 0.7289 1.0000 0.7289,0 1 0 1 4 0 4,0 0 0 2 0 0 2,2,,no (tile),,,,30.00,,0.7289,,3 4,yes,5_1 5_1,pg,1xx,L2
209385,7,4,0,2,SUSUSSS,not tested,180.00 210.00 30.00 150.00 150.00 120.00 60.00,1.0000 1.0000 1.0000 1.0000 1.0000 1.0000 1.0000,0 1 0 1 0 0 0,0 0 1 2 0 1 0,"1,2",,no (tile),,,,30.00,,1.0000,,3 4,yes,5_1 5_1,pg,1xx,L2
209385,7,4,1,3,IUIUIII,not tested,180.00 210.00 30.00 150.00 150.00 120.00 60.00,1.0000 1.0000 1.0000 1.0000 1.0000 1.0000 1.0000,0 1 0 1 0 0 0,0 0 0 2 0 0 0,"1,2",,no (tile),,,,30.00,,1.0000,,3 4,yes,5_1 5_1,pg,1xx,L2
209387,7,0,0,0,IIIIIII,not needed (covering theorem),630.00 570.00 -840.00 570.00 1020.00 -210.00 -840.00,1.0000 1.0000 1.0000 1.0000 1.0000 1.0000 1.0000,0 0 0 0 0 0 0,0 0 0 0 0 0 0,,,YES,2,"2,3",2,60.00,,1.0000,,3 4,yes,4_2 6_2,pg,1xx,L2
209387,7,0,1,0,IIUIUUU,not needed (covering theorem),1125.02 -990.01 224.99 44.99 135.01 1170.01 -810.01,1.0000 1.0000 0.7067 1.0000 0.7067 0.7067 0.7067,0 0 2 0 2 2 2,0 0 0 0 2 0 2,,,YES,2,"2,3",2,44.99,,0.7067,,3 4,yes,4_2 6_2,pg,1xx,L2
209387,7,0,1,3,UUUIUUU,not needed (covering theorem),460.01 -560.03 460.01 860.01 1140.02 -100.01 -1360.01,1.0000 1.0000 1.0000 0.9994 1.0000 1.0000 1.0000,0 0 0 3 0 0 0,0 2 0 0 0 2 2,,,YES,2,3,2,60.02,,0.9994,,3 4,yes,4_2 6_2,pg,1xx,L2
209387,7,0,1,4,SSSSSSS,not tested,60.00 240.00 60.00 180.00 60.00 180.00 120.00,1.0000 1.0000 1.0000 1.0000 1.0000 1.0000 1.0000,0 0 0 0 0 0 0,0 1 0 0 1 1 0,"1,2,6",,no (tile),,,,60.00,,1.0000,,3 4,yes,4_2 6_2,pg,1xx,L2
209387,7,1,0,2,IIIIIII,not needed (covering theorem),120.00 150.00 90.00 120.00 210.00 60.00 150.00,1.0000 1.0000 1.0000 1.0000 1.0000 1.0000 1.0000,0 0 0 0 0 0 0,0 0 0 0 0 0 0,,,YES,2,"2,3",2,60.00,,1.0000,,3 4,yes,4_2 6_2,pg,1xx,L2
209387,7,1,1,2,IIUUUIU,not needed (covering theorem),224.99 89.99 45.02 269.99 90.01 135.01 44.99,1.0000 1.0000 0.7068 0.7068 0.7068 1.0000 0.7068,0 0 2 2 2 0 2,0 0 0 2 0 0 2,,,YES,2,"2,3",2,44.99,,0.7068,,3 4,yes,4_2 6_2,pg,1xx,L2
209387,7,1,1,5,SSSSSSS,not tested,60.00 240.00 60.00 120.00 180.00 60.00 180.00,1.0000 1.0000 1.0000 1.0000 1.0000 1.0000 1.0000,0 0 0 0 0 0 0,0 1 1 0 0 1 1,"1,2,6",,no (tile),,,,60.00,,1.0000,,3 4,yes,4_2 6_2,pg,1xx,L2
209387,7,1,1,6,UUUUUIU,not needed (covering theorem),100.01 159.98 100.01 79.99 259.99 60.02 140.01,1.0000 1.0000 1.0000 1.0000 1.0000 0.9995 1.0000,0 0 0 0 0 5 0,0 2 0 0 2 0 2,,,YES,2,3,2,60.02,,0.9995,,3 4,yes,4_2 6_2,pg,1xx,L2
209389,7,0,0,6,SSIISII,not tested,225.52 -91.03 225.52 -120.00 225.52 134.48 300.00,1.0000 1.0000 0.2675 0.2675 1.0000 0.2675 0.2675,0 0 2 3 0 2 2,0 1 0 0 0 0 0,6,,no (tile),,,,60.00,,0.2675,,3 4,yes,4_2 6_2,pg,1xx,L2
209389,7,0,1,4,IIIIIII,not tested,-72.00 252.00 180.00 252.00 -36.00 108.00 216.00,1.0000 1.0000 1.0000 1.0000 1.0000 1.0000 1.0000,0 0 0 0 0 0 0,0 0 0 0 0 0 0,"2,6",,no (tile),,,,36.00,,1.0000,,3 4,yes,4_2 6_2,pg,1xx,L2
209389,7,0,1,5,SSUSSSU,not tested,60.00 120.00 180.00 0.00 300.00 60.00 180.00,1.0000 1.0000 2.2636 1.0000 1.0000 1.0000 2.2636,0 0 2 0 0 0 2,0 1 0 0 1 0 2,"1,2,6",,no (tile),,,,0.00,,0.4418,,3 4,yes,4_2 6_2,pg,1xx,L2
209389,7,1,0,1,SSUSSSU,not tested,180.00 -120.00 300.00 180.00 300.00 60.00 0.00,1.0000 1.0000 2.1834 1.0000 1.0000 1.0000 2.1834,0 0 2 0 0 0 2,0 1 0 1 0 1 2,"1,2,6",,no (tile),,,,0.00,,0.4580,,3 4,yes,4_2 6_2,pg,1xx,L2
209389,7,1,0,2,IIIIIII,not tested,180.00 108.00 72.00 144.00 252.00 36.00 108.00,1.0000 1.0000 1.0000 1.0000 1.0000 1.0000 1.0000,0 0 0 0 0 0 0,0 0 0 0 0 0 0,"2,6",,no (tile),,,,36.00,,1.0000,,3 4,yes,4_2 6_2,pg,1xx,L2
209389,7,1,1,6,SSIISII,not tested,83.60 192.79 83.60 60.00 276.40 83.60 120.00,1.0000 1.0000 0.9058 0.9058 1.0000 0.9269 0.9058,0 0 2 2 0 5 2,0 1 0 0 1 0 0,,6,no (deep),,,,60.00,,0.9058,,3 4,yes,4_2 6_2,pg,1xx,L2
209403,7,0,0,0,IIIIIII,not tested,20.00 160.00 160.00 100.00 60.00 200.00 200.00,1.0000 1.0000 1.0000 1.0000 1.0000 1.0000 1.0000,0 0 0 0 0 0 0,0 0 0 0 0 0 0,"1,2,6",,no (tile),,,,20.00,,1.0000,,3 4,yes,5_3 5_3,pg,1xx,L2
209403,7,0,1,4,IIIUIIU,not tested,40.73 81.45 180.00 139.27 57.82 180.00 220.73,1.0000 1.0000 1.0000 0.2675 1.0000 1.0000 0.2675,0 0 0 3 0 0 3,0 0 0 0 0 0 2,"2,6",,no (tile),,,,40.73,,0.2675,,3 4,yes,5_3 5_3,pg,1xx,L2
209403,7,0,1,6,SSSSSSS,not tested,120.00 141.79 60.00 180.00 38.21 321.79 38.21,1.0000 1.0000 1.0000 1.0000 1.0000 1.0000 1.0000,0 0 0 0 0 0 0,0 1 1 1 0 1 0,"1,2,6",,no (tile),,,,38.21,,1.0000,,3 4,yes,5_3 5_3,pg,1xx,L2
209403,7,1,0,2,IIIUIUI,not tested,130.72 130.72 49.28 196.07 196.07 33.21 163.93,1.0000 1.0000 1.0000 0.8419 1.0000 0.8419 1.0000,0 0 0 3 0 3 0,0 0 0 0 0 2 0,2,,no (tile),,,,33.21,,0.8419,,3 4,yes,5_3 5_3,pg,1xx,L2
209403,7,1,1,5,IIIIIII,not tested,148.06 130.65 49.35 180.00 229.35 31.94 130.65,1.0000 1.0000 1.0000 1.0000 1.0000 1.0000 1.0000,0 0 0 0 0 0 0,0 0 0 0 0 0 0,2,,no (tile),,,,31.94,,1.0000,,3 4,yes,5_3 5_3,pg,1xx,L2
209403,7,2,0,0,IIIIIII,not tested,52.24 127.76 127.76 28.96 331.04 28.96 203.28,1.0000 1.0000 1.0000 1.0000 1.0000 1.0000 1.0000,0 0 0 0 0 0 0,0 0 0 0 0 0 0,"1,6",,no (tile),,,,28.96,,1.0000,,3 4,yes,5_3 5_3,pg,1xx,L2
209403,7,2,0,2,IIIIIII,not tested,232.24 232.24 -52.24 156.72 -28.96 388.96 -28.96,1.0000 1.0000 1.0000 1.0000 1.0000 1.0000 1.0000,0 0 0 0 0 0 0,0 0 0 0 0 0 0,"1,6",,no (tile),,,,28.96,,1.0000,,3 4,yes,5_3 5_3,pg,1xx,L2
209403,7,3,0,0,IIIIIII,not tested,-40.00 220.00 220.00 220.00 -60.00 200.00 140.00,1.0000 1.0000 1.0000 1.0000 1.0000 1.0000 1.0000,0 0 0 0 0 0 0,0 0 0 0 0 0 0,"1,2,6",,no (tile),,,,40.00,,1.0000,,3 4,yes,5_3 5_3,pg,1xx,L2
209403,7,3,0,2,IIIIIII,not tested,140.00 140.00 40.00 220.00 160.00 60.00 140.00,1.0000 1.0000 1.0000 1.0000 1.0000 1.0000 1.0000,0 0 0 0 0 0 0,0 0 0 0 0 0 0,"1,2,6",,no (tile),,,,40.00,,1.0000,,3 4,yes,5_3 5_3,pg,1xx,L2
209403,7,3,1,3,IIUUUIU,not needed (covering theorem),49.01 98.01 130.99 81.99 278.01 32.98 229.01,1.0000 1.0000 0.4874 0.4874 0.4874 1.0000 0.4874,0 0 2 2 2 0 2,0 0 0 2 0 0 2,,,YES,2,"2,3",2,32.98,,0.4874,,3 4,yes,5_3 5_3,pg,1xx,L2
209403,7,3,1,4,SSSSSSS,not tested,60.00 141.79 120.00 180.00 38.21 180.00 180.00,1.0000 1.0000 1.0000 1.0000 1.0000 1.0000 1.0000,0 0 0 0 0 0 0,0 1 1 1 0 0 0,"1,2,6",,no (tile),,,,38.21,,1.0000,,3 4,yes,5_3 5_3,pg,1xx,L2
209403,7,3,1,5,SSSSSSS,not tested,120.00 141.79 60.00 180.00 180.00 38.21 180.00,1.0000 1.0000 1.0000 1.0000 1.0000 1.0000 1.0000,0 0 0 0 0 0 0,0 1 1 1 1 0 0,"1,2,6",,no (tile),,,,38.21,,1.0000,,3 4,yes,5_3 5_3,pg,1xx,L2
209403,7,3,1,6,IIUIUUU,not needed (covering theorem),130.99 98.01 49.01 229.01 32.98 278.01 81.99,1.0000 1.0000 0.4873 1.0000 0.4873 0.4873 0.4873,0 0 2 0 2 2 2,0 0 0 0 2 0 2,,,YES,2,"2,3",2,32.98,,0.4873,,3 4,yes,5_3 5_3,pg,1xx,L2
209403,7,4,0,0,IIIUIUI,not tested,55.99 124.01 124.01 173.99 49.99 186.01 186.01,1.0000 1.0000 1.0000 0.2675 1.0000 0.2675 1.0000,0 0 0 3 0 3 0,0 0 0 0 0 2 0,2,,no (tile),,,,49.99,,0.2675,,3 4,yes,5_3 5_3,pg,1xx,L2
209403,7,4,1,4,IIIIIII,not tested,49.35 130.65 148.06 130.65 31.94 229.35 180.00,1.0000 1.0000 1.0000 1.0000 1.0000 1.0000 1.0000,0 0 0 0 0 0 0,0 0 0 0 0 0 0,2,,no (tile),,,,31.94,,1.0000,,3 4,yes,5_3 5_3,pg,1xx,L2
209403,7,5,0,2,IIIIIII,not tested,160.00 160.00 20.00 200.00 200.00 60.00 100.00,1.0000 1.0000 1.0000 1.0000 1.0000 1.0000 1.0000,0 0 0 0 0 0 0,0 0 0 0 0 0 0,"1,2,6",,no (tile),,,,20.00,,1.0000,,3 4,yes,5_3 5_3,pg,1xx,L2
209403,7,5,1,3,SSSSSSS,not tested,60.00 141.79 120.00 38.21 321.79 38.21 180.00,1.0000 1.0000 1.0000 1.0000 1.0000 1.0000 1.0000,0 0 0 0 0 0 0,0 1 1 0 1 0 0,"1,2,6,8",,no (tile),,,,38.21,,1.0000,,3 4,yes,5_3 5_3,pg,1xx,L2
209403,7,5,1,5,IIUIIUI,not tested,180.00 94.43 47.21 227.21 180.00 38.36 132.79,1.0000 1.0000 0.9634 1.0000 1.0000 0.9634 1.0000,0 0 2 0 0 2 0,0 0 0 0 0 2 0,"2,6",,no (tile),,,,38.36,,0.9634,,3 4,yes,5_3 5_3,pg,1xx,L2
209403,7,6,0,1,USUSUUS,not tested,145.28 94.72 85.28 265.28 34.72 180.00 94.72,1.0000 1.2167 1.0000 1.2167 1.0000 1.0000 1.2167,0 1 0 1 0 0 1,0 0 2 1 2 0 0,"2,6",,no (tile),,,,34.72,,0.8219,,3 4,yes,5_3 5_3,pg,1xx,L2
209403,7,6,0,3,SUSUSUU,not tested,31.96 268.04 88.04 91.96 148.04 91.96 180.00,1.0000 0.8484 1.0000 0.8484 1.0000 0.8484 0.8484,0 1 0 1 0 1 1,0 0 1 2 1 2 0,"2,6",,no (tile),,,,31.96,,0.8484,,3 4,yes,5_3 5_3,pg,1xx,L2
209403,7,6,1,0,UUUUUUI,not needed (covering theorem),60.21 119.92 179.75 240.08 59.83 180.25 59.96,1.0000 1.0000 1.0000 1.0000 1.0000 1.0000 3.9949,0 0 0 0 0 0 6,0 0 2 2 2 0 0,,,YES,2,3,2,59.83,,0.2503,,3 4,yes,5_3 5_3,pg,1xx,L2
209403,7,6,1,4,UUUUIUU,not needed (covering theorem),59.96 240.02 179.94 119.98 60.05 59.99 180.06,1.0000 1.0000 1.0000 1.0000 3.9988 1.0000 1.0000,0 0 0 0 4 0 0,0 0 2 2 0 2 0,,,YES,2,3,2,59.96,,0.2501,,3 4,yes,5_3 5_3,pg,1xx,L2
209403,7,6,1,5,SSSSSSS,not tested,108.00 108.00 88.54 252.00 72.00 91.46 180.00,1.0000 1.0000 1.0000 1.0000 1.0000 1.0000 1.0000,0 0 0 0 0 0 0,0 0 1 1 1 0 0,"2,6",,no (tile),,,,72.00,,1.0000,,3 4,yes,5_3 5_3,pg,1xx,L2
209403,7,6,1,6,SSSSSSS,not tested,72.00 252.00 88.54 108.00 108.00 180.00 91.46,1.0000 1.0000 1.0000 1.0000 1.0000 1.0000 1.0000,0 0 0 0 0 0 0,0 0 1 1 1 1 0,"2,6",,no (tile),,,,72.00,,1.0000,,3 4,yes,5_3 5_3,pg,1xx,L2
209471,7,0,0,0,SJJJJJJ,not needed (covering theorem),89.99 90.01 148.48 63.04 296.96 63.04 148.49,1.0000 0.4265 0.4782 0.4782 0.4782 0.4782 0.4265,0 1 2 2 2 2 1,0 0 0 2 0 2 3,,,YES,2,5,2,63.04,,0.4265,,3 4,yes,5_3 5_3,pg,1xx,hand
209471,7,0,0,2,UIUIIII,not tested,49.06 130.94 130.94 49.06 180.00 180.00 180.00,1.0000 0.4368 1.0000 0.4368 0.4368 0.4368 0.4368,0 1 0 1 1 1 1,0 0 2 0 0 0 0,6,,no (tile),,,,49.06,,0.4368,,3 4,yes,5_3 5_3,pg,1xx,hand
209471,7,1,1,4,IJJIJIJ,not needed (covering theorem),-30.00 210.00 240.00 210.00 -30.00 150.00 150.00,1.0000 0.9995 0.9995 1.0000 0.9995 1.0000 0.9995,0 1 1 0 1 0 1,0 0 0 0 3 0 3,,,YES,2,5,2,30.00,,0.9995,,3 4,yes,5_3 5_3,pg,1xx,hand
209471,7,1,1,5,IJIJIJJ,not needed (covering theorem),-2370.02 2550.02 -2310.02 2730.02 -2490.02 2670.02 120.00,1.0000 0.8687 1.0000 0.8687 1.0000 0.8687 0.8687,0 1 0 1 0 1 1,0 0 0 0 0 3 3,,,YES,2,5,2,29.98,,0.8687,,3 4,yes,5_3 5_3,pg,1xx,hand
209471,7,2,0,0,SJJJJJJ,not needed (covering theorem),89.99 90.01 148.48 63.04 296.96 63.04 148.49,1.0000 0.4265 0.4782 0.4782 0.4782 0.4782 0.4265,0 1 2 2 2 2 1,0 0 0 2 0 2 3,,,YES,2,5,2,63.04,,0.4265,,3 4,yes,5_3 5_3,pg,1xx,hand
209471,7,2,0,5,UIIIIUI,not tested,132.81 47.19 180.00 180.00 180.00 47.19 132.81,1.0000 0.4531 0.4531 0.4531 0.4531 1.0000 0.4531,0 1 1 1 1 0 1,0 0 0 0 0 2 0,6,,no (tile),,,,47.19,,0.4531,,3 4,yes,5_3 5_3,pg,1xx,hand
209471,7,3,0,3,UIIUIII,not tested,58.62 121.38 180.00 121.38 58.62 180.00 180.00,1.0000 1.0414 1.0414 1.0000 1.0414 1.0414 1.0414,0 1 1 0 1 1 1,0 0 0 2 0 0 0,6,,no (tile),,,,58.62,,0.9602,,3 4,yes,5_3 5_3,pg,1xx,hand
209471,7,3,0,4,UIIIUII,not tested,129.59 50.41 180.00 180.00 50.41 129.59 180.00,1.0000 1.2746 1.2746 1.2746 1.0000 1.2746 1.2746,0 1 1 1 0 1 1,0 0 0 0 2 0 0,6,,no (tile),,,,50.41,,0.7845,,3 4,yes,5_3 5_3,pg,1xx,hand
209471,7,3,1,4,IIIIIII,not tested,60.00 120.00 180.00 120.00 60.00 180.00 180.00,1.0000 1.0000 1.0000 1.0000 1.0000 1.0000 1.0000,0 0 0 0 0 0 0,0 0 0 0 0 0 0,"1,2,6",,no (tile),,,,60.00,,1.0000,,3 4,yes,5_3 5_3,pg,1xx,hand
209471,7,3,1,5,IIIIIII,not tested,120.00 60.00 180.00 180.00 60.00 120.00 180.00,1.0000 1.0000 1.0000 1.0000 1.0000 1.0000 1.0000,0 0 0 0 0 0 0,0 0 0 0 0 0 0,"1,2,6",,no (tile),,,,60.00,,1.0000,,3 4,yes,5_3 5_3,pg,1xx,hand
209471,7,4,1,0,SSSSSSS,not needed (covering theorem),300.00 -1680.00 -1140.00 -540.00 1020.00 900.00 2040.00,1.0000 1.0000 1.0000 1.0000 1.0000 1.0000 1.0000,0 0 0 0 0 0 0,0 0 1 0 0 1 1,,,YES,2,"5,6",2,60.00,,1.0000,,3 4,yes,5_3 5_3,pg,1xx,hand
209471,7,4,1,4,SSSSSSS,not needed (covering theorem),-540.00 2040.00 1740.00 -1680.00 -2580.00 900.00 1020.00,1.0000 1.0000 1.0000 1.0000 1.0000 1.0000 1.0000,0 0 0 0 0 0 0,0 0 1 1 0 1 1,,,YES,2,"5,6",2,60.00,,1.0000,,3 4,yes,5_3 5_3,pg,1xx,hand
209471,7,4,1,5,IUIIUII,not tested,40.30 249.85 69.85 139.70 110.15 110.15 180.00,1.0000 0.7625 1.0000 1.0000 0.7625 1.0000 1.0000,0 1 0 0 1 0 0,0 0 0 0 2 0 0,6,,no (tile),,,,40.30,,0.7625,,3 4,yes,5_3 5_3,pg,1xx,hand
209471,7,4,1,6,IUIIIUI,not tested,135.19 112.41 112.41 180.00 44.81 247.59 67.59,1.0000 0.5493 1.0000 1.0000 1.0000 0.5493 1.0000,0 1 0 0 0 1 0,0 0 0 0 0 2 0,6,,no (tile),,,,44.81,,0.5493,,3 4,yes,5_3 5_3,pg,1xx,hand
209471,7,5,1,4,SSSSSSS,not needed (covering theorem),60.00 240.00 60.00 120.00 180.00 60.00 180.00,1.0000 1.0000 1.0000 1.0000 1.0000 1.0000 1.0000,0 0 0 0 0 0 0,0 0 1 1 0 0 1,,,YES,2,"5,6",2,60.00,,1.0000,,3 4,yes,5_3 5_3,pg,1xx,hand
209471,7,5,1,5,UIIUIII,not tested,262.80 262.80 194.40 -82.80 97.20 -14.40 180.00,1.0000 0.2675 0.2675 1.0000 0.2675 0.2675 0.2675,0 1 1 0 1 1 1,0 0 0 2 0 0 0,6,,no (tile),,,,14.40,,0.2675,,3 4,yes,5_3 5_3,pg,1xx,hand
209471,7,5,1,6,UIIIUII,not tested,72.54 252.54 34.93 180.00 107.46 107.46 145.07,1.0000 0.9381 0.9381 0.9381 1.0000 0.9381 0.9381,0 1 1 1 0 1 1,0 0 0 0 2 0 0,6,,no (tile),,,,34.93,,0.9381,,3 4,yes,5_3 5_3,pg,1xx,hand
209471,7,6,1,2,IIIIIII,not tested,60.00 300.00 60.00 120.00 120.00 120.00 120.00,1.0000 1.0000 1.0000 1.0000 1.0000 1.0000 1.0000,0 0 0 0 0 0 0,0 0 0 0 0 0 0,"1,2",,no (tile),,,,60.00,,1.0000,,3 4,yes,5_3 5_3,pg,1xx,hand
209471,7,6,1,4,IIIIIII,not tested,120.00 60.00 300.00 60.00 120.00 120.00 120.00,1.0000 1.0000 1.0000 1.0000 1.0000 1.0000 1.0000,0 0 0 0 0 0 0,0 0 0 0 0 0 0,"1,2",,no (tile),,,,60.00,,1.0000,,3 4,yes,5_3 5_3,pg,1xx,hand
209472,7,0,1,1,IJJJJJJ,not needed (covering theorem),89.99 90.01 148.48 63.04 296.96 63.04 148.49,1.0000 0.4265 0.4782 0.4782 0.4782 0.4782 0.4265,0 1 2 2 2 2 1,0 0 0 2 0 2 3,,,YES,2,4,2,63.04,,0.4265,,3 4,yes,5_3 5_3,p1,o1,hand
209472,7,0,1,3,JIJIIII,not tested,49.06 130.94 130.94 49.06 180.00 180.00 180.00,1.0000 0.4368 1.0000 0.4368 0.4368 0.4368 0.4368,0 1 0 1 1 1 1,0 0 2 0 0 0 0,6,,no (tile),,,,49.06,,0.4368,,3 4,yes,5_3 5_3,p1,o1,hand
209472,7,1,0,3,SJJSJSJ,not needed (covering theorem),-30.00 210.00 240.00 210.00 -30.00 150.00 150.00,1.0000 0.9995 0.9995 1.0000 0.9995 1.0000 0.9995,0 1 1 0 1 0 1,0 0 0 0 3 0 3,,,YES,2,4,2,30.00,,0.9995,,3 4,yes,5_3 5_3,p1,o1,hand
209472,7,1,0,4,SJSJSJJ,not needed (covering theorem),-2370.02 2550.02 -2310.02 2730.02 -2490.02 2670.02 120.00,1.0000 0.8687 1.0000 0.8687 1.0000 0.8687 0.8687,0 1 0 1 0 1 1,0 0 0 0 0 3 3,,,YES,2,4,2,29.98,,0.8687,,3 4,yes,5_3 5_3,p1,o1,hand
209472,7,2,1,1,IJJJJJJ,not needed (covering theorem),89.99 90.01 148.48 63.04 296.96 63.04 148.49,1.0000 0.4265 0.4782 0.4782 0.4782 0.4782 0.4265,0 1 2 2 2 2 1,0 0 0 2 0 2 3,,,YES,2,4,2,63.04,,0.4265,,3 4,yes,5_3 5_3,p1,o1,hand
209472,7,2,1,6,JIIIIJI,not tested,132.81 47.19 180.00 180.00 180.00 47.19 132.81,1.0000 0.4531 0.4531 0.4531 0.4531 1.0000 0.4531,0 1 1 1 1 0 1,0 0 0 0 0 2 0,6,,no (tile),,,,47.19,,0.4531,,3 4,yes,5_3 5_3,p1,o1,hand
209472,7,3,0,3,SSSSSSS,not tested,60.00 120.00 180.00 120.00 60.00 180.00 180.00,1.0000 1.0000 1.0000 1.0000 1.0000 1.0000 1.0000,0 0 0 0 0 0 0,0 0 0 0 0 0 0,1,,no (tile),,,,60.00,,1.0000,,3 4,yes,5_3 5_3,p1,o1,hand
209472,7,3,0,4,SSSSSSS,not tested,120.00 60.00 180.00 180.00 60.00 120.00 180.00,1.0000 1.0000 1.0000 1.0000 1.0000 1.0000 1.0000,0 0 0 0 0 0 0,0 0 0 0 0 0 0,1,,no (tile),,,,60.00,,1.0000,,3 4,yes,5_3 5_3,p1,o1,hand
209472,7,3,1,4,JIIJIII,not tested,58.62 121.38 180.00 121.38 58.62 180.00 180.00,1.0000 1.0414 1.0414 1.0000 1.0414 1.0414 1.0414,0 1 1 0 1 1 1,0 0 0 2 0 0 0,6,,no (tile),,,,58.62,,0.9602,,3 4,yes,5_3 5_3,p1,o1,hand
209472,7,3,1,5,JIIIJII,not tested,129.59 50.41 180.00 180.00 50.41 129.59 180.00,1.0000 1.2746 1.2746 1.2746 1.0000 1.2746 1.2746,0 1 1 1 0 1 1,0 0 0 0 2 0 0,6,,no (tile),,,,50.41,,0.7845,,3 4,yes,5_3 5_3,p1,o1,hand
209472,7,4,0,2,SSSSSSS,not tested,180.00 120.00 60.00 240.00 60.00 180.00 60.00,1.0000 1.0000 1.0000 1.0000 1.0000 1.0000 1.0000,0 0 0 0 0 0 0,0 0 0 0 0 0 0,1,,no (tile),,,,60.00,,1.0000,,3 4,yes,5_3 5_3,p1,o1,hand
209472,7,4,0,3,SSSSSSS,not needed (covering theorem),-396.00 108.00 -72.00 576.00 252.00 252.00 180.00,1.0000 1.0000 1.0000 1.0000 1.0000 1.0000 1.0000,0 0 0 0 0 0 0,0 0 0 0 0 0 0,,,YES,2,"1,4",2,36.00,,1.0000,,3 4,yes,5_3 5_3,p1,o1,hand
209472,7,4,0,4,SSSSSSS,not needed (covering theorem),-144.00 -108.00 -108.00 180.00 324.00 468.00 288.00,1.0000 1.0000 1.0000 1.0000 1.0000 1.0000 1.0000,0 0 0 0 0 0 0,0 0 0 0 0 0 0,,,YES,2,"1,4",2,36.00,,1.0000,,3 4,yes,5_3 5_3,p1,o1,hand
209472,7,4,0,5,SSSSSSS,not tested,60.00 240.00 60.00 180.00 60.00 180.00 120.00,1.0000 1.0000 1.0000 1.0000 1.0000 1.0000 1.0000,0 0 0 0 0 0 0,0 0 0 0 0 0 0,1,,no (tile),,,,60.00,,1.0000,,3 4,yes,5_3 5_3,p1,o1,hand
209472,7,5,0,2,SSSSSSS,not tested,60.00 240.00 60.00 120.00 180.00 60.00 180.00,1.0000 1.0000 1.0000 1.0000 1.0000 1.0000 1.0000,0 0 0 0 0 0 0,0 0 0 0 0 0 0,1,,no (tile),,,,60.00,,1.0000,,3 4,yes,5_3 5_3,p1,o1,hand
209472,7,5,0,3,SSSSSSS,not needed (covering theorem),828.00 828.00 864.00 -648.00 -468.00 -684.00 180.00,1.0000 1.0000 1.0000 1.0000 1.0000 1.0000 1.0000,0 0 0 0 0 0 0,0 0 0 0 0 0 0,,,YES,2,"1,4",2,36.00,,1.0000,,3 4,yes,5_3 5_3,p1,o1,hand
209472,7,5,0,4,SSSSSSS,not needed (covering theorem),1152.00 1332.00 -1764.00 180.00 -972.00 -972.00 1944.00,1.0000 1.0000 1.0000 1.0000 1.0000 1.0000 1.0000,0 0 0 0 0 0 0,0 0 0 0 0 0 0,,,YES,2,"1,4",2,36.00,,1.0000,,3 4,yes,5_3 5_3,p1,o1,hand
209472,7,6,1,2,JJJJIJJ,not needed (covering theorem),51.46 308.54 51.46 128.54 115.73 115.73 128.54,1.0000 1.0000 1.0000 1.0000 0.8682 1.0000 1.0000,0 0 0 0 4 0 0,0 2 0 1 0 3 2,,,YES,2,4,2,51.46,,0.8682,,3 4,yes,5_3 5_3,p1,o1,hand
209472,7,6,1,4,JJJJJIJ,not needed (covering theorem),128.51 51.49 308.51 51.49 128.51 115.75 115.75,1.0000 1.0000 1.0000 1.0000 1.0000 0.8688 1.0000,0 0 0 0 0 5 0,0 2 0 2 3 0 1,,,YES,2,4,2,51.49,,0.8688,,3 4,yes,5_3 5_3,p1,o1,hand
209516,7,0,0,3,IIIIIII,not needed (covering theorem),-200.00 220.00 420.00 -620.00 140.00 560.00 380.00,1.0000 1.0000 1.0000 1.0000 1.0000 1.0000 1.0000,0 0 0 0 0 0 0,0 0 0 0 0 0 0,,,YES,2,5,2,20.00,,1.0000,,3 4,yes,5_3 5_3,pg,1xx,hand
209516,7,0,1,1,IUUUUUU,not needed (covering theorem),101.34 78.66 157.31 68.07 291.93 68.07 134.62,1.0000 0.4467 0.4467 0.4467 0.4467 0.4467 0.4467,0 1 1 1 1 1 1,0 0 0 2 0 2 2,,,YES,2,"4,5",2,68.07,,0.4467,,3 4,yes,5_3 5_3,pg,1xx,hand
209516,7,1,0,3,IUUIUIU,not tested,99.18 80.82 216.71 80.82 44.11 279.18 99.18,1.0000 0.9716 0.9716 1.0000 0.9716 1.0000 0.9716,0 1 1 0 1 0 1,0 0 0 0 2 0 2,2,,no (tile),,,,44.11,,0.9716,,3 4,yes,5_3 5_3,pg,1xx,hand
209516,7,1,1,1,IUUUUUU,not tested,99.83 80.17 160.34 199.66 39.31 160.34 160.34,1.0000 0.6407 0.6407 1.0818 0.6407 1.0818 0.6407,0 1 1 3 1 3 1,0 0 0 0 2 2 2,2,,no (tile),,,,39.31,,0.5923,,3 4,yes,5_3 5_3,pg,1xx,hand
209516,7,2,0,0,SIIIISI,not tested,132.17 47.83 180.00 180.00 180.00 46.39 133.61,1.0000 0.4591 0.4591 0.4591 0.4591 1.0236 0.4591,0 1 1 1 1 5 1,0 0 0 0 0 0 0,1,,no (tile),,,,46.39,,0.4485,,3 4,yes,5_3 5_3,pg,1xx,hand
209516,7,2,0,2,IJIIIIJ,not tested,134.16 134.16 45.84 180.00 180.00 180.00 45.84,1.0000 2.1531 1.0000 1.0000 1.0000 1.0000 2.1531,0 1 0 0 0 0 1,0 0 0 0 0 0 2,6,,no (tile),,,,45.84,,0.4644,,3 4,yes,5_3 5_3,pg,1xx,hand
209516,7,2,0,4,UIUIUUI,not tested,230.79 50.79 50.79 230.79 129.21 78.43 129.21,1.0000 0.9475 0.0500 0.9475 1.0000 0.0500 0.9475,0 1 2 1 0 2 1,0 0 0 0 2 2 0,"2,6",,no (tile),,,,50.79,,0.0500,YES,3 4,yes,5_3 5_3,pg,1xx,hand
209516,7,2,0,5,IJJIJIJ,not tested,267.95 149.00 61.05 92.05 211.00 87.95 31.00,1.0000 1.1021 1.1021 1.0000 1.1021 1.0000 1.1021,0 1 1 0 1 0 1,0 0 0 0 2 0 2,"2,6",,no (tile),,,,31.00,,0.9074,,3 4,yes,5_3 5_3,pg,1xx,hand
209516,7,3,0,0,SIIISII,not tested,115.53 64.47 180.00 180.00 45.51 134.49 180.00,1.0000 1.3173 1.3173 1.3173 1.2648 1.3173 1.3173,0 1 1 1 4 1 1,0 0 0 0 0 0 0,1,,no (tile),,,,45.51,,0.7591,,3 4,yes,5_3 5_3,pg,1xx,hand
209516,7,3,0,5,IIIIIII,not tested,-69.10 221.80 221.80 290.90 138.20 -41.80 138.20,1.0000 1.0000 1.0000 1.0000 1.0000 1.0000 1.0000,0 0 0 0 0 0 0,0 0 0 0 0 0 0,6,,no (tile),,,,41.80,,1.0000,,3 4,yes,5_3 5_3,pg,1xx,hand
209516,7,3,0,6,IIIIIII,not tested,148.19 63.62 243.62 63.62 148.19 116.38 116.38,1.0000 1.0000 1.0000 1.0000 1.0000 1.0000 1.0000,0 0 0 0 0 0 0,0 0 0 0 0 0 0,6,,no (tile),,,,63.62,,1.0000,,3 4,yes,5_3 5_3,pg,1xx,hand
209516,7,3,1,0,SSSSSSS,not tested,-38.21 180.00 240.00 278.21 180.00 -60.00 120.00,1.0000 1.0000 1.0000 1.0000 1.0000 1.0000 1.0000,0 0 0 0 0 0 0,0 0 0 1 1 1 1,6,,no (tile),,,,38.21,,1.0000,,3 4,yes,5_3 5_3,pg,1xx,hand
209516,7,3,1,1,IUUUUUU,not tested,108.03 71.97 204.04 143.94 60.09 155.96 155.96,1.0000 0.9986 0.9986 0.9986 0.9986 0.9986 0.9986,0 1 1 1 1 1 1,0 0 0 0 2 2 2,2,,no (tile),,,,60.09,,0.9986,,3 4,yes,5_3 5_3,pg,1xx,hand
209516,7,3,1,2,UUUUIUU,not tested,170.78 15.37 173.85 173.85 94.61 85.39 186.15,1.0000 1.0000 1.0000 1.0000 0.2675 1.0000 1.0000,0 0 0 0 4 0 0,0 2 2 2 0 0 0,2,,no (tile),,,,15.37,,0.2675,,3 4,yes,5_3 5_3,pg,1xx,hand
209516,7,3,1,3,SSSSSSS,not tested,240.00 278.21 180.00 -60.00 120.00 -38.21 180.00,1.0000 1.0000 1.0000 1.0000 1.0000 1.0000 1.0000,0 0 0 0 0 0 0,0 1 1 1 1 0 0,6,,no (tile),,,,38.21,,1.0000,,3 4,yes,5_3 5_3,pg,1xx,hand
209516,7,4,0,3,IIJIIIJ,not tested,120.50 180.00 120.50 59.50 180.00 180.00 59.50,1.0000 1.0000 0.9850 1.0000 1.0000 1.0000 0.9850,0 0 2 0 0 0 2,0 0 0 0 0 0 2,6,,no (tile),,,,59.50,,0.9850,,3 4,yes,5_3 5_3,pg,1xx,hand
209516,7,4,0,4,IIIIIII,not tested,148.19 116.38 116.38 148.19 63.62 243.62 63.62,1.0000 1.0000 1.0000 1.0000 1.0000 1.0000 1.0000,0 0 0 0 0 0 0,0 0 0 0 0 0 0,6,,no (tile),,,,63.62,,1.0000,,3 4,yes,5_3 5_3,pg,1xx,hand
209516,7,4,0,5,IIIIIII,not tested,69.10 221.80 41.80 221.80 69.10 138.20 138.20,1.0000 1.0000 1.0000 1.0000 1.0000 1.0000 1.0000,0 0 0 0 0 0 0,0 0 0 0 0 0 0,6,,no (tile),,,,41.80,,1.0000,,3 4,yes,5_3 5_3,pg,1xx,hand
209516,7,4,1,0,SSSSSSS,not tested,21.79 240.00 120.00 98.21 60.00 240.00 120.00,1.0000 1.0000 1.0000 1.0000 1.0000 1.0000 1.0000,0 0 0 0 0 0 0,0 0 0 1 1 1 1,"1,8",,no (tile),,,,21.79,,1.0000,,3 4,yes,5_3 5_3,pg,1xx,hand
209516,7,4,1,1,IIIUIUI,not tested,180.00 180.00 51.63 154.19 102.56 205.81 25.81,1.0000 1.0000 1.0000 0.9767 1.0000 0.9767 1.0000,0 0 0 3 0 3 0,0 0 0 0 0 2 0,"2,6",,no (tile),,,,25.81,,0.9767,,3 4,yes,5_3 5_3,pg,1xx,hand
209516,7,4,1,4,IUIUIII,not tested,50.45 154.77 104.32 205.23 25.23 180.00 180.00,1.0000 0.9543 1.0000 0.9543 1.0000 1.0000 1.0000,0 1 0 1 0 0 0,0 0 0 2 0 0 0,"2,6",,no (tile),,,,25.23,,0.9543,,3 4,yes,5_3 5_3,pg,1xx,hand
209516,7,4,1,5,SSSSSSS,not tested,240.00 120.00 98.21 60.00 240.00 120.00 21.79,1.0000 1.0000 1.0000 1.0000 1.0000 1.0000 1.0000,0 0 0 0 0 0 0,0 0 1 1 1 1 0,"1,8",,no (tile),,,,21.79,,1.0000,,3 4,yes,5_3 5_3,pg,1xx,hand
209516,7,5,0,3,UIUIUIU,not tested,204.04 83.99 96.01 96.01 276.01 59.95 83.99,1.0000 0.6474 1.0000 0.6474 1.0000 0.6474 1.0000,0 1 0 1 0 1 0,0 0 2 0 2 0 0,2,,no (tile),,,,59.95,,0.6474,,3 4,yes,5_3 5_3,pg,1xx,hand
209516,7,5,1,4,UUUUUIU,not tested,162.42 197.58 35.16 162.42 162.42 98.79 81.21,1.0000 0.2675 1.0000 0.2675 1.0000 0.9702 1.0000,0 1 0 1 0 5 0,0 0 2 2 2 0 0,2,,no (tile),,,,35.16,,0.2675,,3 4,yes,5_3 5_3,pg,1xx,hand
209516,7,6,0,3,IIIIIII,not needed (covering theorem),60.00 220.00 160.00 20.00 200.00 140.00 100.00,1.0000 1.0000 1.0000 1.0000 1.0000 1.0000 1.0000,0 0 0 0 0 0 0,0 0 0 0 0 0 0,,,YES,2,"5,6",2,20.00,,1.0000,,3 4,yes,5_3 5_3,pg,1xx,hand
209516,7,6,1,4,UUUUUIU,not needed (covering theorem),562.67 -428.01 788.01 -428.01 225.34 -101.34 281.34,1.0000 1.0000 1.0000 1.0000 1.0000 2.2372 1.0000,0 0 0 0 0 5 0,0 2 0 2 2 0 0,,,YES,2,"1,4,5",2,68.01,,0.4470,,3 4,yes,5_3 5_3,pg,1xx,hand
600158,7,0,0,5,IJJJJJJ,not needed (covering theorem),135.00 45.00 180.00 180.00 90.00 90.00 180.00,1.0000 0.7071 0.7071 0.7071 0.7071 0.7071 0.7071,0 1 1 1 1 1 1,0 0 3 0 3 0 3,,,YES,2,1,2,45.00,,0.7071,,3 4,yes,5_2 6_2,pmg,22*,hand
600158,7,0,1,3,IIIIIII,not tested,44.83 135.17 180.00 90.00 90.00 180.00 180.00,1.0000 0.7092 0.7092 0.7050 0.7092 0.7092 0.7092,0 1 1 3 1 1 1,0 0 0 0 0 0 0,1,,no (tile),,,,44.83,,0.7050,,3 4,yes,5_2 6_2,pmg,22*,hand
600158,7,1,0,3,IJJJJJJ,not needed (covering theorem),45.00 135.00 180.00 90.00 90.00 180.00 180.00,1.0000 0.7071 0.7071 0.7071 0.7071 0.7071 0.7071,0 1 1 1 1 1 1,0 0 3 0 3 0 3,,,YES,2,1,2,45.00,,0.7071,,3 4,yes,5_2 6_2,pmg,22*,hand
600158,7,1,1,5,IIIIIII,not tested,134.87 45.13 180.00 180.00 90.00 90.00 180.00,1.0000 0.7055 0.7055 0.7055 0.7087 0.7055 0.7055,0 1 1 1 4 1 1,0 0 0 0 0 0 0,1,,no (tile),,,,45.13,,0.7055,,3 4,yes,5_2 6_2,pmg,22*,hand
600158,7,2,0,2,IISIISS,not needed (covering theorem),135.00 180.00 45.00 225.00 90.00 135.00 90.00,1.0000 1.0000 1.4142 1.0000 1.0000 1.4142 1.4142,0 0 2 0 0 2 2,0 0 0 0 0 0 0,,,YES,2,"1,2",2,45.00,,0.7071,,3 4,yes,5_2 6_2,pmg,22*,hand
600158,7,2,1,2,IIIIIII,not tested,108.39 180.00 71.61 180.00 71.61 180.00 108.39,1.0000 0.7224 1.0869 1.0869 1.0000 0.7224 1.0869,0 1 2 2 0 1 2,0 0 0 0 0 0 0,6,,no (tile),,,,71.61,,0.6646,,3 4,yes,5_2 6_2,pmg,22*,hand
600158,7,2,1,5,IIJIIIJ,not tested,90.00 180.00 90.00 90.00 180.00 180.00 90.00,1.0000 1.1000 1.0000 0.7000 0.7000 0.7000 1.0000,0 1 2 3 3 3 2,0 0 0 0 0 0 3,1,,no (tile),,,,90.00,,0.6364,,3 4,yes,5_2 6_2,pmg,22*,hand
600158,7,3,0,0,IISSIIS,not needed (covering theorem),45.00 180.00 135.00 90.00 135.00 90.00 225.00,1.0000 1.0000 1.4142 1.4142 1.0000 1.0000 1.4142,0 0 2 2 0 0 2,0 0 0 0 0 0 0,,,YES,2,"1,2",2,45.00,,0.7071,,3 4,yes,5_2 6_2,pmg,22*,hand
600158,7,3,1,0,IIIIIII,not tested,74.64 180.00 105.36 105.36 180.00 74.64 180.00,1.0000 2.1244 1.6554 1.0000 2.1244 1.6554 1.6554,0 1 2 0 1 2 2,0 0 0 0 0 0 0,6,,no (tile),,,,74.64,,0.4707,,3 4,yes,5_2 6_2,pmg,22*,hand
600158,7,3,1,4,IIJIIIJ,not tested,90.00 180.00 90.00 90.00 180.00 180.00 90.00,1.0000 1.1000 1.0000 0.7000 0.7000 0.7000 1.0000,0 1 2 3 3 3 2,0 0 0 0 0 0 3,1,,no (tile),,,,90.00,,0.6364,,3 4,yes,5_2 6_2,pmg,22*,hand
600159,7,0,0,2,IIIIIII,not needed (covering theorem),135.00 180.00 45.00 225.00 90.00 135.00 90.00,1.0000 1.0000 1.4142 1.0000 1.0000 1.4142 1.4142,0 0 2 0 0 2 2,0 0 0 0 0 0 0,,,YES,2,"1,2,3",2,45.00,,0.7071,,3 4,yes,5_2 6_2,cm,1*x,hand
600159,7,0,1,2,IIIIIII,not tested,104.74 180.00 75.26 180.00 75.26 180.00 104.74,1.0000 1.0000 1.0175 1.0175 1.0000 1.0000 1.0175,0 0 2 2 0 0 2,0 0 0 0 0 0 0,"1,2,6",,no (tile),,,,75.26,,0.9828,,3 4,yes,5_2 6_2,cm,1*x,hand
600159,7,0,1,5,IIJIIIJ,not tested,90.00 180.00 90.00 90.00 180.00 180.00 90.00,1.0000 1.0000 1.0000 0.6667 0.6667 0.6667 1.0000,0 0 2 3 3 3 2,0 0 0 0 0 0 3,"1,2",,no (tile),,,,90.00,,0.6667,,3 4,yes,5_2 6_2,cm,1*x,hand
600159,7,1,0,0,IIIIIII,not needed (covering theorem),45.00 180.00 135.00 90.00 135.00 90.00 225.00,1.0000 1.0000 1.4142 1.4142 1.0000 1.0000 1.4142,0 0 2 2 0 0 2,0 0 0 0 0 0 0,,,YES,2,"1,2,3",2,45.00,,0.7071,,3 4,yes,5_2 6_2,cm,1*x,hand
600159,7,1,1,0,IIIIIII,not tested,72.20 180.00 107.80 107.80 180.00 72.20 180.00,1.0000 1.0000 1.2230 1.0000 1.0000 1.2230 1.2230,0 0 2 0 0 2 2,0 0 0 0 0 0 0,"1,2,6",,no (tile),,,,72.20,,0.8176,,3 4,yes,5_2 6_2,cm,1*x,hand
600159,7,1,1,4,IIJIIIJ,not tested,90.00 180.00 90.00 90.00 180.00 180.00 90.00,1.0000 1.0000 1.0000 0.6667 0.6667 0.6667 1.0000,0 0 2 3 3 3 2,0 0 0 0 0 0 3,"1,2",,no (tile),,,,90.00,,0.6667,,3 4,yes,5_2 6_2,cm,1*x,hand
600180,7,0,1,3,IJJJJJJ,not tested,73.39 106.61 180.00 54.76 180.00 180.00 125.24,1.0000 0.3911 0.3911 0.3911 0.3911 0.3911 0.3911,0 1 1 1 1 1 1,0 0 3 1 2 1 3,6,,no (tile),,,,54.76,,0.3911,,3 4,yes,5_3 6_3,pmg,22*,L2
600180,7,1,0,2,IJJJJJJ,not tested,45.31 134.69 90.21 180.00 90.21 180.00 179.59,1.0000 0.3529 0.3529 0.3529 0.3529 0.3529 0.3529,0 1 1 1 1 1 1,0 0 3 0 3 0 3,1,,no (tile),,,,45.31,,0.3529,,3 4,yes,5_3 6_3,pmg,22*,L2
600180,7,2,0,6,IJJJJJJ,not tested,108.43 71.57 180.00 90.00 180.00 180.00 90.00,1.0000 0.3162 0.3162 0.3162 0.3162 0.3162 0.3162,0 1 1 1 1 1 1,0 0 3 0 3 0 3,9,,no (tile),,,,71.57,,0.3162,,3 4,yes,5_3 6_3,pmg,22*,L2
600180,7,2,1,2,IIIIIII,not tested,44.82 135.18 90.00 90.00 180.00 180.00 180.00,1.0000 0.2364 0.7049 0.2364 0.2364 0.2364 0.2364,0 1 2 1 1 1 1,0 0 0 0 0 0 0,1,,no (tile),,,,44.82,,0.2364,,3 4,yes,5_3 6_3,pmg,22*,L2
600180,7,3,0,2,IJJJJJJ,not tested,71.57 108.43 90.00 180.00 180.00 90.00 180.00,1.0000 0.3162 0.3162 0.3162 0.3162 0.3162 0.3162,0 1 1 1 1 1 1,0 0 3 0 3 0 3,9,,no (tile),,,,71.57,,0.3162,,3 4,yes,5_3 6_3,pmg,22*,L2
600180,7,3,1,6,IIIIIII,not tested,134.78 45.22 180.00 180.00 180.00 90.00 90.00,1.0000 0.2348 0.2348 0.2348 0.2348 0.7098 0.2348,0 1 1 1 1 5 1,0 0 0 0 0 0 0,1,,no (tile),,,,45.22,,0.2348,,3 4,yes,5_3 6_3,pmg,22*,L2
600180,7,4,0,6,IJJJJJJ,not tested,137.28 42.72 183.04 180.00 88.48 180.00 88.48,1.0000 0.3583 0.3583 0.3583 0.3583 0.3583 0.3583,0 1 1 1 1 1 1,0 0 3 0 3 0 3,1,,no (tile),,,,42.72,,0.3583,,3 4,yes,5_3 6_3,pmg,22*,L2
600180,7,5,1,5,IJJJJJJ,not tested,109.25 70.75 127.60 180.00 180.00 52.40 180.00,1.0000 0.3972 0.3972 0.3972 0.3972 0.3972 0.3972,0 1 1 1 1 1 1,0 0 2 1 2 0 3,6,,no (tile),,,,52.40,,0.3972,,3 4,yes,5_3 6_3,pmg,22*,L2
600180,7,6,0,6,IIIIIII,not tested,120.00 180.00 60.00 120.00 240.00 60.00 120.00,1.0000 1.0000 1.0000 1.0000 1.0000 1.0000 1.0000,0 1 1 1 1 1 1,0 0 0 0 0 0 0,"1,2,6",,no (tile),,,,60.00,,1.0000,,3 4,yes,5_3 6_3,pmg,22*,L2
600180,7,8,0,3,IIIIIII,not tested,60.00 180.00 120.00 120.00 60.00 240.00 120.00,1.0000 1.0000 1.0000 1.0000 1.0000 1.0000 1.0000,0 1 0 0 0 0 0,0 0 0 0 0 0 0,"1,2,6",,no (tile),,,,60.00,,1.0000,,3 4,yes,5_3 6_3,pmg,22*,L2
600494,7,0,0,5,SJJJJJJ,not needed (covering theorem),135.00 45.00 180.00 180.00 90.00 90.00 180.00,1.0000 0.7071 0.7071 0.7071 0.7071 0.7071 0.7071,0 1 1 1 1 1 1,0 0 3 0 3 0 3,,,YES,2,1,2,45.00,,0.7071,,3 4,yes,5_2 6_2,p2,2222,hand
600494,7,0,1,3,SIIIIII,not tested,44.83 135.17 180.00 90.00 90.00 180.00 180.00,1.0000 0.7092 0.7092 0.7050 0.7092 0.7092 0.7092,0 1 1 3 1 1 1,0 0 0 0 0 0 0,1,,no (tile),,,,44.83,,0.7050,,3 4,yes,5_2 6_2,p2,2222,hand
600494,7,1,0,3,SJJJJJJ,not needed (covering theorem),45.00 135.00 180.00 90.00 90.00 180.00 180.00,1.0000 0.7071 0.7071 0.7071 0.7071 0.7071 0.7071,0 1 1 1 1 1 1,0 0 3 0 3 0 3,,,YES,2,1,2,45.00,,0.7071,,3 4,yes,5_2 6_2,p2,2222,hand
600494,7,1,1,5,SIIIIII,not tested,134.87 45.13 180.00 180.00 90.00 90.00 180.00,1.0000 0.7055 0.7055 0.7055 0.7087 0.7055 0.7055,0 1 1 1 4 1 1,0 0 0 0 0 0 0,1,,no (tile),,,,45.13,,0.7055,,3 4,yes,5_2 6_2,p2,2222,hand
600494,7,2,0,2,JJSJJSS,not needed (covering theorem),135.00 180.00 45.00 225.00 90.00 135.00 90.00,1.0000 1.0000 1.4142 1.0000 1.0000 1.4142 1.4142,0 0 2 0 0 2 2,0 3 0 0 3 0 0,,,YES,2,1,2,45.00,,0.7071,,3 4,yes,5_2 6_2,p2,2222,hand
600494,7,2,1,2,SSIISSI,not tested,104.74 180.00 75.26 180.00 75.26 180.00 104.74,1.0000 1.0000 1.0175 1.0175 1.0000 1.0000 1.0175,0 0 2 2 0 0 2,0 0 0 0 1 1 0,"1,6",,no (tile),,,,75.26,,0.9828,,3 4,yes,5_2 6_2,p2,2222,hand
600494,7,2,1,5,SSJIIIJ,not tested,90.00 180.00 90.00 90.00 180.00 180.00 90.00,1.0000 1.0000 1.0000 0.6667 0.6667 0.6667 1.0000,0 0 2 3 3 3 2,0 0 0 0 0 0 3,1,,no (tile),,,,90.00,,0.6667,,3 4,yes,5_2 6_2,p2,2222,hand
600494,7,3,0,0,JJSSJJS,not needed (covering theorem),45.00 180.00 135.00 90.00 135.00 90.00 225.00,1.0000 1.0000 1.4142 1.4142 1.0000 1.0000 1.4142,0 0 2 2 0 0 2,0 3 0 0 0 3 0,,,YES,2,1,2,45.00,,0.7071,,3 4,yes,5_2 6_2,p2,2222,hand
600494,7,3,1,0,SSISSII,not tested,72.20 180.00 107.80 107.80 180.00 72.20 180.00,1.0000 1.0000 1.2230 1.0000 1.0000 1.2230 1.2230,0 0 2 0 0 2 2,0 0 0 1 1 0 0,"1,6",,no (tile),,,,72.20,,0.8176,,3 4,yes,5_2 6_2,p2,2222,hand
600494,7,3,1,4,SSJIIIJ,not tested,90.00 180.00 90.00 90.00 180.00 180.00 90.00,1.0000 1.0000 1.0000 0.6667 0.6667 0.6667 1.0000,0 0 2 3 3 3 2,0 0 0 0 0 0 3,1,,no (tile),,,,90.00,,0.6667,,3 4,yes,5_2 6_2,p2,2222,hand
600494,7,4,0,5,SSSJSSJ,not tested,61.42 180.00 180.00 118.58 87.53 110.57 161.90,1.0000 1.0000 1.0000 1.6983 2.1983 1.4103 1.6983,0 0 0 3 4 5 3,0 0 0 0 0 0 3,1,,no (tile),,,,61.42,,0.4549,,3 4,yes,5_2 6_2,p2,2222,hand
600494,7,4,1,5,SSSJJJJ,not tested,63.19 180.00 180.00 116.81 84.64 137.10 138.26,1.0000 1.0000 1.0000 1.4447 1.6116 1.6116 1.4447,0 0 0 3 4 4 3,0 0 0 0 0 2 3,2,,no (tile),,,,63.19,,0.6205,,3 4,yes,5_2 6_2,p2,2222,hand
600494,7,5,0,5,SSSJSSJ,not tested,61.42 180.00 180.00 118.58 87.53 110.57 161.90,1.0000 1.0000 1.0000 1.6983 2.1983 1.4103 1.6983,0 0 0 3 4 5 3,0 0 0 0 0 0 3,1,,no (tile),,,,61.42,,0.4549,,3 4,yes,5_2 6_2,p2,2222,hand
600494,7,5,1,5,SSSJJJJ,not tested,63.19 180.00 180.00 116.81 84.64 137.10 138.26,1.0000 1.0000 1.0000 1.4447 1.6116 1.6116 1.4447,0 0 0 3 4 4 3,0 0 0 0 0 2 3,2,,no (tile),,,,63.19,,0.6205,,3 4,yes,5_2 6_2,p2,2222,hand
600495,7,0,0,2,JJIJJII,not needed (covering theorem),135.00 180.00 45.00 225.00 90.00 135.00 90.00,1.0000 1.0000 1.4142 1.0000 1.0000 1.4142 1.4142,0 0 2 0 0 2 2,0 3 0 0 3 0 0,,,YES,2,"1,2",2,45.00,,0.7071,,3 4,yes,5_2 6_2,pgg,22x,hand
600495,7,0,1,2,UUIIUUI,not tested,104.74 180.00 75.26 180.00 75.26 180.00 104.74,1.0000 1.0000 1.0175 1.0175 1.0000 1.0000 1.0175,0 0 2 2 0 0 2,0 2 0 0 2 0 0,"1,2,6",,no (tile),,,,75.26,,0.9828,,3 4,yes,5_2 6_2,pgg,22x,hand
600495,7,0,1,5,UUJIIIJ,not tested,90.00 180.00 90.00 90.00 180.00 180.00 90.00,1.0000 1.0000 1.0000 0.6667 0.6667 0.6667 1.0000,0 0 2 3 3 3 2,0 2 0 0 0 0 3,"1,2",,no (tile),,,,90.00,,0.6667,,3 4,yes,5_2 6_2,pgg,22x,hand
600495,7,1,0,0,JJIIJJI,not needed (covering theorem),45.00 180.00 135.00 90.00 135.00 90.00 225.00,1.0000 1.0000 1.4142 1.4142 1.0000 1.0000 1.4142,0 0 2 2 0 0 2,0 3 0 0 0 3 0,,,YES,2,"1,2",2,45.00,,0.7071,,3 4,yes,5_2 6_2,pgg,22x,hand
600495,7,1,1,0,UUIUUII,not tested,72.20 180.00 107.80 107.80 180.00 72.20 180.00,1.0000 1.0000 1.2230 1.0000 1.0000 1.2230 1.2230,0 0 2 0 0 2 2,0 2 0 2 0 0 0,"1,2,6",,no (tile),,,,72.20,,0.8176,,3 4,yes,5_2 6_2,pgg,22x,hand
600495,7,1,1,4,UUJIIIJ,not tested,90.00 180.00 90.00 90.00 180.00 180.00 90.00,1.0000 1.0000 1.0000 0.6667 0.6667 0.6667 1.0000,0 0 2 3 3 3 2,0 2 0 0 0 0 3,"1,2",,no (tile),,,,90.00,,0.6667,,3 4,yes,5_2 6_2,pgg,22x,hand
600516,7,0,1,3,SJJJJJJ,not tested,73.39 106.61 180.00 54.76 180.00 180.00 125.24,1.0000 0.3911 0.3911 0.3911 0.3911 0.3911 0.3911,0 1 1 1 1 1 1,0 0 3 1 2 1 3,6,,no (tile),,,,54.76,,0.3911,,3 4,yes,5_3 6_3,p2,2222,L2
600516,7,1,0,2,SJJJJJJ,not tested,45.31 134.69 90.21 180.00 90.21 180.00 179.59,1.0000 0.3529 0.3529 0.3529 0.3529 0.3529 0.3529,0 1 1 1 1 1 1,0 0 3 0 3 0 3,1,,no (tile),,,,45.31,,0.3529,,3 4,yes,5_3 6_3,p2,2222,L2
600516,7,2,0,6,SJJJJJJ,not tested,108.43 71.57 180.00 90.00 180.00 180.00 90.00,1.0000 0.3162 0.3162 0.3162 0.3162 0.3162 0.3162,0 1 1 1 1 1 1,0 0 3 0 3 0 3,9,,no (tile),,,,71.57,,0.3162,,3 4,yes,5_3 6_3,p2,2222,L2
600516,7,2,1,2,SIIIIII,not tested,44.82 135.18 90.00 90.00 180.00 180.00 180.00,1.0000 0.2364 0.7049 0.2364 0.2364 0.2364 0.2364,0 1 2 1 1 1 1,0 0 0 0 0 0 0,1,,no (tile),,,,44.82,,0.2364,,3 4,yes,5_3 6_3,p2,2222,L2
600516,7,3,0,2,SJJJJJJ,not tested,71.57 108.43 90.00 180.00 180.00 90.00 180.00,1.0000 0.3162 0.3162 0.3162 0.3162 0.3162 0.3162,0 1 1 1 1 1 1,0 0 3 0 3 0 3,9,,no (tile),,,,71.57,,0.3162,,3 4,yes,5_3 6_3,p2,2222,L2
600516,7,3,1,6,SIIIIII,not tested,134.78 45.22 180.00 180.00 180.00 90.00 90.00,1.0000 0.2348 0.2348 0.2348 0.2348 0.7098 0.2348,0 1 1 1 1 5 1,0 0 0 0 0 0 0,1,,no (tile),,,,45.22,,0.2348,,3 4,yes,5_3 6_3,p2,2222,L2
600516,7,4,0,6,SJJJJJJ,not tested,137.28 42.72 183.04 180.00 88.48 180.00 88.48,1.0000 0.3583 0.3583 0.3583 0.3583 0.3583 0.3583,0 1 1 1 1 1 1,0 0 3 0 3 0 3,1,,no (tile),,,,42.72,,0.3583,,3 4,yes,5_3 6_3,p2,2222,L2
600516,7,5,1,5,SJJJJJJ,not tested,109.25 70.75 127.60 180.00 180.00 52.40 180.00,1.0000 0.3972 0.3972 0.3972 0.3972 0.3972 0.3972,0 1 1 1 1 1 1,0 0 2 1 2 0 3,6,,no (tile),,,,52.40,,0.3972,,3 4,yes,5_3 6_3,p2,2222,L2
600516,7,6,0,6,SSSSSSS,not tested,120.00 180.00 60.00 120.00 240.00 60.00 120.00,1.0000 1.0000 1.0000 1.0000 1.0000 1.0000 1.0000,0 0 0 0 0 0 0,0 0 0 0 0 0 0,1,,no (tile),,,,60.00,,1.0000,,3 4,yes,5_3 6_3,p2,2222,L2
600516,7,8,0,3,SSSSSSS,not tested,60.00 180.00 120.00 120.00 60.00 240.00 120.00,1.0000 1.0000 1.0000 1.0000 1.0000 1.0000 1.0000,0 0 0 0 0 0 0,0 0 0 0 0 0 0,1,,no (tile),,,,60.00,,1.0000,,3 4,yes,5_3 6_3,p2,2222,L2
601047,7,0,0,2,JJJJJSJ,not tested,90.00 180.00 180.00 180.00 90.00 90.00 90.00,1.0000 1.0000 1.0000 1.0000 1.0000 4.0000 1.0000,0 0 0 0 0 5 0,0 3 0 3 0 0 3,1,,no (tile),,,,90.00,,0.2500,,3 4,yes,4_3 7_3,p4,442,L2
601047,7,0,1,2,JJJJJIJ,not tested,90.00 184.09 180.00 175.91 90.00 92.05 87.95,1.0000 1.0000 1.0000 1.0000 1.0000 3.9975 1.0000,0 0 0 0 0 5 0,0 1 2 3 0 0 3,"1,2",,no (tile),,,,87.95,,0.2502,,3 4,yes,4_3 7_3,p4,442,L2
601048,7,0,0,2,JJJJJSJ,not tested,120.00 180.00 180.00 180.00 60.00 120.00 60.00,1.0000 1.0000 1.0000 1.0000 1.0000 4.0000 1.0000,0 0 0 0 0 5 0,0 3 0 3 0 0 3,1,,no (tile),,,,60.00,,0.2500,,3 6,yes,4_3 7_3,p6,632,L2
601049,7,0,0,2,JJJJJIJ,not tested,57.10 212.90 180.00 147.10 122.90 73.55 106.45,1.0000 1.0000 1.0000 1.0000 1.0000 3.8363 1.0000,0 0 0 0 0 5 0,0 1 2 3 2 0 1,"1,2",,no (tile),,,,57.10,,0.2607,,3 4,yes,4_3 7_3,pgg,22x,L2
601049,7,0,1,2,JJJJJSJ,not tested,90.00 180.00 180.00 180.00 90.00 90.00 90.00,1.0000 1.0000 1.0000 1.0000 1.0000 4.0000 1.0000,0 0 0 0 0 5 0,0 3 0 3 2 0 1,"1,6",,no (tile),,,,90.00,,0.2500,,3 4,yes,4_3 7_3,pgg,22x,L2
601074,7,0,0,3,SJJSSSS,not tested,180.00 78.69 90.00 101.31 180.00 90.00 180.00,1.0000 2.5495 2.5495 1.0000 1.0000 1.0000 1.0000,0 1 1 0 0 0 0,0 0 3 0 0 0 0,9,,no (tile),,,,78.69,,0.3922,,3 4,yes,5_4 6_4,p2,2222,hand
601074,7,0,1,1,SIISSSS,not tested,217.32 71.34 90.00 161.34 180.00 37.32 142.68,1.0000 0.9598 0.9474 1.0000 1.0000 1.0000 1.0000,0 1 2 0 0 0 0,0 0 0 1 1 0 1,1,,no (tile),,,,37.32,,0.9474,,3 4,yes,5_4 6_4,p2,2222,hand
601074,7,1,0,2,SSSSSSS,not tested,180.00 57.41 122.59 122.59 57.41 180.00 180.00,1.0000 2.7852 1.0000 2.7852 1.0000 1.0000 1.0000,0 1 0 3 0 0 0,0 0 0 0 0 0 0,1,,no (tile),,,,57.41,,0.3590,,3 4,yes,5_4 6_4,p2,2222,hand
601074,7,1,0,3,SJJSSSS,not tested,180.00 59.04 90.00 120.96 90.00 180.00 180.00,1.0000 2.9155 2.9155 1.0000 1.0000 1.0000 1.0000,0 1 1 0 0 0 0,0 0 3 0 0 0 0,9,,no (tile),,,,59.04,,0.3430,,3 4,yes,5_4 6_4,p2,2222,hand
601074,7,1,1,3,SJSJSSS,not tested,180.00 46.52 133.48 133.48 46.52 180.00 180.00,1.0000 2.1800 1.0000 2.1800 1.0000 1.0000 1.0000,0 1 0 1 0 0 0,0 0 1 2 0 0 0,6,,no (tile),,,,46.52,,0.4587,,3 4,yes,5_4 6_4,p2,2222,hand
601074,7,2,1,1,SIISSSS,not tested,145.78 107.11 90.00 162.89 180.00 34.22 180.00,1.0000 0.8826 0.9557 1.0000 1.0000 1.0000 1.0000,0 1 2 0 0 0 0,0 0 0 0 0 1 1,1,,no (tile),,,,34.22,,0.8826,,3 4,yes,5_4 6_4,p2,2222,hand
601074,7,2,1,5,SSJJJSJ,not needed (covering theorem),81.86 180.00 29.67 248.47 111.53 98.14 150.33,1.0000 1.0000 0.7981 0.7981 0.7981 1.0000 0.7981,0 0 2 2 2 0 2,0 0 0 2 0 1 2,,,YES,2,1,2,29.67,,0.7981,,3 4,yes,5_4 6_4,p2,2222,hand
601074,7,4,0,6,SSSSSSS,not tested,54.63 180.00 180.00 70.40 109.60 180.00 125.37,1.0000 1.0000 1.0000 0.9958 1.0000 1.0000 1.1505,0 0 0 3 0 0 6,0 0 0 0 0 0 0,1,,no (tile),,,,54.63,,0.8655,,3 4,yes,5_4 6_4,p2,2222,hand
601074,7,4,1,0,SSSSSSI,not tested,60.00 240.00 120.00 60.00 180.00 120.00 120.00,1.0000 1.0000 1.0000 1.0000 1.0000 1.0000 1.0000,0 0 0 0 0 0 6,0 1 0 1 1 0 0,"1,2",,no (tile),,,,60.00,,1.0000,,3 4,yes,5_4 6_4,p2,2222,hand
601074,7,4,1,4,SSSJSSJ,not tested,60.45 180.00 180.00 60.45 119.55 180.00 119.55,1.0000 1.0000 1.0000 1.0139 1.0000 1.0000 1.0139,0 0 0 3 0 0 3,0 0 0 0 1 1 2,6,,no (tile),,,,60.45,,0.9863,,3 4,yes,5_4 6_4,p2,2222,hand
601074,7,5,0,3,SSSSSSS,not tested,180.00 180.00 57.41 122.59 122.59 57.41 180.00,1.0000 1.0000 2.7852 1.0000 2.7852 1.0000 1.0000,0 0 2 0 4 0 0,0 0 0 0 0 0 0,1,,no (tile),,,,57.41,,0.3590,,3 4,yes,5_4 6_4,p2,2222,hand
601074,7,5,0,4,SSJJSSS,not tested,180.00 180.00 59.04 90.00 120.96 90.00 180.00,1.0000 1.0000 2.9155 2.9155 1.0000 1.0000 1.0000,0 0 2 2 0 0 0,0 0 0 3 0 0 0,9,,no (tile),,,,59.04,,0.3430,,3 4,yes,5_4 6_4,p2,2222,hand
601074,7,5,1,4,SSJSJSS,not tested,180.00 180.00 46.52 133.48 133.48 46.52 180.00,1.0000 1.0000 2.1800 1.0000 2.1800 1.0000 1.0000,0 0 2 0 2 0 0,0 0 0 1 2 0 0,6,,no (tile),,,,46.52,,0.4587,,3 4,yes,5_4 6_4,p2,2222,hand
601074,7,5,1,6,IISIISS,not tested,45.37 180.00 225.37 134.63 90.00 135.37 89.27,1.0000 1.0000 4.2700 1.0000 3.0386 4.2700 4.2700,0 0 2 0 4 2 2,0 0 0 0 0 0 1,1,,no (tile),,,,45.37,,0.2342,,3 4,yes,5_4 6_4,p2,2222,hand
601097,7,0,1,2,JJIJJJJ,not needed (covering theorem),36.87 180.00 161.57 108.43 90.00 143.13 180.00,1.0000 1.0000 0.6325 1.0000 1.0000 1.0000 1.0000,0 0 2 0 0 0 0,0 3 0 0 3 2 1,,,YES,2,2,2,36.87,,0.6325,,3 4,yes,5_4 6_4,pgg,22x,hand
601097,7,1,0,6,IIIIIIS,not tested,44.83 180.00 180.00 90.00 90.00 180.00 135.17,1.0000 1.0000 1.0000 0.9941 1.0000 1.0000 1.4100,0 0 0 3 0 0 6,0 0 0 0 0 0 0,1,,no (tile),,,,44.83,,0.7050,,3 4,yes,5_4 6_4,pgg,22x,hand
601097,7,1,1,3,IIIIIII,not tested,104.48 180.00 75.52 180.00 75.52 180.00 104.48,1.0000 1.0000 1.0000 1.0000 1.0000 1.0000 1.0000,0 0 0 0 0 0 0,0 0 0 0 0 0 0,"1,2,6",,no (tile),,,,75.52,,1.0000,,3 4,yes,5_4 6_4,pgg,22x,hand
601097,7,3,0,1,UUUUIUU,not tested,144.00 180.00 36.00 216.00 108.00 72.00 144.00,1.0000 1.0000 1.0000 1.0000 2.0000 1.0000 1.0000,0 0 0 0 4 0 0,0 2 2 2 0 0 0,"1,2,6",,no (tile),,,,36.00,,0.5000,,3 4,yes,5_4 6_4,pgg,22x,hand
601097,7,3,1,0,IIIIIII,not tested,166.96 180.00 26.08 180.00 166.96 90.00 90.00,1.0000 1.0000 1.0000 1.0000 1.0000 0.9025 1.0000,0 0 0 0 0 5 6,0 0 0 0 0 0 0,"1,2,6",,no (tile),,,,26.08,,0.9025,,3 4,yes,5_4 6_4,pgg,22x,hand
601101,7,0,0,2,SSSSSSS,not tested,180.00 52.18 127.82 180.00 114.18 65.82 180.00,1.0000 1.0331 1.0000 1.0000 0.8946 1.0000 1.0000,0 1 0 0 4 0 0,0 0 0 0 0 0 0,1,,no (tile),,,,52.18,,0.8659,,3 4,yes,5_4 6_4,p2,2222,hand
601101,7,0,1,4,SJSSJSS,not tested,180.00 62.66 117.34 180.00 117.34 62.66 180.00,1.0000 1.0889 1.0000 1.0000 1.0889 1.0000 1.0000,0 1 0 0 1 0 0,0 0 1 1 2 0 0,6,,no (tile),,,,62.66,,0.9184,,3 4,yes,5_4 6_4,p2,2222,hand
601101,7,1,0,6,SSSSSSS,not tested,117.62 180.00 106.98 73.02 180.00 180.00 62.38,1.0000 1.0000 1.2619 1.0000 1.0000 1.0000 1.3621,0 0 2 0 0 0 6,0 0 0 0 0 0 0,1,,no (tile),,,,62.38,,0.7342,,3 4,yes,5_4 6_4,p2,2222,hand
601101,7,1,1,3,SSJSSSJ,not tested,120.50 180.00 120.50 59.50 180.00 180.00 59.50,1.0000 1.0000 0.9850 1.0000 1.0000 1.0000 0.9850,0 0 2 0 0 0 2,0 0 0 1 1 1 2,6,,no (tile),,,,59.50,,0.9850,,3 4,yes,5_4 6_4,p2,2222,hand
601101,7,2,1,0,SSSSSII,not needed (covering theorem),130.90 98.20 81.80 278.20 180.00 40.90 90.00,1.0000 1.0000 1.0000 1.0000 1.0000 2.2676 1.9642,0 0 0 0 0 5 6,0 1 0 1 1 0 0,,,YES,2,1,2,40.90,,0.4410,,3 4,yes,5_4 6_4,p2,2222,hand
601101,7,3,0,5,SSSSSJJ,not tested,101.31 180.00 90.00 180.00 180.00 78.69 90.00,1.0000 1.0000 1.0000 1.0000 1.0000 2.5495 2.5495,0 0 0 0 0 5 5,0 0 0 0 0 0 3,9,,no (tile),,,,78.69,,0.3922,,3 4,yes,5_4 6_4,p2,2222,hand
601101,7,3,1,0,SSSSSII,not needed (covering theorem),141.97 76.06 180.00 103.94 256.06 51.97 90.00,1.0000 1.0000 1.0000 1.0000 1.0000 1.8482 2.3631,0 0 0 0 0 5 6,0 1 1 0 1 0 0,,,YES,2,1,2,51.97,,0.4232,,3 4,yes,5_4 6_4,p2,2222,hand
601101,7,3,1,5,SJJJSJS,not needed (covering theorem),180.00 29.68 248.33 111.67 98.01 150.32 81.99,1.0000 0.7992 0.7992 0.7992 1.0000 0.7992 1.0000,0 1 1 1 0 1 0,0 0 2 0 1 2 0,,,YES,2,1,2,29.68,,0.7992,,3 4,yes,5_4 6_4,p2,2222,hand
601101,7,4,0,5,SSSSSJJ,not tested,78.69 180.00 180.00 90.00 180.00 101.31 90.00,1.0000 1.0000 1.0000 1.0000 1.0000 2.5495 2.5495,0 0 0 0 0 5 5,0 0 0 0 0 0 3,9,,no (tile),,,,78.69,,0.3922,,3 4,yes,5_4 6_4,p2,2222,hand
601101,7,4,1,0,SSSSSII,not needed (covering theorem),51.92 256.17 103.83 180.00 76.17 141.92 90.00,1.0000 1.0000 1.0000 1.0000 1.0000 2.3613 1.8505,0 0 0 0 0 5 6,0 1 0 0 1 0 0,,,YES,2,1,2,51.92,,0.4235,,3 4,yes,5_4 6_4,p2,2222,hand
601101,7,4,1,2,SJJJSSJ,not needed (covering theorem),150.32 98.02 111.65 248.35 29.68 180.00 81.98,1.0000 0.7990 0.7990 0.7990 1.0000 1.0000 0.7990,0 1 1 1 0 0 1,0 0 2 0 1 1 2,,,YES,2,5,2,29.68,,0.7990,,3 4,yes,5_4 6_4,p2,2222,hand
601101,7,5,1,0,SSSSSII,not needed (covering theorem),40.89 180.00 278.22 81.78 98.22 130.89 90.00,1.0000 1.0000 1.0000 1.0000 1.0000 1.9638 2.2680,0 0 0 0 0 5 6,0 0 1 0 1 0 0,,,YES,2,1,2,40.89,,0.4409,,3 4,yes,5_4 6_4,p2,2222,hand
601141,7,0,0,0,IIIIIII,not tested,97.66 180.00 164.68 90.00 90.00 97.66 180.00,1.0000 1.0000 1.0000 2.5106 2.6623 1.0000 1.0000,0 0 0 3 4 0 0,0 0 0 0 0 0 0,,1,no (deep),,,,90.00,,0.3756,,3 4,yes,5_4 6_4,pgg,22x,hand
601141,7,0,1,2,IIIISII,not tested,180.00 180.00 90.00 90.00 135.01 44.99 180.00,1.0000 1.0000 2.9995 1.0000 4.2423 1.0000 1.0000,0 0 2 0 4 0 0,0 0 0 0 0 0 0,1,,no (tile),,,,44.99,,0.2357,,3 4,yes,5_4 6_4,pgg,22x,hand
601141,7,1,0,3,JJSJJJJ,not tested,180.00 180.00 77.12 102.88 154.23 180.00 25.77,1.0000 1.0000 0.8920 1.0000 1.0000 1.0000 1.0000,0 0 2 0 0 0 0,0 3 0 0 1 2 3,"1,2,6",,no (tile),,,,25.77,,0.8920,,3 4,yes,5_4 6_4,pgg,22x,hand
601141,7,2,0,6,JJJJJJS,not tested,74.78 180.00 180.00 30.45 180.00 149.55 105.22,1.0000 1.0000 1.0000 1.0000 1.0000 1.0000 1.0504,0 0 0 0 0 0 6,0 3 0 1 2 3 0,"1,2,6",,no (tile),,,,30.45,,0.9521,,3 4,yes,5_4 6_4,pgg,22x,hand
601141,7,3,0,2,IIIIIII,not tested,164.83 180.00 97.58 180.00 97.58 90.00 90.00,1.0000 1.0000 1.0000 1.0000 2.6663 2.5058 1.0000,0 0 0 0 4 5 0,0 0 0 0 0 0 0,,1,no (deep),,,,90.00,,0.3750,,3 4,yes,5_4 6_4,pgg,22x,hand
601141,7,3,1,0,IIIISII,not tested,90.00 180.00 180.00 180.00 44.73 135.27 90.00,1.0000 1.0000 1.0000 1.0000 4.2229 1.0000 2.9720,0 0 0 0 4 0 6,0 0 0 0 0 0 0,1,,no (tile),,,,44.73,,0.2368,,3 4,yes,5_4 6_4,pgg,22x,hand
601142,7,0,0,3,JJSJJJJ,not tested,180.00 180.00 60.00 120.00 120.00 180.00 60.00,1.0000 1.0000 2.0000 1.0000 1.0000 1.0000 1.0000,0 0 2 0 0 0 0,0 3 0 0 3 0 3,1,,no (tile),,,,60.00,,0.5000,,3 6,yes,5_3 6_3,p6,632,hand
601143,7,0,0,3,JJSJJJJ,not tested,180.00 180.00 45.00 135.00 90.00 180.00 90.00,1.0000 1.0000 2.8284 1.0000 1.0000 1.0000 1.0000,0 0 2 0 0 0 0,0 3 0 0 3 0 3,1,,no (tile),,,,45.00,,0.3536,,3 4,yes,5_3 6_3,p4,442,L2
601143,7,0,0,6,JJJJJJS,not tested,45.00 180.00 90.00 180.00 90.00 90.00 225.00,1.0000 1.0000 1.0000 1.0000 1.0000 1.0000 1.4142,0 0 0 0 0 0 6,0 3 0 3 0 3 0,9,,no (tile),,,,45.00,,0.7071,,3 4,yes,5_3 6_3,p4,442,L2
601144,7,0,0,3,JJSJJJJ,not tested,180.00 180.00 30.00 150.00 60.00 180.00 120.00,1.0000 1.0000 3.4641 1.0000 1.0000 1.0000 1.0000,0 0 2 0 0 0 0,0 3 0 0 3 0 3,1,,no (tile),,,,30.00,,0.2887,,3 6,yes,5_3 6_3,p6,632,L2
1726795,7,0,0,0,SSSSSSS,not tested,60.00 120.00 180.00 120.00 60.00 180.00 180.00,1.0000 1.0000 1.0000 1.0000 1.0000 1.0000 1.0000,0 0 0 0 0 0 0,0 0 0 0 0 0 0,1,,no (tile),,,,60.00,,1.0000,,3,yes,6_2 6_2,p2,2222,hand
1726795,7,0,0,2,SJSSJSS,not tested,180.00 72.00 143.99 108.01 108.00 108.00 180.00,1.0000 1.0000 1.8542 1.8537 1.0000 1.0000 1.0000,0 1 2 3 1 0 0,0 0 0 0 3 0 0,1,,no (tile),,,,72.00,,0.5393,,3,yes,6_2 6_2,p2,2222,hand
1726795,7,0,0,3,SSSSSSS,not tested,60.00 180.00 120.00 120.00 120.00 120.00 180.00,1.0000 1.0000 1.0000 1.0000 1.0000 1.0000 1.0000,0 0 0 0 0 0 0,0 0 0 0 0 0 0,"1,8",,no (tile),,,,60.00,,1.0000,,3,yes,6_2 6_2,p2,2222,hand
1726795,7,0,0,5,SSJJSJJ,not tested,72.92 180.00 72.92 180.00 107.08 107.08 180.00,1.0000 1.0000 0.8512 0.8512 1.0000 0.8512 0.8512,0 0 2 2 0 2 2,0 0 0 3 0 3 0,1,,no (tile),,,,72.92,,0.8512,,3,yes,6_2 6_2,p2,2222,hand
1726795,7,1,1,0,SSJJSJJ,not tested,72.92 180.00 72.92 180.00 107.08 107.08 180.00,1.0000 1.0000 0.8512 0.8512 1.0000 0.8512 0.8512,0 0 2 2 0 2 2,0 0 0 3 0 1 2,1,,no (tile),,,,72.92,,0.8512,,3,yes,6_2 6_2,p2,2222,hand
1726795,7,1,1,1,SISIIII,not tested,31.06 148.94 148.94 31.06 180.00 180.00 180.00,1.0000 0.5711 1.0000 0.5711 0.5711 0.5711 0.5711,0 1 0 1 1 1 1,0 0 1 0 0 0 0,"1,6",,no (tile),,,,31.06,,0.5711,,3,yes,6_2 6_2,p2,2222,hand
1726795,7,1,1,2,SIISIII,not tested,59.53 120.47 180.00 120.47 59.53 180.00 180.00,1.0000 1.0142 1.0142 1.0000 1.0142 1.0142 1.0142,0 1 1 0 1 1 1,0 0 0 1 0 0 0,"1,6",,no (tile),,,,59.53,,0.9860,,3,yes,6_2 6_2,p2,2222,hand
1726795,7,1,1,4,SJJJJSS,not tested,180.00 100.22 94.15 151.26 114.59 79.78 180.00,1.0000 1.3968 1.5484 1.5484 1.3968 1.0000 1.0000,0 1 2 2 1 0 0,0 0 0 2 3 0 0,2,,no (tile),,,,79.78,,0.6458,,3,yes,6_2 6_2,p2,2222,hand
1726795,7,1,1,5,SSSISSS,not tested,63.04 180.00 116.96 121.52 121.52 116.96 180.00,1.0000 1.0000 1.0000 1.0456 1.0000 1.0000 1.0000,0 0 0 3 0 0 0,0 0 1 0 0 1 1,1,,no (tile),,,,63.04,,0.9564,,3,yes,6_2 6_2,p2,2222,hand
1726795,7,2,0,0,SSSSSSS,not needed (covering theorem),207.70 51.93 204.22 76.15 155.78 103.85 100.37,1.0000 1.2334 1.0000 1.0000 1.2334 1.2334 1.0000,0 1 0 0 1 1 0,0 0 0 0 0 0 0,,,YES,2,1,2,51.93,,0.8108,,3,yes,6_2 6_2,p2,2222,hand
1726795,7,2,0,4,SSSSSSS,not needed (covering theorem),103.94 100.16 207.87 51.97 204.09 76.06 155.91,1.0000 0.8116 0.8116 1.0000 0.8116 0.8116 1.0000,0 1 1 0 1 1 0,0 0 0 0 0 0 0,,,YES,2,1,2,51.97,,0.8116,,3,yes,6_2 6_2,p2,2222,hand
1726795,7,2,0,5,SSSSSSS,not needed (covering theorem),249.29 69.29 138.59 110.71 110.71 180.00 41.41,1.0000 1.4146 1.4146 1.0000 1.4146 1.4146 1.4146,0 1 1 0 1 1 1,0 0 0 0 0 0 0,,,YES,2,1,2,41.41,,0.7069,,3,yes,6_2 6_2,p2,2222,hand
1726795,7,2,0,6,SSSSSSS,not needed (covering theorem),110.70 110.70 180.00 41.39 249.30 69.30 138.61,1.0000 1.4125 1.4125 1.4125 1.0000 1.4125 1.4125,0 1 1 1 0 1 1,0 0 0 0 0 0 0,,,YES,2,1,2,41.39,,0.7080,,3,yes,6_2 6_2,p2,2222,hand
1726795,7,2,1,0,SSSSSSS,not tested,120.87 180.00 120.87 59.13 180.00 180.00 59.13,1.0000 1.0000 0.9745 1.0000 1.0000 1.0000 0.9745,0 0 2 0 0 0 2,0 0 0 0 1 0 1,"1,6",,no (tile),,,,59.13,,0.9745,,3,yes,6_2 6_2,p2,2222,hand
1726795,7,2,1,1,SSSSSSS,not tested,66.34 113.66 113.66 66.34 180.00 180.00 180.00,1.0000 0.2675 1.0000 0.2675 0.2675 0.2675 0.2675,0 1 0 1 1 1 1,0 0 1 1 0 0 1,"1,6",,no (tile),,,,66.34,,0.2675,,3,yes,6_2 6_2,p2,2222,hand
1726795,7,2,1,2,SIISSIS,not tested,110.00 115.51 180.00 45.51 250.00 64.49 134.49,1.0000 1.3009 1.3009 1.5427 1.0000 1.3009 1.5427,0 1 1 3 0 1 3,0 0 0 0 1 0 1,6,,no (tile),,,,45.51,,0.6482,,3,yes,6_2 6_2,p2,2222,hand
1726795,7,2,1,4,SSSSSSS,not tested,121.74 116.53 180.00 63.47 180.00 116.53 121.74,1.0000 1.0000 1.0000 1.0000 1.0000 1.0000 1.0520,0 0 0 0 0 0 6,0 1 1 0 0 1 0,1,,no (tile),,,,63.47,,0.9505,,3,yes,6_2 6_2,p2,2222,hand
1726795,7,2,1,5,SJIIIJS,not tested,140.72 111.75 76.23 180.00 180.00 103.77 107.52,1.0000 1.0000 0.4063 0.4063 0.4063 1.0000 0.2675,0 1 2 2 2 1 6,0 0 0 0 0 3 0,1,,no (tile),,,,76.23,,0.2675,,3,yes,6_2 6_2,p2,2222,hand
1726795,7,3,0,0,SSSSSSS,not needed (covering theorem),103.94 155.91 76.06 204.09 51.97 207.87 100.16,1.0000 0.8116 0.8116 1.0000 0.8116 0.8116 1.0000,0 1 1 0 1 1 0,0 0 0 0 0 0 0,,,YES,2,1,2,51.97,,0.8116,,3,yes,6_2 6_2,p2,2222,hand
1726795,7,3,0,4,SSSSSSS,not needed (covering theorem),207.77 100.28 103.89 155.83 76.11 204.17 51.94,1.0000 1.2329 1.2329 1.0000 1.0000 1.2329 1.0000,0 1 1 0 0 1 0,0 0 0 0 0 0 0,,,YES,2,1,2,51.94,,0.8111,,3,yes,6_2 6_2,p2,2222,hand
1726795,7,3,0,5,SSSSSSS,not needed (covering theorem),110.70 138.60 69.30 249.30 41.40 180.00 110.70,1.0000 1.0000 0.7076 1.0000 1.0000 1.0000 0.7076,0 0 2 0 0 0 2,0 0 0 0 0 0 0,,,YES,2,1,2,41.40,,0.7076,,3,yes,6_2 6_2,p2,2222,hand
1726795,7,3,0,6,SSSSSSS,not needed (covering theorem),249.30 41.41 180.00 110.70 110.70 138.59 69.30,1.0000 1.0000 1.0000 0.7072 1.0000 1.0000 0.7072,0 0 0 3 0 0 3,0 0 0 0 0 0 0,,,YES,2,1,2,41.41,,0.7072,,3,yes,6_2 6_2,p2,2222,hand
1726795,7,3,1,1,SISSIIS,not tested,210.08 90.77 120.85 149.92 89.23 180.00 59.15,1.0000 1.0482 0.9956 1.0000 1.0482 1.0482 0.9956,0 1 2 0 1 1 2,0 0 0 1 0 0 1,6,,no (tile),,,,59.15,,0.9499,,3,yes,6_2 6_2,p2,2222,hand
1726795,7,3,1,2,SSSSSSS,not tested,42.43 180.00 180.00 180.00 42.43 137.57 137.57,1.0000 1.0000 1.0000 1.0000 2.0323 1.0000 2.0323,0 0 0 0 4 0 4,0 1 1 0 0 1 1,"1,6",,no (tile),,,,42.43,,0.4920,,3,yes,6_2 6_2,p2,2222,hand
1726795,7,3,1,3,SSSSSSS,not tested,126.70 53.30 180.00 180.00 53.30 126.70 180.00,1.0000 1.1953 1.1953 1.1953 1.0000 1.1953 1.1953,0 1 1 1 0 1 1,0 0 1 0 1 0 0,"1,6",,no (tile),,,,53.30,,0.8366,,3,yes,6_2 6_2,p2,2222,hand
1726795,7,3,1,5,SJIIIJS,not tested,140.72 111.75 76.23 180.00 180.00 103.77 107.52,1.0000 1.0000 0.4063 0.4063 0.4063 1.0000 0.2675,0 1 2 2 2 1 6,0 0 0 0 0 3 0,1,,no (tile),,,,76.23,,0.2675,,3,yes,6_2 6_2,p2,2222,hand
1726795,7,3,1,6,SSSSSSS,not tested,119.06 119.06 121.87 180.00 58.13 180.00 121.87,1.0000 1.0292 1.0292 1.0292 1.0292 1.0292 1.0292,0 1 1 1 1 1 1,0 0 1 1 0 0 1,1,,no (tile),,,,58.13,,0.9716,,3,yes,6_2 6_2,p2,2222,hand
1726795,7,4,1,0,IIISIIS,not tested,63.06 180.00 180.00 63.06 116.94 180.00 116.94,1.0000 1.0000 1.0000 1.1036 1.0000 1.0000 1.1036,0 0 0 3 0 0 3,0 0 0 0 0 0 1,"1,6",,no (tile),,,,63.06,,0.9061,,3,yes,6_2 6_2,p2,2222,hand
1726795,7,4,1,1,IIIISIS,not tested,44.13 180.00 180.00 180.00 44.13 135.87 135.87,1.0000 1.0000 1.0000 1.0000 2.0898 1.0000 2.0898,0 0 0 0 4 0 4,0 0 0 0 0 0 1,"1,6",,no (tile),,,,44.13,,0.4785,,3,yes,6_2 6_2,p2,2222,hand
1726795,7,4,1,2,JJSJJSS,not tested,74.18 180.00 105.82 105.82 180.00 74.18 180.00,1.0000 1.0000 1.0905 1.0000 1.0000 1.0905 1.0905,0 0 2 0 0 2 2,0 3 0 1 2 0 0,1,,no (tile),,,,74.18,,0.9170,,3,yes,6_2 6_2,p2,2222,hand
1726795,7,4,1,4,SSSISSS,not tested,63.04 180.00 116.96 121.52 121.52 116.96 180.00,1.0000 1.0000 1.0000 1.0456 1.0000 1.0000 1.0000,0 0 0 3 0 0 0,0 0 1 0 0 1 1,1,,no (tile),,,,63.04,,0.9564,,3,yes,6_2 6_2,p2,2222,hand
1726795,7,4,1,5,SSJJJJS,not tested,180.00 180.00 100.22 94.15 151.26 114.59 79.78,1.0000 1.0000 1.3968 1.5484 1.5484 1.3968 1.0000,0 0 2 3 3 2 0,0 0 0 0 2 3 0,2,,no (tile),,,,79.78,,0.6458,,3,yes,6_2 6_2,p2,2222,hand
1726795,7,5,0,0,JJSJJSS,not tested,74.18 180.00 105.82 105.82 180.00 74.18 180.00,1.0000 1.0000 1.0905 1.0000 1.0000 1.0905 1.0905,0 0 2 0 0 2 2,0 3 0 3 0 0 0,1,,no (tile),,,,74.18,,0.9170,,3,yes,6_2 6_2,p2,2222,hand
1726795,7,5,0,2,SSSSSSS,not tested,60.00 180.00 120.00 120.00 120.00 120.00 180.00,1.0000 1.0000 1.0000 1.0000 1.0000 1.0000 1.0000,0 0 0 0 0 0 0,0 0 0 0 0 0 0,"1,8",,no (tile),,,,60.00,,1.0000,,3,yes,6_2 6_2,p2,2222,hand
1726795,7,5,0,3,SSJSSJS,not tested,180.00 180.00 72.00 143.99 108.01 108.00 108.00,1.0000 1.0000 1.0000 1.8542 1.8537 1.0000 1.0000,0 0 2 3 4 2 0,0 0 0 0 0 3 0,1,,no (tile),,,,72.00,,0.5393,,3,yes,6_2 6_2,p2,2222,hand
1726795,7,5,0,5,SSSSSSS,not tested,60.00 180.00 180.00 60.00 120.00 180.00 120.00,1.0000 1.0000 1.0000 1.0000 1.0000 1.0000 1.0000,0 0 0 0 0 0 0,0 0 0 0 0 0 0,1,,no (tile),,,,60.00,,1.0000,,3,yes,6_2 6_2,p2,2222,hand
1726796,7,0,0,0,SISSIIS,not needed (covering theorem),207.70 51.93 204.22 76.15 155.78 103.85 100.37,1.0000 1.2334 1.0000 1.0000 1.2334 1.2334 1.0000,0 1 0 0 1 1 0,0 0 0 0 0 0 0,,,YES,2,"1,2",2,51.93,,0.8108,,3,yes,6_2 6_2,pgg,22x,hand
1726796,7,0,0,4,SUUSUUS,not needed (covering theorem),103.94 100.16 207.87 51.97 204.09 76.06 155.91,1.0000 0.8116 0.8116 1.0000 0.8116 0.8116 1.0000,0 1 1 0 1 1 0,0 0 2 0 0 2 0,,,YES,2,2,2,51.97,,0.8116,,3,yes,6_2 6_2,pgg,22x,hand
1726796,7,0,0,5,SSSSSSS,not needed (covering theorem),612.00 -288.00 144.00 468.00 -252.00 180.00 36.00,1.0000 1.0000 1.0000 1.0000 1.0000 1.0000 1.0000,0 0 0 0 0 0 0,0 1 1 0 1 1 1,,,YES,2,"1,2,3",2,36.00,,1.0000,,3,yes,6_2 6_2,pgg,22x,hand
1726796,7,0,0,6,SSSSSSS,not needed (covering theorem),108.00 108.00 180.00 36.00 252.00 72.00 144.00,1.0000 1.0000 1.0000 1.0000 1.0000 1.0000 1.0000,0 0 0 0 0 0 0,0 1 1 1 0 1 1,,,YES,2,"1,2,3",2,36.00,,1.0000,,3,yes,6_2 6_2,pgg,22x,hand
1726796,7,0,1,0,SSSSSSS,not tested,120.00 180.00 120.00 60.00 180.00 180.00 60.00,1.0000 1.0000 1.0000 1.0000 1.0000 1.0000 1.0000,0 0 0 0 0 0 0,0 0 1 0 1 0 0,"1,6",,no (tile),,,,60.00,,1.0000,,3,yes,6_2 6_2,pgg,22x,hand
1726796,7,0,1,2,SIISSIS,not tested,225.20 50.34 180.00 95.55 134.80 129.66 84.45,1.0000 1.0832 1.0832 1.0000 1.0000 1.0832 1.0000,0 1 1 0 0 1 0,0 0 0 0 1 0 1,6,,no (tile),,,,50.34,,0.9232,,3,yes,6_2 6_2,pgg,22x,hand
1726796,7,0,1,4,SSSSSSS,not tested,120.00 120.00 180.00 60.00 180.00 120.00 120.00,1.0000 1.0000 1.0000 1.0000 1.0000 1.0000 1.0000,0 0 0 0 0 0 0,0 1 1 0 0 1 0,"1,2",,no (tile),,,,60.00,,1.0000,,3,yes,6_2 6_2,pgg,22x,hand
1726796,7,0,1,5,SJIIIJS,not tested,141.30 115.35 84.00 180.00 180.00 96.00 103.35,1.0000 1.0000 0.6290 0.6290 0.6290 1.0000 1.0000,0 1 2 2 2 1 0,0 0 0 0 0 3 1,"1,2",,no (tile),,,,84.00,,0.6290,,3,yes,6_2 6_2,pgg,22x,hand
1726796,7,1,0,0,SUUSUUS,not needed (covering theorem),103.94 155.91 76.06 204.09 51.97 207.87 100.16,1.0000 0.8116 0.8116 1.0000 0.8116 0.8116 1.0000,0 1 1 0 1 1 0,0 0 2 0 0 2 0,,,YES,2,2,2,51.97,,0.8116,,3,yes,6_2 6_2,pgg,22x,hand
1726796,7,1,0,4,SIISSIS,not needed (covering theorem),207.77 100.28 103.89 155.83 76.11 204.17 51.94,1.0000 1.2329 1.2329 1.0000 1.0000 1.2329 1.0000,0 1 1 0 0 1 0,0 0 0 0 0 0 0,,,YES,2,"1,2",2,51.94,,0.8111,,3,yes,6_2 6_2,pgg,22x,hand
1726796,7,1,0,5,SSSSSSS,not needed (covering theorem),612.00 -504.00 -432.00 108.00 684.00 180.00 252.00,1.0000 1.0000 1.0000 1.0000 1.0000 1.0000 1.0000,0 0 0 0 0 0 0,0 0 1 0 0 0 1,,,YES,2,"1,2,3",2,36.00,,1.0000,,3,yes,6_2 6_2,pgg,22x,hand
1726796,7,1,0,6,SSSSSSS,not needed (covering theorem),1188.00 -36.00 180.00 -828.00 972.00 216.00 -792.00,1.0000 1.0000 1.0000 1.0000 1.0000 1.0000 1.0000,0 0 0 0 0 0 0,0 0 0 1 0 0 1,,,YES,2,"1,2,3",2,36.00,,1.0000,,3,yes,6_2 6_2,pgg,22x,hand
1726796,7,1,1,1,SISSIIS,not tested,210.08 90.77 120.86 149.92 89.23 180.00 59.14,1.0000 1.0527 1.0000 1.0000 1.0527 1.0527 1.0000,0 1 0 0 1 1 0,0 0 0 1 0 0 1,6,,no (tile),,,,59.14,,0.9499,,3,yes,6_2 6_2,pgg,22x,hand
1726796,7,1,1,3,SSSSSSS,not tested,240.00 -60.00 180.00 180.00 -60.00 240.00 180.00,1.0000 1.0000 1.0000 1.0000 1.0000 1.0000 1.0000,0 0 0 0 0 0 0,0 0 1 0 1 0 0,"1,6",,no (tile),,,,60.00,,1.0000,,3,yes,6_2 6_2,pgg,22x,hand
1726796,7,1,1,5,SJIIIJS,not tested,141.30 115.35 84.00 180.00 180.00 96.00 103.35,1.0000 1.0000 0.6290 0.6290 0.6290 1.0000 1.0000,0 1 2 2 2 1 0,0 0 0 0 0 3 1,"1,2",,no (tile),,,,84.00,,0.6290,,3,yes,6_2 6_2,pgg,22x,hand
1726796,7,1,1,6,SSSSSSS,not tested,120.00 120.00 120.00 180.00 60.00 180.00 120.00,1.0000 1.0000 1.0000 1.0000 1.0000 1.0000 1.0000,0 0 0 0 0 0 0,0 1 0 0 1 1 0,"1,2",,no (tile),,,,60.00,,1.0000,,3,yes,6_2 6_2,pgg,22x,hand
1726810,7,0,0,4,SSSSSSS,not needed (covering theorem),147.44 68.05 136.10 223.90 68.05 111.95 144.52,1.0000 1.0000 1.0000 1.0000 1.0000 1.0000 1.1947,0 0 0 0 0 0 6,0 0 0 0 0 0 0,,,YES,2,1,2,68.05,,0.8370,,3,yes,5_3 7_3,p2,2222,hand
1726810,7,0,0,5,SSSSSSS,not tested,109.25 70.75 127.60 180.00 180.00 52.40 180.00,1.0000 0.3972 0.3972 0.3972 0.3972 0.3972 0.3972,0 1 1 1 1 1 1,0 0 0 0 0 0 0,1,,no (tile),,,,52.40,,0.3972,,3,yes,5_3 7_3,p2,2222,hand
1726810,7,0,1,2,SSSSSSS,not tested,108.37 180.00 53.19 180.00 180.00 126.81 71.63,1.0000 1.0000 1.0000 1.0000 1.0000 1.0000 2.5308,0 0 0 0 0 0 6,0 0 1 1 1 0 0,"1,6",,no (tile),,,,53.19,,0.3951,,3,yes,5_3 7_3,p2,2222,hand
1726810,7,0,1,3,SSISSSS,not tested,58.64 166.19 67.58 112.42 135.17 224.83 135.17,1.0000 0.2909 0.7019 0.2909 0.2909 0.2909 0.2909,0 1 2 1 1 1 1,0 0 0 0 1 0 1,1,,no (tile),,,,58.64,,0.2909,,3,yes,5_3 7_3,p2,2222,hand
1726810,7,1,1,3,SJIJJJS,not tested,180.00 92.27 130.97 130.97 180.00 98.06 87.73,1.0000 0.9072 0.2675 0.9072 0.9072 0.9072 1.0000,0 1 2 1 1 1 0,0 0 0 1 2 3 0,"1,6",,no (tile),,,,87.73,,0.2675,,3,yes,5_3 7_3,p2,2222,hand
1726810,7,1,1,6,SJJJIJS,not tested,180.00 54.20 147.99 180.00 106.00 106.00 125.80,1.0000 0.8176 0.8176 0.8176 0.7860 0.8176 1.0000,0 1 1 1 4 1 0,0 0 1 2 0 3 0,"1,6",,no (tile),,,,54.20,,0.7860,,3,yes,5_3 7_3,p2,2222,hand
1726810,7,2,0,0,SSSSSSS,not tested,108.37 180.00 53.19 180.00 180.00 126.81 71.63,1.0000 1.0000 1.0000 1.0000 1.0000 1.0000 2.5308,0 0 0 0 0 0 6,0 0 0 0 0 0 0,1,,no (tile),,,,53.19,,0.3951,,3,yes,5_3 7_3,p2,2222,hand
1726810,7,2,0,1,SSSSSSS,not needed (covering theorem),-147.48 215.52 -111.97 291.97 -223.93 583.93 291.97,1.0000 0.8373 0.8373 0.8373 0.8373 0.8373 0.8373,0 1 1 1 1 1 1,0 0 0 0 0 0 0,,,YES,2,1,2,68.03,,0.8373,,3,yes,5_3 7_3,p2,2222,hand
1726810,7,2,1,0,SSSSSSS,not tested,109.25 70.75 127.60 180.00 180.00 52.40 180.00,1.0000 0.3972 0.3972 0.3972 0.3972 0.3972 0.3972,0 1 1 1 1 1 1,0 0 1 1 1 0 0,"1,6",,no (tile),,,,52.40,,0.3972,,3,yes,5_3 7_3,p2,2222,hand
1726810,7,2,1,6,SSSSISS,not tested,91.85 112.07 247.93 112.07 123.97 56.03 156.08,1.0000 1.0000 1.0000 1.0000 4.5233 1.0000 4.6807,0 0 0 0 4 0 6,0 1 0 1 0 1 0,1,,no (tile),,,,56.03,,0.2136,,3,yes,5_3 7_3,p2,2222,hand
1726816,7,0,0,0,SSSSSSS,not tested,120.00 60.00 180.00 180.00 60.00 120.00 180.00,1.0000 1.0000 1.0000 1.0000 1.0000 1.0000 1.0000,0 0 0 0 0 0 0,0 1 0 0 1 1 1,"1,2,6",,no (tile),,,,60.00,,1.0000,,3,yes,5_3 7_3,pgg,22x,hand
1726816,7,0,0,1,SSSSSSS,not needed (covering theorem),2988.00 -1620.00 1188.00 3996.00 -2628.00 -2016.00 -1008.00,1.0000 1.0000 1.0000 1.0000 1.0000 1.0000 1.0000,0 0 0 0 0 0 0,0 1 1 0 1 1 1,,,YES,2,"2,3",2,36.00,,1.0000,,3,yes,5_3 7_3,pgg,22x,hand
1726816,7,0,0,4,SSSSSSS,not needed (covering theorem),-252.00 72.00 144.00 612.00 -324.00 108.00 540.00,1.0000 1.0000 1.0000 1.0000 1.0000 1.0000 1.0000,0 0 0 0 0 0 0,0 0 0 1 0 0 1,,,YES,2,"2,3",2,36.00,,1.0000,,3,yes,5_3 7_3,pgg,22x,hand
1726816,7,0,0,5,SSSSSSS,not tested,120.00 180.00 120.00 60.00 180.00 180.00 60.00,1.0000 1.0000 1.0000 1.0000 1.0000 1.0000 1.0000,0 0 0 0 0 0 0,0 0 0 1 1 0 1,"1,2,6",,no (tile),,,,60.00,,1.0000,,3,yes,5_3 7_3,pgg,22x,hand
1726816,7,0,1,4,SUSSSUS,not tested,120.00 180.00 120.00 60.00 180.00 180.00 60.00,1.0000 1.0000 1.0000 1.0000 1.0000 1.0000 1.0000,0 1 0 0 0 1 0,0 0 0 1 1 2 1,"1,2,6",,no (tile),,,,60.00,,1.0000,,3,yes,5_3 7_3,pgg,22x,hand
1726816,7,0,1,5,SUSSSUS,not tested,120.00 60.00 180.00 180.00 60.00 120.00 180.00,1.0000 1.0000 1.0000 1.0000 1.0000 1.0000 1.0000,0 1 0 0 0 1 0,0 0 0 0 1 2 1,"1,2,6",,no (tile),,,,60.00,,1.0000,,3,yes,5_3 7_3,pgg,22x,hand
1727308,7,0,0,0,SSSSSSS,not needed (covering theorem),257.28 -154.57 -77.28 242.36 117.64 319.65 194.92,1.0000 1.0000 1.0000 0.8690 1.0000 0.8690 1.0000,0 0 0 3 0 3 0,0 0 0 0 0 0 0,,,YES,2,1,2,40.35,,0.8690,,3,yes,5_4 7_4,p2,2222,hand
1727308,7,0,0,1,SSSSSSS,not needed (covering theorem),154.56 102.72 165.08 40.36 242.36 117.64 77.28,1.0000 1.0000 0.8687 1.0000 0.8687 1.0000 1.0000,0 0 2 0 2 0 0,0 0 0 0 0 0 0,,,YES,2,1,2,40.36,,0.8687,,3,yes,5_4 7_4,p2,2222,hand
1727308,7,0,1,0,SSSSSSI,not needed (covering theorem),102.12 155.76 68.10 136.14 223.86 68.04 145.98,1.0000 1.0000 0.5825 1.0000 0.5825 0.5825 0.6927,0 0 2 0 2 2 6,0 1 0 0 0 1 0,,,YES,2,1,2,68.04,,0.5825,,3,yes,5_4 7_4,p2,2222,hand
1727308,7,0,1,1,SISSSSS,not needed (covering theorem),184.14 87.93 153.02 53.96 245.09 114.91 60.95,1.0000 0.6182 0.7343 0.7343 1.0000 0.7343 1.0000,0 1 2 2 0 2 0,0 0 0 1 0 1 1,,,YES,2,1,2,53.96,,0.6182,,3,yes,5_4 7_4,p2,2222,hand
1727311,7,0,0,3,SSSSSSS,not needed (covering theorem),180.00 120.00 120.00 60.00 240.00 120.00 60.00,1.0000 1.0000 1.0000 1.0000 1.0000 1.0000 1.0000,0 0 0 0 0 0 0,0 1 1 1 1 1 1,,,YES,2,"1,2",2,60.00,,1.0000,,3,yes,5_3 7_3,pgg,22x,L2
1727311,7,0,1,4,SSISSSS,not tested,287.66 111.27 -19.46 199.46 -38.92 398.92 -38.92,1.0000 1.0000 0.9744 1.0000 1.0000 1.0000 1.0000,0 0 2 0 0 0 0,0 0 0 0 1 0 1,1,,no (tile),,,,19.46,,0.9744,,3,yes,5_3 7_3,pgg,22x,L2
1727311,7,1,1,2,JJIJUUJ,not tested,81.78 180.00 139.11 139.11 76.62 180.00 103.38,1.0000 1.0000 0.3076 1.0000 1.1208 1.1208 1.0000,0 0 2 0 4 4 0,0 3 0 2 0 2 1,"1,2,6",,no (tile),,,,76.62,,0.2745,,3,yes,5_3 7_3,pgg,22x,L2
1727311,7,1,1,5,UUJIJJJ,not tested,73.97 180.00 106.03 117.08 117.08 180.00 125.85,1.0000 1.0000 0.7674 0.7615 0.7674 0.7674 0.7674,0 0 2 3 2 2 2,0 2 0 0 1 2 3,"1,2,6",,no (tile),,,,73.97,,0.7615,,3,yes,5_3 7_3,pgg,22x,L2
1727311,7,2,0,2,SSSSSSS,not needed (covering theorem),-60.00 -120.00 480.00 -60.00 240.00 240.00 180.00,1.0000 1.0000 1.0000 1.0000 1.0000 1.0000 1.0000,0 0 0 0 0 0 0,0 0 0 0 0 1 0,,,YES,2,"1,2",2,60.00,,1.0000,,3,yes,5_3 7_3,pgg,22x,L2
1727311,7,2,1,3,SSSISSS,not tested,38.21 321.79 38.21 160.89 19.11 240.00 81.78,1.0000 1.0000 1.0000 1.1338 1.0000 1.0000 1.0000,0 0 0 3 0 0 0,0 1 0 0 0 0 1,1,,no (tile),,,,19.11,,0.8820,,3,yes,5_3 7_3,pgg,22x,L2
1727337,7,0,0,0,SSSSSSS,not needed (covering theorem),60.09 239.82 90.07 119.91 120.18 149.75 120.18,1.0000 1.0000 0.8674 0.8674 0.8674 1.0000 1.0000,0 0 2 2 2 0 0,0 0 0 0 0 0 0,,,YES,2,1,2,60.09,,0.8674,,3,yes,6_4 6_4,p2,2222,hand
1727337,7,0,0,3,SSSSSSS,not needed (covering theorem),149.96 120.03 119.99 90.01 239.97 60.01 120.03,1.0000 1.0000 1.0000 1.1544 1.1544 1.1544 1.1544,0 0 0 3 3 3 3,0 0 0 0 0 0 0,,,YES,2,1,2,60.01,,0.8662,,3,yes,6_4 6_4,p2,2222,hand
1727337,7,0,1,1,SISSSSS,not tested,226.41 66.80 113.20 133.59 178.59 47.82 133.59,1.0000 0.8151 1.0000 1.0000 1.0110 1.0000 1.0000,0 1 0 0 4 0 0,0 0 0 1 0 0 1,1,,no (tile),,,,47.82,,0.8062,,3,yes,6_4 6_4,p2,2222,hand
1727337,7,0,1,3,SSSSSSS,not tested,52.07 180.00 180.00 127.93 70.37 109.63 180.00,1.0000 1.0000 1.0000 1.0000 2.5124 1.0000 1.0000,0 0 0 0 4 0 0,0 0 0 1 0 1 1,"1,6",,no (tile),,,,52.07,,0.3980,,3,yes,6_4 6_4,p2,2222,hand
1727337,7,0,1,4,SSSSSSS,not tested,109.25 70.75 127.60 180.00 180.00 52.40 180.00,1.0000 0.3972 0.3972 0.3972 0.3972 0.3972 0.3972,0 1 1 1 1 1 1,0 0 1 1 1 0 0,"1,6",,no (tile),,,,52.40,,0.3972,,3,yes,6_4 6_4,p2,2222,hand
1727337,7,0,1,6,SSSISSS,not tested,58.65 166.18 135.17 112.42 67.58 224.83 135.17,1.0000 0.8726 0.8726 0.9238 0.8726 0.8726 0.8726,0 1 1 3 1 1 1,0 0 1 0 1 0 1,1,,no (tile),,,,58.65,,0.8726,,3,yes,6_4 6_4,p2,2222,hand
1727337,7,1,0,1,SSSSSSS,not needed (covering theorem),52.82 153.59 127.18 153.59 52.82 180.00 180.00,1.0000 1.0000 1.0000 1.0000 1.0000 1.0000 1.0000,0 0 0 0 0 0 0,0 0 0 0 0 0 0,,,YES,2,1,2,52.82,,1.0000,,3,yes,6_4 6_4,p2,2222,hand
1727337,7,1,0,2,SSSSSSS,not tested,180.00 57.41 122.59 122.59 57.41 180.00 180.00,1.0000 2.7852 1.0000 2.7852 1.0000 1.0000 1.0000,0 1 0 3 0 0 0,0 0 0 0 0 0 0,1,,no (tile),,,,57.41,,0.3590,,3,yes,6_4 6_4,p2,2222,hand
1727337,7,1,0,3,SSSSSSS,not needed (covering theorem),95.03 180.00 132.48 84.97 132.48 180.00 95.03,1.0000 1.0000 1.0000 1.0000 1.0000 1.0000 1.0000,0 0 0 0 0 0 0,0 0 0 0 0 0 0,,,YES,2,1,2,84.97,,1.0000,,3,yes,6_4 6_4,p2,2222,hand
1727337,7,1,0,4,SSSSSSS,not tested,180.00 75.52 180.00 104.48 104.48 180.00 75.52,1.0000 1.0000 1.0000 1.0000 1.0000 1.0000 1.0000,0 0 0 0 0 0 0,0 0 0 0 0 0 0,1,,no (tile),,,,75.52,,1.0000,,3,yes,6_4 6_4,p2,2222,hand
1727337,7,1,0,5,SJJJJJJ,not tested,90.00 90.00 165.47 180.00 29.07 180.00 165.47,1.0000 0.9962 0.9962 0.9962 0.9962 0.9962 0.9962,0 1 1 1 1 1 1,0 0 3 0 3 0 3,1,,no (tile),,,,29.07,,0.9962,,3,yes,6_4 6_4,p2,2222,hand
1727337,7,1,0,6,SSSSSSS,not tested,117.62 180.00 106.98 73.02 180.00 180.00 62.38,1.0000 1.0000 1.2619 1.0000 1.0000 1.0000 1.3621,0 0 2 0 0 0 6,0 0 0 0 0 0 0,1,,no (tile),,,,62.38,,0.7342,,3,yes,6_4 6_4,p2,2222,hand
1727337,7,2,0,1,SSJJJJS,not needed (covering theorem),180.00 90.00 135.00 90.00 180.00 180.00 45.00,1.0000 1.0000 0.7071 0.7071 0.7071 0.7071 1.0000,0 0 2 2 2 2 0,0 0 0 3 0 3 0,,,YES,2,1,2,45.00,,0.7071,,3,yes,6_4 6_4,p2,2222,hand
1727337,7,2,0,3,SSSJJJJ,not needed (covering theorem),45.00 180.00 90.00 135.00 90.00 180.00 180.00,1.0000 1.0000 1.0000 0.7071 0.7071 0.7071 0.7071,0 0 0 3 3 3 3,0 0 0 0 3 0 3,,,YES,2,1,2,45.00,,0.7071,,3,yes,6_4 6_4,p2,2222,hand
1727337,7,2,1,0,SSIIIII,not tested,108.00 144.00 108.00 90.00 180.00 180.00 90.00,1.0000 1.0000 1.0000 0.6340 0.6340 0.6340 1.0000,0 0 2 3 3 3 6,0 1 0 0 0 0 0,"1,2",,no (tile),,,,90.00,,0.6340,,3,yes,6_4 6_4,p2,2222,hand
1727337,7,2,1,2,SIISIII,not tested,59.53 120.47 180.00 120.47 59.53 180.00 180.00,1.0000 1.0142 1.0142 1.0000 1.0142 1.0142 1.0142,0 1 1 0 1 1 1,0 0 0 1 0 0 0,"1,6",,no (tile),,,,59.53,,0.9860,,3,yes,6_4 6_4,p2,2222,hand
1727337,7,2,1,3,SJSJSSS,not tested,180.00 46.52 133.48 133.48 46.52 180.00 180.00,1.0000 2.1800 1.0000 2.1800 1.0000 1.0000 1.0000,0 1 0 1 0 0 0,0 0 1 2 0 0 0,6,,no (tile),,,,46.52,,0.4587,,3,yes,6_4 6_4,p2,2222,hand
1727337,7,2,1,4,SSIISSI,not tested,104.74 180.00 75.26 180.00 75.26 180.00 104.74,1.0000 1.0000 1.0175 1.0175 1.0000 1.0000 1.0175,0 0 2 2 0 0 2,0 0 0 0 1 1 0,"1,6",,no (tile),,,,75.26,,0.9828,,3,yes,6_4 6_4,p2,2222,hand
1727337,7,2,1,6,SJJJJJJ,not needed (covering theorem),127.77 127.77 104.46 180.00 75.54 180.00 104.46,1.0000 0.8163 0.8163 0.8163 0.8163 0.8163 0.8163,0 1 1 1 1 1 1,0 0 2 1 3 0 2,,,YES,2,1,2,75.54,,0.8163,,3,yes,6_4 6_4,p2,2222,hand
1727337,7,3,0,0,SSSSSSS,not needed (covering theorem),108.40 143.20 143.20 71.60 216.80 81.99 134.82,1.0000 1.0000 1.0000 1.0000 1.0000 1.2827 1.0000,0 0 0 0 0 5 0,0 0 0 0 0 0 0,,,YES,2,1,2,71.60,,0.7796,,3,yes,6_4 6_4,p2,2222,hand
1727337,7,3,0,4,SSSSSSS,not needed (covering theorem),81.99 134.82 108.41 143.19 143.19 71.59 216.81,1.0000 0.7800 0.7800 0.7800 0.7800 0.7800 0.7800,0 1 1 1 1 1 1,0 0 0 0 0 0 0,,,YES,2,1,2,71.59,,0.7800,,3,yes,6_4 6_4,p2,2222,hand
1727337,7,3,1,0,SSISSSI,not tested,131.38 97.24 131.38 106.66 146.68 213.32 73.34,1.0000 1.0000 0.7072 0.5221 0.5221 0.5221 0.8569,0 0 2 3 3 3 6,0 1 0 0 1 0 0,,1,no (deep),,,,73.34,,0.5221,,3,yes,6_4 6_4,p2,2222,hand
1727337,7,3,1,1,SISSSSS,not needed (covering theorem),104.48 127.76 127.79 104.41 180.03 75.56 179.97,1.0000 1.2255 1.0004 1.0004 1.0000 1.0004 1.0000,0 1 2 2 0 2 0,0 0 0 1 0 0 1,,,YES,2,1,2,75.56,,0.8160,,3,yes,6_4 6_4,p2,2222,hand
1727337,7,3,1,3,SSSSSSS,not tested,73.76 180.00 106.24 106.24 180.00 73.76 180.00,1.0000 1.0000 1.1185 1.0000 1.0000 1.1185 1.1185,0 0 2 0 0 2 2,0 0 0 1 1 1 1,"1,6",,no (tile),,,,73.76,,0.8941,,3,yes,6_4 6_4,p2,2222,hand
1727337,7,3,1,4,SIIIISI,not tested,132.17 47.83 180.00 180.00 180.00 46.39 133.61,1.0000 0.4591 0.4591 0.4591 0.4591 1.0236 0.4591,0 1 1 1 1 5 1,0 0 0 0 0 0 0,1,,no (tile),,,,46.39,,0.4485,,3,yes,6_4 6_4,p2,2222,hand
1727337,7,3,1,5,SSSSSSS,not tested,180.00 130.09 49.91 180.00 180.00 49.91 130.09,1.0000 0.7764 1.0000 1.0000 1.0000 0.7764 1.0000,0 1 0 0 0 1 0,0 0 1 0 1 1 0,"1,6",,no (tile),,,,49.91,,0.7764,,3,yes,6_4 6_4,p2,2222,hand
1727337,7,4,0,1,SSSSSSS,not needed (covering theorem),120.12 119.94 90.05 239.88 60.06 120.12 149.83,1.0000 1.0000 1.1534 1.1534 1.1534 1.1534 1.0000,0 0 2 2 2 2 0,0 0 0 0 0 0 0,,,YES,2,1,2,60.06,,0.8670,,3,yes,6_4 6_4,p2,2222,hand
1727337,7,4,0,4,SSSSSSS,not needed (covering theorem),149.75 120.18 60.09 239.82 90.07 119.91 120.18,1.0000 1.0000 1.0000 1.0000 0.8674 0.8674 0.8674,0 0 0 0 4 4 4,0 0 0 0 0 0 0,,,YES,2,1,2,60.09,,0.8674,,3,yes,6_4 6_4,p2,2222,hand
1727337,7,4,1,1,SISSSSS,not tested,161.00 99.50 80.50 199.00 161.00 64.49 134.51,1.0000 1.5732 1.0000 1.0000 1.0000 1.7193 1.0000,0 1 0 0 0 5 0,0 0 0 1 0 0 1,1,,no (tile),,,,64.49,,0.5816,,3,yes,6_4 6_4,p2,2222,hand
1727337,7,4,1,3,SSSSSSS,not tested,109.25 70.75 127.60 180.00 180.00 52.40 180.00,1.0000 0.3972 0.3972 0.3972 0.3972 0.3972 0.3972,0 1 1 1 1 1 1,0 0 1 1 1 0 0,"1,6",,no (tile),,,,52.40,,0.3972,,3,yes,6_4 6_4,p2,2222,hand
1727337,7,4,1,4,SSSSSSS,not tested,180.00 52.50 180.00 180.00 127.50 70.86 109.14,1.0000 1.0000 1.0000 1.0000 1.0000 2.5194 1.0000,0 0 0 0 0 5 0,0 1 1 1 0 0 0,"1,6",,no (tile),,,,52.50,,0.3969,,3,yes,6_4 6_4,p2,2222,hand
1727337,7,4,1,6,SSSSISS,not tested,178.62 47.81 133.58 226.42 66.79 113.21 133.58,1.0000 0.9893 0.9893 0.9893 0.8061 0.9893 0.9893,0 1 1 1 4 1 1,0 0 1 0 0 0 1,1,,no (tile),,,,47.81,,0.8061,,3,yes,6_4 6_4,p2,2222,hand
1727337,7,5,0,1,SSSSSSS,not needed (covering theorem),216.81 71.60 143.19 143.19 108.40 134.82 81.99,1.0000 1.0000 1.0000 1.0000 1.0000 1.2824 1.0000,0 0 0 0 0 5 0,0 0 0 0 0 0 0,,,YES,2,1,2,71.60,,0.7798,,3,yes,6_4 6_4,p2,2222,hand
1727337,7,5,0,5,SSSSSSS,not needed (covering theorem),134.84 82.00 216.84 71.58 143.16 143.16 108.42,1.0000 0.7808 0.7808 0.7808 0.7808 0.7808 0.7808,0 1 1 1 1 1 1,0 0 0 0 0 0 0,,,YES,2,1,2,71.58,,0.7808,,3,yes,6_4 6_4,p2,2222,hand
1727337,7,5,1,0,SSSISSI,not tested,70.40 219.20 140.80 109.60 125.37 109.26 125.37,1.0000 1.0000 1.0000 1.4335 1.7330 1.7330 1.7690,0 0 0 3 4 4 6,0 1 0 0 0 1 0,,1,no (deep),,,,70.40,,0.5653,,3,yes,6_4 6_4,p2,2222,hand
1727337,7,5,1,2,SSSSSSS,not tested,109.88 70.12 180.00 180.00 70.12 109.88 180.00,1.0000 0.6800 0.6800 0.6800 1.0000 0.6800 0.6800,0 1 1 1 0 1 1,0 0 1 0 1 1 1,"1,6",,no (tile),,,,70.12,,0.6800,,3,yes,6_4 6_4,p2,2222,hand
1727337,7,5,1,3,SIIIISI,not tested,132.17 47.83 180.00 180.00 180.00 46.39 133.61,1.0000 0.4591 0.4591 0.4591 0.4591 1.0236 0.4591,0 1 1 1 1 5 1,0 0 0 0 0 0 0,1,,no (tile),,,,46.39,,0.4485,,3,yes,6_4 6_4,p2,2222,hand
1727337,7,5,1,4,SSSSSSS,not tested,180.00 74.95 180.00 105.05 105.05 180.00 74.95,1.0000 0.9631 0.9631 1.0000 0.9631 0.9631 1.0000,0 1 1 0 1 1 0,0 0 0 1 1 1 0,"1,6",,no (tile),,,,74.95,,0.9631,,3,yes,6_4 6_4,p2,2222,hand
1727337,7,5,1,6,SSSSISS,not needed (covering theorem),180.06 75.53 179.94 104.53 127.73 127.80 104.41,1.0000 1.0009 1.0000 1.0000 1.2254 1.0009 1.0009,0 1 0 0 4 1 1,0 0 1 0 0 0 1,,,YES,2,1,2,75.53,,0.8161,,3,yes,6_4 6_4,p2,2222,hand
1727337,7,6,0,2,JJJSSSJ,not needed (covering theorem),180.00 180.00 90.00 135.00 90.00 180.00 45.00,1.0000 1.0000 1.0000 1.4142 1.4142 1.4142 1.0000,0 0 0 3 3 3 0,0 3 0 0 0 0 3,,,YES,2,1,2,45.00,,0.7071,,3,yes,6_4 6_4,p2,2222,hand
1727337,7,6,0,4,JJJJSSS,not needed (covering theorem),45.00 180.00 180.00 90.00 135.00 90.00 180.00,1.0000 1.0000 1.0000 1.0000 1.4142 1.4142 1.4142,0 0 0 0 4 4 4,0 3 0 3 0 0 0,,,YES,2,1,2,45.00,,0.7071,,3,yes,6_4 6_4,p2,2222,hand
1727337,7,6,1,0,IIIISSI,not tested,90.00 180.00 180.00 90.00 106.05 147.90 106.05,1.0000 1.0000 1.0000 1.4475 1.5608 1.5608 1.4475,0 0 0 3 4 4 6,0 0 0 0 0 1 0,"1,2",,no (tile),,,,90.00,,0.6407,,3,yes,6_4 6_4,p2,2222,hand
1727337,7,6,1,1,JJJJJSJ,not needed (covering theorem),104.38 180.00 75.62 180.00 104.38 127.81 127.81,1.0000 1.0000 1.0000 1.0000 1.0000 1.2261 1.0000,0 0 0 0 0 5 0,0 3 1 2 0 0 2,,,YES,2,1,2,75.62,,0.8156,,3,yes,6_4 6_4,p2,2222,hand
1727337,7,6,1,3,SSIISSI,not tested,104.74 180.00 75.26 180.00 75.26 180.00 104.74,1.0000 1.0000 1.0175 1.0175 1.0000 1.0000 1.0175,0 0 2 2 0 0 2,0 0 0 0 1 1 0,"1,6",,no (tile),,,,75.26,,0.9828,,3,yes,6_4 6_4,p2,2222,hand
1727337,7,6,1,4,SSJSJSS,not tested,180.00 180.00 46.52 133.48 133.48 46.52 180.00,1.0000 1.0000 2.1800 1.0000 2.1800 1.0000 1.0000,0 0 2 0 2 0 0,0 0 0 1 2 0 0,6,,no (tile),,,,46.52,,0.4587,,3,yes,6_4 6_4,p2,2222,hand
1727337,7,6,1,5,IISIISI,not tested,180.00 180.00 59.54 120.46 180.00 120.46 59.54,1.0000 1.0000 0.9864 1.0000 1.0000 0.9864 1.0000,0 0 2 0 0 2 0,0 0 0 0 0 1 0,"1,6",,no (tile),,,,59.54,,0.9864,,3,yes,6_4 6_4,p2,2222,hand
1727337,7,7,0,0,JJJJJSJ,not tested,162.83 180.00 34.33 180.00 162.83 90.00 90.00,1.0000 1.0000 1.0000 1.0000 1.0000 1.1807 1.0000,0 0 0 0 0 5 0,0 3 0 3 0 0 3,1,,no (tile),,,,34.33,,0.8470,,3,yes,6_4 6_4,p2,2222,hand
1727337,7,7,0,1,SSSSSSS,not tested,75.52 180.00 104.48 104.48 180.00 75.52 180.00,1.0000 1.0000 1.0000 1.0000 1.0000 1.0000 1.0000,0 0 0 0 0 0 0,0 0 0 0 0 0 0,1,,no (tile),,,,75.52,,1.0000,,3,yes,6_4 6_4,p2,2222,hand
1727337,7,7,0,2,SSSSSSS,not needed (covering theorem),95.03 180.00 132.48 84.97 132.48 180.00 95.03,1.0000 1.0000 1.0000 1.0000 1.0000 1.0000 1.0000,0 0 0 0 0 0 0,0 0 0 0 0 0 0,,,YES,2,1,2,84.97,,1.0000,,3,yes,6_4 6_4,p2,2222,hand
1727337,7,7,0,3,SSSSSSS,not tested,180.00 180.00 57.41 122.59 122.59 57.41 180.00,1.0000 1.0000 2.7852 1.0000 2.7852 1.0000 1.0000,0 0 2 0 4 0 0,0 0 0 0 0 0 0,1,,no (tile),,,,57.41,,0.3590,,3,yes,6_4 6_4,p2,2222,hand
1727337,7,7,0,4,SSSSSSS,not needed (covering theorem),180.00 180.00 -667.18 513.59 847.18 513.59 -667.18,1.0000 1.0000 1.0000 1.0000 1.0000 1.0000 1.0000,0 0 0 0 0 0 0,0 0 0 0 0 0 0,,,YES,2,1,2,52.82,,1.0000,,3,yes,6_4 6_4,p2,2222,hand
1727337,7,7,0,6,SSSSSSS,not tested,54.63 180.00 180.00 70.40 109.60 180.00 125.37,1.0000 1.0000 1.0000 0.9958 1.0000 1.0000 1.1505,0 0 0 3 0 0 6,0 0 0 0 0 0 0,1,,no (tile),,,,54.63,,0.8655,,3,yes,6_4 6_4,p2,2222,hand
1727342,7,0,0,0,SSSSSSS,not needed (covering theorem),427.03 -494.07 4416.30 -247.03 -4910.37 854.07 854.07,1.0000 1.0000 1.0000 1.0000 1.0000 1.0000 1.0000,0 0 0 0 0 0 0,0 0 1 1 0 0 0,,,YES,2,2,2,67.03,,1.0000,,3,yes,6_4 6_4,pgg,22x,hand
1727342,7,0,0,3,SSSSSSS,not needed (covering theorem),134.07 1209.63 112.97 -983.70 225.93 67.03 134.07,1.0000 1.0000 1.0000 1.0000 1.0000 1.0000 1.0000,0 0 0 0 0 0 0,0 1 1 0 0 0 0,,,YES,2,2,2,67.03,,1.0000,,3,yes,6_4 6_4,pgg,22x,hand
1727342,7,0,1,1,SISSSSS,not needed (covering theorem),232.79 63.60 95.43 148.18 169.14 63.65 127.21,1.0000 1.3999 1.0000 1.0000 1.0000 1.0000 1.0000,0 1 0 0 0 0 0,0 0 1 1 0 0 1,,,YES,2,2,2,63.60,,0.7143,,3,yes,6_4 6_4,pgg,22x,hand
1727342,7,0,1,6,SSSISSS,not needed (covering theorem),98.10 162.71 130.95 98.65 49.60 260.80 99.20,1.0000 1.0000 1.0000 1.9911 1.0000 1.0000 1.0000,0 0 0 3 0 0 0,0 1 1 0 0 1 0,,,YES,2,2,2,49.60,,0.5022,,3,yes,6_4 6_4,pgg,22x,hand
1727342,7,1,0,5,SSISSSS,not needed (covering theorem),215.93 72.08 107.97 143.96 144.07 71.99 144.01,1.0000 1.0000 1.3827 1.0000 1.0000 1.0000 1.0000,0 0 2 0 0 0 0,0 1 0 0 1 1 1,,,YES,2,2,2,71.99,,0.7232,,3,yes,6_4 6_4,pgg,22x,hand
1727342,7,1,0,6,SSSSSSS,not tested,121.79 180.00 116.42 63.58 180.00 180.00 58.21,1.0000 1.0000 1.0000 1.0000 1.0000 1.0000 1.0537,0 0 0 0 0 0 6,0 0 1 0 0 0 0,"1,2",,no (tile),,,,58.21,,0.9491,,3,yes,6_4 6_4,pgg,22x,hand
1727342,7,1,1,0,SSSSSSI,not tested,117.62 124.76 162.22 73.02 124.76 235.24 62.38,1.0000 1.0000 1.2619 1.0000 1.0000 1.0000 1.3621,0 0 2 0 0 0 6,0 1 0 0 1 0 0,1,,no (tile),,,,62.38,,0.7342,,3,yes,6_4 6_4,pgg,22x,hand
1727342,7,1,1,1,SISSSSS,not needed (covering theorem),144.09 107.96 72.04 144.09 215.91 71.82 144.09,1.0000 2.2318 1.0000 1.0000 1.0000 1.0000 1.0000,0 1 0 0 0 0 0,0 0 1 1 0 0 1,,,YES,2,2,2,71.82,,0.4481,,3,yes,6_4 6_4,pgg,22x,hand
1727342,7,1,1,3,SSSSSSS,not tested,120.00 180.00 120.00 60.00 180.00 180.00 60.00,1.0000 1.0000 1.0000 1.0000 1.0000 1.0000 1.0000,0 0 0 0 0 0 0,0 0 1 1 1 1 0,"1,6",,no (tile),,,,60.00,,1.0000,,3,yes,6_4 6_4,pgg,22x,hand
1727342,7,1,1,4,SSSSSSS,not tested,132.84 47.16 180.00 180.00 180.00 47.16 132.84,1.0000 0.4533 0.4533 0.4533 0.4533 1.0000 0.4533,0 1 1 1 1 0 1,0 0 0 1 1 1 0,"1,6",,no (tile),,,,47.16,,0.4533,,3,yes,6_4 6_4,pgg,22x,hand
1727342,7,1,1,5,SSSSSSS,not tested,104.48 180.00 28.96 226.57 133.43 75.52 151.04,1.0000 1.0000 1.0000 1.0000 1.0000 1.0000 1.0000,0 0 0 0 0 0 0,0 0 0 1 0 1 1,"1,2",,no (tile),,,,28.96,,1.0000,,3,yes,6_4 6_4,pgg,22x,hand
1727342,7,2,0,0,SSSSSSS,not needed (covering theorem),-820.30 2000.61 1000.30 -6955.85 7315.85 -7956.15 6315.55,1.0000 1.0000 1.0000 1.0000 1.0000 1.0000 1.0000,0 0 0 0 0 0 0,0 0 0 1 0 1 0,,,YES,2,"1,2",2,36.15,,1.0000,,3,yes,6_4 6_4,pgg,22x,hand
1727342,7,2,0,1,SSUSUSS,not needed (covering theorem),181.94 89.03 108.92 199.89 69.14 160.11 90.97,1.0000 1.0000 1.0002 1.0000 1.0002 1.0000 1.0000,0 0 2 0 2 0 0,0 0 0 1 2 0 0,,,YES,2,2,2,69.14,,0.9998,,3,yes,6_4 6_4,pgg,22x,hand
1727342,7,2,0,4,SUSUSSS,not needed (covering theorem),90.95 160.14 69.19 199.86 108.91 89.05 181.90,1.0000 0.9991 1.0000 0.9991 1.0000 1.0000 1.0000,0 1 0 1 0 0 0,0 0 1 2 0 0 0,,,YES,2,2,2,69.19,,0.9991,,3,yes,6_4 6_4,pgg,22x,hand
1727342,7,2,0,5,SSSSSSS,not needed (covering theorem),164.45 36.15 244.15 115.85 79.70 159.39 100.30,1.0000 1.0000 1.0000 1.0000 1.0000 1.0000 1.0000,0 0 0 0 0 0 0,0 1 0 1 1 1 1,,,YES,2,"1,2",2,36.15,,1.0000,,3,yes,6_4 6_4,pgg,22x,hand
1727342,7,2,1,2,SSSSSSS,not needed (covering theorem),888.87 137.78 -666.65 582.22 -264.44 -222.22 444.44,1.0000 1.0000 1.0000 1.0000 1.0000 1.0000 1.0000,0 0 0 0 0 0 0,0 1 0 1 1 0 0,,,YES,2,2,2,53.35,,1.0000,,3,yes,6_4 6_4,pgg,22x,hand
1727342,7,2,1,3,SSUSSSU,not needed (covering theorem),806.89 498.84 -626.89 -945.73 180.00 -318.84 1305.73,1.0000 1.0000 0.6587 1.0000 1.0000 1.0000 0.6587,0 0 2 0 0 0 2,0 0 0 1 1 1 2,,,YES,2,2,2,41.16,,0.6587,,3,yes,6_4 6_4,pgg,22x,hand
1727342,7,2,1,4,SSSUSSU,not needed (covering theorem),225.74 41.15 180.00 134.26 93.11 138.85 86.89,1.0000 1.0000 1.0000 0.6593 1.0000 1.0000 0.6593,0 0 0 3 0 0 3,0 0 0 0 1 1 2,,,YES,2,2,2,41.15,,0.6593,,3,yes,6_4 6_4,pgg,22x,hand
1727342,7,2,1,5,SSSSSSS,not needed (covering theorem),-275.56 -2382.22 455.56 2742.22 -2106.65 3017.78 -551.13,1.0000 1.0000 1.0000 1.0000 1.0000 1.0000 1.0000,0 0 0 0 0 0 0,0 1 1 0 1 0 0,,,YES,2,2,2,53.35,,1.0000,,3,yes,6_4 6_4,pgg,22x,hand
1727342,7,3,0,0,SSSISSS,not needed (covering theorem),143.99 72.01 143.93 144.04 108.04 71.92 216.07,1.0000 1.0000 1.0000 1.3812 1.0000 1.0000 1.0000,0 0 0 3 0 0 0,0 0 1 0 0 1 0,,,YES,2,2,2,71.92,,0.7240,,3,yes,6_4 6_4,pgg,22x,hand
1727342,7,3,0,6,SSSSSSS,not tested,58.21 180.00 180.00 63.58 116.42 180.00 121.79,1.0000 1.0000 1.0000 1.0000 1.0000 1.0000 1.0537,0 0 0 0 0 0 6,0 0 0 1 0 0 0,"1,2",,no (tile),,,,58.21,,0.9491,,3,yes,6_4 6_4,pgg,22x,hand
1727342,7,3,1,0,SSSSSSI,not tested,44.93 270.15 89.85 103.91 166.23 89.85 135.07,1.0000 1.0000 1.0000 1.3649 1.0000 1.0000 1.8760,0 0 0 3 0 0 6,0 1 0 0 1 0 0,1,,no (tile),,,,44.93,,0.5331,,3,yes,6_4 6_4,pgg,22x,hand
1727342,7,3,1,2,SSSSSSS,not tested,151.04 75.52 133.43 226.57 28.96 180.00 104.48,1.0000 1.0000 1.0000 1.0000 1.0000 1.0000 1.0000,0 0 0 0 0 0 0,0 1 0 1 1 1 0,"1,2",,no (tile),,,,28.96,,1.0000,,3,yes,6_4 6_4,pgg,22x,hand
1727342,7,3,1,3,SSSSSSS,not tested,150.42 29.58 180.00 180.00 180.00 29.58 150.42,1.0000 0.5798 0.5798 0.5798 0.5798 1.0000 0.5798,0 1 1 1 1 0 1,0 0 0 1 1 1 1,"1,6",,no (tile),,,,29.58,,0.5798,,3,yes,6_4 6_4,pgg,22x,hand
1727342,7,3,1,4,SSSSSSS,not tested,60.00 180.00 180.00 60.00 120.00 180.00 120.00,1.0000 1.0000 1.0000 1.0000 1.0000 1.0000 1.0000,0 0 0 0 0 0 0,0 0 0 0 1 1 1,"1,6",,no (tile),,,,60.00,,1.0000,,3,yes,6_4 6_4,pgg,22x,hand
1727342,7,3,1,6,SSSSISS,not needed (covering theorem),144.08 71.84 215.92 144.08 72.04 107.96 144.08,1.0000 1.0000 1.0000 1.0000 2.2322 1.0000 1.0000,0 0 0 0 4 0 0,0 0 1 1 0 0 1,,,YES,2,2,2,71.84,,0.4480,,3,yes,6_4 6_4,pgg,22x,hand
1727349,7,0,0,2,SSSISSS,not tested,201.00 44.42 114.57 100.50 79.50 201.00 159.00,1.0000 5.1332 1.0000 4.0188 1.0000 1.0000 1.0000,0 1 0 3 0 0 0,0 0 1 0 1 0 1,1,,no (tile),,,,44.42,,0.1948,,3,yes,5_4 7_4,pgg,22x,hand
1727349,7,0,0,6,SSSSISS,not tested,91.85 112.07 247.93 112.07 123.97 56.03 156.08,1.0000 1.0000 1.0000 1.0000 4.5233 1.0000 4.6807,0 0 0 0 4 0 6,0 1 0 1 0 1 0,1,,no (tile),,,,56.03,,0.2136,,3,yes,5_4 7_4,pgg,22x,hand
1727349,7,0,1,0,SSSSSSI,not tested,38.93 282.15 49.63 77.85 282.15 28.22 141.07,1.0000 1.0000 1.0000 1.0000 1.0000 1.0000 1.1620,0 0 0 0 0 0 6,0 1 1 0 1 0 0,1,,no (tile),,,,28.22,,0.8606,,3,yes,5_4 7_4,pgg,22x,hand
1727349,7,0,1,1,SISSSSS,not tested,279.77 40.12 139.88 29.88 279.77 80.23 50.36,1.0000 1.2117 1.0000 1.0000 1.0000 1.0000 1.0000,0 1 0 0 0 0 0,0 0 0 1 0 1 1,1,,no (tile),,,,29.88,,0.8253,,3,yes,5_4 7_4,pgg,22x,hand
1727349,7,0,1,3,SUSUSSS,not tested,180.00 236.21 236.21 -56.21 143.24 -19.44 180.00,1.0000 0.4226 1.0000 0.4226 2.7771 1.0000 1.0000,0 1 0 1 4 0 0,0 0 1 2 0 0 0,"1,6",,no (tile),,,,19.44,,0.1522,,3,yes,5_4 7_4,pgg,22x,hand
1727349,7,0,1,5,SSSSUSU,not tested,126.92 180.00 180.00 19.44 213.65 53.08 126.92,1.0000 1.0000 1.0000 2.8861 1.4447 1.0000 1.4447,0 0 0 3 4 0 4,0 0 0 0 0 1 2,"1,6",,no (tile),,,,19.44,,0.3465,,3,yes,5_4 7_4,pgg,22x,hand
1727363,7,0,0,6,SSSSSSS,not tested,18.00 180.00 180.00 180.00 49.99 130.01 162.00,1.0000 1.0000 1.0000 1.0000 1.0000 1.0000 2.4784,0 0 0 0 0 0 6,0 0 0 0 1 0 0,"1,2,6",,no (tile),,,,18.00,,0.4035,,3,yes,5_4 7_4,pgg,22x,hand
1727363,7,0,1,1,SSSSSIS,not needed (covering theorem),29.53 230.76 129.24 99.72 115.38 130.14 165.24,1.0000 1.0000 1.0000 1.0000 1.0000 1.1511 1.0000,0 0 0 0 0 5 0,0 0 0 1 1 0 1,,,YES,2,2,2,29.53,,0.8687,,3,yes,5_4 7_4,pgg,22x,hand
1727363,7,0,1,2,SSSSSSS,not tested,91.01 180.00 180.00 88.99 91.01 180.00 88.99,1.0000 1.0000 1.0000 1.0000 2.0000 1.0000 1.0000,0 0 0 0 4 0 0,0 0 0 1 0 0 1,1,,no (tile),,,,88.99,,0.5000,,3,yes,5_4 7_4,pgg,22x,hand
1727363,7,0,1,4,SSSSSSS,not tested,302.60 180.00 180.00 -16.31 73.71 -16.31 196.31,1.0000 1.0000 1.0000 2.3405 2.3405 1.0000 2.3405,0 0 0 3 3 0 3,0 0 0 0 1 1 1,"1,6",,no (tile),,,,16.31,,0.4273,,3,yes,5_4 7_4,pgg,22x,hand
1727363,7,0,1,6,USUISII,not tested,59.94 119.91 240.09 120.06 59.97 120.03 180.00,1.0000 1.9934 1.0000 1.9976 1.9934 1.9976 1.9976,0 1 0 3 1 3 3,0 0 2 0 0 0 0,1,,no (tile),,,,59.94,,0.5006,,3,yes,5_4 7_4,pgg,22x,hand
1727384,7,0,0,0,SSSSSSS,not needed (covering theorem),60.06 239.88 89.96 120.12 119.94 149.93 120.12,1.0000 1.0000 0.8669 0.8669 0.8669 1.0000 1.0000,0 0 2 2 2 0 0,0 0 0 0 0 0 0,,,YES,2,1,2,60.06,,0.8669,,3,yes,6_4 6_4,p2,2222,hand
1727384,7,0,0,3,SSSSSSS,not needed (covering theorem),76.69 160.79 99.61 122.52 160.79 80.39 199.21,1.0000 1.0000 1.0000 0.8686 0.8686 0.8686 0.8686,0 0 0 3 3 3 3,0 0 0 0 0 0 0,,,YES,2,1,2,76.69,,0.8686,,3,yes,6_4 6_4,p2,2222,hand
1727384,7,0,1,1,SISSISS,not tested,222.98 68.51 116.97 126.06 116.97 111.49 137.02,1.0000 1.5755 1.5660 1.5660 1.2091 1.0000 1.0000,0 1 2 2 4 0 0,0 0 0 1 0 0 1,,1,no (deep),,,,68.51,,0.6347,,3,yes,6_4 6_4,p2,2222,hand
1727384,7,0,1,2,SSSSSSS,not tested,63.02 180.00 116.98 121.51 121.51 116.98 180.00,1.0000 1.0000 1.0000 1.0453 1.0000 1.0000 1.0000,0 0 0 3 0 0 0,0 0 1 0 0 1 1,1,,no (tile),,,,63.02,,0.9567,,3,yes,6_4 6_4,p2,2222,hand
1727384,7,0,1,4,SSSSSSS,not tested,72.92 180.00 72.92 180.00 107.08 107.08 180.00,1.0000 1.0000 0.8512 0.8512 1.0000 0.8512 0.8512,0 0 2 2 0 2 2,0 0 0 0 1 1 1,"1,6",,no (tile),,,,72.92,,0.8512,,3,yes,6_4 6_4,p2,2222,hand
1727384,7,0,1,5,SSSSSSS,not tested,66.34 113.66 113.66 66.34 180.00 180.00 180.00,1.0000 0.2675 1.0000 0.2675 0.2675 0.2675 0.2675,0 1 0 1 1 1 1,0 0 1 0 1 1 0,"1,6",,no (tile),,,,66.34,,0.2675,,3,yes,6_4 6_4,p2,2222,hand
1727384,7,0,1,6,SIISIII,not tested,52.18 127.82 180.00 114.18 65.82 180.00 180.00,1.0000 0.9678 0.9678 0.8659 0.9678 0.9678 0.9678,0 1 1 3 1 1 1,0 0 0 0 0 0 0,1,,no (tile),,,,52.18,,0.8659,,3,yes,6_4 6_4,p2,2222,hand
1727384,7,1,0,0,SSSSSSS,not needed (covering theorem),119.91 120.18 89.93 239.82 60.09 120.18 149.89,1.0000 1.0000 1.1528 1.1528 1.1528 1.1528 1.0000,0 0 2 2 2 2 0,0 0 0 0 0 0 0,,,YES,2,1,2,60.09,,0.8674,,3,yes,6_4 6_4,p2,2222,hand
1727384,7,1,0,4,SSSSSSS,not tested,119.58 150.26 120.21 119.58 90.16 240.42 59.79,1.0000 0.8628 0.8628 0.8628 1.0000 1.0000 1.0000,0 1 1 1 0 0 0,0 0 0 0 0 0 0,8,,no (tile),,,,59.79,,0.8628,,3,yes,6_4 6_4,p2,2222,hand
1727384,7,1,1,0,SSISSSI,not tested,131.38 97.24 131.38 106.66 146.68 213.32 73.34,1.0000 1.0000 0.7072 0.5221 0.5221 0.5221 0.8569,0 0 2 3 3 3 6,0 1 0 0 1 0 0,,1,no (deep),,,,73.34,,0.5221,,3,yes,6_4 6_4,p2,2222,hand
1727384,7,1,1,2,SIISIII,not tested,52.18 127.82 180.00 114.18 65.82 180.00 180.00,1.0000 0.9678 0.9678 0.8659 0.9678 0.9678 0.9678,0 1 1 3 1 1 1,0 0 0 0 0 0 0,1,,no (tile),,,,52.18,,0.8659,,3,yes,6_4 6_4,p2,2222,hand
1727384,7,1,1,3,SSSSSSS,not tested,180.00 45.12 134.88 134.88 45.12 180.00 180.00,1.0000 2.1259 1.0000 2.1259 1.0000 1.0000 1.0000,0 1 0 1 0 0 0,0 0 0 1 0 1 1,"1,6",,no (tile),,,,45.12,,0.4704,,3,yes,6_4 6_4,p2,2222,hand
1727384,7,1,1,4,SSSSSSS,not tested,103.26 180.00 76.74 180.00 76.74 180.00 103.26,1.0000 1.0000 0.9174 0.9174 1.0000 1.0000 0.9174,0 0 2 2 0 0 2,0 0 0 0 1 1 1,"1,6",,no (tile),,,,76.74,,0.9174,,3,yes,6_4 6_4,p2,2222,hand
1727384,7,1,1,6,SSSSSSS,not tested,119.06 119.06 121.87 180.00 58.13 180.00 121.87,1.0000 1.0292 1.0292 1.0292 1.0292 1.0292 1.0292,0 1 1 1 1 1 1,0 0 1 1 0 0 1,1,,no (tile),,,,58.13,,0.9716,,3,yes,6_4 6_4,p2,2222,hand
1727384,7,2,0,0,SSJJJJS,not needed (covering theorem),90.00 180.00 98.13 90.00 180.00 180.00 81.87,1.0000 1.0000 0.7071 0.7071 0.7071 0.7071 1.0000,0 0 2 2 2 2 0,0 0 0 3 0 3 0,,,YES,2,1,2,81.87,,0.7071,,3,yes,6_4 6_4,p2,2222,hand
1727384,7,2,0,5,SJJJJSS,not needed (covering theorem),180.00 98.13 90.00 180.00 180.00 81.87 90.00,1.0000 0.7071 0.7071 0.7071 0.7071 1.0000 1.0000,0 1 1 1 1 0 0,0 0 3 0 3 0 0,,,YES,2,1,2,81.87,,0.7071,,3,yes,6_4 6_4,p2,2222,hand
1727384,7,2,1,0,SSSSSSI,not tested,116.99 126.02 180.00 53.98 180.00 126.02 116.99,1.0000 1.0000 1.0000 1.0000 1.0000 1.0000 0.9077,0 0 0 0 0 0 6,0 1 1 0 0 1 0,1,,no (tile),,,,53.98,,0.9077,,3,yes,6_4 6_4,p2,2222,hand
1727384,7,2,1,1,SIIIIIS,not tested,144.00 108.00 90.00 180.00 180.00 90.00 108.00,1.0000 1.0000 0.6340 0.6340 0.6340 1.0000 1.0000,0 1 2 2 2 5 0,0 0 0 0 0 0 1,"1,2",,no (tile),,,,90.00,,0.6340,,3,yes,6_4 6_4,p2,2222,hand
1727384,7,2,1,3,SSJSSSJ,not tested,120.50 180.00 120.50 59.50 180.00 180.00 59.50,1.0000 1.0000 0.9850 1.0000 1.0000 1.0000 0.9850,0 0 2 0 0 0 2,0 0 0 1 1 1 2,6,,no (tile),,,,59.50,,0.9850,,3,yes,6_4 6_4,p2,2222,hand
1727384,7,2,1,4,SISIIII,not tested,31.06 148.94 148.94 31.06 180.00 180.00 180.00,1.0000 0.5711 1.0000 0.5711 0.5711 0.5711 0.5711,0 1 0 1 1 1 1,0 0 1 0 0 0 0,"1,6",,no (tile),,,,31.06,,0.5711,,3,yes,6_4 6_4,p2,2222,hand
1727384,7,2,1,5,SIISSIS,not tested,180.00 75.26 180.00 75.26 180.00 104.74 104.74,1.0000 1.0175 1.0175 1.0000 1.0000 1.0175 1.0000,0 1 1 0 0 1 0,0 0 0 1 1 0 0,"1,6",,no (tile),,,,75.26,,0.9828,,3,yes,6_4 6_4,p2,2222,hand
1727384,7,3,0,1,SSJJJJS,not needed (covering theorem),180.00 90.00 81.87 180.00 180.00 90.00 98.13,1.0000 1.0000 0.7071 0.7071 0.7071 0.7071 1.0000,0 0 2 2 2 2 0,0 0 0 3 0 3 0,,,YES,2,1,2,81.87,,0.7071,,3,yes,6_4 6_4,p2,2222,hand
1727384,7,3,0,3,SSSJJJJ,not needed (covering theorem),98.13 180.00 90.00 81.87 180.00 180.00 90.00,1.0000 1.0000 1.0000 0.7071 0.7071 0.7071 0.7071,0 0 0 3 3 3 3,0 0 0 0 3 0 3,,,YES,2,1,2,81.87,,0.7071,,3,yes,6_4 6_4,p2,2222,hand
1727384,7,3,1,0,SSIIIII,not tested,108.00 144.00 108.00 90.00 180.00 180.00 90.00,1.0000 1.0000 1.0000 0.6340 0.6340 0.6340 1.0000,0 0 2 3 3 3 6,0 1 0 0 0 0 0,"1,2",,no (tile),,,,90.00,,0.6340,,3,yes,6_4 6_4,p2,2222,hand
1727384,7,3,1,1,SISSSSS,not tested,120.46 119.77 119.77 120.46 180.00 59.54 180.00,1.0000 0.9930 1.0000 1.0000 1.0000 1.0000 1.0000,0 1 0 0 0 0 0,0 0 1 0 0 1 1,1,,no (tile),,,,59.54,,0.9930,,3,yes,6_4 6_4,p2,2222,hand
1727384,7,3,1,3,SSISSII,not tested,72.20 180.00 107.80 107.80 180.00 72.20 180.00,1.0000 1.0000 1.2230 1.0000 1.0000 1.2230 1.2230,0 0 2 0 0 2 2,0 0 0 1 1 0 0,"1,6",,no (tile),,,,72.20,,0.8176,,3,yes,6_4 6_4,p2,2222,hand
1727384,7,3,1,4,SIIIISI,not tested,135.86 44.14 180.00 180.00 180.00 44.14 135.86,1.0000 0.4785 0.4785 0.4785 0.4785 1.0000 0.4785,0 1 1 1 1 0 1,0 0 0 0 0 1 0,"1,6",,no (tile),,,,44.14,,0.4785,,3,yes,6_4 6_4,p2,2222,hand
1727384,7,3,1,5,SJSSSJS,not tested,180.00 110.11 69.89 180.00 180.00 69.89 110.11,1.0000 1.4545 1.0000 1.0000 1.0000 1.4545 1.0000,0 1 0 0 0 1 0,0 0 1 1 1 2 0,6,,no (tile),,,,69.89,,0.6875,,3,yes,6_4 6_4,p2,2222,hand
1727384,7,4,0,1,SSSSSSS,not needed (covering theorem),160.75 99.62 122.54 160.75 80.38 199.25 76.70,1.0000 1.0000 0.8688 0.8688 0.8688 0.8688 1.0000,0 0 2 2 2 2 0,0 0 0 0 0 0 0,,,YES,2,1,2,76.70,,0.8688,,3,yes,6_4 6_4,p2,2222,hand
1727384,7,4,0,4,SSSSSSS,not needed (covering theorem),122.61 160.66 80.33 199.34 76.73 160.66 99.67,1.0000 1.0000 1.0000 1.0000 1.1504 1.1504 1.1504,0 0 0 0 4 4 4,0 0 0 0 0 0 0,,,YES,2,1,2,76.73,,0.8692,,3,yes,6_4 6_4,p2,2222,hand
1727384,7,4,1,1,SISSSIS,not tested,197.83 81.08 117.62 124.77 235.23 62.38 81.08,1.0000 0.7025 0.7433 0.7433 0.7433 1.0470 1.0000,0 1 2 2 2 5 0,0 0 0 1 0 0 1,,1,no (deep),,,,62.38,,0.6709,,3,yes,6_4 6_4,p2,2222,hand
1727384,7,4,1,2,SSSSSSS,not tested,119.06 119.06 121.87 180.00 58.13 180.00 121.87,1.0000 1.0292 1.0292 1.0292 1.0292 1.0292 1.0292,0 1 1 1 1 1 1,0 0 1 1 0 0 1,1,,no (tile),,,,58.13,,0.9716,,3,yes,6_4 6_4,p2,2222,hand
1727384,7,4,1,4,SSSSSSS,not tested,180.00 125.87 125.87 180.00 54.13 180.00 54.13,1.0000 2.3438 1.0000 1.0000 2.3438 2.3438 1.0000,0 1 0 0 1 1 0,0 0 1 1 1 1 0,"1,6",,no (tile),,,,54.13,,0.4267,,3,yes,6_4 6_4,p2,2222,hand
1727384,7,4,1,5,SSSSSSS,not tested,42.43 180.00 180.00 180.00 42.43 137.57 137.57,1.0000 1.0000 1.0000 1.0000 2.0323 1.0000 2.0323,0 0 0 0 4 0 4,0 1 1 0 0 0 1,"1,6",,no (tile),,,,42.43,,0.4920,,3,yes,6_4 6_4,p2,2222,hand
1727384,7,4,1,6,SIIISII,not tested,115.53 64.47 180.00 180.00 45.51 134.49 180.00,1.0000 1.3173 1.3173 1.3173 1.2648 1.3173 1.3173,0 1 1 1 4 1 1,0 0 0 0 0 0 0,1,,no (tile),,,,45.51,,0.7591,,3,yes,6_4 6_4,p2,2222,hand
1727384,7,5,0,1,SSSSSSS,not needed (covering theorem),239.94 60.03 120.06 149.96 119.97 120.06 89.98,1.0000 1.0000 1.0000 0.8665 0.8665 0.8665 1.0000,0 0 0 3 3 3 0,0 0 0 0 0 0 0,,,YES,2,1,2,60.03,,0.8665,,3,yes,6_4 6_4,p2,2222,hand
1727384,7,5,0,5,SSSSSSS,not needed (covering theorem),120.11 89.96 239.89 60.06 120.11 149.93 119.94,1.0000 1.1536 1.1536 1.1536 1.1536 1.0000 1.0000,0 1 1 1 1 0 0,0 0 0 0 0 0 0,,,YES,2,1,2,60.06,,0.8669,,3,yes,6_4 6_4,p2,2222,hand
1727384,7,5,1,0,SSSISSI,not tested,70.40 219.20 140.80 109.60 125.37 109.26 125.37,1.0000 1.0000 1.0000 1.4335 1.7330 1.7330 1.7690,0 0 0 3 4 4 6,0 1 0 0 0 1 0,,1,no (deep),,,,70.40,,0.5653,,3,yes,6_4 6_4,p2,2222,hand
1727384,7,5,1,2,SIIISII,not tested,115.53 64.47 180.00 180.00 45.51 134.49 180.00,1.0000 1.3173 1.3173 1.3173 1.2648 1.3173 1.3173,0 1 1 1 4 1 1,0 0 0 0 0 0 0,1,,no (tile),,,,45.51,,0.7591,,3,yes,6_4 6_4,p2,2222,hand
1727384,7,5,1,3,SSSSSSS,not tested,150.42 29.58 180.00 180.00 180.00 29.58 150.42,1.0000 0.5798 0.5798 0.5798 0.5798 1.0000 0.5798,0 1 1 1 1 0 1,0 0 1 1 0 1 0,"1,6",,no (tile),,,,29.58,,0.5798,,3,yes,6_4 6_4,p2,2222,hand
1727384,7,5,1,4,SSSSSSS,not tested,180.00 74.95 180.00 105.05 105.05 180.00 74.95,1.0000 0.9631 0.9631 1.0000 0.9631 0.9631 1.0000,0 1 1 0 1 1 0,0 0 0 1 1 1 0,"1,6",,no (tile),,,,74.95,,0.9631,,3,yes,6_4 6_4,p2,2222,hand
1727384,7,5,1,6,SSSSSSS,not tested,180.00 63.47 180.00 116.53 121.74 121.74 116.53,1.0000 1.0000 1.0000 1.0000 1.0520 1.0000 1.0000,0 0 0 0 4 0 0,0 1 1 0 0 1 0,1,,no (tile),,,,63.47,,0.9505,,3,yes,6_4 6_4,p2,2222,hand
1727384,7,6,0,2,JJJSSSJ,not needed (covering theorem),180.00 180.00 90.00 98.13 180.00 90.00 81.87,1.0000 1.0000 1.0000 1.4142 1.4142 1.4142 1.0000,0 0 0 3 3 3 0,0 3 0 0 0 0 3,,,YES,2,1,2,81.87,,0.7071,,3,yes,6_4 6_4,p2,2222,hand
1727384,7,6,0,4,JJJJSSS,not needed (covering theorem),81.87 180.00 180.00 90.00 98.13 180.00 90.00,1.0000 1.0000 1.0000 1.0000 1.4142 1.4142 1.4142,0 0 0 0 4 4 4,0 3 0 3 0 0 0,,,YES,2,1,2,81.87,,0.7071,,3,yes,6_4 6_4,p2,2222,hand
1727384,7,6,1,0,IIIISSI,not tested,90.00 180.00 180.00 90.00 106.05 147.90 106.05,1.0000 1.0000 1.0000 1.4475 1.5608 1.5608 1.4475,0 0 0 3 4 4 6,0 0 0 0 0 1 0,"1,2",,no (tile),,,,90.00,,0.6407,,3,yes,6_4 6_4,p2,2222,hand
1727384,7,6,1,1,SSSSSIS,not tested,126.02 180.00 53.98 180.00 126.02 116.99 116.99,1.0000 1.0000 1.0000 1.0000 1.0000 0.9077 1.0000,0 0 0 0 0 5 0,0 0 1 1 0 0 1,1,,no (tile),,,,53.98,,0.9077,,3,yes,6_4 6_4,p2,2222,hand
1727384,7,6,1,3,SSIISSI,not tested,104.74 180.00 75.26 180.00 75.26 180.00 104.74,1.0000 1.0000 1.0175 1.0175 1.0000 1.0000 1.0175,0 0 2 2 0 0 2,0 0 0 0 1 1 0,"1,6",,no (tile),,,,75.26,,0.9828,,3,yes,6_4 6_4,p2,2222,hand
1727384,7,6,1,4,IISISII,not tested,180.00 180.00 42.78 137.22 137.22 42.78 180.00,1.0000 1.0000 2.0437 1.0000 2.0437 1.0000 1.0000,0 0 2 0 2 0 0,0 0 0 0 1 0 0,"1,6",,no (tile),,,,42.78,,0.4893,,3,yes,6_4 6_4,p2,2222,hand
1727384,7,6,1,5,SSJSSJS,not tested,180.00 180.00 62.66 117.34 180.00 117.34 62.66,1.0000 1.0000 1.0889 1.0000 1.0000 1.0889 1.0000,0 0 2 0 0 2 0,0 0 0 1 1 2 0,6,,no (tile),,,,62.66,,0.9184,,3,yes,6_4 6_4,p2,2222,hand
1727384,7,7,0,0,JJJSSSJ,not needed (covering theorem),90.00 180.00 180.00 81.87 90.00 180.00 98.13,1.0000 1.0000 1.0000 1.4142 1.4142 1.4142 1.0000,0 0 0 3 3 3 0,0 3 0 0 0 0 3,,,YES,2,1,2,81.87,,0.7071,,3,yes,6_4 6_4,p2,2222,hand
1727384,7,7,0,5,JJSSSJJ,not needed (covering theorem),180.00 180.00 81.87 90.00 180.00 98.13 90.00,1.0000 1.0000 1.4142 1.4142 1.4142 1.0000 1.0000,0 0 2 2 2 0 0,0 3 0 0 0 0 3,,,YES,2,1,2,81.87,,0.7071,,3,yes,6_4 6_4,p2,2222,hand
1727384,7,7,1,1,SSSISSS,not tested,63.04 180.00 116.96 121.52 121.52 116.96 180.00,1.0000 1.0000 1.0000 1.0456 1.0000 1.0000 1.0000,0 0 0 3 0 0 0,0 0 1 0 0 1 1,1,,no (tile),,,,63.04,,0.9564,,3,yes,6_4 6_4,p2,2222,hand
1727384,7,7,1,2,IIISSII,not tested,180.00 180.00 90.00 106.05 147.90 106.05 90.00,1.0000 1.0000 1.4475 1.5608 1.5608 1.4475 1.0000,0 0 2 3 3 5 0,0 0 0 0 1 0 0,"1,2",,no (tile),,,,90.00,,0.6407,,3,yes,6_4 6_4,p2,2222,hand
1727384,7,7,1,4,SSSJSSJ,not tested,60.45 180.00 180.00 60.45 119.55 180.00 119.55,1.0000 1.0000 1.0000 1.0139 1.0000 1.0000 1.0139,0 0 0 3 0 0 3,0 0 0 0 1 1 2,6,,no (tile),,,,60.45,,0.9863,,3,yes,6_4 6_4,p2,2222,hand
1727384,7,7,1,5,IIIISIS,not tested,44.13 180.00 180.00 180.00 44.13 135.87 135.87,1.0000 1.0000 1.0000 1.0000 2.0898 1.0000 2.0898,0 0 0 0 4 0 4,0 0 0 0 0 0 1,"1,6",,no (tile),,,,44.13,,0.4785,,3,yes,6_4 6_4,p2,2222,hand
1727384,7,7,1,6,SSISSII,not tested,72.20 180.00 107.80 107.80 180.00 72.20 180.00,1.0000 1.0000 1.2230 1.0000 1.0000 1.2230 1.2230,0 0 2 0 0 2 2,0 0 0 1 1 0 0,"1,6",,no (tile),,,,72.20,,0.8176,,3,yes,6_4 6_4,p2,2222,hand
1727385,7,0,0,0,SSSSISS,not needed (covering theorem),69.54 220.92 98.09 122.83 118.58 130.95 139.08,1.0000 1.0000 1.0000 1.0000 1.2178 1.0000 1.0000,0 0 0 0 4 0 0,0 0 1 0 0 0 0,,,YES,2,6,2,69.54,,0.8211,,3,yes,6_4 6_4,pgg,22x,hand
1727385,7,0,0,3,SSSSSSS,not needed (covering theorem),72.13 201.35 100.68 86.51 201.35 79.32 158.65,1.0000 1.0000 1.0000 1.0000 1.0000 1.0000 1.0000,0 0 0 0 0 0 0,0 0 0 1 1 1 1,,,YES,2,6,2,72.13,,1.0000,,3,yes,6_4 6_4,pgg,22x,hand
1727385,7,0,1,1,SISSSSS,not needed (covering theorem),278.07 40.97 112.60 143.27 108.36 134.80 81.93,1.0000 1.6121 1.0000 1.0000 1.0000 1.0000 1.0000,0 1 0 0 0 0 0,0 0 1 1 1 0 1,,,YES,2,6,2,40.97,,0.6203,,3,yes,6_4 6_4,pgg,22x,hand
1727385,7,0,1,2,SSSSSSS,not tested,297.93 180.00 -117.93 297.93 121.03 -58.97 180.00,1.0000 1.0000 1.0000 1.0000 1.0311 1.0000 1.0000,0 0 0 0 4 0 0,0 0 1 0 0 1 1,"1,2",,no (tile),,,,58.97,,0.9698,,3,yes,6_4 6_4,pgg,22x,hand
1727385,7,0,1,3,SSUSSSU,not needed (covering theorem),118.03 51.20 216.36 190.76 25.60 154.40 143.64,1.0000 1.0000 0.4321 1.0000 1.0000 1.0000 0.4321,0 0 2 0 0 0 2,0 0 0 1 1 1 2,,,YES,2,6,2,25.60,,0.4321,,3,yes,6_4 6_4,pgg,22x,hand
1727385,7,0,1,4,SSSSSSS,not tested,75.52 180.00 75.52 180.00 104.48 104.48 180.00,1.0000 1.0000 1.0000 1.0000 1.0000 1.0000 1.0000,0 0 0 0 0 0 0,0 0 0 0 1 1 1,"1,2,6",,no (tile),,,,75.52,,1.0000,,3,yes,6_4 6_4,pgg,22x,hand
1727385,7,0,1,6,SUSSUUU,not tested,77.93 102.07 180.00 102.07 77.93 180.00 180.00,1.0000 0.3429 0.2675 1.0000 0.3429 0.3429 0.3429,0 1 2 0 1 1 1,0 0 0 1 2 0 2,"1,6",,no (tile),,,,77.93,,0.2675,,3,yes,6_4 6_4,pgg,22x,hand
1727385,7,1,0,0,SSISSSS,not needed (covering theorem),108.36 143.28 112.61 40.97 278.06 81.94 134.78,1.0000 1.0000 1.6117 1.0000 1.0000 1.0000 1.0000,0 0 2 0 0 0 0,0 0 0 1 0 1 0,,,YES,2,6,2,40.97,,0.6205,,3,yes,6_4 6_4,pgg,22x,hand
1727385,7,1,0,2,SSUSUUU,not tested,114.08 65.92 180.00 65.92 114.08 180.00 180.00,1.0000 0.9159 0.0500 1.0000 0.0500 0.0500 0.0500,0 1 2 0 2 2 2,0 0 0 1 2 0 2,"1,6",,no (tile),,,,65.92,,0.0500,YES,3,yes,6_4 6_4,pgg,22x,hand
1727385,7,1,0,4,SSSSSSS,not tested,104.48 180.00 75.52 180.00 75.52 180.00 104.48,1.0000 1.0000 1.0000 1.0000 1.0000 1.0000 1.0000,0 0 0 0 0 0 0,0 0 0 0 1 1 1,"1,2,6",,no (tile),,,,75.52,,1.0000,,3,yes,6_4 6_4,pgg,22x,hand
1727385,7,1,0,5,SUSSUSS,not needed (covering theorem),25.60 190.76 216.36 51.20 118.03 143.64 154.40,1.0000 0.4321 1.0000 1.0000 0.4321 1.0000 1.0000,0 1 0 0 1 0 0,0 0 1 1 2 0 0,,,YES,2,6,2,25.60,,0.4321,,3,yes,6_4 6_4,pgg,22x,hand
1727385,7,1,0,6,SSSSSSS,not tested,239.68 60.64 119.36 180.00 60.64 180.00 59.68,1.0000 1.0000 1.0000 1.0000 1.0000 1.0000 1.0097,0 0 0 0 0 0 6,0 1 0 0 1 1 0,"1,2",,no (tile),,,,59.68,,0.9904,,3,yes,6_4 6_4,pgg,22x,hand
1727385,7,1,1,0,SSSSSSI,not needed (covering theorem),118.60 122.81 98.12 220.92 69.54 139.08 130.94,1.0000 1.0000 1.0000 1.0000 1.0000 1.0000 1.2182,0 0 0 0 0 0 6,0 1 0 0 0 0 0,,,YES,2,6,2,69.54,,0.8209,,3,yes,6_4 6_4,pgg,22x,hand
1727385,7,1,1,4,SSSSSSS,not needed (covering theorem),6681.35 -10353.49 3340.68 6681.35 4032.13 -6321.35 -3160.68,1.0000 1.0000 1.0000 1.0000 1.0000 1.0000 1.0000,0 0 0 0 0 0 0,0 1 1 1 0 0 0,,,YES,2,6,2,72.13,,1.0000,,3,yes,6_4 6_4,pgg,22x,hand
1727385,7,2,0,1,SSSSSIS,not needed (covering theorem),143.29 108.35 134.73 81.97 278.03 40.99 112.63,1.0000 1.0000 1.0000 1.0000 1.0000 1.6104 1.0000,0 0 0 0 0 5 0,0 0 1 0 1 0 0,,,YES,2,6,2,40.99,,0.6210,,3,yes,6_4 6_4,pgg,22x,hand
1727385,7,2,0,2,SSSSSSS,not tested,52.05 243.97 63.97 180.00 52.05 180.00 127.95,1.0000 0.8776 1.0000 1.0000 1.0000 1.0000 1.0000,0 1 0 0 0 0 0,0 0 1 1 0 0 1,"1,2",,no (tile),,,,52.05,,0.8776,,3,yes,6_4 6_4,pgg,22x,hand
1727385,7,2,0,3,SSSUSSU,not needed (covering theorem),169.24 -25.60 205.60 216.36 241.97 -51.20 143.64,1.0000 1.0000 1.0000 0.4321 1.0000 1.0000 0.4321,0 0 0 3 0 0 3,0 0 0 0 1 1 2,,,YES,2,6,2,25.60,,0.4321,,3,yes,6_4 6_4,pgg,22x,hand
1727385,7,2,0,4,SSSSSSS,not tested,180.00 104.48 104.48 180.00 75.52 180.00 75.52,1.0000 1.0000 1.0000 1.0000 1.0000 1.0000 1.0000,0 0 0 0 0 0 0,0 1 1 1 0 0 0,"1,2,6",,no (tile),,,,75.52,,1.0000,,3,yes,6_4 6_4,pgg,22x,hand
1727385,7,2,1,1,SISSSSS,not needed (covering theorem),122.86 118.57 130.97 139.07 69.54 220.93 98.06,1.0000 1.2174 1.0000 1.0000 1.0000 1.0000 1.0000,0 1 0 0 0 0 0,0 0 0 0 0 0 1,,,YES,2,6,2,69.54,,0.8214,,3,yes,6_4 6_4,pgg,22x,hand
1727385,7,2,1,4,SSSSSSS,not needed (covering theorem),-86.51 1238.65 -439.32 -878.65 -792.13 1238.65 619.32,1.0000 1.0000 1.0000 1.0000 1.0000 1.0000 1.0000,0 0 0 0 0 0 0,0 0 0 0 1 1 1,,,YES,2,6,2,72.13,,1.0000,,3,yes,6_4 6_4,pgg,22x,hand
1727385,7,3,0,1,SSSISSS,not needed (covering theorem),220.93 69.54 139.07 130.97 118.56 122.87 98.05,1.0000 1.0000 1.0000 1.2172 1.0000 1.0000 1.0000,0 0 0 3 0 0 0,0 0 0 0 0 1 0,,,YES,2,6,2,69.54,,0.8215,,3,yes,6_4 6_4,pgg,22x,hand
1727385,7,3,0,5,SSSSSSS,not needed (covering theorem),-201.35 2447.87 561.35 280.68 -201.35 -1886.51 -100.68,1.0000 1.0000 1.0000 1.0000 1.0000 1.0000 1.0000,0 0 0 0 0 0 0,0 1 1 1 1 0 0,,,YES,2,6,2,72.13,,1.0000,,3,yes,6_4 6_4,pgg,22x,hand
1727385,7,3,1,0,SSSSSSI,not needed (covering theorem),40.99 278.01 81.99 134.71 108.35 143.30 112.64,1.0000 1.0000 1.0000 1.0000 1.0000 1.0000 1.6098,0 0 0 0 0 0 6,0 1 0 1 1 1 0,,,YES,2,6,2,40.99,,0.6212,,3,yes,6_4 6_4,pgg,22x,hand
1727385,7,3,1,2,SUUUSSU,not tested,97.69 82.31 180.00 180.00 82.31 97.69 180.00,1.0000 0.2675 0.2675 0.2675 1.0000 0.2675 0.2675,0 1 1 1 0 5 1,0 0 2 0 1 0 2,"1,6",,no (tile),,,,82.31,,0.2675,,3,yes,6_4 6_4,pgg,22x,hand
1727385,7,3,1,4,SSSSSSS,not tested,180.00 75.52 180.00 104.48 104.48 180.00 75.52,1.0000 1.0000 1.0000 1.0000 1.0000 1.0000 1.0000,0 0 0 0 0 0 0,0 1 1 1 0 0 0,"1,2,6",,no (tile),,,,75.52,,1.0000,,3,yes,6_4 6_4,pgg,22x,hand
1727385,7,3,1,5,SUSSSUS,not needed (covering theorem),-51.20 241.97 216.36 205.60 -25.60 169.24 143.64,1.0000 0.4321 1.0000 1.0000 1.0000 0.4321 1.0000,0 1 0 0 0 1 0,0 0 1 1 1 2 0,,,YES,2,6,2,25.60,,0.4321,,3,yes,6_4 6_4,pgg,22x,hand
1727385,7,3,1,6,SSSSSSS,not tested,180.00 50.48 180.00 64.76 244.76 50.48 129.52,1.0000 1.0000 1.0000 0.8528 1.0000 1.0000 1.0000,0 0 0 3 0 0 0,0 1 1 0 0 1 0,"1,2",,no (tile),,,,50.48,,0.8528,,3,yes,6_4 6_4,pgg,22x,hand
1727825,7,0,0,2,JJSJJJJ,not tested,120.00 120.00 79.11 160.89 60.00 120.00 240.00,1.0000 1.0000 2.6458 1.0000 1.0000 1.0000 1.0000,0 0 2 0 0 0 0,0 3 0 0 3 0 3,8,,no (tile),,,,60.00,,0.3780,,3,yes,5_3 7_3,p3,333,L2
1727825,7,0,0,3,JJJJSJJ,not tested,120.00 240.00 120.00 60.00 160.89 79.11 120.00,1.0000 1.0000 1.0000 1.0000 2.6458 1.0000 1.0000,0 0 0 0 4 0 0,0 3 0 3 0 0 3,8,,no (tile),,,,60.00,,0.3780,,3,yes,5_3 7_3,p3,333,L2
1727825,7,0,0,6,JJJSJJJ,not tested,120.00 180.00 120.00 90.00 90.00 120.00 180.00,1.0000 1.0000 1.0000 3.4641 1.0000 1.0000 1.0000,0 0 0 3 0 0 0,0 3 0 0 3 0 3,1,,no (tile),,,,90.00,,0.2887,,3,yes,5_3 7_3,p3,333,L2
1727825,7,0,1,1,JJJIJJJ,not tested,120.00 255.32 120.00 52.34 127.66 120.00 104.68,1.0000 1.0000 1.0000 2.7423 1.0000 1.0000 1.0000,0 0 0 3 0 0 0,0 1 2 0 1 2 3,2,,no (tile),,,,52.34,,0.3647,,3,yes,5_3 7_3,p3,333,L2
1727967,7,0,0,0,SSSSSSS,not needed (covering theorem),1404.00 828.00 -1872.00 -1224.00 2052.00 -468.00 180.00,1.0000 1.0000 1.0000 1.0000 1.0000 1.0000 1.0000,0 0 0 0 0 0 0,0 1 0 0 1 0 0,,,YES,2,"1,2,3",2,36.00,,1.0000,,3,yes,6_2 6_2,pg,1xx,hand
1727967,7,0,0,1,SSSSSSS,not needed (covering theorem),-144.00 -108.00 612.00 180.00 324.00 -252.00 288.00,1.0000 1.0000 1.0000 1.0000 1.0000 1.0000 1.0000,0 0 0 0 0 0 0,0 1 0 0 0 1 0,,,YES,2,"1,2,3",2,36.00,,1.0000,,3,yes,6_2 6_2,pg,1xx,hand
1727967,7,0,0,2,UUIUUII,not needed (covering theorem),100.24 207.81 51.95 204.14 76.10 155.86 103.90,1.0000 1.0000 1.2326 1.0000 1.0000 1.2326 1.2326,0 0 2 0 0 2 2,0 2 0 0 2 0 0,,,YES,2,"2,3",2,51.95,,0.8113,,3,yes,6_2 6_2,pg,1xx,hand
1727967,7,0,0,6,IIUUIUU,not needed (covering theorem),204.09 -103.94 259.84 -207.87 308.03 155.91 283.94,1.0000 1.0000 0.8116 0.8116 1.0000 0.8116 0.8116,0 0 2 2 0 2 2,0 0 0 2 0 0 2,,,YES,2,"2,3",2,51.97,,0.8116,,3,yes,6_2 6_2,pg,1xx,hand
1727967,7,0,1,0,IIIIIII,not tested,60.00 120.00 180.00 120.00 60.00 180.00 180.00,1.0000 1.0000 1.0000 1.0000 1.0000 1.0000 1.0000,0 0 0 0 0 0 0,0 0 0 0 0 0 0,"1,2,6",,no (tile),,,,60.00,,1.0000,,3,yes,6_2 6_2,pg,1xx,hand
1727967,7,0,1,2,JJIIJJI,not tested,61.31 285.32 13.38 180.00 118.69 74.68 166.62,1.0000 1.0000 0.9856 0.9856 1.0000 1.0000 0.9856,0 0 2 2 0 0 2,0 2 0 0 2 0 0,6,,no (tile),,,,13.38,,0.9856,,3,yes,6_2 6_2,pg,1xx,hand
1727967,7,0,1,4,IIIIIII,not tested,120.00 120.00 120.00 180.00 60.00 180.00 120.00,1.0000 1.0000 1.0000 1.0000 1.0000 1.0000 1.0000,0 0 0 0 0 0 0,0 0 0 0 0 0 0,"1,2,8",,no (tile),,,,60.00,,1.0000,,3,yes,6_2 6_2,pg,1xx,hand
1727967,7,0,1,5,JJJIIIJ,not tested,120.46 115.38 124.15 88.15 180.00 180.00 91.85,1.0000 1.0000 1.0000 0.5635 0.5635 0.5635 1.0000,0 0 2 3 3 3 2,0 2 0 0 0 0 3,2,,no (tile),,,,88.15,,0.5635,,3,yes,6_2 6_2,pg,1xx,hand
1727967,7,1,0,0,UUIIUUI,not needed (covering theorem),59.97 239.88 60.14 119.94 179.91 60.06 180.09,1.0000 1.0000 1.0009 1.0009 1.0000 1.0000 1.0009,0 0 2 2 0 0 2,0 2 0 0 0 2 0,,,YES,2,"2,3",2,59.97,,0.9991,,3,yes,6_2 6_2,pg,1xx,hand
1727967,7,1,0,1,SSSSSSS,not needed (covering theorem),828.00 -972.00 504.00 1152.00 -468.00 -324.00 180.00,1.0000 1.0000 1.0000 1.0000 1.0000 1.0000 1.0000,0 0 0 0 0 0 0,0 1 1 0 1 1 1,,,YES,2,"1,2,3",2,36.00,,1.0000,,3,yes,6_2 6_2,pg,1xx,hand
1727967,7,1,0,2,SSSSSSS,not needed (covering theorem),72.00 252.00 36.00 180.00 108.00 108.00 144.00,1.0000 1.0000 1.0000 1.0000 1.0000 1.0000 1.0000,0 0 0 0 0 0 0,0 1 1 1 0 1 1,,,YES,2,"1,2,3",2,36.00,,1.0000,,3,yes,6_2 6_2,pg,1xx,hand
1727967,7,1,0,3,IIUUIUU,not needed (covering theorem),100.16 103.94 155.91 76.06 204.09 51.97 207.87,1.0000 1.0000 0.8116 0.8116 1.0000 0.8116 0.8116,0 0 2 2 0 2 2,0 0 0 2 0 0 2,,,YES,2,"2,3",2,51.97,,0.8116,,3,yes,6_2 6_2,pg,1xx,hand
1727967,7,1,1,0,JJIJJII,not tested,59.09 217.31 83.60 120.91 142.69 96.40 180.00,1.0000 1.0000 0.8043 1.0000 1.0000 0.8043 0.8043,0 0 2 0 0 2 2,0 2 0 2 0 0 0,6,,no (tile),,,,59.09,,0.8043,,3,yes,6_2 6_2,pg,1xx,hand
1727967,7,1,1,2,IIIIIII,not tested,180.00 120.00 60.00 180.00 180.00 60.00 120.00,1.0000 1.0000 1.0000 1.0000 1.0000 1.0000 1.0000,0 0 0 0 0 0 0,0 0 0 0 0 0 0,"1,2,6",,no (tile),,,,60.00,,1.0000,,3,yes,6_2 6_2,pg,1xx,hand
1727967,7,1,1,4,JJJIIIJ,not tested,120.46 115.38 124.15 88.15 180.00 180.00 91.85,1.0000 1.0000 1.0000 0.5635 0.5635 0.5635 1.0000,0 0 2 3 3 3 2,0 2 0 0 0 0 3,2,,no (tile),,,,88.15,,0.5635,,3,yes,6_2 6_2,pg,1xx,hand
1727967,7,1,1,5,IIIIIII,not tested,120.00 120.00 120.00 120.00 180.00 60.00 180.00,1.0000 1.0000 1.0000 1.0000 1.0000 1.0000 1.0000,0 0 0 0 0 0 0,0 0 0 0 0 0 0,"1,2,8",,no (tile),,,,60.00,,1.0000,,3,yes,6_2 6_2,pg,1xx,hand
1727981,7,0,0,0,SSSSSSS,not tested,60.00 120.00 180.00 120.00 60.00 180.00 180.00,1.0000 1.0000 1.0000 1.0000 1.0000 1.0000 1.0000,0 0 0 0 0 0 0,0 1 1 1 0 0 1,"1,2,6",,no (tile),,,,60.00,,1.0000,,3,yes,5_3 7_3,pg,1xx,L2
1727981,7,0,0,2,SSSSSSS,not tested,180.00 120.00 60.00 180.00 180.00 60.00 120.00,1.0000 1.0000 1.0000 1.0000 1.0000 1.0000 1.0000,0 0 0 0 0 0 0,0 1 0 1 1 0 0,"1,2,6",,no (tile),,,,60.00,,1.0000,,3,yes,5_3 7_3,pg,1xx,L2
1727981,7,0,0,3,SSSSSSS,not needed (covering theorem),72.00 108.00 180.00 108.00 36.00 252.00 144.00,1.0000 1.0000 1.0000 1.0000 1.0000 1.0000 1.0000,0 0 0 0 0 0 0,0 1 0 0 1 0 0,,,YES,2,"2,3",2,36.00,,1.0000,,3,yes,5_3 7_3,pg,1xx,L2
1727981,7,0,0,6,SSSSSSS,not needed (covering theorem),-1620.00 2772.00 -792.00 -1584.00 -2412.00 3564.00 972.00,1.0000 1.0000 1.0000 1.0000 1.0000 1.0000 1.0000,0 0 0 0 0 0 0,0 1 1 1 0 1 1,,,YES,2,"2,3",2,36.00,,1.0000,,3,yes,5_3 7_3,pg,1xx,L2
1727981,7,0,1,4,SSUSSSU,not tested,60.00 120.00 180.00 120.00 60.00 180.00 180.00,1.0000 1.0000 1.0000 1.0000 1.0000 1.0000 1.0000,0 0 2 0 0 0 2,0 1 0 1 0 0 2,"1,2,6",,no (tile),,,,60.00,,1.0000,,3,yes,5_3 7_3,pg,1xx,L2
1727981,7,0,1,5,SSUSSSU,not tested,180.00 120.00 60.00 180.00 180.00 60.00 120.00,1.0000 1.0000 1.0000 1.0000 1.0000 1.0000 1.0000,0 0 2 0 0 0 2,0 1 0 1 1 0 2,"1,2,6",,no (tile),,,,60.00,,1.0000,,3,yes,5_3 7_3,pg,1xx,L2
1728357,7,0,0,0,SIISIII,not tested,52.18 127.82 180.00 114.18 65.82 180.00 180.00,1.0000 0.9678 0.9678 0.8659 0.9678 0.9678 0.9678,0 1 1 3 1 1 1,0 0 0 0 0 0 0,1,,no (tile),,,,52.18,,0.8659,,3,yes,6_4 6_4,pg,1xx,hand
1728357,7,0,0,1,JJIJJJJ,not tested,199.45 167.22 80.27 99.73 167.22 160.55 25.56,1.0000 1.0000 0.8720 1.0000 1.0000 1.0000 1.0000,0 0 2 0 0 0 0,0 3 0 0 3 2 1,2,,no (tile),,,,25.56,,0.8720,,3,yes,6_4 6_4,pg,1xx,hand
1728357,7,0,0,2,IIIIIII,not tested,104.48 180.00 75.52 180.00 75.52 180.00 104.48,1.0000 1.0000 1.0000 1.0000 1.0000 1.0000 1.0000,0 0 0 0 0 0 0,0 0 0 0 0 0 0,"1,2,6",,no (tile),,,,75.52,,1.0000,,3,yes,6_4 6_4,pg,1xx,hand
1728357,7,0,0,3,IIIIIII,not tested,84.97 132.48 180.00 95.03 95.03 180.00 132.48,1.0000 1.0000 1.0000 1.0000 1.0000 1.0000 1.0000,0 0 0 0 0 0 0,0 0 0 0 0 0 0,6,,no (tile),,,,84.97,,1.0000,,3,yes,6_4 6_4,pg,1xx,hand
1728357,7,0,0,4,IJIIIIJ,not tested,134.16 134.16 45.84 180.00 180.00 180.00 45.84,1.0000 2.1531 1.0000 1.0000 1.0000 1.0000 2.1531,0 1 0 0 0 0 1,0 0 0 0 0 0 2,6,,no (tile),,,,45.84,,0.4644,,3,yes,6_4 6_4,pg,1xx,hand
1728357,7,0,0,5,IIIIIII,not tested,153.59 127.18 153.59 52.82 180.00 180.00 52.82,1.0000 1.0000 1.0000 1.0000 1.0000 1.0000 1.0000,0 0 0 0 0 0 0,0 0 0 0 0 0 0,6,,no (tile),,,,52.82,,1.0000,,3,yes,6_4 6_4,pg,1xx,hand
1728357,7,0,1,1,IUUUUUU,not tested,83.86 96.14 192.28 130.87 61.41 167.72 167.72,1.0000 0.9792 0.9792 0.9792 0.9792 0.9792 0.9792,0 1 1 1 1 1 1,0 0 0 0 2 2 2,2,,no (tile),,,,61.41,,0.9792,,3,yes,6_4 6_4,pg,1xx,hand
1728357,7,2,0,0,SIIISII,not tested,115.53 64.47 180.00 180.00 45.51 134.49 180.00,1.0000 1.3173 1.3173 1.3173 1.2648 1.3173 1.3173,0 1 1 1 4 1 1,0 0 0 0 0 0 0,1,,no (tile),,,,45.51,,0.7591,,3,yes,6_4 6_4,pg,1xx,hand
1728357,7,2,0,2,IIIIIII,not tested,127.18 153.59 52.82 180.00 180.00 52.82 153.59,1.0000 1.0000 1.0000 1.0000 1.0000 1.0000 1.0000,0 0 0 0 0 0 0,0 0 0 0 0 0 0,6,,no (tile),,,,52.82,,1.0000,,3,yes,6_4 6_4,pg,1xx,hand
1728357,7,2,0,3,IJIIIIJ,not tested,134.16 134.16 45.84 180.00 180.00 180.00 45.84,1.0000 2.1531 1.0000 1.0000 1.0000 1.0000 2.1531,0 1 0 0 0 0 1,0 0 0 0 0 0 2,6,,no (tile),,,,45.84,,0.4644,,3,yes,6_4 6_4,pg,1xx,hand
1728357,7,2,0,4,IIIIIII,not tested,132.48 84.97 132.48 180.00 95.03 95.03 180.00,1.0000 1.0000 1.0000 1.0000 1.0000 1.0000 1.0000,0 0 0 0 0 0 0,0 0 0 0 0 0 0,6,,no (tile),,,,84.97,,1.0000,,3,yes,6_4 6_4,pg,1xx,hand
1728357,7,2,0,5,IIIIIII,not tested,180.00 104.48 104.48 180.00 75.52 180.00 75.52,1.0000 1.0000 1.0000 1.0000 1.0000 1.0000 1.0000,0 0 0 0 0 0 0,0 0 0 0 0 0 0,"1,2,6",,no (tile),,,,75.52,,1.0000,,3,yes,6_4 6_4,pg,1xx,hand
1728357,7,2,0,6,JJJJJIJ,not tested,166.94 227.97 26.12 132.03 166.94 113.98 66.02,1.0000 1.0000 1.0000 1.0000 1.0000 0.8260 1.0000,0 0 0 0 0 5 0,0 1 2 3 0 0 3,2,,no (tile),,,,26.12,,0.8260,,3,yes,6_4 6_4,pg,1xx,hand
1728357,7,2,1,1,IUUUUUU,not tested,92.68 87.32 174.63 174.63 26.83 158.54 185.37,1.0000 2.1554 2.1554 2.1554 2.1554 2.1554 2.1554,0 1 1 1 1 1 1,0 0 0 0 2 2 2,2,,no (tile),,,,26.83,,0.4640,,3,yes,6_4 6_4,pg,1xx,hand
1728357,7,2,1,2,UUUUIUU,not tested,168.60 57.00 134.40 191.40 95.70 84.30 168.60,1.0000 1.0000 1.0000 1.0000 0.9543 1.0000 1.0000,0 0 0 0 4 0 0,0 2 2 2 0 0 0,2,,no (tile),,,,57.00,,0.9543,,3,yes,6_4 6_4,pg,1xx,hand
1728474,7,0,1,0,JJJIJJJ,not needed (covering theorem),75.56 180.00 104.44 127.78 127.78 104.44 180.00,1.0000 1.0000 1.0000 1.2253 1.0000 1.0000 1.0000,0 0 0 3 0 0 0,0 0 1 0 3 2 2,,,YES,2,4,2,75.56,,0.8161,,3,yes,6_4 6_4,p1,o1,hand
1728474,7,0,1,2,IIJJIJJ,not tested,82.27 180.00 82.27 180.00 97.73 97.73 180.00,1.0000 1.0000 1.8587 1.8587 1.0000 1.8587 1.8587,0 0 2 2 0 2 2,0 0 0 0 0 2 2,6,,no (tile),,,,82.27,,0.5380,,3,yes,6_4 6_4,p1,o1,hand
1728474,7,0,1,3,JIJIIII,not tested,49.06 130.94 130.94 49.06 180.00 180.00 180.00,1.0000 0.4368 1.0000 0.4368 0.4368 0.4368 0.4368,0 1 0 1 1 1 1,0 0 2 0 0 0 0,6,,no (tile),,,,49.06,,0.4368,,3,yes,6_4 6_4,p1,o1,hand
1728474,7,0,1,4,JIIJIII,not tested,58.62 121.38 180.00 121.38 58.62 180.00 180.00,1.0000 1.0414 1.0414 1.0000 1.0414 1.0414 1.0414,0 1 1 0 1 1 1,0 0 0 2 0 0 0,6,,no (tile),,,,58.62,,0.9602,,3,yes,6_4 6_4,p1,o1,hand
1728474,7,0,1,6,IJJJJII,not tested,180.00 100.22 94.15 151.26 114.59 79.78 180.00,1.0000 1.3968 1.5484 1.5484 1.3968 1.0000 1.0000,0 1 2 2 1 0 0,0 0 0 2 3 0 0,2,,no (tile),,,,79.78,,0.6458,,3,yes,6_4 6_4,p1,o1,hand
1728474,7,1,1,0,JJIIIJJ,not tested,141.30 115.35 84.00 180.00 180.00 96.00 103.35,1.0000 1.0000 0.6290 0.6290 0.6290 1.0000 1.0000,0 1 2 2 2 1 0,0 0 0 0 0 3 2,2,,no (tile),,,,84.00,,0.6290,,3,yes,6_4 6_4,p1,o1,hand
1728474,7,1,1,2,IIJIIIJ,not tested,120.50 180.00 120.50 59.50 180.00 180.00 59.50,1.0000 1.0000 0.9850 1.0000 1.0000 1.0000 0.9850,0 0 2 0 0 0 2,0 0 0 0 0 0 2,6,,no (tile),,,,59.50,,0.9850,,3,yes,6_4 6_4,p1,o1,hand
1728474,7,1,1,3,JIJIIII,not tested,49.06 130.94 130.94 49.06 180.00 180.00 180.00,1.0000 0.4368 1.0000 0.4368 0.4368 0.4368 0.4368,0 1 0 1 1 1 1,0 0 2 0 0 0 0,6,,no (tile),,,,49.06,,0.4368,,3,yes,6_4 6_4,p1,o1,hand
1728474,7,1,1,4,JIIJJIJ,not tested,180.00 80.28 180.00 80.28 180.00 99.72 99.72,1.0000 0.6754 0.6754 1.0000 1.0000 0.6754 1.0000,0 1 1 0 0 1 0,0 0 0 2 2 0 0,6,,no (tile),,,,80.28,,0.6754,,3,yes,6_4 6_4,p1,o1,hand
1728474,7,1,1,6,JJJJJJI,not needed (covering theorem),127.81 104.38 180.00 75.62 180.00 104.38 127.81,1.0000 1.0000 1.0000 1.0000 1.0000 1.0000 1.2261,0 0 0 0 0 0 6,0 1 1 3 3 2 0,,,YES,2,4,2,75.62,,0.8156,,3,yes,6_4 6_4,p1,o1,hand
1728474,7,2,1,0,JJIIIJJ,not tested,141.30 115.35 84.00 180.00 180.00 96.00 103.35,1.0000 1.0000 0.6290 0.6290 0.6290 1.0000 1.0000,0 1 2 2 2 1 0,0 0 0 0 0 3 2,2,,no (tile),,,,84.00,,0.6290,,3,yes,6_4 6_4,p1,o1,hand
1728474,7,2,1,1,IJJJJJJ,not needed (covering theorem),127.74 127.74 104.51 180.00 75.49 180.00 104.51,1.0000 0.8168 0.8168 0.8168 0.8168 0.8168 0.8168,0 1 1 1 1 1 1,0 0 1 1 3 3 2,,,YES,2,4,2,75.49,,0.8168,,3,yes,6_4 6_4,p1,o1,hand
1728474,7,2,1,3,JIJJIIJ,not tested,180.00 124.34 124.34 180.00 55.66 180.00 55.66,1.0000 2.2564 1.0000 1.0000 2.2564 2.2564 1.0000,0 1 0 0 1 1 0,0 0 2 2 0 0 0,6,,no (tile),,,,55.66,,0.4432,,3,yes,6_4 6_4,p1,o1,hand
1728474,7,2,1,4,IIIIJIJ,not tested,42.43 180.00 180.00 180.00 42.43 137.57 137.57,1.0000 1.0000 1.0000 1.0000 2.0323 1.0000 2.0323,0 0 0 0 4 0 4,0 0 0 0 0 0 2,6,,no (tile),,,,42.43,,0.4920,,3,yes,6_4 6_4,p1,o1,hand
1728474,7,2,1,5,JIIIJII,not tested,129.59 50.41 180.00 180.00 50.41 129.59 180.00,1.0000 1.2746 1.2746 1.2746 1.0000 1.2746 1.2746,0 1 1 1 0 1 1,0 0 0 0 2 0 0,6,,no (tile),,,,50.41,,0.7845,,3,yes,6_4 6_4,p1,o1,hand
1728474,7,3,1,0,JJJIJJJ,not needed (covering theorem),75.56 180.00 104.44 127.78 127.78 104.44 180.00,1.0000 1.0000 1.0000 1.2253 1.0000 1.0000 1.0000,0 0 0 3 0 0 0,0 0 1 0 3 2 2,,,YES,2,4,2,75.56,,0.8161,,3,yes,6_4 6_4,p1,o1,hand
1728474,7,3,1,1,IIJJJJI,not tested,180.00 180.00 100.22 94.15 151.26 114.59 79.78,1.0000 1.0000 1.3968 1.5484 1.5484 1.3968 1.0000,0 0 2 3 3 2 0,0 0 0 0 2 3 0,2,,no (tile),,,,79.78,,0.6458,,3,yes,6_4 6_4,p1,o1,hand
1728474,7,3,1,3,IIIJIIJ,not tested,60.45 180.00 180.00 60.45 119.55 180.00 119.55,1.0000 1.0000 1.0000 1.0139 1.0000 1.0000 1.0139,0 0 0 3 0 0 3,0 0 0 0 0 0 2,6,,no (tile),,,,60.45,,0.9863,,3,yes,6_4 6_4,p1,o1,hand
1728474,7,3,1,4,IIIIJIJ,not tested,42.43 180.00 180.00 180.00 42.43 137.57 137.57,1.0000 1.0000 1.0000 1.0000 2.0323 1.0000 2.0323,0 0 0 0 4 0 4,0 0 0 0 0 0 2,6,,no (tile),,,,42.43,,0.4920,,3,yes,6_4 6_4,p1,o1,hand
1728474,7,3,1,5,JJIJJII,not tested,75.07 180.00 104.93 104.93 180.00 75.07 180.00,1.0000 1.0000 1.0308 1.0000 1.0000 1.0308 1.0308,0 0 2 0 0 2 2,0 0 0 2 2 0 0,6,,no (tile),,,,75.07,,0.9701,,3,yes,6_4 6_4,p1,o1,hand
1728475,7,0,1,0,IIIIIII,not tested,60.00 180.00 120.00 120.00 120.00 120.00 180.00,1.0000 1.0000 1.0000 1.0000 1.0000 1.0000 1.0000,0 0 0 0 0 0 0,0 0 0 0 0 0 0,"1,2,6,8",,no (tile),,,,60.00,,1.0000,,3,yes,6_4 6_4,pg,1xx,hand
1728475,7,0,1,2,IIUUIUU,not tested,65.63 180.00 65.63 180.00 114.37 114.37 180.00,1.0000 1.0000 0.6275 0.5843 1.0000 0.6275 0.5843,0 0 2 3 0 2 3,0 0 0 0 0 2 2,6,,no (tile),,,,65.63,,0.5843,,3,yes,6_4 6_4,pg,1xx,hand
1728475,7,0,1,4,IIIIIII,not tested,60.00 120.00 180.00 120.00 60.00 180.00 180.00,1.0000 1.0000 1.0000 1.0000 1.0000 1.0000 1.0000,0 0 0 0 0 0 0,0 0 0 0 0 0 0,"1,2,6",,no (tile),,,,60.00,,1.0000,,3,yes,6_4 6_4,pg,1xx,hand
1728475,7,0,1,6,IJSSJII,not tested,180.00 72.00 143.99 108.01 108.00 108.00 180.00,1.0000 1.0000 1.8542 1.8537 1.0000 1.0000 1.0000,0 1 2 3 1 0 0,0 0 0 0 3 0 0,1,,no (tile),,,,72.00,,0.5393,,3,yes,6_4 6_4,pg,1xx,hand
1728475,7,1,0,0,SJIIIJS,not tested,140.72 111.75 76.23 180.00 180.00 103.77 107.52,1.0000 1.0000 0.4063 0.4063 0.4063 1.0000 0.2675,0 1 2 2 2 1 6,0 0 0 0 0 3 0,1,,no (tile),,,,76.23,,0.2675,,3,yes,6_4 6_4,pg,1xx,hand
1728475,7,1,0,2,IIIIIII,not tested,120.00 180.00 120.00 60.00 180.00 180.00 60.00,1.0000 1.0000 1.0000 1.0000 1.0000 1.0000 1.0000,0 0 0 0 0 0 0,0 0 0 0 0 0 0,"1,2,6",,no (tile),,,,60.00,,1.0000,,3,yes,6_4 6_4,pg,1xx,hand
1728475,7,1,0,4,UIIUUIU,not tested,180.00 61.27 180.00 61.27 180.00 118.73 118.73,1.0000 1.3013 1.3013 0.3538 1.0000 1.3013 0.3538,0 1 1 3 0 1 3,0 0 0 0 2 0 2,6,,no (tile),,,,61.27,,0.2719,,3,yes,6_4 6_4,pg,1xx,hand
1728475,7,1,0,6,IIIIIII,not tested,120.00 120.00 180.00 60.00 180.00 120.00 120.00,1.0000 1.0000 1.0000 1.0000 1.0000 1.0000 1.0000,0 0 0 0 0 0 0,0 0 0 0 0 0 0,"1,2,8",,no (tile),,,,60.00,,1.0000,,3,yes,6_4 6_4,pg,1xx,hand
1728475,7,2,0,0,SJIIIJS,not tested,140.72 111.75 76.23 180.00 180.00 103.77 107.52,1.0000 1.0000 0.4063 0.4063 0.4063 1.0000 0.2675,0 1 2 2 2 1 6,0 0 0 0 0 3 0,1,,no (tile),,,,76.23,,0.2675,,3,yes,6_4 6_4,pg,1xx,hand
1728475,7,2,0,1,IIIIIII,not tested,120.00 120.00 120.00 180.00 60.00 180.00 120.00,1.0000 1.0000 1.0000 1.0000 1.0000 1.0000 1.0000,0 0 0 0 0 0 0,0 0 0 0 0 0 0,"1,2,8",,no (tile),,,,60.00,,1.0000,,3,yes,6_4 6_4,pg,1xx,hand
1728475,7,2,0,3,UIUUIIU,not tested,180.00 111.47 111.47 180.00 68.53 180.00 68.53,1.0000 0.9279 0.2675 1.0000 0.9279 0.9279 0.2675,0 1 2 0 1 1 2,0 0 0 2 0 0 2,6,,no (tile),,,,68.53,,0.2675,,3,yes,6_4 6_4,pg,1xx,hand
1728475,7,2,0,5,IIIIIII,not tested,120.00 60.00 180.00 180.00 60.00 120.00 180.00,1.0000 1.0000 1.0000 1.0000 1.0000 1.0000 1.0000,0 0 0 0 0 0 0,0 0 0 0 0 0 0,"1,2,6",,no (tile),,,,60.00,,1.0000,,3,yes,6_4 6_4,pg,1xx,hand
1728475,7,3,1,0,IIIIIII,not tested,60.00 180.00 120.00 120.00 120.00 120.00 180.00,1.0000 1.0000 1.0000 1.0000 1.0000 1.0000 1.0000,0 0 0 0 0 0 0,0 0 0 0 0 0 0,"1,2,6,8",,no (tile),,,,60.00,,1.0000,,3,yes,6_4 6_4,pg,1xx,hand
1728475,7,3,1,1,IIJSSJI,not tested,180.00 180.00 72.00 143.99 108.01 108.00 108.00,1.0000 1.0000 1.0000 1.8542 1.8537 1.0000 1.0000,0 0 2 3 4 2 0,0 0 0 0 0 3 0,1,,no (tile),,,,72.00,,0.5393,,3,yes,6_4 6_4,pg,1xx,hand
1728475,7,3,1,3,IIIIIII,not tested,60.00 180.00 180.00 60.00 120.00 180.00 120.00,1.0000 1.0000 1.0000 1.0000 1.0000 1.0000 1.0000,0 0 0 0 0 0 0,0 0 0 0 0 0 0,"1,2,6",,no (tile),,,,60.00,,1.0000,,3,yes,6_4 6_4,pg,1xx,hand
1728475,7,3,1,5,UUIUUII,not tested,78.80 180.00 101.20 101.20 180.00 78.80 180.00,1.0000 0.2675 0.4924 1.0000 0.2675 0.4924 0.4924,0 1 2 0 1 2 2,0 0 0 2 2 0 0,6,,no (tile),,,,78.80,,0.2675,,3,yes,6_4 6_4,pg,1xx,hand
1728480,7,0,0,2,UUUIUUU,not needed (covering theorem),257.15 51.46 205.69 51.42 154.27 102.85 77.15,1.0000 1.0000 1.0000 1.6932 1.0000 1.0000 1.0000,0 0 0 3 0 0 0,0 0 2 0 2 2 0,,,YES,2,5,2,51.42,,0.5906,,3,yes,6_4 6_4,pg,1xx,hand
1728480,7,0,0,5,UIUUUUU,not needed (covering theorem),205.70 51.43 154.28 102.85 77.15 257.15 51.44,1.0000 1.6925 1.0000 1.0000 1.0000 1.0000 1.0000,0 1 0 0 0 0 0,0 0 0 0 2 2 2,,,YES,2,5,2,51.43,,0.5908,,3,yes,6_4 6_4,pg,1xx,hand
1728480,7,0,1,0,IIIIIII,not tested,180.00 75.52 180.00 104.48 104.48 180.00 75.52,1.0000 1.0000 1.0000 1.0000 1.0000 1.0000 1.0000,0 0 0 0 0 0 0,0 0 0 0 0 0 0,"1,2,6",,no (tile),,,,75.52,,1.0000,,3,yes,6_4 6_4,pg,1xx,hand
1728480,7,0,1,1,IJJJJJJ,not tested,73.85 106.15 112.16 212.30 71.09 147.70 176.76,1.0000 0.4477 0.4477 0.4477 0.4477 0.4477 0.4477,0 1 1 1 1 1 1,0 0 1 0 3 2 3,2,,no (tile),,,,71.09,,0.4477,,3,yes,6_4 6_4,pg,1xx,hand
1728480,7,0,1,2,IIJIIIJ,not tested,120.50 180.00 120.50 59.50 180.00 180.00 59.50,1.0000 1.0000 0.9850 1.0000 1.0000 1.0000 0.9850,0 0 2 0 0 0 2,0 0 0 0 0 0 2,6,,no (tile),,,,59.50,,0.9850,,3,yes,6_4 6_4,pg,1xx,hand
1728480,7,0,1,4,IIIIIII,not tested,52.82 153.59 127.18 153.59 52.82 180.00 180.00,1.0000 1.0000 1.0000 1.0000 1.0000 1.0000 1.0000,0 0 0 0 0 0 0,0 0 0 0 0 0 0,6,,no (tile),,,,52.82,,1.0000,,3,yes,6_4 6_4,pg,1xx,hand
1728480,7,0,1,5,ISISIII,not tested,180.00 57.41 122.59 122.59 57.41 180.00 180.00,1.0000 2.7852 1.0000 2.7852 1.0000 1.0000 1.0000,0 1 0 3 0 0 0,0 0 0 0 0 0 0,1,,no (tile),,,,57.41,,0.3590,,3,yes,6_4 6_4,pg,1xx,hand
1728480,7,0,1,6,IIIIIII,not tested,95.03 180.00 132.48 84.97 132.48 180.00 95.03,1.0000 1.0000 1.0000 1.0000 1.0000 1.0000 1.0000,0 0 0 0 0 0 0,0 0 0 0 0 0 0,6,,no (tile),,,,84.97,,1.0000,,3,yes,6_4 6_4,pg,1xx,hand
1728480,7,1,0,0,SIIIISI,not tested,132.17 47.83 180.00 180.00 180.00 46.39 133.61,1.0000 0.4591 0.4591 0.4591 0.4591 1.0236 0.4591,0 1 1 1 1 5 1,0 0 0 0 0 0 0,1,,no (tile),,,,46.39,,0.4485,,3,yes,6_4 6_4,pg,1xx,hand
1728480,7,1,0,1,IIIIIII,not tested,127.18 153.59 52.82 180.00 180.00 52.82 153.59,1.0000 1.0000 1.0000 1.0000 1.0000 1.0000 1.0000,0 0 0 0 0 0 0,0 0 0 0 0 0 0,6,,no (tile),,,,52.82,,1.0000,,3,yes,6_4 6_4,pg,1xx,hand
1728480,7,1,0,3,IIJIIIJ,not tested,120.50 180.00 120.50 59.50 180.00 180.00 59.50,1.0000 1.0000 0.9850 1.0000 1.0000 1.0000 0.9850,0 0 2 0 0 0 2,0 0 0 0 0 0 2,6,,no (tile),,,,59.50,,0.9850,,3,yes,6_4 6_4,pg,1xx,hand
1728480,7,1,0,4,JIJJJJJ,not tested,239.32 53.53 126.47 93.42 252.95 27.26 107.05,1.0000 0.7581 1.0000 1.0000 1.0000 1.0000 1.0000,0 1 0 0 0 0 0,0 0 3 2 3 0 1,2,,no (tile),,,,27.26,,0.7581,,3,yes,6_4 6_4,pg,1xx,hand
1728480,7,1,0,5,IIIIIII,not tested,180.00 75.52 180.00 75.52 180.00 104.48 104.48,1.0000 1.0000 1.0000 1.0000 1.0000 1.0000 1.0000,0 0 0 0 0 0 0,0 0 0 0 0 0 0,"1,2,6",,no (tile),,,,75.52,,1.0000,,3,yes,6_4 6_4,pg,1xx,hand
1728480,7,1,0,6,IIIIIII,not tested,132.48 180.00 95.03 95.03 180.00 132.48 84.97,1.0000 1.0000 1.0000 1.0000 1.0000 1.0000 1.0000,0 0 0 0 0 0 0,0 0 0 0 0 0 0,6,,no (tile),,,,84.97,,1.0000,,3,yes,6_4 6_4,pg,1xx,hand
1728480,7,1,1,1,IUUUUUU,not needed (covering theorem),154.29 51.43 205.72 51.42 257.14 77.14 102.86,1.0000 0.5911 0.5911 0.5911 0.5911 0.5911 0.5911,0 1 1 1 1 1 1,0 0 2 2 2 0 0,,,YES,2,5,2,51.42,,0.5911,,3,yes,6_4 6_4,pg,1xx,hand
1728480,7,1,1,4,UUUUUIU,not needed (covering theorem),514.30 -51.44 462.85 -77.15 -102.85 205.72 -51.43,1.0000 1.0000 1.0000 1.0000 1.0000 1.6925 1.0000,0 0 0 0 0 5 0,0 0 0 2 2 0 2,,,YES,2,5,2,51.43,,0.5908,,3,yes,6_4 6_4,pg,1xx,hand
1728480,7,2,0,0,SIIIISI,not tested,132.17 47.83 180.00 180.00 180.00 46.39 133.61,1.0000 0.4591 0.4591 0.4591 0.4591 1.0236 0.4591,0 1 1 1 1 5 1,0 0 0 0 0 0 0,1,,no (tile),,,,46.39,,0.4485,,3,yes,6_4 6_4,pg,1xx,hand
1728480,7,2,0,1,IIIIIII,not tested,84.97 132.48 180.00 95.03 95.03 180.00 132.48,1.0000 1.0000 1.0000 1.0000 1.0000 1.0000 1.0000,0 0 0 0 0 0 0,0 0 0 0 0 0 0,6,,no (tile),,,,84.97,,1.0000,,3,yes,6_4 6_4,pg,1xx,hand
1728480,7,2,0,2,IIIIIII,not tested,104.48 104.48 180.00 75.52 180.00 75.52 180.00,1.0000 1.0000 1.0000 1.0000 1.0000 1.0000 1.0000,0 0 0 0 0 0 0,0 0 0 0 0 0 0,"1,2,6",,no (tile),,,,75.52,,1.0000,,3,yes,6_4 6_4,pg,1xx,hand
1728480,7,2,0,3,JJJJIJJ,not tested,200.07 33.25 159.93 183.45 79.96 100.04 143.30,1.0000 1.0000 1.0000 1.0000 1.1268 1.0000 1.0000,0 0 0 0 4 0 0,0 3 2 3 0 0 1,2,,no (tile),,,,33.25,,0.8875,,3,yes,6_4 6_4,pg,1xx,hand
1728480,7,2,0,4,IIIJIIJ,not tested,60.45 180.00 180.00 60.45 119.55 180.00 119.55,1.0000 1.0000 1.0000 1.0139 1.0000 1.0000 1.0139,0 0 0 3 0 0 3,0 0 0 0 0 0 2,6,,no (tile),,,,60.45,,0.9863,,3,yes,6_4 6_4,pg,1xx,hand
1728480,7,2,0,6,IIIIIII,not tested,153.59 52.82 180.00 180.00 52.82 153.59 127.18,1.0000 1.0000 1.0000 1.0000 1.0000 1.0000 1.0000,0 0 0 0 0 0 0,0 0 0 0 0 0 0,6,,no (tile),,,,52.82,,1.0000,,3,yes,6_4 6_4,pg,1xx,hand
1728480,7,2,1,1,IUUUUUU,not needed (covering theorem),51.44 154.31 102.87 77.13 257.13 51.39 205.74,1.0000 0.5915 0.5915 0.5915 0.5915 0.5915 0.5915,0 1 1 1 1 1 1,0 0 0 2 2 2 0,,,YES,2,5,2,51.39,,0.5915,,3,yes,6_4 6_4,pg,1xx,hand
1728480,7,2,1,4,UUUUUIU,not needed (covering theorem),102.85 77.15 257.15 51.46 205.69 51.42 154.27,1.0000 1.0000 1.0000 1.0000 1.0000 1.6931 1.0000,0 0 0 0 0 5 0,0 2 2 2 0 0 0,,,YES,2,5,2,51.42,,0.5906,,3,yes,6_4 6_4,pg,1xx,hand
1728480,7,3,0,2,UUUUIUU,not needed (covering theorem),-668.55 257.15 -282.85 102.85 514.27 51.42 925.70,1.0000 1.0000 1.0000 1.0000 1.6929 1.0000 1.0000,0 0 0 0 4 0 0,0 0 2 2 0 2 0,,,YES,2,5,2,51.42,,0.5907,,3,yes,6_4 6_4,pg,1xx,hand
1728480,7,3,0,5,UUIUUUU,not needed (covering theorem),77.15 102.85 154.27 51.42 205.70 51.45 257.15,1.0000 1.0000 1.6929 1.0000 1.0000 1.0000 1.0000,0 0 2 0 0 0 0,0 0 0 0 2 2 2,,,YES,2,5,2,51.42,,0.5907,,3,yes,6_4 6_4,pg,1xx,hand
1728480,7,3,1,0,IISISII,not tested,180.00 180.00 57.41 122.59 122.59 57.41 180.00,1.0000 1.0000 2.7852 1.0000 2.7852 1.0000 1.0000,0 0 2 0 4 0 0,0 0 0 0 0 0 0,1,,no (tile),,,,57.41,,0.3590,,3,yes,6_4 6_4,pg,1xx,hand
1728480,7,3,1,1,IIIIIII,not tested,180.00 180.00 52.82 153.59 127.18 153.59 52.82,1.0000 1.0000 1.0000 1.0000 1.0000 1.0000 1.0000,0 0 0 0 0 0 0,0 0 0 0 0 0 0,6,,no (tile),,,,52.82,,1.0000,,3,yes,6_4 6_4,pg,1xx,hand
1728480,7,3,1,3,IIIJIIJ,not tested,60.45 180.00 180.00 60.45 119.55 180.00 119.55,1.0000 1.0000 1.0000 1.0139 1.0000 1.0000 1.0139,0 0 0 3 0 0 3,0 0 0 0 0 0 2,6,,no (tile),,,,60.45,,0.9863,,3,yes,6_4 6_4,pg,1xx,hand
1728480,7,3,1,4,JJJJJIJ,not tested,175.96 159.82 48.44 200.18 135.60 100.09 79.91,1.0000 1.0000 1.0000 1.0000 1.0000 1.6156 1.0000,0 0 0 0 0 5 0,0 1 2 3 2 0 1,2,,no (tile),,,,48.44,,0.6190,,3,yes,6_4 6_4,pg,1xx,hand
1728480,7,3,1,5,IIIIIII,not tested,75.52 180.00 104.48 104.48 180.00 75.52 180.00,1.0000 1.0000 1.0000 1.0000 1.0000 1.0000 1.0000,0 0 0 0 0 0 0,0 0 0 0 0 0 0,"1,2,6",,no (tile),,,,75.52,,1.0000,,3,yes,6_4 6_4,pg,1xx,hand
1728480,7,3,1,6,IIIIIII,not tested,95.03 180.00 132.48 84.97 132.48 180.00 95.03,1.0000 1.0000 1.0000 1.0000 1.0000 1.0000 1.0000,0 0 0 0 0 0 0,0 0 0 0 0 0 0,6,,no (tile),,,,84.97,,1.0000,,3,yes,6_4 6_4,pg,1xx,hand
