id,m,si,orient,off,curves,patch_ov,angles,lengths,whichEdge,mapping,iso_criteria,deep_criteria,aniso,min_block,block_criteria,block_bound,min_angle,spike_fatal,edge_ratio,on_clamp,vertex_figure,vdeg_match,homeo,wp,orbifold,evidence
21,6,0,0,0,IIIIII,not tested,120.00 120.00 120.00 120.00 120.00 120.00,1.0000 1.0000 1.0000 1.0000 1.0000 1.0000,0 0 0 0 0 0,0 0 0 0 0 0,"1,2,3,4,5,6,7",,no (tile),,,,120.00,,1.0000,,3,yes,6_6 6_3,p6m,*632,L3
21,6,0,0,1,IIIIII,not tested,120.00 120.00 120.00 120.00 120.00 120.00,1.0000 1.0000 1.0000 1.0000 1.0000 1.0000,0 0 0 0 0 0,0 0 0 0 0 0,"1,2,3,4,5,6,7",,no (tile),,,,120.00,,1.0000,,3,yes,6_6 6_3,p6m,*632,L3
21,6,0,0,2,IIIIII,not tested,120.00 120.00 120.00 120.00 120.00 120.00,1.0000 1.0000 1.0000 1.0000 1.0000 1.0000,0 0 0 0 0 0,0 0 0 0 0 0,"1,2,3,4,5,6,7",,no (tile),,,,120.00,,1.0000,,3,yes,6_6 6_3,p6m,*632,L3
21,6,0,0,3,IIIIII,not tested,120.00 120.00 120.00 120.00 120.00 120.00,1.0000 1.0000 1.0000 1.0000 1.0000 1.0000,0 0 0 0 0 0,0 0 0 0 0 0,"1,2,3,4,5,6,7",,no (tile),,,,120.00,,1.0000,,3,yes,6_6 6_3,p6m,*632,L3
21,6,0,0,4,IIIIII,not tested,120.00 120.00 120.00 120.00 120.00 120.00,1.0000 1.0000 1.0000 1.0000 1.0000 1.0000,0 0 0 0 0 0,0 0 0 0 0 0,"1,2,3,4,5,6,7",,no (tile),,,,120.00,,1.0000,,3,yes,6_6 6_3,p6m,*632,L3
21,6,0,0,5,IIIIII,not tested,120.00 120.00 120.00 120.00 120.00 120.00,1.0000 1.0000 1.0000 1.0000 1.0000 1.0000,0 0 0 0 0 0,0 0 0 0 0 0,"1,2,3,4,5,6,7",,no (tile),,,,120.00,,1.0000,,3,yes,6_6 6_3,p6m,*632,L3
21,6,0,1,0,IIIIII,not tested,120.00 120.00 120.00 120.00 120.00 120.00,1.0000 1.0000 1.0000 1.0000 1.0000 1.0000,0 0 0 0 0 0,0 0 0 0 0 0,"1,2,3,4,5,6,7",,no (tile),,,,120.00,,1.0000,,3,yes,6_6 6_3,p6m,*632,L3
21,6,0,1,1,IIIIII,not tested,120.00 120.00 120.00 120.00 120.00 120.00,1.0000 1.0000 1.0000 1.0000 1.0000 1.0000,0 0 0 0 0 0,0 0 0 0 0 0,"1,2,3,4,5,6,7",,no (tile),,,,120.00,,1.0000,,3,yes,6_6 6_3,p6m,*632,L3
21,6,0,1,2,IIIIII,not tested,120.00 120.00 120.00 120.00 120.00 120.00,1.0000 1.0000 1.0000 1.0000 1.0000 1.0000,0 0 0 0 0 0,0 0 0 0 0 0,"1,2,3,4,5,6,7",,no (tile),,,,120.00,,1.0000,,3,yes,6_6 6_3,p6m,*632,L3
21,6,0,1,3,IIIIII,not tested,120.00 120.00 120.00 120.00 120.00 120.00,1.0000 1.0000 1.0000 1.0000 1.0000 1.0000,0 0 0 0 0 0,0 0 0 0 0 0,"1,2,3,4,5,6,7",,no (tile),,,,120.00,,1.0000,,3,yes,6_6 6_3,p6m,*632,L3
21,6,0,1,4,IIIIII,not tested,120.00 120.00 120.00 120.00 120.00 120.00,1.0000 1.0000 1.0000 1.0000 1.0000 1.0000,0 0 0 0 0 0,0 0 0 0 0 0,"1,2,3,4,5,6,7",,no (tile),,,,120.00,,1.0000,,3,yes,6_6 6_3,p6m,*632,L3
21,6,0,1,5,IIIIII,not tested,120.00 120.00 120.00 120.00 120.00 120.00,1.0000 1.0000 1.0000 1.0000 1.0000 1.0000,0 0 0 0 0 0,0 0 0 0 0 0,"1,2,3,4,5,6,7",,no (tile),,,,120.00,,1.0000,,3,yes,6_6 6_3,p6m,*632,L3
37,6,0,0,0,IIIIII,not tested,120.00 120.00 120.00 120.00 120.00 120.00,1.0000 1.0000 1.0000 1.0000 1.0000 1.0000,0 0 0 0 0 0,0 0 0 0 0 0,"1,2,3,4,5,6,7",,no (tile),,,,120.00,,1.0000,,3,yes,6_6 6_2,p6m,*632,L3
37,6,0,0,1,IIIIII,not tested,120.00 120.00 120.00 120.00 120.00 120.00,1.0000 1.0000 1.0000 1.0000 1.0000 1.0000,0 0 0 0 0 0,0 0 0 0 0 0,"1,2,3,4,5,6,7",,no (tile),,,,120.00,,1.0000,,3,yes,6_6 6_2,p6m,*632,L3
37,6,0,0,2,IIIIII,not tested,120.00 120.00 120.00 120.00 120.00 120.00,1.0000 1.0000 1.0000 1.0000 1.0000 1.0000,0 0 0 0 0 0,0 0 0 0 0 0,"1,2,3,4,5,6,7",,no (tile),,,,120.00,,1.0000,,3,yes,6_6 6_2,p6m,*632,L3
37,6,0,0,3,IIIIII,not tested,120.00 120.00 120.00 120.00 120.00 120.00,1.0000 1.0000 1.0000 1.0000 1.0000 1.0000,0 0 0 0 0 0,0 0 0 0 0 0,"1,2,3,4,5,6,7",,no (tile),,,,120.00,,1.0000,,3,yes,6_6 6_2,p6m,*632,L3
37,6,0,0,4,IIIIII,not tested,120.00 120.00 120.00 120.00 120.00 120.00,1.0000 1.0000 1.0000 1.0000 1.0000 1.0000,0 0 0 0 0 0,0 0 0 0 0 0,"1,2,3,4,5,6,7",,no (tile),,,,120.00,,1.0000,,3,yes,6_6 6_2,p6m,*632,L3
37,6,0,0,5,IIIIII,not tested,120.00 120.00 120.00 120.00 120.00 120.00,1.0000 1.0000 1.0000 1.0000 1.0000 1.0000,0 0 0 0 0 0,0 0 0 0 0 0,"1,2,3,4,5,6,7",,no (tile),,,,120.00,,1.0000,,3,yes,6_6 6_2,p6m,*632,L3
37,6,0,1,0,IIIIII,not tested,120.00 120.00 120.00 120.00 120.00 120.00,1.0000 1.0000 1.0000 1.0000 1.0000 1.0000,0 0 0 0 0 0,0 0 0 0 0 0,"1,2,3,4,5,6,7",,no (tile),,,,120.00,,1.0000,,3,yes,6_6 6_2,p6m,*632,L3
37,6,0,1,1,IIIIII,not tested,120.00 120.00 120.00 120.00 120.00 120.00,1.0000 1.0000 1.0000 1.0000 1.0000 1.0000,0 0 0 0 0 0,0 0 0 0 0 0,"1,2,3,4,5,6,7",,no (tile),,,,120.00,,1.0000,,3,yes,6_6 6_2,p6m,*632,L3
37,6,0,1,2,IIIIII,not tested,120.00 120.00 120.00 120.00 120.00 120.00,1.0000 1.0000 1.0000 1.0000 1.0000 1.0000,0 0 0 0 0 0,0 0 0 0 0 0,"1,2,3,4,5,6,7",,no (tile),,,,120.00,,1.0000,,3,yes,6_6 6_2,p6m,*632,L3
37,6,0,1,3,IIIIII,not tested,120.00 120.00 120.00 120.00 120.00 120.00,1.0000 1.0000 1.0000 1.0000 1.0000 1.0000,0 0 0 0 0 0,0 0 0 0 0 0,"1,2,3,4,5,6,7",,no (tile),,,,120.00,,1.0000,,3,yes,6_6 6_2,p6m,*632,L3
37,6,0,1,4,IIIIII,not tested,120.00 120.00 120.00 120.00 120.00 120.00,1.0000 1.0000 1.0000 1.0000 1.0000 1.0000,0 0 0 0 0 0,0 0 0 0 0 0,"1,2,3,4,5,6,7",,no (tile),,,,120.00,,1.0000,,3,yes,6_6 6_2,p6m,*632,L3
37,6,0,1,5,IIIIII,not tested,120.00 120.00 120.00 120.00 120.00 120.00,1.0000 1.0000 1.0000 1.0000 1.0000 1.0000,0 0 0 0 0 0,0 0 0 0 0 0,"1,2,3,4,5,6,7",,no (tile),,,,120.00,,1.0000,,3,yes,6_6 6_2,p6m,*632,L3
107,6,0,0,0,IIIIII,not tested,120.00 120.00 120.00 120.00 120.00 120.00,1.0000 1.0000 1.0000 1.0000 1.0000 1.0000,0 0 0 0 0 0,0 0 0 0 0 0,"1,2,3,4,5,6,7",,no (tile),,,,120.00,,1.0000,,3,yes,6_4 6_4,pmm,*2222,L3
107,6,0,0,1,ISSISS,not tested,120.00 120.00 120.00 120.00 120.00 120.00,1.0000 1.0000 1.0000 1.0000 1.0000 1.0000,0 1 1 0 1 1,0 0 1 0 0 1,"1,2,3,4,5,6",,no (tile),,,,120.00,,1.0000,,3,yes,6_4 6_4,pmm,*2222,L3
107,6,0,0,2,IIIIII,not tested,120.00 120.00 120.00 120.00 120.00 120.00,1.0000 1.0000 1.0000 1.0000 1.0000 1.0000,0 0 0 0 0 0,0 0 0 0 0 0,"1,2,3,4,5,6,7",,no (tile),,,,120.00,,1.0000,,3,yes,6_4 6_4,pmm,*2222,L3
107,6,0,0,3,IIIIII,not tested,120.00 120.00 120.00 120.00 120.00 120.00,1.0000 1.0000 1.0000 1.0000 1.0000 1.0000,0 0 0 0 0 0,0 0 0 0 0 0,"1,2,3,4,5,6,7",,no (tile),,,,120.00,,1.0000,,3,yes,6_4 6_4,pmm,*2222,L3
107,6,0,0,4,ISSISS,not tested,120.00 120.00 120.00 120.00 120.00 120.00,1.0000 1.0000 1.0000 1.0000 1.0000 1.0000,0 1 1 0 1 1,0 0 1 0 0 1,"1,2,3,4,5,6",,no (tile),,,,120.00,,1.0000,,3,yes,6_4 6_4,pmm,*2222,L3
107,6,0,0,5,IIIIII,not tested,120.00 120.00 120.00 120.00 120.00 120.00,1.0000 1.0000 1.0000 1.0000 1.0000 1.0000,0 0 0 0 0 0,0 0 0 0 0 0,"1,2,3,4,5,6,7",,no (tile),,,,120.00,,1.0000,,3,yes,6_4 6_4,pmm,*2222,L3
107,6,0,1,0,ISSISS,not tested,120.00 120.00 120.00 120.00 120.00 120.00,1.0000 1.0000 1.0000 1.0000 1.0000 1.0000,0 1 1 0 1 1,0 0 1 0 0 1,"1,2,3,4,5,6",,no (tile),,,,120.00,,1.0000,,3,yes,6_4 6_4,pmm,*2222,L3
107,6,0,1,1,IIIIII,not tested,120.00 120.00 120.00 120.00 120.00 120.00,1.0000 1.0000 1.0000 1.0000 1.0000 1.0000,0 0 0 0 0 0,0 0 0 0 0 0,"1,2,3,4,5,6,7",,no (tile),,,,120.00,,1.0000,,3,yes,6_4 6_4,pmm,*2222,L3
107,6,0,1,2,IIIIII,not tested,120.00 120.00 120.00 120.00 120.00 120.00,1.0000 1.0000 1.0000 1.0000 1.0000 1.0000,0 0 0 0 0 0,0 0 0 0 0 0,"1,2,3,4,5,6,7",,no (tile),,,,120.00,,1.0000,,3,yes,6_4 6_4,pmm,*2222,L3
107,6,0,1,3,ISSISS,not tested,120.00 120.00 120.00 120.00 120.00 120.00,1.0000 1.0000 1.0000 1.0000 1.0000 1.0000,0 1 1 0 1 1,0 0 1 0 0 1,"1,2,3,4,5,6",,no (tile),,,,120.00,,1.0000,,3,yes,6_4 6_4,pmm,*2222,L3
107,6,0,1,4,IIIIII,not tested,120.00 120.00 120.00 120.00 120.00 120.00,1.0000 1.0000 1.0000 1.0000 1.0000 1.0000,0 0 0 0 0 0,0 0 0 0 0 0,"1,2,3,4,5,6,7",,no (tile),,,,120.00,,1.0000,,3,yes,6_4 6_4,pmm,*2222,L3
107,6,0,1,5,IIIIII,not tested,120.00 120.00 120.00 120.00 120.00 120.00,1.0000 1.0000 1.0000 1.0000 1.0000 1.0000,0 0 0 0 0 0,0 0 0 0 0 0,"1,2,3,4,5,6,7",,no (tile),,,,120.00,,1.0000,,3,yes,6_4 6_4,pmm,*2222,L3
145,6,0,0,0,IIIIII,not tested,120.00 120.00 120.00 120.00 120.00 120.00,1.0000 1.0000 1.0000 1.0000 1.0000 1.0000,0 0 0 0 0 0,0 0 0 0 0 0,"1,2,3,4,5,6,7",,no (tile),,,,120.00,,1.0000,,3,yes,6_6 6_3,p31m,3*3,L3
145,6,0,0,1,IIIIII,not tested,120.00 120.00 120.00 120.00 120.00 120.00,1.0000 1.0000 1.0000 1.0000 1.0000 1.0000,0 0 0 0 0 0,0 0 0 0 0 0,"1,2,3,4,5,6,7",,no (tile),,,,120.00,,1.0000,,3,yes,6_6 6_3,p31m,3*3,L3
145,6,0,0,2,IIIIII,not tested,120.00 120.00 120.00 120.00 120.00 120.00,1.0000 1.0000 1.0000 1.0000 1.0000 1.0000,0 0 0 0 0 0,0 0 0 0 0 0,"1,2,3,4,5,6,7",,no (tile),,,,120.00,,1.0000,,3,yes,6_6 6_3,p31m,3*3,L3
145,6,0,0,3,IIIIII,not tested,120.00 120.00 120.00 120.00 120.00 120.00,1.0000 1.0000 1.0000 1.0000 1.0000 1.0000,0 0 0 0 0 0,0 0 0 0 0 0,"1,2,3,4,5,6,7",,no (tile),,,,120.00,,1.0000,,3,yes,6_6 6_3,p31m,3*3,L3
145,6,0,0,4,IIIIII,not tested,120.00 120.00 120.00 120.00 120.00 120.00,1.0000 1.0000 1.0000 1.0000 1.0000 1.0000,0 0 0 0 0 0,0 0 0 0 0 0,"1,2,3,4,5,6,7",,no (tile),,,,120.00,,1.0000,,3,yes,6_6 6_3,p31m,3*3,L3
145,6,0,0,5,IIIIII,not tested,120.00 120.00 120.00 120.00 120.00 120.00,1.0000 1.0000 1.0000 1.0000 1.0000 1.0000,0 0 0 0 0 0,0 0 0 0 0 0,"1,2,3,4,5,6,7",,no (tile),,,,120.00,,1.0000,,3,yes,6_6 6_3,p31m,3*3,L3
145,6,0,1,0,IIIIII,not tested,120.00 120.00 120.00 120.00 120.00 120.00,1.0000 1.0000 1.0000 1.0000 1.0000 1.0000,0 0 0 0 0 0,0 0 0 0 0 0,"1,2,3,4,5,6,7",,no (tile),,,,120.00,,1.0000,,3,yes,6_6 6_3,p31m,3*3,L3
145,6,0,1,1,IIIIII,not tested,120.00 120.00 120.00 120.00 120.00 120.00,1.0000 1.0000 1.0000 1.0000 1.0000 1.0000,0 0 0 0 0 0,0 0 0 0 0 0,"1,2,3,4,5,6,7",,no (tile),,,,120.00,,1.0000,,3,yes,6_6 6_3,p31m,3*3,L3
145,6,0,1,2,IIIIII,not tested,120.00 120.00 120.00 120.00 120.00 120.00,1.0000 1.0000 1.0000 1.0000 1.0000 1.0000,0 0 0 0 0 0,0 0 0 0 0 0,"1,2,3,4,5,6,7",,no (tile),,,,120.00,,1.0000,,3,yes,6_6 6_3,p31m,3*3,L3
145,6,0,1,3,IIIIII,not tested,120.00 120.00 120.00 120.00 120.00 120.00,1.0000 1.0000 1.0000 1.0000 1.0000 1.0000,0 0 0 0 0 0,0 0 0 0 0 0,"1,2,3,4,5,6,7",,no (tile),,,,120.00,,1.0000,,3,yes,6_6 6_3,p31m,3*3,L3
145,6,0,1,4,IIIIII,not tested,120.00 120.00 120.00 120.00 120.00 120.00,1.0000 1.0000 1.0000 1.0000 1.0000 1.0000,0 0 0 0 0 0,0 0 0 0 0 0,"1,2,3,4,5,6,7",,no (tile),,,,120.00,,1.0000,,3,yes,6_6 6_3,p31m,3*3,L3
145,6,0,1,5,IIIIII,not tested,120.00 120.00 120.00 120.00 120.00 120.00,1.0000 1.0000 1.0000 1.0000 1.0000 1.0000,0 0 0 0 0 0,0 0 0 0 0 0,"1,2,3,4,5,6,7",,no (tile),,,,120.00,,1.0000,,3,yes,6_6 6_3,p31m,3*3,L3
149,6,0,0,0,SSSSSS,not tested,120.00 120.00 120.00 120.00 120.00 120.00,1.0000 1.0000 1.0000 1.0000 1.0000 1.0000,0 0 0 0 0 0,0 0 0 0 0 0,"1,4,7",,no (tile),,,,120.00,,1.0000,,3,yes,6_6 6_3,p6,632,L3
149,6,0,0,1,SSSSSS,not tested,120.00 120.00 120.00 120.00 120.00 120.00,1.0000 1.0000 1.0000 1.0000 1.0000 1.0000,0 0 0 0 0 0,0 0 0 0 0 0,"1,4,7",,no (tile),,,,120.00,,1.0000,,3,yes,6_6 6_3,p6,632,L3
149,6,0,0,2,SSSSSS,not tested,120.00 120.00 120.00 120.00 120.00 120.00,1.0000 1.0000 1.0000 1.0000 1.0000 1.0000,0 0 0 0 0 0,0 0 0 0 0 0,"1,4,7",,no (tile),,,,120.00,,1.0000,,3,yes,6_6 6_3,p6,632,L3
149,6,0,0,3,SSSSSS,not tested,120.00 120.00 120.00 120.00 120.00 120.00,1.0000 1.0000 1.0000 1.0000 1.0000 1.0000,0 0 0 0 0 0,0 0 0 0 0 0,"1,4,7",,no (tile),,,,120.00,,1.0000,,3,yes,6_6 6_3,p6,632,L3
149,6,0,0,4,SSSSSS,not tested,120.00 120.00 120.00 120.00 120.00 120.00,1.0000 1.0000 1.0000 1.0000 1.0000 1.0000,0 0 0 0 0 0,0 0 0 0 0 0,"1,4,7",,no (tile),,,,120.00,,1.0000,,3,yes,6_6 6_3,p6,632,L3
149,6,0,0,5,SSSSSS,not tested,120.00 120.00 120.00 120.00 120.00 120.00,1.0000 1.0000 1.0000 1.0000 1.0000 1.0000,0 0 0 0 0 0,0 0 0 0 0 0,"1,4,7",,no (tile),,,,120.00,,1.0000,,3,yes,6_6 6_3,p6,632,L3
149,6,0,1,0,IIIIII,not tested,120.00 120.00 120.00 120.00 120.00 120.00,1.0000 1.0000 1.0000 1.0000 1.0000 1.0000,0 0 0 0 0 0,0 0 0 0 0 0,"1,2,3,4,5,6,7",,no (tile),,,,120.00,,1.0000,,3,yes,6_6 6_3,p6,632,L3
149,6,0,1,1,IIIIII,not tested,120.00 120.00 120.00 120.00 120.00 120.00,1.0000 1.0000 1.0000 1.0000 1.0000 1.0000,0 0 0 0 0 0,0 0 0 0 0 0,"1,2,3,4,5,6,7",,no (tile),,,,120.00,,1.0000,,3,yes,6_6 6_3,p6,632,L3
149,6,0,1,2,IIIIII,not tested,120.00 120.00 120.00 120.00 120.00 120.00,1.0000 1.0000 1.0000 1.0000 1.0000 1.0000,0 0 0 0 0 0,0 0 0 0 0 0,"1,2,3,4,5,6,7",,no (tile),,,,120.00,,1.0000,,3,yes,6_6 6_3,p6,632,L3
149,6,0,1,3,IIIIII,not tested,120.00 120.00 120.00 120.00 120.00 120.00,1.0000 1.0000 1.0000 1.0000 1.0000 1.0000,0 0 0 0 0 0,0 0 0 0 0 0,"1,2,3,4,5,6,7",,no (tile),,,,120.00,,1.0000,,3,yes,6_6 6_3,p6,632,L3
149,6,0,1,4,IIIIII,not tested,120.00 120.00 120.00 120.00 120.00 120.00,1.0000 1.0000 1.0000 1.0000 1.0000 1.0000,0 0 0 0 0 0,0 0 0 0 0 0,"1,2,3,4,5,6,7",,no (tile),,,,120.00,,1.0000,,3,yes,6_6 6_3,p6,632,L3
149,6,0,1,5,IIIIII,not tested,120.00 120.00 120.00 120.00 120.00 120.00,1.0000 1.0000 1.0000 1.0000 1.0000 1.0000,0 0 0 0 0 0,0 0 0 0 0 0,"1,2,3,4,5,6,7",,no (tile),,,,120.00,,1.0000,,3,yes,6_6 6_3,p6,632,L3
186,6,0,0,1,IIIIII,not tested,90.00 90.00 180.00 90.00 90.00 180.00,1.0000 1.0000 1.0000 1.0000 1.0000 1.0000,0 1 1 0 1 1,0 0 0 0 0 0,"1,2,3,4,5,6,9",,no (tile),,,,90.00,,1.0000,,3 4,yes,4_2 5_1,cmm,2*22,L3
186,6,0,0,4,IIIIII,not tested,90.00 90.00 180.00 90.00 90.00 180.00,1.0000 1.0000 1.0000 1.0000 1.0000 1.0000,0 1 1 0 1 1,0 0 0 0 0 0,"1,2,3,4,5,6,9",,no (tile),,,,90.00,,1.0000,,3 4,yes,4_2 5_1,cmm,2*22,L3
186,6,0,1,0,IIIIII,not tested,90.00 90.00 180.00 90.00 90.00 180.00,1.0000 1.0000 1.0000 1.0000 1.0000 1.0000,0 1 1 0 1 1,0 0 0 0 0 0,"1,2,3,4,5,6,9",,no (tile),,,,90.00,,1.0000,,3 4,yes,4_2 5_1,cmm,2*22,L3
186,6,0,1,3,IIIIII,not tested,90.00 90.00 180.00 90.00 90.00 180.00,1.0000 1.0000 1.0000 1.0000 1.0000 1.0000,0 1 1 0 1 1,0 0 0 0 0 0,"1,2,3,4,5,6,9",,no (tile),,,,90.00,,1.0000,,3 4,yes,4_2 5_1,cmm,2*22,L3
206,6,0,0,0,IIIIII,not tested,60.00 180.00 60.00 180.00 60.00 180.00,1.0000 1.0000 1.0000 1.0000 1.0000 1.0000,0 0 0 0 0 0,0 0 0 0 0 0,"1,2,3,5,6,8",,no (tile),,,,60.00,,1.0000,,4 6,yes,3_2 4_2,cmm,2*22,L2
206,6,0,0,4,IIIIII,not tested,60.00 180.00 60.00 180.00 60.00 180.00,1.0000 1.0000 1.0000 1.0000 1.0000 1.0000,0 0 0 0 0 0,0 0 0 0 0 0,"1,2,3,5,6,8",,no (tile),,,,60.00,,1.0000,,4 6,yes,3_2 4_2,cmm,2*22,L2
206,6,0,1,2,IIIIII,not tested,60.00 180.00 60.00 180.00 60.00 180.00,1.0000 1.0000 1.0000 1.0000 1.0000 1.0000,0 0 0 0 0 0,0 0 0 0 0 0,"1,2,3,5,6,8",,no (tile),,,,60.00,,1.0000,,4 6,yes,3_2 4_2,cmm,2*22,L2
206,6,0,1,4,IIIIII,not tested,60.00 180.00 60.00 180.00 60.00 180.00,1.0000 1.0000 1.0000 1.0000 1.0000 1.0000,0 0 0 0 0 0,0 0 0 0 0 0,"1,2,3,5,6,8",,no (tile),,,,60.00,,1.0000,,4 6,yes,3_2 4_2,cmm,2*22,L2
216,6,1,0,0,IIIIII,not tested,90.00 90.00 180.00 90.00 90.00 180.00,1.0000 1.0000 1.0000 1.0000 1.0000 1.0000,0 0 0 0 0 0,0 0 0 0 0 0,"1,2,3,4,5,6,9",,no (tile),,,,90.00,,1.0000,,3 4,yes,4_2 6_4,pmm,*2222,L3
216,6,1,0,3,IIIIII,not tested,90.00 90.00 180.00 90.00 90.00 180.00,1.0000 1.0000 1.0000 1.0000 1.0000 1.0000,0 0 0 0 0 0,0 0 0 0 0 0,"1,2,3,4,5,6,9",,no (tile),,,,90.00,,1.0000,,3 4,yes,4_2 6_4,pmm,*2222,L3
216,6,1,1,1,IIIIII,not tested,90.00 90.00 180.00 90.00 90.00 180.00,1.0000 1.0000 1.0000 1.0000 1.0000 1.0000,0 0 0 0 0 0,0 0 0 0 0 0,"1,2,3,4,5,6,9",,no (tile),,,,90.00,,1.0000,,3 4,yes,4_2 6_4,pmm,*2222,L3
216,6,1,1,4,IIIIII,not tested,90.00 90.00 180.00 90.00 90.00 180.00,1.0000 1.0000 1.0000 1.0000 1.0000 1.0000,0 0 0 0 0 0,0 0 0 0 0 0,"1,2,3,4,5,6,9",,no (tile),,,,90.00,,1.0000,,3 4,yes,4_2 6_4,pmm,*2222,L3
220,6,0,0,0,IIIIII,not tested,90.00 90.00 180.00 90.00 90.00 180.00,1.0000 1.0000 1.0000 1.0000 1.0000 1.0000,0 0 0 0 0 0,0 0 0 0 0 0,"1,2,3,4,5,6,9",,no (tile),,,,90.00,,1.0000,,3 4,yes,4_2 6_4,cmm,2*22,L3
220,6,0,0,3,IIIIII,not tested,90.00 90.00 180.00 90.00 90.00 180.00,1.0000 1.0000 1.0000 1.0000 1.0000 1.0000,0 0 0 0 0 0,0 0 0 0 0 0,"1,2,3,4,5,6,9",,no (tile),,,,90.00,,1.0000,,3 4,yes,4_2 6_4,cmm,2*22,L3
220,6,0,1,1,IIIIII,not tested,90.00 90.00 180.00 90.00 90.00 180.00,1.0000 1.0000 1.0000 1.0000 1.0000 1.0000,0 0 0 0 0 0,0 0 0 0 0 0,"1,2,3,4,5,6,9",,no (tile),,,,90.00,,1.0000,,3 4,yes,4_2 6_4,cmm,2*22,L3
220,6,0,1,4,IIIIII,not tested,90.00 90.00 180.00 90.00 90.00 180.00,1.0000 1.0000 1.0000 1.0000 1.0000 1.0000,0 0 0 0 0 0,0 0 0 0 0 0,"1,2,3,4,5,6,9",,no (tile),,,,90.00,,1.0000,,3 4,yes,4_2 6_4,cmm,2*22,L3
311,6,0,0,0,IIIIII,not tested,90.00 180.00 90.00 90.00 180.00 90.00,1.0000 1.0000 1.0000 1.0000 1.0000 1.0000,0 0 2 0 0 2,0 0 0 0 0 0,"1,2,3,4,5,6,9",,no (tile),,,,90.00,,1.0000,,3 4,yes,5_2 6_4,pmm,*2222,L3
311,6,0,0,3,IIIIII,not tested,90.00 180.00 90.00 90.00 180.00 90.00,1.0000 1.0000 1.0000 1.0000 1.0000 1.0000,0 0 2 0 0 2,0 0 0 0 0 0,"1,2,3,4,5,6,9",,no (tile),,,,90.00,,1.0000,,3 4,yes,5_2 6_4,pmm,*2222,L3
311,6,0,1,2,IIIIII,not tested,90.00 180.00 90.00 90.00 180.00 90.00,1.0000 1.0000 1.0000 1.0000 1.0000 1.0000,0 0 2 0 0 2,0 0 0 0 0 0,"1,2,3,4,5,6,9",,no (tile),,,,90.00,,1.0000,,3 4,yes,5_2 6_4,pmm,*2222,L3
311,6,0,1,5,IIIIII,not tested,90.00 180.00 90.00 90.00 180.00 90.00,1.0000 1.0000 1.0000 1.0000 1.0000 1.0000,0 0 2 0 0 2,0 0 0 0 0 0,"1,2,3,4,5,6,9",,no (tile),,,,90.00,,1.0000,,3 4,yes,5_2 6_4,pmm,*2222,L3
342,6,0,0,0,IIIIII,not tested,120.00 120.00 120.00 120.00 120.00 120.00,1.0000 1.0000 1.0000 1.0000 1.0000 1.0000,0 0 0 0 0 0,0 0 0 0 0 0,"1,2,3,4,5,6,7",,no (tile),,,,120.00,,1.0000,,3,yes,6_6 6_2,p31m,3*3,L3
342,6,0,0,1,UUUUUU,not tested,120.00 120.00 120.00 120.00 120.00 120.00,1.0000 1.0000 1.0000 1.0000 1.0000 1.0000,0 0 0 0 0 0,0 2 0 2 0 2,"3,4,7",,no (tile),,,,120.00,,1.0000,,3,yes,6_6 6_2,p31m,3*3,L3
342,6,0,0,2,IIIIII,not tested,120.00 120.00 120.00 120.00 120.00 120.00,1.0000 1.0000 1.0000 1.0000 1.0000 1.0000,0 0 0 0 0 0,0 0 0 0 0 0,"1,2,3,4,5,6,7",,no (tile),,,,120.00,,1.0000,,3,yes,6_6 6_2,p31m,3*3,L3
342,6,0,0,3,UUUUUU,not tested,120.00 120.00 120.00 120.00 120.00 120.00,1.0000 1.0000 1.0000 1.0000 1.0000 1.0000,0 0 0 0 0 0,0 2 0 2 0 2,"3,4,7",,no (tile),,,,120.00,,1.0000,,3,yes,6_6 6_2,p31m,3*3,L3
342,6,0,0,4,IIIIII,not tested,120.00 120.00 120.00 120.00 120.00 120.00,1.0000 1.0000 1.0000 1.0000 1.0000 1.0000,0 0 0 0 0 0,0 0 0 0 0 0,"1,2,3,4,5,6,7",,no (tile),,,,120.00,,1.0000,,3,yes,6_6 6_2,p31m,3*3,L3
342,6,0,0,5,UUUUUU,not tested,120.00 120.00 120.00 120.00 120.00 120.00,1.0000 1.0000 1.0000 1.0000 1.0000 1.0000,0 0 0 0 0 0,0 2 0 2 0 2,"3,4,7",,no (tile),,,,120.00,,1.0000,,3,yes,6_6 6_2,p31m,3*3,L3
342,6,0,1,0,UUUUUU,not tested,120.00 120.00 120.00 120.00 120.00 120.00,1.0000 1.0000 1.0000 1.0000 1.0000 1.0000,0 0 0 0 0 0,0 2 0 2 0 2,"3,4,7",,no (tile),,,,120.00,,1.0000,,3,yes,6_6 6_2,p31m,3*3,L3
342,6,0,1,1,IIIIII,not tested,120.00 120.00 120.00 120.00 120.00 120.00,1.0000 1.0000 1.0000 1.0000 1.0000 1.0000,0 0 0 0 0 0,0 0 0 0 0 0,"1,2,3,4,5,6,7",,no (tile),,,,120.00,,1.0000,,3,yes,6_6 6_2,p31m,3*3,L3
342,6,0,1,2,UUUUUU,not tested,120.00 120.00 120.00 120.00 120.00 120.00,1.0000 1.0000 1.0000 1.0000 1.0000 1.0000,0 0 0 0 0 0,0 2 0 2 0 2,"3,4,7",,no (tile),,,,120.00,,1.0000,,3,yes,6_6 6_2,p31m,3*3,L3
342,6,0,1,3,IIIIII,not tested,120.00 120.00 120.00 120.00 120.00 120.00,1.0000 1.0000 1.0000 1.0000 1.0000 1.0000,0 0 0 0 0 0,0 0 0 0 0 0,"1,2,3,4,5,6,7",,no (tile),,,,120.00,,1.0000,,3,yes,6_6 6_2,p31m,3*3,L3
342,6,0,1,4,UUUUUU,not tested,120.00 120.00 120.00 120.00 120.00 120.00,1.0000 1.0000 1.0000 1.0000 1.0000 1.0000,0 0 0 0 0 0,0 2 0 2 0 2,"3,4,7",,no (tile),,,,120.00,,1.0000,,3,yes,6_6 6_2,p31m,3*3,L3
342,6,0,1,5,IIIIII,not tested,120.00 120.00 120.00 120.00 120.00 120.00,1.0000 1.0000 1.0000 1.0000 1.0000 1.0000,0 0 0 0 0 0,0 0 0 0 0 0,"1,2,3,4,5,6,7",,no (tile),,,,120.00,,1.0000,,3,yes,6_6 6_2,p31m,3*3,L3
383,6,0,0,0,IIIIII,not tested,120.00 120.00 120.00 120.00 120.00 120.00,1.0000 1.0000 1.0000 1.0000 1.0000 1.0000,0 0 0 0 0 0,0 0 0 0 0 0,"1,2,3,4,5,6,7",,no (tile),,,,120.00,,1.0000,,3,yes,6_2 6_6,p3m1,*333,L3
383,6,0,0,1,IIIIII,not tested,120.00 120.00 120.00 120.00 120.00 120.00,1.0000 1.0000 1.0000 1.0000 1.0000 1.0000,0 0 0 0 0 0,0 0 0 0 0 0,"1,2,3,4,5,6,7",,no (tile),,,,120.00,,1.0000,,3,yes,6_2 6_6,p3m1,*333,L3
383,6,0,0,2,IIIIII,not tested,120.00 120.00 120.00 120.00 120.00 120.00,1.0000 1.0000 1.0000 1.0000 1.0000 1.0000,0 0 0 0 0 0,0 0 0 0 0 0,"1,2,3,4,5,6,7",,no (tile),,,,120.00,,1.0000,,3,yes,6_2 6_6,p3m1,*333,L3
383,6,0,0,3,IIIIII,not tested,120.00 120.00 120.00 120.00 120.00 120.00,1.0000 1.0000 1.0000 1.0000 1.0000 1.0000,0 0 0 0 0 0,0 0 0 0 0 0,"1,2,3,4,5,6,7",,no (tile),,,,120.00,,1.0000,,3,yes,6_2 6_6,p3m1,*333,L3
383,6,0,0,4,IIIIII,not tested,120.00 120.00 120.00 120.00 120.00 120.00,1.0000 1.0000 1.0000 1.0000 1.0000 1.0000,0 0 0 0 0 0,0 0 0 0 0 0,"1,2,3,4,5,6,7",,no (tile),,,,120.00,,1.0000,,3,yes,6_2 6_6,p3m1,*333,L3
383,6,0,0,5,IIIIII,not tested,120.00 120.00 120.00 120.00 120.00 120.00,1.0000 1.0000 1.0000 1.0000 1.0000 1.0000,0 0 0 0 0 0,0 0 0 0 0 0,"1,2,3,4,5,6,7",,no (tile),,,,120.00,,1.0000,,3,yes,6_2 6_6,p3m1,*333,L3
383,6,0,1,0,IIIIII,not tested,120.00 120.00 120.00 120.00 120.00 120.00,1.0000 1.0000 1.0000 1.0000 1.0000 1.0000,0 0 0 0 0 0,0 0 0 0 0 0,"1,2,3,4,5,6,7",,no (tile),,,,120.00,,1.0000,,3,yes,6_2 6_6,p3m1,*333,L3
383,6,0,1,1,IIIIII,not tested,120.00 120.00 120.00 120.00 120.00 120.00,1.0000 1.0000 1.0000 1.0000 1.0000 1.0000,0 0 0 0 0 0,0 0 0 0 0 0,"1,2,3,4,5,6,7",,no (tile),,,,120.00,,1.0000,,3,yes,6_2 6_6,p3m1,*333,L3
383,6,0,1,2,IIIIII,not tested,120.00 120.00 120.00 120.00 120.00 120.00,1.0000 1.0000 1.0000 1.0000 1.0000 1.0000,0 0 0 0 0 0,0 0 0 0 0 0,"1,2,3,4,5,6,7",,no (tile),,,,120.00,,1.0000,,3,yes,6_2 6_6,p3m1,*333,L3
383,6,0,1,3,IIIIII,not tested,120.00 120.00 120.00 120.00 120.00 120.00,1.0000 1.0000 1.0000 1.0000 1.0000 1.0000,0 0 0 0 0 0,0 0 0 0 0 0,"1,2,3,4,5,6,7",,no (tile),,,,120.00,,1.0000,,3,yes,6_2 6_6,p3m1,*333,L3
383,6,0,1,4,IIIIII,not tested,120.00 120.00 120.00 120.00 120.00 120.00,1.0000 1.0000 1.0000 1.0000 1.0000 1.0000,0 0 0 0 0 0,0 0 0 0 0 0,"1,2,3,4,5,6,7",,no (tile),,,,120.00,,1.0000,,3,yes,6_2 6_6,p3m1,*333,L3
383,6,0,1,5,IIIIII,not tested,120.00 120.00 120.00 120.00 120.00 120.00,1.0000 1.0000 1.0000 1.0000 1.0000 1.0000,0 0 0 0 0 0,0 0 0 0 0 0,"1,2,3,4,5,6,7",,no (tile),,,,120.00,,1.0000,,3,yes,6_2 6_6,p3m1,*333,L3
385,6,0,0,3,IIIIII,not tested,180.00 60.00 180.00 60.00 180.00 60.00,1.0000 1.0000 1.0000 1.0000 1.0000 1.0000,0 0 0 0 0 0,0 0 0 0 0 0,"1,2,3,5,6,8",,no (tile),,,,60.00,,1.0000,,4,yes,4_2 4_2,pmg,22*,L3
385,6,0,0,5,IIIIII,not tested,180.00 60.00 180.00 60.00 180.00 60.00,1.0000 1.0000 1.0000 1.0000 1.0000 1.0000,0 0 0 0 0 0,0 0 0 0 0 0,"1,2,3,5,6,8",,no (tile),,,,60.00,,1.0000,,4,yes,4_2 4_2,pmg,22*,L3
385,6,0,1,1,IIIIII,not tested,180.00 60.00 180.00 60.00 180.00 60.00,1.0000 1.0000 1.0000 1.0000 1.0000 1.0000,0 0 0 0 0 0,0 0 0 0 0 0,"1,2,3,5,6,8",,no (tile),,,,60.00,,1.0000,,4,yes,4_2 4_2,pmg,22*,L3
385,6,0,1,3,IIIIII,not tested,180.00 60.00 180.00 60.00 180.00 60.00,1.0000 1.0000 1.0000 1.0000 1.0000 1.0000,0 0 0 0 0 0,0 0 0 0 0 0,"1,2,3,5,6,8",,no (tile),,,,60.00,,1.0000,,4,yes,4_2 4_2,pmg,22*,L3
385,6,1,0,0,IIIIII,not tested,60.00 180.00 60.00 180.00 60.00 180.00,1.0000 1.0000 1.0000 1.0000 1.0000 1.0000,0 0 0 0 0 0,0 0 0 0 0 0,"1,2,3,5,6,8",,no (tile),,,,60.00,,1.0000,,4,yes,4_2 4_2,pmg,22*,L3
385,6,1,0,4,IIIIII,not tested,60.00 180.00 60.00 180.00 60.00 180.00,1.0000 1.0000 1.0000 1.0000 1.0000 1.0000,0 0 0 0 0 0,0 0 0 0 0 0,"1,2,3,5,6,8",,no (tile),,,,60.00,,1.0000,,4,yes,4_2 4_2,pmg,22*,L3
385,6,1,1,0,IIIIII,not tested,60.00 180.00 60.00 180.00 60.00 180.00,1.0000 1.0000 1.0000 1.0000 1.0000 1.0000,0 0 0 0 0 0,0 0 0 0 0 0,"1,2,3,5,6,8",,no (tile),,,,60.00,,1.0000,,4,yes,4_2 4_2,pmg,22*,L3
385,6,1,1,2,IIIIII,not tested,60.00 180.00 60.00 180.00 60.00 180.00,1.0000 1.0000 1.0000 1.0000 1.0000 1.0000,0 0 0 0 0 0,0 0 0 0 0 0,"1,2,3,5,6,8",,no (tile),,,,60.00,,1.0000,,4,yes,4_2 4_2,pmg,22*,L3
408,6,0,0,2,IIIIII,not tested,180.00 60.00 180.00 60.00 180.00 60.00,1.0000 1.0000 1.0000 1.0000 1.0000 1.0000,0 0 0 0 0 0,0 0 0 0 0 0,"1,2,3,5,6,8",,no (tile),,,,60.00,,1.0000,,4,yes,4_4 4_4,pm,1**,L2
408,6,0,0,4,IIIIII,not tested,180.00 60.00 180.00 60.00 180.00 60.00,1.0000 1.0000 1.0000 1.0000 1.0000 1.0000,0 0 0 0 0 0,0 0 0 0 0 0,"1,2,3,5,6,8",,no (tile),,,,60.00,,1.0000,,4,yes,4_4 4_4,pm,1**,L2
408,6,0,1,2,IIIIII,not tested,180.00 60.00 180.00 60.00 180.00 60.00,1.0000 1.0000 1.0000 1.0000 1.0000 1.0000,0 0 0 0 0 0,0 0 0 0 0 0,"1,2,3,5,6,8",,no (tile),,,,60.00,,1.0000,,4,yes,4_4 4_4,pm,1**,L2
408,6,0,1,4,IIIIII,not tested,180.00 60.00 180.00 60.00 180.00 60.00,1.0000 1.0000 1.0000 1.0000 1.0000 1.0000,0 0 0 0 0 0,0 0 0 0 0 0,"1,2,3,5,6,8",,no (tile),,,,60.00,,1.0000,,4,yes,4_4 4_4,pm,1**,L2
408,6,1,0,2,IIIIII,not tested,60.00 180.00 60.00 180.00 60.00 180.00,1.0000 1.0000 1.0000 1.0000 1.0000 1.0000,0 0 0 0 0 0,0 0 0 0 0 0,"1,2,3,5,6,8",,no (tile),,,,60.00,,1.0000,,4,yes,4_4 4_4,pm,1**,L2
408,6,1,0,4,IIIIII,not tested,60.00 180.00 60.00 180.00 60.00 180.00,1.0000 1.0000 1.0000 1.0000 1.0000 1.0000,0 0 0 0 0 0,0 0 0 0 0 0,"1,2,3,5,6,8",,no (tile),,,,60.00,,1.0000,,4,yes,4_4 4_4,pm,1**,L2
408,6,1,1,2,IIIIII,not tested,60.00 180.00 60.00 180.00 60.00 180.00,1.0000 1.0000 1.0000 1.0000 1.0000 1.0000,0 0 0 0 0 0,0 0 0 0 0 0,"1,2,3,5,6,8",,no (tile),,,,60.00,,1.0000,,4,yes,4_4 4_4,pm,1**,L2
408,6,1,1,4,IIIIII,not tested,60.00 180.00 60.00 180.00 60.00 180.00,1.0000 1.0000 1.0000 1.0000 1.0000 1.0000,0 0 0 0 0 0,0 0 0 0 0 0,"1,2,3,5,6,8",,no (tile),,,,60.00,,1.0000,,4,yes,4_4 4_4,pm,1**,L2
422,6,0,0,0,SSSSSS,not tested,120.00 120.00 120.00 120.00 120.00 120.00,1.0000 1.0000 1.0000 1.0000 1.0000 1.0000,0 0 0 0 0 0,0 0 0 0 0 0,"1,4,7",,no (tile),,,,120.00,,1.0000,,3,yes,6_6 6_2,p6,632,L3
422,6,0,0,1,SSSSSS,not tested,120.00 120.00 120.00 120.00 120.00 120.00,1.0000 1.0000 1.0000 1.0000 1.0000 1.0000,0 0 0 0 0 0,0 0 0 0 0 0,"1,4,7",,no (tile),,,,120.00,,1.0000,,3,yes,6_6 6_2,p6,632,L3
422,6,0,0,2,SSSSSS,not tested,120.00 120.00 120.00 120.00 120.00 120.00,1.0000 1.0000 1.0000 1.0000 1.0000 1.0000,0 0 0 0 0 0,0 0 0 0 0 0,"1,4,7",,no (tile),,,,120.00,,1.0000,,3,yes,6_6 6_2,p6,632,L3
422,6,0,0,3,SSSSSS,not tested,120.00 120.00 120.00 120.00 120.00 120.00,1.0000 1.0000 1.0000 1.0000 1.0000 1.0000,0 0 0 0 0 0,0 0 0 0 0 0,"1,4,7",,no (tile),,,,120.00,,1.0000,,3,yes,6_6 6_2,p6,632,L3
422,6,0,0,4,SSSSSS,not tested,120.00 120.00 120.00 120.00 120.00 120.00,1.0000 1.0000 1.0000 1.0000 1.0000 1.0000,0 0 0 0 0 0,0 0 0 0 0 0,"1,4,7",,no (tile),,,,120.00,,1.0000,,3,yes,6_6 6_2,p6,632,L3
422,6,0,0,5,SSSSSS,not tested,120.00 120.00 120.00 120.00 120.00 120.00,1.0000 1.0000 1.0000 1.0000 1.0000 1.0000,0 0 0 0 0 0,0 0 0 0 0 0,"1,4,7",,no (tile),,,,120.00,,1.0000,,3,yes,6_6 6_2,p6,632,L3
422,6,0,1,0,IIIIII,not tested,120.00 120.00 120.00 120.00 120.00 120.00,1.0000 1.0000 1.0000 1.0000 1.0000 1.0000,0 0 0 0 0 0,0 0 0 0 0 0,"1,2,3,4,5,6,7",,no (tile),,,,120.00,,1.0000,,3,yes,6_6 6_2,p6,632,L3
422,6,0,1,1,IIIIII,not tested,120.00 120.00 120.00 120.00 120.00 120.00,1.0000 1.0000 1.0000 1.0000 1.0000 1.0000,0 0 0 0 0 0,0 0 0 0 0 0,"1,2,3,4,5,6,7",,no (tile),,,,120.00,,1.0000,,3,yes,6_6 6_2,p6,632,L3
422,6,0,1,2,IIIIII,not tested,120.00 120.00 120.00 120.00 120.00 120.00,1.0000 1.0000 1.0000 1.0000 1.0000 1.0000,0 0 0 0 0 0,0 0 0 0 0 0,"1,2,3,4,5,6,7",,no (tile),,,,120.00,,1.0000,,3,yes,6_6 6_2,p6,632,L3
422,6,0,1,3,IIIIII,not tested,120.00 120.00 120.00 120.00 120.00 120.00,1.0000 1.0000 1.0000 1.0000 1.0000 1.0000,0 0 0 0 0 0,0 0 0 0 0 0,"1,2,3,4,5,6,7",,no (tile),,,,120.00,,1.0000,,3,yes,6_6 6_2,p6,632,L3
422,6,0,1,4,IIIIII,not tested,120.00 120.00 120.00 120.00 120.00 120.00,1.0000 1.0000 1.0000 1.0000 1.0000 1.0000,0 0 0 0 0 0,0 0 0 0 0 0,"1,2,3,4,5,6,7",,no (tile),,,,120.00,,1.0000,,3,yes,6_6 6_2,p6,632,L3
422,6,0,1,5,IIIIII,not tested,120.00 120.00 120.00 120.00 120.00 120.00,1.0000 1.0000 1.0000 1.0000 1.0000 1.0000,0 0 0 0 0 0,0 0 0 0 0 0,"1,2,3,4,5,6,7",,no (tile),,,,120.00,,1.0000,,3,yes,6_6 6_2,p6,632,L3
520,6,0,0,0,IIIIII,not tested,90.00 180.00 90.00 90.00 180.00 90.00,1.0000 1.0000 1.0000 1.0000 1.0000 1.0000,0 0 2 0 0 2,0 0 0 0 0 0,"1,2,3,4,5,6,9",,no (tile),,,,90.00,,1.0000,,3 4,yes,4_1 5_1,cmm,2*22,L3
520,6,0,1,2,IIIIII,not tested,90.00 180.00 90.00 90.00 180.00 90.00,1.0000 1.0000 1.0000 1.0000 1.0000 1.0000,0 0 2 0 0 2,0 0 0 0 0 0,"1,2,3,4,5,6,9",,no (tile),,,,90.00,,1.0000,,3 4,yes,4_1 5_1,cmm,2*22,L3
527,6,0,0,2,IIIIII,not tested,90.00 180.00 90.00 90.00 180.00 90.00,1.0000 1.0000 1.0000 1.0000 1.0000 1.0000,0 0 0 0 0 0,0 0 0 0 0 0,"1,2,3,4,5,6,9",,no (tile),,,,90.00,,1.0000,,3 4,yes,4_2 5_2,cmm,2*22,L3
527,6,0,0,5,IIIIII,not tested,90.00 180.00 90.00 90.00 180.00 90.00,1.0000 1.0000 1.0000 1.0000 1.0000 1.0000,0 0 0 0 0 0,0 0 0 0 0 0,"1,2,3,4,5,6,9",,no (tile),,,,90.00,,1.0000,,3 4,yes,4_2 5_2,cmm,2*22,L3
527,6,0,1,0,IIIIII,not tested,90.00 180.00 90.00 90.00 180.00 90.00,1.0000 1.0000 1.0000 1.0000 1.0000 1.0000,0 0 0 0 0 0,0 0 0 0 0 0,"1,2,3,4,5,6,9",,no (tile),,,,90.00,,1.0000,,3 4,yes,4_2 5_2,cmm,2*22,L3
527,6,0,1,3,IIIIII,not tested,90.00 180.00 90.00 90.00 180.00 90.00,1.0000 1.0000 1.0000 1.0000 1.0000 1.0000,0 0 0 0 0 0,0 0 0 0 0 0,"1,2,3,4,5,6,9",,no (tile),,,,90.00,,1.0000,,3 4,yes,4_2 5_2,cmm,2*22,L3
558,6,0,0,0,IIIIII,not tested,120.00 120.00 120.00 120.00 120.00 120.00,1.0000 1.0000 1.0000 1.0000 1.0000 1.0000,0 0 0 0 0 0,0 0 0 0 0 0,"1,2,3,4,5,6,7",,no (tile),,,,120.00,,1.0000,,3,yes,6_4 6_2,cmm,2*22,L3
558,6,0,0,1,ISSISS,not tested,120.00 120.00 120.00 120.00 120.00 120.00,1.0000 1.0000 1.0000 1.0000 1.0000 1.0000,0 1 1 0 1 1,0 0 1 0 0 1,"1,2,3,4,5,6",,no (tile),,,,120.00,,1.0000,,3,yes,6_4 6_2,cmm,2*22,L3
558,6,0,0,2,IIIIII,not tested,120.00 120.00 120.00 120.00 120.00 120.00,1.0000 1.0000 1.0000 1.0000 1.0000 1.0000,0 0 0 0 0 0,0 0 0 0 0 0,"1,2,3,4,5,6,7",,no (tile),,,,120.00,,1.0000,,3,yes,6_4 6_2,cmm,2*22,L3
558,6,0,0,3,IIIIII,not tested,120.00 120.00 120.00 120.00 120.00 120.00,1.0000 1.0000 1.0000 1.0000 1.0000 1.0000,0 0 0 0 0 0,0 0 0 0 0 0,"1,2,3,4,5,6,7",,no (tile),,,,120.00,,1.0000,,3,yes,6_4 6_2,cmm,2*22,L3
558,6,0,0,4,ISSISS,not tested,120.00 120.00 120.00 120.00 120.00 120.00,1.0000 1.0000 1.0000 1.0000 1.0000 1.0000,0 1 1 0 1 1,0 0 1 0 0 1,"1,2,3,4,5,6",,no (tile),,,,120.00,,1.0000,,3,yes,6_4 6_2,cmm,2*22,L3
558,6,0,0,5,IIIIII,not tested,120.00 120.00 120.00 120.00 120.00 120.00,1.0000 1.0000 1.0000 1.0000 1.0000 1.0000,0 0 0 0 0 0,0 0 0 0 0 0,"1,2,3,4,5,6,7",,no (tile),,,,120.00,,1.0000,,3,yes,6_4 6_2,cmm,2*22,L3
558,6,0,1,0,ISSISS,not tested,120.00 120.00 120.00 120.00 120.00 120.00,1.0000 1.0000 1.0000 1.0000 1.0000 1.0000,0 1 1 0 1 1,0 0 1 0 0 1,"1,2,3,4,5,6",,no (tile),,,,120.00,,1.0000,,3,yes,6_4 6_2,cmm,2*22,L3
558,6,0,1,1,IIIIII,not tested,120.00 120.00 120.00 120.00 120.00 120.00,1.0000 1.0000 1.0000 1.0000 1.0000 1.0000,0 0 0 0 0 0,0 0 0 0 0 0,"1,2,3,4,5,6,7",,no (tile),,,,120.00,,1.0000,,3,yes,6_4 6_2,cmm,2*22,L3
558,6,0,1,2,IIIIII,not tested,120.00 120.00 120.00 120.00 120.00 120.00,1.0000 1.0000 1.0000 1.0000 1.0000 1.0000,0 0 0 0 0 0,0 0 0 0 0 0,"1,2,3,4,5,6,7",,no (tile),,,,120.00,,1.0000,,3,yes,6_4 6_2,cmm,2*22,L3
558,6,0,1,3,ISSISS,not tested,120.00 120.00 120.00 120.00 120.00 120.00,1.0000 1.0000 1.0000 1.0000 1.0000 1.0000,0 1 1 0 1 1,0 0 1 0 0 1,"1,2,3,4,5,6",,no (tile),,,,120.00,,1.0000,,3,yes,6_4 6_2,cmm,2*22,L3
558,6,0,1,4,IIIIII,not tested,120.00 120.00 120.00 120.00 120.00 120.00,1.0000 1.0000 1.0000 1.0000 1.0000 1.0000,0 0 0 0 0 0,0 0 0 0 0 0,"1,2,3,4,5,6,7",,no (tile),,,,120.00,,1.0000,,3,yes,6_4 6_2,cmm,2*22,L3
558,6,0,1,5,IIIIII,not tested,120.00 120.00 120.00 120.00 120.00 120.00,1.0000 1.0000 1.0000 1.0000 1.0000 1.0000,0 0 0 0 0 0,0 0 0 0 0 0,"1,2,3,4,5,6,7",,no (tile),,,,120.00,,1.0000,,3,yes,6_4 6_2,cmm,2*22,L3
623,6,0,0,0,IIIIII,not tested,120.00 120.00 120.00 120.00 120.00 120.00,1.0000 1.0000 1.0000 1.0000 1.0000 1.0000,0 0 0 0 0 0,0 0 0 0 0 0,"1,2,3,4,5,6,7",,no (tile),,,,120.00,,1.0000,,3,yes,6_3 6_6,cmm,2*22,L3
623,6,0,0,1,ISSISS,not tested,120.00 120.00 120.00 120.00 120.00 120.00,1.0000 1.0000 1.0000 1.0000 1.0000 1.0000,0 1 1 0 1 1,0 0 1 0 0 1,"1,2,3,4,5,6",,no (tile),,,,120.00,,1.0000,,3,yes,6_3 6_6,cmm,2*22,L3
623,6,0,0,2,IIIIII,not tested,120.00 120.00 120.00 120.00 120.00 120.00,1.0000 1.0000 1.0000 1.0000 1.0000 1.0000,0 0 0 0 0 0,0 0 0 0 0 0,"1,2,3,4,5,6,7",,no (tile),,,,120.00,,1.0000,,3,yes,6_3 6_6,cmm,2*22,L3
623,6,0,0,3,IIIIII,not tested,120.00 120.00 120.00 120.00 120.00 120.00,1.0000 1.0000 1.0000 1.0000 1.0000 1.0000,0 0 0 0 0 0,0 0 0 0 0 0,"1,2,3,4,5,6,7",,no (tile),,,,120.00,,1.0000,,3,yes,6_3 6_6,cmm,2*22,L3
623,6,0,0,4,ISSISS,not tested,120.00 120.00 120.00 120.00 120.00 120.00,1.0000 1.0000 1.0000 1.0000 1.0000 1.0000,0 1 1 0 1 1,0 0 1 0 0 1,"1,2,3,4,5,6",,no (tile),,,,120.00,,1.0000,,3,yes,6_3 6_6,cmm,2*22,L3
623,6,0,0,5,IIIIII,not tested,120.00 120.00 120.00 120.00 120.00 120.00,1.0000 1.0000 1.0000 1.0000 1.0000 1.0000,0 0 0 0 0 0,0 0 0 0 0 0,"1,2,3,4,5,6,7",,no (tile),,,,120.00,,1.0000,,3,yes,6_3 6_6,cmm,2*22,L3
623,6,0,1,0,ISSISS,not tested,120.00 120.00 120.00 120.00 120.00 120.00,1.0000 1.0000 1.0000 1.0000 1.0000 1.0000,0 1 1 0 1 1,0 0 1 0 0 1,"1,2,3,4,5,6",,no (tile),,,,120.00,,1.0000,,3,yes,6_3 6_6,cmm,2*22,L3
623,6,0,1,1,IIIIII,not tested,120.00 120.00 120.00 120.00 120.00 120.00,1.0000 1.0000 1.0000 1.0000 1.0000 1.0000,0 0 0 0 0 0,0 0 0 0 0 0,"1,2,3,4,5,6,7",,no (tile),,,,120.00,,1.0000,,3,yes,6_3 6_6,cmm,2*22,L3
623,6,0,1,2,IIIIII,not tested,120.00 120.00 120.00 120.00 120.00 120.00,1.0000 1.0000 1.0000 1.0000 1.0000 1.0000,0 0 0 0 0 0,0 0 0 0 0 0,"1,2,3,4,5,6,7",,no (tile),,,,120.00,,1.0000,,3,yes,6_3 6_6,cmm,2*22,L3
623,6,0,1,3,ISSISS,not tested,120.00 120.00 120.00 120.00 120.00 120.00,1.0000 1.0000 1.0000 1.0000 1.0000 1.0000,0 1 1 0 1 1,0 0 1 0 0 1,"1,2,3,4,5,6",,no (tile),,,,120.00,,1.0000,,3,yes,6_3 6_6,cmm,2*22,L3
623,6,0,1,4,IIIIII,not tested,120.00 120.00 120.00 120.00 120.00 120.00,1.0000 1.0000 1.0000 1.0000 1.0000 1.0000,0 0 0 0 0 0,0 0 0 0 0 0,"1,2,3,4,5,6,7",,no (tile),,,,120.00,,1.0000,,3,yes,6_3 6_6,cmm,2*22,L3
623,6,0,1,5,IIIIII,not tested,120.00 120.00 120.00 120.00 120.00 120.00,1.0000 1.0000 1.0000 1.0000 1.0000 1.0000,0 0 0 0 0 0,0 0 0 0 0 0,"1,2,3,4,5,6,7",,no (tile),,,,120.00,,1.0000,,3,yes,6_3 6_6,cmm,2*22,L3
844,6,0,0,0,IIIIII,not tested,90.00 180.00 90.00 90.00 180.00 90.00,1.0000 1.0000 1.0000 1.0000 1.0000 1.0000,0 0 2 0 0 2,0 0 0 0 0 0,"1,2,3,4,5,6,9",,no (tile),,,,90.00,,1.0000,,3 4,yes,5_2 5_2,pmm,*2222,L2
844,6,0,1,2,IIIIII,not tested,90.00 180.00 90.00 90.00 180.00 90.00,1.0000 1.0000 1.0000 1.0000 1.0000 1.0000,0 0 2 0 0 2,0 0 0 0 0 0,"1,2,3,4,5,6,9",,no (tile),,,,90.00,,1.0000,,3 4,yes,5_2 5_2,pmm,*2222,L2
877,6,1,0,0,IIIIII,not tested,90.00 180.00 90.00 90.00 180.00 90.00,1.0000 1.0000 1.0000 1.0000 1.0000 1.0000,0 0 0 3 3 0,0 0 0 0 0 0,"1,2,3,4,5,6,9",,no (tile),,,,90.00,,1.0000,,3 4,yes,4_2 6_2,cmm,2*22,L3
877,6,1,0,3,IIIIII,not tested,90.00 180.00 90.00 90.00 180.00 90.00,1.0000 1.0000 1.0000 1.0000 1.0000 1.0000,0 0 2 2 2 2,0 0 0 0 0 0,"1,2,3,4,5,6,9",,no (tile),,,,90.00,,1.0000,,3 4,yes,4_2 6_2,cmm,2*22,L3
877,6,1,1,2,IIIIII,not tested,90.00 180.00 90.00 90.00 180.00 90.00,1.0000 1.0000 1.0000 1.0000 1.0000 1.0000,0 0 0 3 3 0,0 0 0 0 0 0,"1,2,3,4,5,6,9",,no (tile),,,,90.00,,1.0000,,3 4,yes,4_2 6_2,cmm,2*22,L3
877,6,1,1,5,IIIIII,not tested,90.00 180.00 90.00 90.00 180.00 90.00,1.0000 1.0000 1.0000 1.0000 1.0000 1.0000,0 0 2 2 2 2,0 0 0 0 0 0,"1,2,3,4,5,6,9",,no (tile),,,,90.00,,1.0000,,3 4,yes,4_2 6_2,cmm,2*22,L3
880,6,0,0,0,IIIIII,not tested,90.00 180.00 90.00 90.00 180.00 90.00,1.0000 1.0000 1.0000 1.0000 1.0000 1.0000,0 0 0 0 0 0,0 0 0 0 0 0,"1,2,3,4,5,6,9",,no (tile),,,,90.00,,1.0000,,3 4,yes,5_4 5_4,cmm,2*22,L2
880,6,0,1,2,IIIIII,not tested,90.00 180.00 90.00 90.00 180.00 90.00,1.0000 1.0000 1.0000 1.0000 1.0000 1.0000,0 0 0 0 0 0,0 0 0 0 0 0,"1,2,3,4,5,6,9",,no (tile),,,,90.00,,1.0000,,3 4,yes,5_4 5_4,cmm,2*22,L2
887,6,0,0,3,IIISIS,not tested,37.31 180.00 180.00 37.31 142.69 142.69,1.0000 1.2151 1.0000 1.2572 1.2151 1.2572,0 1 0 3 1 3,0 0 0 0 0 1,"1,5,6",,no (tile),,,,37.31,,0.7954,,3 4,yes,4_3 6_3,cmm,2*22,L2
887,6,0,1,0,IIISIS,not tested,37.31 180.00 180.00 37.31 142.69 142.69,1.0000 1.2151 1.0000 1.2572 1.2151 1.2572,0 1 0 3 1 3,0 0 0 0 0 1,"1,5,6",,no (tile),,,,37.31,,0.7954,,3 4,yes,4_3 6_3,cmm,2*22,L2
973,6,0,0,3,SSISSI,not tested,83.59 192.83 83.59 96.41 167.17 96.41,1.0000 1.0000 0.9560 1.0000 1.0000 0.9560,0 0 2 0 0 2,0 1 0 1 0 0,"1,2,3,4,5,6",,no (tile),,,,83.59,,0.9560,,3 4,yes,5_1 5_1,pmg,22*,L2
973,6,0,1,5,SSISSI,not tested,83.59 192.83 83.59 96.41 167.17 96.41,1.0000 1.0000 0.9560 1.0000 1.0000 0.9560,0 0 2 0 0 2,0 1 0 1 0 0,"1,2,3,4,5,6",,no (tile),,,,83.59,,0.9560,,3 4,yes,5_1 5_1,pmg,22*,L2
974,6,0,0,3,UUIUUI,not tested,90.00 180.00 90.00 90.00 180.00 90.00,1.0000 1.0000 1.4735 1.0000 1.0000 1.4735,0 0 2 0 0 2,0 0 0 2 2 0,"1,4,5,6",,no (tile),,,,90.00,,0.6787,,3 4,yes,5_3 5_3,cm,1*x,L2
974,6,0,1,5,UUIUUI,not tested,90.00 180.00 90.00 90.00 180.00 90.00,1.0000 1.0000 1.4735 1.0000 1.0000 1.4735,0 0 2 0 0 2,0 0 0 2 2 0,"1,4,5,6",,no (tile),,,,90.00,,0.6787,,3 4,yes,5_3 5_3,cm,1*x,L2
1066,6,0,0,1,IIIIII,not tested,180.00 90.00 90.00 180.00 90.00 90.00,1.0000 1.0000 1.0000 1.0000 1.0000 1.0000,0 0 0 0 0 0,0 0 0 0 0 0,"1,2,3,4,5,6,9",,no (tile),,,,90.00,,1.0000,,3 4,yes,4_2 6_2,pmg,22*,L3
1066,6,0,0,4,IIIIII,not tested,180.00 90.00 90.00 180.00 90.00 90.00,1.0000 1.0000 1.0000 1.0000 1.0000 1.0000,0 0 0 0 0 0,0 0 0 0 0 0,"1,2,3,4,5,6,9",,no (tile),,,,90.00,,1.0000,,3 4,yes,4_2 6_2,pmg,22*,L3
1066,6,0,1,2,IIIIII,not tested,180.00 90.00 90.00 180.00 90.00 90.00,1.0000 1.0000 1.0000 1.0000 1.0000 1.0000,0 0 0 0 0 0,0 0 0 0 0 0,"1,2,3,4,5,6,9",,no (tile),,,,90.00,,1.0000,,3 4,yes,4_2 6_2,pmg,22*,L3
1066,6,0,1,5,IIIIII,not tested,180.00 90.00 90.00 180.00 90.00 90.00,1.0000 1.0000 1.0000 1.0000 1.0000 1.0000,0 0 0 0 0 0,0 0 0 0 0 0,"1,2,3,4,5,6,9",,no (tile),,,,90.00,,1.0000,,3 4,yes,4_2 6_2,pmg,22*,L3
1344,6,0,0,0,IIIIII,not tested,90.00 180.00 90.00 90.00 180.00 90.00,1.0000 1.0000 1.0000 1.0000 1.0000 1.0000,0 0 2 0 0 2,0 0 0 0 0 0,"1,2,3,4,5,6,9",,no (tile),,,,90.00,,1.0000,,3 4,yes,5_2 6_2,cmm,2*22,L3
1344,6,0,0,3,IIISSI,not tested,90.00 180.00 90.00 108.00 144.00 108.00,1.0000 1.0000 1.0000 1.0515 1.0515 1.0000,0 0 2 3 3 2,0 0 0 0 1 0,"1,2,3",,no (tile),,,,90.00,,0.9511,,3 4,yes,5_2 6_2,cmm,2*22,L3
1344,6,0,1,2,IIIIII,not tested,90.00 180.00 90.00 90.00 180.00 90.00,1.0000 1.0000 1.0000 1.0000 1.0000 1.0000,0 0 2 0 0 2,0 0 0 0 0 0,"1,2,3,4,5,6,9",,no (tile),,,,90.00,,1.0000,,3 4,yes,5_2 6_2,cmm,2*22,L3
1344,6,0,1,5,IIISSI,not tested,90.00 180.00 90.00 108.00 144.00 108.00,1.0000 1.0000 1.0000 1.0515 1.0515 1.0000,0 0 2 3 3 2,0 0 0 0 1 0,"1,2,3",,no (tile),,,,90.00,,0.9511,,3 4,yes,5_2 6_2,cmm,2*22,L3
1512,6,3,0,0,IIIIII,not tested,90.00 90.00 180.00 90.00 90.00 180.00,1.0000 1.0000 1.0000 1.0000 1.0000 1.0000,0 0 0 0 0 0,0 0 0 0 0 0,"1,2,3,4,5,6,9",,no (tile),,,,90.00,,1.0000,,3 4,yes,4_1 6_4,pmm,*2222,L3
1512,6,3,0,3,IIIIII,not tested,90.00 90.00 180.00 90.00 90.00 180.00,1.0000 1.0000 1.0000 1.0000 1.0000 1.0000,0 0 0 0 0 0,0 0 0 0 0 0,"1,2,3,4,5,6,9",,no (tile),,,,90.00,,1.0000,,3 4,yes,4_1 6_4,pmm,*2222,L3
1512,6,3,1,1,IIIIII,not tested,90.00 90.00 180.00 90.00 90.00 180.00,1.0000 1.0000 1.0000 1.0000 1.0000 1.0000,0 0 0 0 0 0,0 0 0 0 0 0,"1,2,3,4,5,6,9",,no (tile),,,,90.00,,1.0000,,3 4,yes,4_1 6_4,pmm,*2222,L3
1512,6,3,1,4,IIIIII,not tested,90.00 90.00 180.00 90.00 90.00 180.00,1.0000 1.0000 1.0000 1.0000 1.0000 1.0000,0 0 0 0 0 0,0 0 0 0 0 0,"1,2,3,4,5,6,9",,no (tile),,,,90.00,,1.0000,,3 4,yes,4_1 6_4,pmm,*2222,L3
1516,6,3,0,0,IIIIII,not tested,90.00 90.00 180.00 90.00 90.00 180.00,1.0000 1.0000 1.0000 1.0000 1.0000 1.0000,0 0 0 0 0 0,0 0 0 0 0 0,"1,2,3,4,5,6,9",,no (tile),,,,90.00,,1.0000,,3 4,yes,4_1 6_4,cmm,2*22,L3
1516,6,3,0,3,IIIIII,not tested,90.00 90.00 180.00 90.00 90.00 180.00,1.0000 1.0000 1.0000 1.0000 1.0000 1.0000,0 0 0 0 0 0,0 0 0 0 0 0,"1,2,3,4,5,6,9",,no (tile),,,,90.00,,1.0000,,3 4,yes,4_1 6_4,cmm,2*22,L3
1516,6,3,1,1,IIIIII,not tested,90.00 90.00 180.00 90.00 90.00 180.00,1.0000 1.0000 1.0000 1.0000 1.0000 1.0000,0 0 0 0 0 0,0 0 0 0 0 0,"1,2,3,4,5,6,9",,no (tile),,,,90.00,,1.0000,,3 4,yes,4_1 6_4,cmm,2*22,L3
1516,6,3,1,4,IIIIII,not tested,90.00 90.00 180.00 90.00 90.00 180.00,1.0000 1.0000 1.0000 1.0000 1.0000 1.0000,0 0 0 0 0 0,0 0 0 0 0 0,"1,2,3,4,5,6,9",,no (tile),,,,90.00,,1.0000,,3 4,yes,4_1 6_4,cmm,2*22,L3
1637,6,0,0,0,IIIIII,not tested,90.00 180.00 90.00 135.00 90.00 135.00,1.0000 1.0000 1.0000 1.4142 1.4142 1.0000,0 0 0 3 3 0,0 0 0 0 0 0,"1,2,3",,no (tile),,,,90.00,,0.7071,,3 4,yes,5_4 6_4,cmm,2*22,L3
1637,6,0,1,2,IIIIII,not tested,90.00 180.00 90.00 135.00 90.00 135.00,1.0000 1.0000 1.0000 1.4142 1.4142 1.0000,0 0 0 3 3 0,0 0 0 0 0 0,"1,2,3",,no (tile),,,,90.00,,0.7071,,3 4,yes,5_4 6_4,cmm,2*22,L3
2425,6,0,0,0,IIIIII,not tested,120.00 120.00 120.00 120.00 120.00 120.00,1.0000 1.0000 1.0000 1.0000 1.0000 1.0000,0 0 0 0 0 0,0 0 0 0 0 0,"1,2,3,4,5,6,7",,no (tile),,,,120.00,,1.0000,,3,yes,6_4 6_4,cmm,2*22,L3
2425,6,0,0,1,ISSISS,not tested,120.00 120.00 120.00 120.00 120.00 120.00,1.0000 1.0000 1.0000 1.0000 1.0000 1.0000,0 1 1 0 1 1,0 0 1 0 0 1,"1,2,3,4,5,6",,no (tile),,,,120.00,,1.0000,,3,yes,6_4 6_4,cmm,2*22,L3
2425,6,0,0,2,IIIIII,not tested,120.00 120.00 120.00 120.00 120.00 120.00,1.0000 1.0000 1.0000 1.0000 1.0000 1.0000,0 0 0 0 0 0,0 0 0 0 0 0,"1,2,3,4,5,6,7",,no (tile),,,,120.00,,1.0000,,3,yes,6_4 6_4,cmm,2*22,L3
2425,6,0,0,3,IIIIII,not tested,120.00 120.00 120.00 120.00 120.00 120.00,1.0000 1.0000 1.0000 1.0000 1.0000 1.0000,0 0 0 0 0 0,0 0 0 0 0 0,"1,2,3,4,5,6,7",,no (tile),,,,120.00,,1.0000,,3,yes,6_4 6_4,cmm,2*22,L3
2425,6,0,0,4,ISSISS,not tested,120.00 120.00 120.00 120.00 120.00 120.00,1.0000 1.0000 1.0000 1.0000 1.0000 1.0000,0 1 1 0 1 1,0 0 1 0 0 1,"1,2,3,4,5,6",,no (tile),,,,120.00,,1.0000,,3,yes,6_4 6_4,cmm,2*22,L3
2425,6,0,0,5,IIIIII,not tested,120.00 120.00 120.00 120.00 120.00 120.00,1.0000 1.0000 1.0000 1.0000 1.0000 1.0000,0 0 0 0 0 0,0 0 0 0 0 0,"1,2,3,4,5,6,7",,no (tile),,,,120.00,,1.0000,,3,yes,6_4 6_4,cmm,2*22,L3
2425,6,0,1,0,ISSISS,not tested,120.00 120.00 120.00 120.00 120.00 120.00,1.0000 1.0000 1.0000 1.0000 1.0000 1.0000,0 1 1 0 1 1,0 0 1 0 0 1,"1,2,3,4,5,6",,no (tile),,,,120.00,,1.0000,,3,yes,6_4 6_4,cmm,2*22,L3
2425,6,0,1,1,IIIIII,not tested,120.00 120.00 120.00 120.00 120.00 120.00,1.0000 1.0000 1.0000 1.0000 1.0000 1.0000,0 0 0 0 0 0,0 0 0 0 0 0,"1,2,3,4,5,6,7",,no (tile),,,,120.00,,1.0000,,3,yes,6_4 6_4,cmm,2*22,L3
2425,6,0,1,2,IIIIII,not tested,120.00 120.00 120.00 120.00 120.00 120.00,1.0000 1.0000 1.0000 1.0000 1.0000 1.0000,0 0 0 0 0 0,0 0 0 0 0 0,"1,2,3,4,5,6,7",,no (tile),,,,120.00,,1.0000,,3,yes,6_4 6_4,cmm,2*22,L3
2425,6,0,1,3,ISSISS,not tested,120.00 120.00 120.00 120.00 120.00 120.00,1.0000 1.0000 1.0000 1.0000 1.0000 1.0000,0 1 1 0 1 1,0 0 1 0 0 1,"1,2,3,4,5,6",,no (tile),,,,120.00,,1.0000,,3,yes,6_4 6_4,cmm,2*22,L3
2425,6,0,1,4,IIIIII,not tested,120.00 120.00 120.00 120.00 120.00 120.00,1.0000 1.0000 1.0000 1.0000 1.0000 1.0000,0 0 0 0 0 0,0 0 0 0 0 0,"1,2,3,4,5,6,7",,no (tile),,,,120.00,,1.0000,,3,yes,6_4 6_4,cmm,2*22,L3
2425,6,0,1,5,IIIIII,not tested,120.00 120.00 120.00 120.00 120.00 120.00,1.0000 1.0000 1.0000 1.0000 1.0000 1.0000,0 0 0 0 0 0,0 0 0 0 0 0,"1,2,3,4,5,6,7",,no (tile),,,,120.00,,1.0000,,3,yes,6_4 6_4,cmm,2*22,L3
2697,6,0,0,0,ISSISS,not tested,120.00 120.00 120.00 120.00 120.00 120.00,1.0000 1.0000 1.0000 1.0000 1.0000 1.0000,0 1 1 3 1 1,0 0 1 0 0 1,"1,2,3,4,5,6",,no (tile),,,,120.00,,1.0000,,3,yes,6_4 6_4,pmg,22*,L2
2697,6,0,0,1,IIIIII,not tested,120.00 120.00 120.00 120.00 120.00 120.00,1.0000 1.0000 1.0000 1.0000 1.0000 1.0000,0 0 0 0 0 0,0 0 0 0 0 0,"1,2,3,4,5,6,7",,no (tile),,,,120.00,,1.0000,,3,yes,6_4 6_4,pmg,22*,L2
2697,6,0,0,2,IIIIII,not tested,120.00 120.00 120.00 120.00 120.00 120.00,1.0000 1.0000 1.0000 1.0000 1.0000 1.0000,0 0 0 0 0 0,0 0 0 0 0 0,"1,2,3,4,5,6,7",,no (tile),,,,120.00,,1.0000,,3,yes,6_4 6_4,pmg,22*,L2
2697,6,0,0,3,USSUSS,not tested,120.00 120.00 120.00 120.00 120.00 120.00,1.0000 1.0000 1.0000 1.0000 1.0000 1.0000,0 1 2 0 2 1,0 0 0 2 1 1,"1,5,6",,no (tile),,,,120.00,,1.0000,,3,yes,6_4 6_4,pmg,22*,L2
2697,6,0,0,4,IIIIII,not tested,120.00 120.00 120.00 120.00 120.00 120.00,1.0000 1.0000 1.0000 1.0000 1.0000 1.0000,0 0 0 0 0 0,0 0 0 0 0 0,"1,2,3,4,5,6,7",,no (tile),,,,120.00,,1.0000,,3,yes,6_4 6_4,pmg,22*,L2
2697,6,0,0,5,IIIIII,not tested,120.00 120.00 120.00 120.00 120.00 120.00,1.0000 1.0000 1.0000 1.0000 1.0000 1.0000,0 0 0 0 0 0,0 0 0 0 0 0,"1,2,3,4,5,6,7",,no (tile),,,,120.00,,1.0000,,3,yes,6_4 6_4,pmg,22*,L2
2697,6,0,1,0,IIIIII,not tested,120.00 120.00 120.00 120.00 120.00 120.00,1.0000 1.0000 1.0000 1.0000 1.0000 1.0000,0 0 0 0 0 0,0 0 0 0 0 0,"1,2,3,4,5,6,7",,no (tile),,,,120.00,,1.0000,,3,yes,6_4 6_4,pmg,22*,L2
2697,6,0,1,1,ISSISS,not tested,120.00 120.00 120.00 120.00 120.00 120.00,1.0000 1.0000 1.0000 1.0000 1.0000 1.0000,0 1 1 3 1 1,0 0 1 0 0 1,"1,2,3,4,5,6",,no (tile),,,,120.00,,1.0000,,3,yes,6_4 6_4,pmg,22*,L2
2697,6,0,1,2,IIIIII,not tested,120.00 120.00 120.00 120.00 120.00 120.00,1.0000 1.0000 1.0000 1.0000 1.0000 1.0000,0 0 0 0 0 0,0 0 0 0 0 0,"1,2,3,4,5,6,7",,no (tile),,,,120.00,,1.0000,,3,yes,6_4 6_4,pmg,22*,L2
2697,6,0,1,3,IIIIII,not tested,120.00 120.00 120.00 120.00 120.00 120.00,1.0000 1.0000 1.0000 1.0000 1.0000 1.0000,0 0 0 0 0 0,0 0 0 0 0 0,"1,2,3,4,5,6,7",,no (tile),,,,120.00,,1.0000,,3,yes,6_4 6_4,pmg,22*,L2
2697,6,0,1,4,USSUSS,not tested,120.00 120.00 120.00 120.00 120.00 120.00,1.0000 1.0000 1.0000 1.0000 1.0000 1.0000,0 1 2 0 2 1,0 0 0 2 1 1,"1,5,6",,no (tile),,,,120.00,,1.0000,,3,yes,6_4 6_4,pmg,22*,L2
2697,6,0,1,5,IIIIII,not tested,120.00 120.00 120.00 120.00 120.00 120.00,1.0000 1.0000 1.0000 1.0000 1.0000 1.0000,0 0 0 0 0 0,0 0 0 0 0 0,"1,2,3,4,5,6,7",,no (tile),,,,120.00,,1.0000,,3,yes,6_4 6_4,pmg,22*,L2
2871,6,0,0,0,UUUUUU,not tested,120.00 120.00 120.00 120.00 120.00 120.00,1.0000 1.0000 1.0000 1.0000 1.0000 1.0000,0 0 0 0 0 0,0 2 0 2 0 2,"3,4,7",,no (tile),,,,120.00,,1.0000,,3,yes,6_4 6_4,pm,1**,L3
2871,6,0,0,1,USSUSS,not tested,120.00 120.00 120.00 120.00 120.00 120.00,1.0000 1.0000 1.0000 1.0000 1.0000 1.0000,0 1 2 0 2 1,0 0 0 2 1 1,"1,5,6",,no (tile),,,,120.00,,1.0000,,3,yes,6_4 6_4,pm,1**,L3
2871,6,0,0,2,UUUUUU,not tested,120.00 120.00 120.00 120.00 120.00 120.00,1.0000 1.0000 1.0000 1.0000 1.0000 1.0000,0 0 0 0 0 0,0 2 0 2 0 2,"3,4,7",,no (tile),,,,120.00,,1.0000,,3,yes,6_4 6_4,pm,1**,L3
2871,6,0,0,3,IIIIII,not tested,120.00 120.00 120.00 120.00 120.00 120.00,1.0000 1.0000 1.0000 1.0000 1.0000 1.0000,0 0 0 0 0 0,0 0 0 0 0 0,"1,2,3,4,5,6,7",,no (tile),,,,120.00,,1.0000,,3,yes,6_4 6_4,pm,1**,L3
2871,6,0,0,4,UJJUJJ,not tested,120.00 120.00 120.00 120.00 120.00 120.00,1.0000 1.0000 1.0000 1.0000 1.0000 1.0000,0 1 1 0 1 1,0 0 2 2 3 1,"3,4",,no (tile),,,,120.00,,1.0000,,3,yes,6_4 6_4,pm,1**,L3
2871,6,0,0,5,IIIIII,not tested,120.00 120.00 120.00 120.00 120.00 120.00,1.0000 1.0000 1.0000 1.0000 1.0000 1.0000,0 0 0 0 0 0,0 0 0 0 0 0,"1,2,3,4,5,6,7",,no (tile),,,,120.00,,1.0000,,3,yes,6_4 6_4,pm,1**,L3
2871,6,0,1,0,USSUSS,not tested,120.00 120.00 120.00 120.00 120.00 120.00,1.0000 1.0000 1.0000 1.0000 1.0000 1.0000,0 1 2 0 2 1,0 0 0 2 1 1,"1,5,6",,no (tile),,,,120.00,,1.0000,,3,yes,6_4 6_4,pm,1**,L3
2871,6,0,1,1,UUUUUU,not tested,120.00 120.00 120.00 120.00 120.00 120.00,1.0000 1.0000 1.0000 1.0000 1.0000 1.0000,0 0 0 0 0 0,0 2 0 2 0 2,"3,4,7",,no (tile),,,,120.00,,1.0000,,3,yes,6_4 6_4,pm,1**,L3
2871,6,0,1,2,IIIIII,not tested,120.00 120.00 120.00 120.00 120.00 120.00,1.0000 1.0000 1.0000 1.0000 1.0000 1.0000,0 0 0 0 0 0,0 0 0 0 0 0,"1,2,3,4,5,6,7",,no (tile),,,,120.00,,1.0000,,3,yes,6_4 6_4,pm,1**,L3
2871,6,0,1,3,UJJUJJ,not tested,120.00 120.00 120.00 120.00 120.00 120.00,1.0000 1.0000 1.0000 1.0000 1.0000 1.0000,0 1 1 0 1 1,0 0 2 2 3 1,"3,4",,no (tile),,,,120.00,,1.0000,,3,yes,6_4 6_4,pm,1**,L3
2871,6,0,1,4,IIIIII,not tested,120.00 120.00 120.00 120.00 120.00 120.00,1.0000 1.0000 1.0000 1.0000 1.0000 1.0000,0 0 0 0 0 0,0 0 0 0 0 0,"1,2,3,4,5,6,7",,no (tile),,,,120.00,,1.0000,,3,yes,6_4 6_4,pm,1**,L3
2871,6,0,1,5,UUUUUU,not tested,120.00 120.00 120.00 120.00 120.00 120.00,1.0000 1.0000 1.0000 1.0000 1.0000 1.0000,0 0 0 0 0 0,0 2 0 2 0 2,"3,4,7",,no (tile),,,,120.00,,1.0000,,3,yes,6_4 6_4,pm,1**,L3
2875,6,0,0,0,IIIIII,not tested,120.00 120.00 120.00 120.00 120.00 120.00,1.0000 1.0000 1.0000 1.0000 1.0000 1.0000,0 0 0 0 0 0,0 0 0 0 0 0,"1,2,3,4,5,6,7",,no (tile),,,,120.00,,1.0000,,3,yes,6_4 6_4,pmg,22*,L3
2875,6,0,0,1,ISSISS,not tested,120.00 120.00 120.00 120.00 120.00 120.00,1.0000 1.0000 1.0000 1.0000 1.0000 1.0000,0 1 1 0 1 1,0 0 1 0 0 1,"1,2,3,4,5,6",,no (tile),,,,120.00,,1.0000,,3,yes,6_4 6_4,pmg,22*,L3
2875,6,0,0,2,IIIIII,not tested,120.00 120.00 120.00 120.00 120.00 120.00,1.0000 1.0000 1.0000 1.0000 1.0000 1.0000,0 0 0 0 0 0,0 0 0 0 0 0,"1,2,3,4,5,6,7",,no (tile),,,,120.00,,1.0000,,3,yes,6_4 6_4,pmg,22*,L3
2875,6,0,0,3,IIIIII,not tested,120.00 120.00 120.00 120.00 120.00 120.00,1.0000 1.0000 1.0000 1.0000 1.0000 1.0000,0 0 0 0 0 0,0 0 0 0 0 0,"1,2,3,4,5,6,7",,no (tile),,,,120.00,,1.0000,,3,yes,6_4 6_4,pmg,22*,L3
2875,6,0,0,4,ISSISS,not tested,120.00 120.00 120.00 120.00 120.00 120.00,1.0000 1.0000 1.0000 1.0000 1.0000 1.0000,0 1 1 0 1 1,0 0 1 0 0 1,"1,2,3,4,5,6",,no (tile),,,,120.00,,1.0000,,3,yes,6_4 6_4,pmg,22*,L3
2875,6,0,0,5,IIIIII,not tested,120.00 120.00 120.00 120.00 120.00 120.00,1.0000 1.0000 1.0000 1.0000 1.0000 1.0000,0 0 0 0 0 0,0 0 0 0 0 0,"1,2,3,4,5,6,7",,no (tile),,,,120.00,,1.0000,,3,yes,6_4 6_4,pmg,22*,L3
2875,6,0,1,0,ISSISS,not tested,120.00 120.00 120.00 120.00 120.00 120.00,1.0000 1.0000 1.0000 1.0000 1.0000 1.0000,0 1 1 0 1 1,0 0 1 0 0 1,"1,2,3,4,5,6",,no (tile),,,,120.00,,1.0000,,3,yes,6_4 6_4,pmg,22*,L3
2875,6,0,1,1,IIIIII,not tested,120.00 120.00 120.00 120.00 120.00 120.00,1.0000 1.0000 1.0000 1.0000 1.0000 1.0000,0 0 0 0 0 0,0 0 0 0 0 0,"1,2,3,4,5,6,7",,no (tile),,,,120.00,,1.0000,,3,yes,6_4 6_4,pmg,22*,L3
2875,6,0,1,2,IIIIII,not tested,120.00 120.00 120.00 120.00 120.00 120.00,1.0000 1.0000 1.0000 1.0000 1.0000 1.0000,0 0 0 0 0 0,0 0 0 0 0 0,"1,2,3,4,5,6,7",,no (tile),,,,120.00,,1.0000,,3,yes,6_4 6_4,pmg,22*,L3
2875,6,0,1,3,ISSISS,not tested,120.00 120.00 120.00 120.00 120.00 120.00,1.0000 1.0000 1.0000 1.0000 1.0000 1.0000,0 1 1 0 1 1,0 0 1 0 0 1,"1,2,3,4,5,6",,no (tile),,,,120.00,,1.0000,,3,yes,6_4 6_4,pmg,22*,L3
2875,6,0,1,4,IIIIII,not tested,120.00 120.00 120.00 120.00 120.00 120.00,1.0000 1.0000 1.0000 1.0000 1.0000 1.0000,0 0 0 0 0 0,0 0 0 0 0 0,"1,2,3,4,5,6,7",,no (tile),,,,120.00,,1.0000,,3,yes,6_4 6_4,pmg,22*,L3
2875,6,0,1,5,IIIIII,not tested,120.00 120.00 120.00 120.00 120.00 120.00,1.0000 1.0000 1.0000 1.0000 1.0000 1.0000,0 0 0 0 0 0,0 0 0 0 0 0,"1,2,3,4,5,6,7",,no (tile),,,,120.00,,1.0000,,3,yes,6_4 6_4,pmg,22*,L3
2994,6,0,0,0,IIIIII,not tested,120.00 120.00 120.00 120.00 120.00 120.00,1.0000 1.0000 1.0000 1.0000 1.0000 1.0000,0 0 0 0 0 0,0 0 0 0 0 0,"1,2,3,4,5,6,7",,no (tile),,,,120.00,,1.0000,,3,yes,6_2 6_2,pmg,22*,L3
2994,6,0,0,1,IIIIII,not tested,120.00 120.00 120.00 120.00 120.00 120.00,1.0000 1.0000 1.0000 1.0000 1.0000 1.0000,0 0 0 0 0 0,0 0 0 0 0 0,"1,2,3,4,5,6,7",,no (tile),,,,120.00,,1.0000,,3,yes,6_2 6_2,pmg,22*,L3
2994,6,0,0,2,SISSIS,not tested,120.00 120.00 120.00 120.00 120.00 120.00,1.0000 1.0000 1.0000 1.0000 1.0000 1.0000,0 1 2 2 1 0,0 0 0 1 0 1,"1,2,3",,no (tile),,,,120.00,,1.0000,,3,yes,6_2 6_2,pmg,22*,L3
2994,6,0,0,3,IIIIII,not tested,120.00 120.00 120.00 120.00 120.00 120.00,1.0000 1.0000 1.0000 1.0000 1.0000 1.0000,0 0 0 0 0 0,0 0 0 0 0 0,"1,2,3,4,5,6,7",,no (tile),,,,120.00,,1.0000,,3,yes,6_2 6_2,pmg,22*,L3
2994,6,0,0,4,IIIIII,not tested,120.00 120.00 120.00 120.00 120.00 120.00,1.0000 1.0000 1.0000 1.0000 1.0000 1.0000,0 0 0 0 0 0,0 0 0 0 0 0,"1,2,3,4,5,6,7",,no (tile),,,,120.00,,1.0000,,3,yes,6_2 6_2,pmg,22*,L3
2994,6,0,0,5,SISSIS,not tested,120.00 120.00 120.00 120.00 120.00 120.00,1.0000 1.0000 1.0000 1.0000 1.0000 1.0000,0 1 0 0 1 0,0 0 1 0 0 1,"1,2,3,4,5,6",,no (tile),,,,120.00,,1.0000,,3,yes,6_2 6_2,pmg,22*,L3
2994,6,0,1,0,IIIIII,not tested,120.00 120.00 120.00 120.00 120.00 120.00,1.0000 1.0000 1.0000 1.0000 1.0000 1.0000,0 0 0 0 0 0,0 0 0 0 0 0,"1,2,3,4,5,6,7",,no (tile),,,,120.00,,1.0000,,3,yes,6_2 6_2,pmg,22*,L3
2994,6,0,1,1,SISSIS,not tested,120.00 120.00 120.00 120.00 120.00 120.00,1.0000 1.0000 1.0000 1.0000 1.0000 1.0000,0 1 0 0 1 0,0 0 1 0 0 1,"1,2,3,4,5,6",,no (tile),,,,120.00,,1.0000,,3,yes,6_2 6_2,pmg,22*,L3
2994,6,0,1,2,IIIIII,not tested,120.00 120.00 120.00 120.00 120.00 120.00,1.0000 1.0000 1.0000 1.0000 1.0000 1.0000,0 0 0 0 0 0,0 0 0 0 0 0,"1,2,3,4,5,6,7",,no (tile),,,,120.00,,1.0000,,3,yes,6_2 6_2,pmg,22*,L3
2994,6,0,1,3,IIIIII,not tested,120.00 120.00 120.00 120.00 120.00 120.00,1.0000 1.0000 1.0000 1.0000 1.0000 1.0000,0 0 0 0 0 0,0 0 0 0 0 0,"1,2,3,4,5,6,7",,no (tile),,,,120.00,,1.0000,,3,yes,6_2 6_2,pmg,22*,L3
2994,6,0,1,4,SISSIS,not tested,120.00 120.00 120.00 120.00 120.00 120.00,1.0000 1.0000 1.0000 1.0000 1.0000 1.0000,0 1 2 2 1 0,0 0 0 1 0 1,"1,2,3",,no (tile),,,,120.00,,1.0000,,3,yes,6_2 6_2,pmg,22*,L3
2994,6,0,1,5,IIIIII,not tested,120.00 120.00 120.00 120.00 120.00 120.00,1.0000 1.0000 1.0000 1.0000 1.0000 1.0000,0 0 0 0 0 0,0 0 0 0 0 0,"1,2,3,4,5,6,7",,no (tile),,,,120.00,,1.0000,,3,yes,6_2 6_2,pmg,22*,L3
3094,6,0,0,0,SISSIS,not tested,120.00 120.00 120.00 120.00 120.00 120.00,1.0000 1.0000 1.0000 1.0000 1.0000 1.0000,0 1 2 2 1 0,0 0 0 1 0 1,"1,2,3",,no (tile),,,,120.00,,1.0000,,3,yes,6_4 6_4,pm,1**,L2
3094,6,0,0,1,IIIIII,not tested,120.00 120.00 120.00 120.00 120.00 120.00,1.0000 1.0000 1.0000 1.0000 1.0000 1.0000,0 0 0 0 0 0,0 0 0 0 0 0,"1,2,3,4,5,6,7",,no (tile),,,,120.00,,1.0000,,3,yes,6_4 6_4,pm,1**,L2
3094,6,0,0,2,IIIIII,not tested,120.00 120.00 120.00 120.00 120.00 120.00,1.0000 1.0000 1.0000 1.0000 1.0000 1.0000,0 0 0 0 0 0,0 0 0 0 0 0,"1,2,3,4,5,6,7",,no (tile),,,,120.00,,1.0000,,3,yes,6_4 6_4,pm,1**,L2
3094,6,0,0,3,JIJJIJ,not tested,120.00 120.00 120.00 120.00 120.00 120.00,1.0000 1.0000 1.0000 1.0000 1.0000 1.0000,0 1 0 0 1 0,0 0 2 3 0 1,"4,5",,no (tile),,,,120.00,,1.0000,,3,yes,6_4 6_4,pm,1**,L2
3094,6,0,0,4,IIIIII,not tested,120.00 120.00 120.00 120.00 120.00 120.00,1.0000 1.0000 1.0000 1.0000 1.0000 1.0000,0 0 0 0 0 0,0 0 0 0 0 0,"1,2,3,4,5,6,7",,no (tile),,,,120.00,,1.0000,,3,yes,6_4 6_4,pm,1**,L2
3094,6,0,0,5,IIIIII,not tested,120.00 120.00 120.00 120.00 120.00 120.00,1.0000 1.0000 1.0000 1.0000 1.0000 1.0000,0 0 0 0 0 0,0 0 0 0 0 0,"1,2,3,4,5,6,7",,no (tile),,,,120.00,,1.0000,,3,yes,6_4 6_4,pm,1**,L2
3094,6,0,1,0,SISSIS,not tested,120.00 120.00 120.00 120.00 120.00 120.00,1.0000 1.0000 1.0000 1.0000 1.0000 1.0000,0 1 2 2 1 0,0 0 0 1 0 1,"1,2,3",,no (tile),,,,120.00,,1.0000,,3,yes,6_4 6_4,pm,1**,L2
3094,6,0,1,1,IIIIII,not tested,120.00 120.00 120.00 120.00 120.00 120.00,1.0000 1.0000 1.0000 1.0000 1.0000 1.0000,0 0 0 0 0 0,0 0 0 0 0 0,"1,2,3,4,5,6,7",,no (tile),,,,120.00,,1.0000,,3,yes,6_4 6_4,pm,1**,L2
3094,6,0,1,2,IIIIII,not tested,120.00 120.00 120.00 120.00 120.00 120.00,1.0000 1.0000 1.0000 1.0000 1.0000 1.0000,0 0 0 0 0 0,0 0 0 0 0 0,"1,2,3,4,5,6,7",,no (tile),,,,120.00,,1.0000,,3,yes,6_4 6_4,pm,1**,L2
3094,6,0,1,3,JIJJIJ,not tested,120.00 120.00 120.00 120.00 120.00 120.00,1.0000 1.0000 1.0000 1.0000 1.0000 1.0000,0 1 0 0 1 0,0 0 2 3 0 1,"4,5",,no (tile),,,,120.00,,1.0000,,3,yes,6_4 6_4,pm,1**,L2
3094,6,0,1,4,IIIIII,not tested,120.00 120.00 120.00 120.00 120.00 120.00,1.0000 1.0000 1.0000 1.0000 1.0000 1.0000,0 0 0 0 0 0,0 0 0 0 0 0,"1,2,3,4,5,6,7",,no (tile),,,,120.00,,1.0000,,3,yes,6_4 6_4,pm,1**,L2
3094,6,0,1,5,IIIIII,not tested,120.00 120.00 120.00 120.00 120.00 120.00,1.0000 1.0000 1.0000 1.0000 1.0000 1.0000,0 0 0 0 0 0,0 0 0 0 0 0,"1,2,3,4,5,6,7",,no (tile),,,,120.00,,1.0000,,3,yes,6_4 6_4,pm,1**,L2
3100,6,0,0,0,SISSIS,not tested,120.00 120.00 120.00 120.00 120.00 120.00,1.0000 1.0000 1.0000 1.0000 1.0000 1.0000,0 1 0 0 1 0,0 0 1 0 0 1,"1,2,3,4,5,6",,no (tile),,,,120.00,,1.0000,,3,yes,6_4 6_4,pmg,22*,L2
3100,6,0,0,1,IIIIII,not tested,120.00 120.00 120.00 120.00 120.00 120.00,1.0000 1.0000 1.0000 1.0000 1.0000 1.0000,0 0 0 0 0 0,0 0 0 0 0 0,"1,2,3,4,5,6,7",,no (tile),,,,120.00,,1.0000,,3,yes,6_4 6_4,pmg,22*,L2
3100,6,0,0,2,IIIIII,not tested,120.00 120.00 120.00 120.00 120.00 120.00,1.0000 1.0000 1.0000 1.0000 1.0000 1.0000,0 0 0 0 0 0,0 0 0 0 0 0,"1,2,3,4,5,6,7",,no (tile),,,,120.00,,1.0000,,3,yes,6_4 6_4,pmg,22*,L2
3100,6,0,0,3,SISSIS,not tested,120.00 120.00 120.00 120.00 120.00 120.00,1.0000 1.0000 1.0000 1.0000 1.0000 1.0000,0 1 0 0 1 0,0 0 1 0 0 1,"1,2,3,4,5,6",,no (tile),,,,120.00,,1.0000,,3,yes,6_4 6_4,pmg,22*,L2
3100,6,0,0,4,IIIIII,not tested,120.00 120.00 120.00 120.00 120.00 120.00,1.0000 1.0000 1.0000 1.0000 1.0000 1.0000,0 0 0 0 0 0,0 0 0 0 0 0,"1,2,3,4,5,6,7",,no (tile),,,,120.00,,1.0000,,3,yes,6_4 6_4,pmg,22*,L2
3100,6,0,0,5,IIIIII,not tested,120.00 120.00 120.00 120.00 120.00 120.00,1.0000 1.0000 1.0000 1.0000 1.0000 1.0000,0 0 0 0 0 0,0 0 0 0 0 0,"1,2,3,4,5,6,7",,no (tile),,,,120.00,,1.0000,,3,yes,6_4 6_4,pmg,22*,L2
3100,6,0,1,0,SISSIS,not tested,120.00 120.00 120.00 120.00 120.00 120.00,1.0000 1.0000 1.0000 1.0000 1.0000 1.0000,0 1 0 0 1 0,0 0 1 0 0 1,"1,2,3,4,5,6",,no (tile),,,,120.00,,1.0000,,3,yes,6_4 6_4,pmg,22*,L2
3100,6,0,1,1,IIIIII,not tested,120.00 120.00 120.00 120.00 120.00 120.00,1.0000 1.0000 1.0000 1.0000 1.0000 1.0000,0 0 0 0 0 0,0 0 0 0 0 0,"1,2,3,4,5,6,7",,no (tile),,,,120.00,,1.0000,,3,yes,6_4 6_4,pmg,22*,L2
3100,6,0,1,2,IIIIII,not tested,120.00 120.00 120.00 120.00 120.00 120.00,1.0000 1.0000 1.0000 1.0000 1.0000 1.0000,0 0 0 0 0 0,0 0 0 0 0 0,"1,2,3,4,5,6,7",,no (tile),,,,120.00,,1.0000,,3,yes,6_4 6_4,pmg,22*,L2
3100,6,0,1,3,SISSIS,not tested,120.00 120.00 120.00 120.00 120.00 120.00,1.0000 1.0000 1.0000 1.0000 1.0000 1.0000,0 1 0 0 1 0,0 0 1 0 0 1,"1,2,3,4,5,6",,no (tile),,,,120.00,,1.0000,,3,yes,6_4 6_4,pmg,22*,L2
3100,6,0,1,4,IIIIII,not tested,120.00 120.00 120.00 120.00 120.00 120.00,1.0000 1.0000 1.0000 1.0000 1.0000 1.0000,0 0 0 0 0 0,0 0 0 0 0 0,"1,2,3,4,5,6,7",,no (tile),,,,120.00,,1.0000,,3,yes,6_4 6_4,pmg,22*,L2
3100,6,0,1,5,IIIIII,not tested,120.00 120.00 120.00 120.00 120.00 120.00,1.0000 1.0000 1.0000 1.0000 1.0000 1.0000,0 0 0 0 0 0,0 0 0 0 0 0,"1,2,3,4,5,6,7",,no (tile),,,,120.00,,1.0000,,3,yes,6_4 6_4,pmg,22*,L2
3119,6,1,0,2,IIIIII,not tested,180.00 60.00 180.00 60.00 180.00 60.00,1.0000 1.0000 1.0000 1.0000 1.0000 1.0000,0 1 0 0 1 0,0 0 0 0 0 0,"2,3,5,6,8",,no (tile),,,,60.00,,1.0000,,4,yes,4_4 4_2,pmg,22*,L2
3119,6,1,0,4,IIIIII,not tested,180.00 60.00 180.00 60.00 180.00 60.00,1.0000 1.0000 1.0000 1.0000 1.0000 1.0000,0 0 0 0 0 0,0 0 0 0 0 0,"1,2,3,5,6,8",,no (tile),,,,60.00,,1.0000,,4,yes,4_4 4_2,pmg,22*,L2
3119,6,1,1,2,IIIIII,not tested,180.00 60.00 180.00 60.00 180.00 60.00,1.0000 1.0000 1.0000 1.0000 1.0000 1.0000,0 0 0 0 0 0,0 0 0 0 0 0,"1,2,3,5,6,8",,no (tile),,,,60.00,,1.0000,,4,yes,4_4 4_2,pmg,22*,L2
3119,6,1,1,4,IIIIII,not tested,180.00 60.00 180.00 60.00 180.00 60.00,1.0000 1.0000 1.0000 1.0000 1.0000 1.0000,0 1 0 0 1 0,0 0 0 0 0 0,"2,3,5,6,8",,no (tile),,,,60.00,,1.0000,,4,yes,4_4 4_2,pmg,22*,L2
3119,6,2,0,2,IIIIII,not tested,60.00 180.00 60.00 180.00 60.00 180.00,1.0000 1.0000 1.0000 1.0000 1.0000 1.0000,0 0 0 0 0 0,0 0 0 0 0 0,"1,2,3,5,6,8",,no (tile),,,,60.00,,1.0000,,4,yes,4_4 4_2,pmg,22*,L2
3119,6,2,0,4,IIIIII,not tested,60.00 180.00 60.00 180.00 60.00 180.00,1.0000 1.0000 1.0000 1.0000 1.0000 1.0000,0 1 0 0 1 0,0 0 0 0 0 0,"2,3,5,6,8",,no (tile),,,,60.00,,1.0000,,4,yes,4_4 4_2,pmg,22*,L2
3119,6,2,1,2,IIIIII,not tested,60.00 180.00 60.00 180.00 60.00 180.00,1.0000 1.0000 1.0000 1.0000 1.0000 1.0000,0 1 0 0 1 0,0 0 0 0 0 0,"2,3,5,6,8",,no (tile),,,,60.00,,1.0000,,4,yes,4_4 4_2,pmg,22*,L2
3119,6,2,1,4,IIIIII,not tested,60.00 180.00 60.00 180.00 60.00 180.00,1.0000 1.0000 1.0000 1.0000 1.0000 1.0000,0 0 0 0 0 0,0 0 0 0 0 0,"1,2,3,5,6,8",,no (tile),,,,60.00,,1.0000,,4,yes,4_4 4_2,pmg,22*,L2
3188,6,4,1,5,SISISI,not tested,360.00 -0.00 133.56 -133.56 226.44 133.56,1.0000 0.2283 0.2285 0.2283 0.2285 0.2283,0 1 2 1 2 1,0 0 0 0 1 0,(not a tile),,"n/a (not a tile: all 2295 sampled members of the family, on every solution branch reached, fail exactly -- e.g. S edge 0 folds back at both ends onto equal straight edges 5 and 1, and v4, v3 are on the same side of it: the S would have to pass both over and under (folded-S rule, via the outside lemma) (John's fixed-point / no-mirror rules, some members by the folded-S rule, 2026-09-13) [curve_sides])",,,,0.00,,0.2283,,,,3_1 3_1,p2,2222,L2
3188,6,6,0,5,SSSSSS,not tested,97.57 -97.57 262.43 97.57 360.00 0.00,1.0000 1.0000 1.0000 1.0000 3.2636 1.0000,0 0 0 0 4 0,0 0 0 0 0 0,(not a tile),,"n/a (not a tile: rep 4 (S) must bulge opposite ways: to clear v0 on edge 4 (code 0) and to clear v3 on edge 4 (code 0) -- exact via the outside lemma (validated by John, 2026-09-13) [curve_sides])",,,,0.00,,0.3064,,,,3_1 3_1,p2,2222,L2
3188,6,23,0,1,SSSSSS,not tested,360.00 75.92 284.08 -75.92 75.92 0.00,1.0000 1.0000 1.0000 1.0000 1.0000 2.5136,0 0 0 0 0 5,0 0 0 0 0 0,(not a tile),,"n/a (not a tile: rep 5 (S) must bulge opposite ways: to clear v1 on edge 5 (code 0) and to clear v4 on edge 5 (code 0) -- exact via the outside lemma (validated by John, 2026-09-13) [curve_sides])",,,,0.00,,0.3978,,,,3_1 3_1,p2,2222,L2
3189,6,0,0,2,SISISI,not tested,-248.55 248.55 360.00 -0.00 248.55 111.45,1.0000 0.0500 0.8812 0.0500 1.0000 0.0500,0 1 2 1 0 1,0 0 0 0 1 0,(not a tile),,"n/a (not a tile: all 1340 sampled members of the family, on every solution branch reached, fail exactly -- e.g. S edge 2 folds back at both ends onto equal straight edges 1 and 3, and v0, v5 are on the same side of it: the S would have to pass both over and under (folded-S rule, via the outside lemma) (John's fixed-point / no-mirror rules, some members by the folded-S rule, 2026-09-13) [curve_sides])",,,,0.00,,0.0500,YES,,,3_1 3_1,pgg,22x,L2
3196,6,0,0,0,SSSSSS,not tested,120.00 120.00 120.00 120.00 120.00 120.00,1.0000 1.0000 1.0000 1.0000 1.0000 1.0000,0 0 0 0 0 0,0 0 0 0 0 0,"1,4,7",,no (tile),,,,120.00,,1.0000,,3,yes,6_4 6_4,p2,2222,L2
3196,6,0,0,1,SSSSSS,not tested,120.00 120.00 120.00 120.00 120.00 120.00,1.0000 1.0000 1.0000 1.0000 1.0000 1.0000,0 0 0 0 0 0,0 0 0 0 0 0,"1,4,7",,no (tile),,,,120.00,,1.0000,,3,yes,6_4 6_4,p2,2222,L2
3196,6,0,0,2,SSSSSS,not tested,120.00 120.00 120.00 120.00 120.00 120.00,1.0000 1.0000 1.0000 1.0000 1.0000 1.0000,0 1 2 0 1 2,0 0 0 0 0 0,"1,4",,no (tile),,,,120.00,,1.0000,,3,yes,6_4 6_4,p2,2222,L2
3196,6,0,0,3,SSSSSS,not tested,120.00 120.00 120.00 120.00 120.00 120.00,1.0000 1.0000 1.0000 1.0000 1.0000 1.0000,0 0 0 0 0 0,0 0 0 0 0 0,"1,4,7",,no (tile),,,,120.00,,1.0000,,3,yes,6_4 6_4,p2,2222,L2
3196,6,0,0,4,SSSSSS,not tested,120.00 120.00 120.00 120.00 120.00 120.00,1.0000 1.0000 1.0000 1.0000 1.0000 1.0000,0 0 0 0 0 0,0 0 0 0 0 0,"1,4,7",,no (tile),,,,120.00,,1.0000,,3,yes,6_4 6_4,p2,2222,L2
3196,6,0,0,5,SSSSSS,not tested,120.00 120.00 120.00 120.00 120.00 120.00,1.0000 1.0000 1.0000 1.0000 1.0000 1.0000,0 1 2 0 1 2,0 0 0 0 0 0,"1,4",,no (tile),,,,120.00,,1.0000,,3,yes,6_4 6_4,p2,2222,L2
3196,6,0,1,0,SSISSI,not tested,120.00 120.00 120.00 120.00 120.00 120.00,1.0000 1.0000 1.0000 1.0000 1.0000 1.0000,0 0 2 0 0 2,0 1 0 0 1 0,"1,2,3,4,5,6",,no (tile),,,,120.00,,1.0000,,3,yes,6_4 6_4,p2,2222,L2
3196,6,0,1,1,SISSIS,not tested,120.00 120.00 120.00 120.00 120.00 120.00,1.0000 1.0000 1.0000 1.0000 1.0000 1.0000,0 1 0 0 1 0,0 0 1 0 0 1,"1,2,3,4,5,6",,no (tile),,,,120.00,,1.0000,,3,yes,6_4 6_4,p2,2222,L2
3196,6,0,1,2,SJJSJJ,not tested,120.00 120.00 120.00 120.00 120.00 120.00,1.0000 1.0000 1.0000 1.0000 1.0000 1.0000,0 1 1 0 1 1,0 0 2 0 0 2,"3,5",,no (tile),,,,120.00,,1.0000,,3,yes,6_4 6_4,p2,2222,L2
3196,6,0,1,3,SSISSI,not tested,120.00 120.00 120.00 120.00 120.00 120.00,1.0000 1.0000 1.0000 1.0000 1.0000 1.0000,0 0 2 0 0 2,0 1 0 0 1 0,"1,2,3,4,5,6",,no (tile),,,,120.00,,1.0000,,3,yes,6_4 6_4,p2,2222,L2
3196,6,0,1,4,SISSIS,not tested,120.00 120.00 120.00 120.00 120.00 120.00,1.0000 1.0000 1.0000 1.0000 1.0000 1.0000,0 1 0 0 1 0,0 0 1 0 0 1,"1,2,3,4,5,6",,no (tile),,,,120.00,,1.0000,,3,yes,6_4 6_4,p2,2222,L2
3196,6,0,1,5,SJJSJJ,not tested,120.00 120.00 120.00 120.00 120.00 120.00,1.0000 1.0000 1.0000 1.0000 1.0000 1.0000,0 1 1 0 1 1,0 0 2 0 0 2,"3,5",,no (tile),,,,120.00,,1.0000,,3,yes,6_4 6_4,p2,2222,L2
3197,6,8,1,5,SSSSUU,not tested,360.00 -93.37 453.37 -93.37 0.00 93.37,1.0000 1.0000 1.0000 1.0000 2.0000 2.0000,0 0 0 0 4 4,0 0 0 0 0 2,(not a tile),,"n/a (not a tile: rep 4 (U) must bulge opposite ways: to clear v1 on edge 5 (code 2) and to clear v3 on edge 4 (code 0) -- exact via the outside lemma (validated by John, 2026-09-13) [curve_sides])",,,,0.00,,0.5000,,,,3_2 3_2,pgg,22x,L2
3234,6,1,1,2,UUUUUU,not tested,360.00 -128.67 -0.00 128.67 231.33 128.67,1.0000 1.0000 0.5000 0.5000 0.5000 0.5000,0 0 2 2 2 2,0 2 0 2 0 2,(not a tile),,"n/a (not a tile: rep 0 (U) must bulge opposite ways: to clear v3 on edge 1 (code 2) and to clear v5 on edge 0 (code 0) -- exact via the outside lemma (validated by John, 2026-09-13) [curve_sides])",,,,0.00,,0.5000,,,,3_3 3_3,pg,1xx,L2
3234,6,8,1,4,UUUUUU,not tested,360.00 -93.37 453.37 -93.37 0.00 93.37,1.0000 1.0000 1.0000 1.0000 2.0000 2.0000,0 0 0 0 4 4,0 2 0 2 0 2,(not a tile),,"n/a (not a tile: rep 4 (U) must bulge opposite ways: to clear v1 on edge 5 (code 2) and to clear v3 on edge 4 (code 0) -- exact via the outside lemma (validated by John, 2026-09-13) [curve_sides])",,,,0.00,,0.5000,,,,3_3 3_3,pg,1xx,L2
7023,6,1,0,0,IIIIII,not tested,90.00 90.00 180.00 90.00 90.00 180.00,1.0000 1.0000 1.0000 1.0000 1.0000 1.0000,0 0 0 0 0 0,0 0 0 0 0 0,"1,2,3,4,5,6,9",,no (tile),,,,90.00,,1.0000,,3 4,yes,4_2 6_4,cmm,2*22,L3
7023,6,1,0,3,IIIIII,not tested,90.00 90.00 180.00 90.00 90.00 180.00,1.0000 1.0000 1.0000 1.0000 1.0000 1.0000,0 0 0 0 0 0,0 0 0 0 0 0,"1,2,3,4,5,6,9",,no (tile),,,,90.00,,1.0000,,3 4,yes,4_2 6_4,cmm,2*22,L3
7023,6,1,1,1,IIIIII,not tested,90.00 90.00 180.00 90.00 90.00 180.00,1.0000 1.0000 1.0000 1.0000 1.0000 1.0000,0 0 0 0 0 0,0 0 0 0 0 0,"1,2,3,4,5,6,9",,no (tile),,,,90.00,,1.0000,,3 4,yes,4_2 6_4,cmm,2*22,L3
7023,6,1,1,4,IIIIII,not tested,90.00 90.00 180.00 90.00 90.00 180.00,1.0000 1.0000 1.0000 1.0000 1.0000 1.0000,0 0 0 0 0 0,0 0 0 0 0 0,"1,2,3,4,5,6,9",,no (tile),,,,90.00,,1.0000,,3 4,yes,4_2 6_4,cmm,2*22,L3
7886,6,0,0,1,USSUSS,not tested,90.00 90.00 180.00 90.00 90.00 180.00,1.0000 1.0000 1.0000 1.0000 1.0000 1.0000,0 1 1 0 1 1,0 0 0 2 1 1,"1,5,6",,no (tile),,,,90.00,,1.0000,,3 4,yes,4_2 5_1,pmg,22*,L2
7886,6,0,0,4,UIIUII,not tested,90.00 90.00 180.00 90.00 90.00 180.00,1.0000 1.0000 1.0000 1.0000 1.0000 1.0000,0 1 2 0 2 1,0 0 0 2 0 0,"1,2,3,4,5,6",,no (tile),,,,90.00,,1.0000,,3 4,yes,4_2 5_1,pmg,22*,L2
7886,6,0,1,0,USSUSS,not tested,90.00 90.00 180.00 90.00 90.00 180.00,1.0000 1.0000 1.0000 1.0000 1.0000 1.0000,0 1 1 0 1 1,0 0 0 2 1 1,"1,5,6",,no (tile),,,,90.00,,1.0000,,3 4,yes,4_2 5_1,pmg,22*,L2
7886,6,0,1,3,UIIUII,not tested,90.00 90.00 180.00 90.00 90.00 180.00,1.0000 1.0000 1.0000 1.0000 1.0000 1.0000,0 1 2 0 2 1,0 0 0 2 0 0,"1,2,3,4,5,6",,no (tile),,,,90.00,,1.0000,,3 4,yes,4_2 5_1,pmg,22*,L2
7887,6,0,0,1,UUUUUU,not tested,90.00 90.00 180.00 90.00 90.00 180.00,1.0000 1.0000 1.0000 1.0000 1.0000 1.0000,0 1 1 0 1 1,0 0 2 2 2 0,"1,2,3,4,5,6",,no (tile),,,,90.00,,1.0000,,3 4,yes,4_2 5_1,cm,1*x,L2
7887,6,0,0,4,UIIUII,not tested,90.00 90.00 180.00 90.00 90.00 180.00,1.0000 1.0000 1.0000 1.0000 1.0000 1.0000,0 1 1 0 1 1,0 0 0 2 0 0,"1,2,3,4,5,6",,no (tile),,,,90.00,,1.0000,,3 4,yes,4_2 5_1,cm,1*x,L2
7887,6,0,1,0,UUUUUU,not tested,90.00 90.00 180.00 90.00 90.00 180.00,1.0000 1.0000 1.0000 1.0000 1.0000 1.0000,0 1 1 0 1 1,0 0 2 2 2 0,"1,2,3,4,5,6",,no (tile),,,,90.00,,1.0000,,3 4,yes,4_2 5_1,cm,1*x,L2
7887,6,0,1,3,UIIUII,not tested,90.00 90.00 180.00 90.00 90.00 180.00,1.0000 1.0000 1.0000 1.0000 1.0000 1.0000,0 1 1 0 1 1,0 0 0 2 0 0,"1,2,3,4,5,6",,no (tile),,,,90.00,,1.0000,,3 4,yes,4_2 5_1,cm,1*x,L2
8333,6,1,0,0,UUUUUU,not tested,90.00 90.00 180.00 90.00 90.00 180.00,1.0000 1.0000 1.0000 1.0000 1.0000 1.0000,0 0 0 0 0 0,0 2 0 2 0 2,"1,2,3,4,5,6,9",,no (tile),,,,90.00,,1.0000,,3 4,yes,4_2 6_4,pmg,22*,L2
8333,6,1,0,3,UUUUUU,not tested,90.00 90.00 180.00 90.00 90.00 180.00,1.0000 1.0000 1.0000 1.0000 1.0000 1.0000,0 0 0 0 0 0,0 0 2 2 2 0,"1,2,3,4,5,6",,no (tile),,,,90.00,,1.0000,,3 4,yes,4_2 6_4,pmg,22*,L2
8333,6,1,1,1,UUUUUU,not tested,90.00 90.00 180.00 90.00 90.00 180.00,1.0000 1.0000 1.0000 1.0000 1.0000 1.0000,0 0 0 0 0 0,0 2 0 2 0 2,"1,2,3,4,5,6,9",,no (tile),,,,90.00,,1.0000,,3 4,yes,4_2 6_4,pmg,22*,L2
8333,6,1,1,4,UUUUUU,not tested,90.00 90.00 180.00 90.00 90.00 180.00,1.0000 1.0000 1.0000 1.0000 1.0000 1.0000,0 0 0 0 0 0,0 0 2 2 2 0,"1,2,3,4,5,6",,no (tile),,,,90.00,,1.0000,,3 4,yes,4_2 6_4,pmg,22*,L2
8334,6,0,0,0,UUUUUU,not tested,90.00 90.00 180.00 90.00 90.00 180.00,1.0000 1.0000 1.0000 1.0000 1.0000 1.0000,0 0 0 0 0 0,0 2 0 2 0 2,"1,2,3,4,5,6,9",,no (tile),,,,90.00,,1.0000,,3 4,yes,4_2 6_4,cm,1*x,L2
8334,6,0,0,3,UUUUUU,not tested,90.00 90.00 180.00 90.00 90.00 180.00,1.0000 1.0000 1.0000 1.0000 1.0000 1.0000,0 0 0 0 0 0,0 0 2 2 2 0,"1,2,3,4,5,6",,no (tile),,,,90.00,,1.0000,,3 4,yes,4_2 6_4,cm,1*x,L2
8334,6,0,1,1,UUUUUU,not tested,90.00 90.00 180.00 90.00 90.00 180.00,1.0000 1.0000 1.0000 1.0000 1.0000 1.0000,0 0 0 0 0 0,0 2 0 2 0 2,"1,2,3,4,5,6,9",,no (tile),,,,90.00,,1.0000,,3 4,yes,4_2 6_4,cm,1*x,L2
8334,6,0,1,4,UUUUUU,not tested,90.00 90.00 180.00 90.00 90.00 180.00,1.0000 1.0000 1.0000 1.0000 1.0000 1.0000,0 0 0 0 0 0,0 0 2 2 2 0,"1,2,3,4,5,6",,no (tile),,,,90.00,,1.0000,,3 4,yes,4_2 6_4,cm,1*x,L2
8590,6,3,0,1,IIIIII,not tested,180.00 90.00 90.00 180.00 90.00 90.00,1.0000 1.0000 1.0000 1.0000 1.0000 1.0000,0 1 1 1 1 0,0 0 0 0 0 0,"1,2,3,4,5,6,9",,no (tile),,,,90.00,,1.0000,,3 4,yes,4_1 6_2,cmm,2*22,L3
8590,6,3,0,4,IIIIII,not tested,180.00 90.00 90.00 180.00 90.00 90.00,1.0000 1.0000 1.0000 1.0000 1.0000 1.0000,0 1 1 1 1 0,0 0 0 0 0 0,"1,2,3,4,5,6,9",,no (tile),,,,90.00,,1.0000,,3 4,yes,4_1 6_2,cmm,2*22,L3
8590,6,3,1,2,IIIIII,not tested,180.00 90.00 90.00 180.00 90.00 90.00,1.0000 1.0000 1.0000 1.0000 1.0000 1.0000,0 1 1 1 1 0,0 0 0 0 0 0,"1,2,3,4,5,6,9",,no (tile),,,,90.00,,1.0000,,3 4,yes,4_1 6_2,cmm,2*22,L3
8590,6,3,1,5,IIIIII,not tested,180.00 90.00 90.00 180.00 90.00 90.00,1.0000 1.0000 1.0000 1.0000 1.0000 1.0000,0 1 1 1 1 0,0 0 0 0 0 0,"1,2,3,4,5,6,9",,no (tile),,,,90.00,,1.0000,,3 4,yes,4_1 6_2,cmm,2*22,L3
8591,6,3,0,1,IIIIII,not tested,180.00 90.00 90.00 180.00 90.00 90.00,1.0000 1.0000 1.0000 1.0000 1.0000 1.0000,0 1 1 1 1 0,0 0 0 0 0 0,"1,2,3,4,5,6,9",,no (tile),,,,90.00,,1.0000,,3 4,yes,4_1 6_2,pmg,22*,L3
8591,6,3,0,4,IIIIII,not tested,180.00 90.00 90.00 180.00 90.00 90.00,1.0000 1.0000 1.0000 1.0000 1.0000 1.0000,0 1 1 1 1 0,0 0 0 0 0 0,"1,2,3,4,5,6,9",,no (tile),,,,90.00,,1.0000,,3 4,yes,4_1 6_2,pmg,22*,L3
8591,6,3,1,2,IIIIII,not tested,180.00 90.00 90.00 180.00 90.00 90.00,1.0000 1.0000 1.0000 1.0000 1.0000 1.0000,0 1 1 1 1 0,0 0 0 0 0 0,"1,2,3,4,5,6,9",,no (tile),,,,90.00,,1.0000,,3 4,yes,4_1 6_2,pmg,22*,L3
8591,6,3,1,5,IIIIII,not tested,180.00 90.00 90.00 180.00 90.00 90.00,1.0000 1.0000 1.0000 1.0000 1.0000 1.0000,0 1 1 1 1 0,0 0 0 0 0 0,"1,2,3,4,5,6,9",,no (tile),,,,90.00,,1.0000,,3 4,yes,4_1 6_2,pmg,22*,L3
8832,6,1,0,1,IIIIII,not tested,180.00 90.00 90.00 180.00 90.00 90.00,1.0000 1.0000 1.0000 1.0000 1.0000 1.0000,0 0 0 0 0 0,0 0 0 0 0 0,"1,2,3,4,5,6,9",,no (tile),,,,90.00,,1.0000,,3 4,yes,4_2 6_4,cm,1*x,L3
8832,6,1,0,4,IIIIII,not tested,180.00 90.00 90.00 180.00 90.00 90.00,1.0000 1.0000 1.0000 1.0000 1.0000 1.0000,0 0 0 0 0 0,0 0 0 0 0 0,"1,2,3,4,5,6,9",,no (tile),,,,90.00,,1.0000,,3 4,yes,4_2 6_4,cm,1*x,L3
8832,6,1,1,2,IIIIII,not tested,180.00 90.00 90.00 180.00 90.00 90.00,1.0000 1.0000 1.0000 1.0000 1.0000 1.0000,0 0 0 0 0 0,0 0 0 0 0 0,"1,2,3,4,5,6,9",,no (tile),,,,90.00,,1.0000,,3 4,yes,4_2 6_4,cm,1*x,L3
8832,6,1,1,5,IIIIII,not tested,180.00 90.00 90.00 180.00 90.00 90.00,1.0000 1.0000 1.0000 1.0000 1.0000 1.0000,0 0 0 0 0 0,0 0 0 0 0 0,"1,2,3,4,5,6,9",,no (tile),,,,90.00,,1.0000,,3 4,yes,4_2 6_4,cm,1*x,L3
8833,6,1,0,1,IIIIII,not tested,180.00 90.00 90.00 180.00 90.00 90.00,1.0000 1.0000 1.0000 1.0000 1.0000 1.0000,0 0 0 0 0 0,0 0 0 0 0 0,"1,2,3,4,5,6,9",,no (tile),,,,90.00,,1.0000,,3 4,yes,4_2 6_4,pm,1**,L3
8833,6,1,0,4,IIIIII,not tested,180.00 90.00 90.00 180.00 90.00 90.00,1.0000 1.0000 1.0000 1.0000 1.0000 1.0000,0 0 0 0 0 0,0 0 0 0 0 0,"1,2,3,4,5,6,9",,no (tile),,,,90.00,,1.0000,,3 4,yes,4_2 6_4,pm,1**,L3
8833,6,1,1,2,IIIIII,not tested,180.00 90.00 90.00 180.00 90.00 90.00,1.0000 1.0000 1.0000 1.0000 1.0000 1.0000,0 0 0 0 0 0,0 0 0 0 0 0,"1,2,3,4,5,6,9",,no (tile),,,,90.00,,1.0000,,3 4,yes,4_2 6_4,pm,1**,L3
8833,6,1,1,5,IIIIII,not tested,180.00 90.00 90.00 180.00 90.00 90.00,1.0000 1.0000 1.0000 1.0000 1.0000 1.0000,0 0 0 0 0 0,0 0 0 0 0 0,"1,2,3,4,5,6,9",,no (tile),,,,90.00,,1.0000,,3 4,yes,4_2 6_4,pm,1**,L3
8837,6,0,0,1,IIIIII,not tested,240.00 120.00 60.00 120.00 60.00 120.00,1.0000 1.0000 2.0000 2.0000 1.0000 1.0000,0 0 2 2 0 0,0 0 0 0 0 0,"1,2,6,7",,no (tile),,,,60.00,,0.5000,,3 4,yes,4_2 6_4,pmg,22*,L3
8837,6,0,0,5,IIIIII,not tested,120.00 60.00 120.00 240.00 120.00 60.00,1.0000 0.5000 0.5000 0.5000 0.5000 1.0000,0 1 1 1 1 0,0 0 0 0 0 0,"1,2,6,7",,no (tile),,,,60.00,,0.5000,,3 4,yes,4_2 6_4,pmg,22*,L3
8837,6,0,1,1,IIIIII,not tested,120.00 60.00 120.00 240.00 120.00 60.00,1.0000 0.5000 0.5000 0.5000 0.5000 1.0000,0 1 1 1 1 0,0 0 0 0 0 0,"1,2,6,7",,no (tile),,,,60.00,,0.5000,,3 4,yes,4_2 6_4,pmg,22*,L3
8837,6,0,1,5,IIIIII,not tested,240.00 120.00 60.00 120.00 60.00 120.00,1.0000 1.0000 2.0000 2.0000 1.0000 1.0000,0 0 2 2 0 0,0 0 0 0 0 0,"1,2,6,7",,no (tile),,,,60.00,,0.5000,,3 4,yes,4_2 6_4,pmg,22*,L3
8837,6,1,0,1,IIIIII,not tested,180.00 90.00 90.00 180.00 90.00 90.00,1.0000 1.0000 1.0000 1.0000 1.0000 1.0000,0 0 0 0 0 0,0 0 0 0 0 0,"1,2,3,4,5,6,9",,no (tile),,,,90.00,,1.0000,,3 4,yes,4_2 6_4,pmg,22*,L3
8837,6,1,0,4,IIIIII,not tested,180.00 90.00 90.00 180.00 90.00 90.00,1.0000 1.0000 1.0000 1.0000 1.0000 1.0000,0 0 0 0 0 0,0 0 0 0 0 0,"1,2,3,4,5,6,9",,no (tile),,,,90.00,,1.0000,,3 4,yes,4_2 6_4,pmg,22*,L3
8837,6,1,1,2,IIIIII,not tested,180.00 90.00 90.00 180.00 90.00 90.00,1.0000 1.0000 1.0000 1.0000 1.0000 1.0000,0 0 0 0 0 0,0 0 0 0 0 0,"1,2,3,4,5,6,9",,no (tile),,,,90.00,,1.0000,,3 4,yes,4_2 6_4,pmg,22*,L3
8837,6,1,1,5,IIIIII,not tested,180.00 90.00 90.00 180.00 90.00 90.00,1.0000 1.0000 1.0000 1.0000 1.0000 1.0000,0 0 0 0 0 0,0 0 0 0 0 0,"1,2,3,4,5,6,9",,no (tile),,,,90.00,,1.0000,,3 4,yes,4_2 6_4,pmg,22*,L3
8906,6,0,0,0,SSSSSS,not tested,120.00 120.00 120.00 120.00 120.00 120.00,1.0000 1.0000 1.0000 1.0000 1.0000 1.0000,0 0 0 0 0 0,0 0 0 0 0 0,"1,4,7",,no (tile),,,,120.00,,1.0000,,3,yes,6_6 6_1,p6,632,L3
8906,6,0,0,1,SSSSSS,not tested,120.00 120.00 120.00 120.00 120.00 120.00,1.0000 1.0000 1.0000 1.0000 1.0000 1.0000,0 0 0 0 0 0,0 0 0 0 0 0,"1,4,7",,no (tile),,,,120.00,,1.0000,,3,yes,6_6 6_1,p6,632,L3
8906,6,0,0,2,SSSSSS,not tested,120.00 120.00 120.00 120.00 120.00 120.00,1.0000 1.0000 1.0000 1.0000 1.0000 1.0000,0 0 0 0 0 0,0 0 0 0 0 0,"1,4,7",,no (tile),,,,120.00,,1.0000,,3,yes,6_6 6_1,p6,632,L3
8906,6,0,0,3,SSSSSS,not tested,120.00 120.00 120.00 120.00 120.00 120.00,1.0000 1.0000 1.0000 1.0000 1.0000 1.0000,0 0 0 0 0 0,0 0 0 0 0 0,"1,4,7",,no (tile),,,,120.00,,1.0000,,3,yes,6_6 6_1,p6,632,L3
8906,6,0,0,4,SSSSSS,not tested,120.00 120.00 120.00 120.00 120.00 120.00,1.0000 1.0000 1.0000 1.0000 1.0000 1.0000,0 0 0 0 0 0,0 0 0 0 0 0,"1,4,7",,no (tile),,,,120.00,,1.0000,,3,yes,6_6 6_1,p6,632,L3
8906,6,0,0,5,SSSSSS,not tested,120.00 120.00 120.00 120.00 120.00 120.00,1.0000 1.0000 1.0000 1.0000 1.0000 1.0000,0 0 0 0 0 0,0 0 0 0 0 0,"1,4,7",,no (tile),,,,120.00,,1.0000,,3,yes,6_6 6_1,p6,632,L3
8906,6,0,1,0,IIIIII,not tested,120.00 120.00 120.00 120.00 120.00 120.00,1.0000 1.0000 1.0000 1.0000 1.0000 1.0000,0 0 0 0 0 0,0 0 0 0 0 0,"1,2,3,4,5,6,7",,no (tile),,,,120.00,,1.0000,,3,yes,6_6 6_1,p6,632,L3
8906,6,0,1,1,IIIIII,not tested,120.00 120.00 120.00 120.00 120.00 120.00,1.0000 1.0000 1.0000 1.0000 1.0000 1.0000,0 0 0 0 0 0,0 0 0 0 0 0,"1,2,3,4,5,6,7",,no (tile),,,,120.00,,1.0000,,3,yes,6_6 6_1,p6,632,L3
8906,6,0,1,2,IIIIII,not tested,120.00 120.00 120.00 120.00 120.00 120.00,1.0000 1.0000 1.0000 1.0000 1.0000 1.0000,0 0 0 0 0 0,0 0 0 0 0 0,"1,2,3,4,5,6,7",,no (tile),,,,120.00,,1.0000,,3,yes,6_6 6_1,p6,632,L3
8906,6,0,1,3,IIIIII,not tested,120.00 120.00 120.00 120.00 120.00 120.00,1.0000 1.0000 1.0000 1.0000 1.0000 1.0000,0 0 0 0 0 0,0 0 0 0 0 0,"1,2,3,4,5,6,7",,no (tile),,,,120.00,,1.0000,,3,yes,6_6 6_1,p6,632,L3
8906,6,0,1,4,IIIIII,not tested,120.00 120.00 120.00 120.00 120.00 120.00,1.0000 1.0000 1.0000 1.0000 1.0000 1.0000,0 0 0 0 0 0,0 0 0 0 0 0,"1,2,3,4,5,6,7",,no (tile),,,,120.00,,1.0000,,3,yes,6_6 6_1,p6,632,L3
8906,6,0,1,5,IIIIII,not tested,120.00 120.00 120.00 120.00 120.00 120.00,1.0000 1.0000 1.0000 1.0000 1.0000 1.0000,0 0 0 0 0 0,0 0 0 0 0 0,"1,2,3,4,5,6,7",,no (tile),,,,120.00,,1.0000,,3,yes,6_6 6_1,p6,632,L3
8951,6,0,0,1,IIIIII,not tested,90.00 180.00 90.00 60.00 270.00 30.00,1.0000 1.0000 1.7321 1.7321 1.0000 1.7321,0 0 2 2 0 2,0 0 0 0 0 0,"1,2,6",,no (tile),,,,30.00,,0.5774,,4 5,yes,3_1 4_1,cm,1*x,L2
8951,6,0,0,5,IIIIII,not tested,90.00 180.00 90.00 30.00 270.00 60.00,1.0000 1.0000 1.7321 1.0000 1.7321 1.7321,0 0 2 0 2 2,0 0 0 0 0 0,"1,2,6",,no (tile),,,,30.00,,0.5774,,4 5,yes,3_1 4_1,cm,1*x,L2
8958,6,1,0,0,IIIIII,not tested,60.00 180.00 60.00 180.00 60.00 180.00,1.0000 1.0000 1.0000 1.0000 1.0000 1.0000,0 1 0 1 1 0,0 0 0 0 0 0,"2,3,5,6",,no (tile),,,,60.00,,1.0000,,4 6,yes,3_2 4_2,pmg,22*,L2
8958,6,1,0,2,IIIIII,not tested,60.00 180.00 60.00 180.00 60.00 180.00,1.0000 1.0000 1.0000 1.0000 1.0000 1.0000,0 1 1 0 0 1,0 0 0 0 0 0,"2,3,5,6",,no (tile),,,,60.00,,1.0000,,4 6,yes,3_2 4_2,pmg,22*,L2
8959,6,1,0,0,IIIIII,not tested,60.00 180.00 60.00 180.00 60.00 180.00,1.0000 1.0000 1.0000 1.0000 1.0000 1.0000,0 0 0 0 0 0,0 0 0 0 0 0,"1,2,3,5,6,8",,no (tile),,,,60.00,,1.0000,,4 6,yes,3_2 4_2,cm,1*x,L2
8959,6,1,0,2,IIIIII,not tested,60.00 180.00 60.00 180.00 60.00 180.00,1.0000 1.0000 1.0000 1.0000 1.0000 1.0000,0 0 0 0 0 0,0 0 0 0 0 0,"1,2,3,5,6,8",,no (tile),,,,60.00,,1.0000,,4 6,yes,3_2 4_2,cm,1*x,L2
8964,6,1,0,0,IIIIII,not tested,90.00 90.00 180.00 90.00 90.00 180.00,1.0000 1.0000 1.0000 1.0000 1.0000 1.0000,0 0 0 0 0 0,0 0 0 0 0 0,"1,2,3,4,5,6,9",,no (tile),,,,90.00,,1.0000,,3 4,yes,4_2 6_4,pmg,22*,L3
8964,6,1,0,3,IIIIII,not tested,90.00 90.00 180.00 90.00 90.00 180.00,1.0000 1.0000 1.0000 1.0000 1.0000 1.0000,0 0 0 0 0 0,0 0 0 0 0 0,"1,2,3,4,5,6,9",,no (tile),,,,90.00,,1.0000,,3 4,yes,4_2 6_4,pmg,22*,L3
8964,6,1,1,1,IIIIII,not tested,90.00 90.00 180.00 90.00 90.00 180.00,1.0000 1.0000 1.0000 1.0000 1.0000 1.0000,0 0 0 0 0 0,0 0 0 0 0 0,"1,2,3,4,5,6,9",,no (tile),,,,90.00,,1.0000,,3 4,yes,4_2 6_4,pmg,22*,L3
8964,6,1,1,4,IIIIII,not tested,90.00 90.00 180.00 90.00 90.00 180.00,1.0000 1.0000 1.0000 1.0000 1.0000 1.0000,0 0 0 0 0 0,0 0 0 0 0 0,"1,2,3,4,5,6,9",,no (tile),,,,90.00,,1.0000,,3 4,yes,4_2 6_4,pmg,22*,L3
8973,6,0,0,1,SSSSSS,not tested,90.00 90.00 180.00 90.00 90.00 180.00,1.0000 1.0000 1.0000 1.0000 1.0000 1.0000,0 1 1 0 1 1,0 0 0 0 0 0,"1,4",,no (tile),,,,90.00,,1.0000,,3 4,yes,4_2 5_1,p2,2222,L2
8973,6,0,0,4,SSSSSS,not tested,90.00 90.00 180.00 90.00 90.00 180.00,1.0000 1.0000 1.0000 1.0000 1.0000 1.0000,0 1 1 0 1 1,0 0 0 0 0 0,"1,4",,no (tile),,,,90.00,,1.0000,,3 4,yes,4_2 5_1,p2,2222,L2
8973,6,0,1,0,SIISII,not tested,90.00 90.00 180.00 90.00 90.00 180.00,1.0000 1.0000 1.0000 1.0000 1.0000 1.0000,0 1 2 0 1 2,0 0 0 0 0 0,"1,2,3,4,5,6",,no (tile),,,,90.00,,1.0000,,3 4,yes,4_2 5_1,p2,2222,L2
8973,6,0,1,3,SIISII,not tested,90.00 90.00 180.00 90.00 90.00 180.00,1.0000 1.0000 1.0000 1.0000 1.0000 1.0000,0 1 2 0 1 2,0 0 0 0 0 0,"1,2,3,4,5,6",,no (tile),,,,90.00,,1.0000,,3 4,yes,4_2 5_1,p2,2222,L2
8974,6,0,0,1,SUUSUU,not tested,90.00 90.00 180.00 90.00 90.00 180.00,1.0000 1.0000 1.0000 1.0000 1.0000 1.0000,0 1 1 0 1 1,0 0 2 0 0 2,"1,2,3,4,5",,no (tile),,,,90.00,,1.0000,,3 4,yes,4_2 5_1,pgg,22x,L2
8974,6,0,0,4,SUUSUU,not tested,90.00 90.00 180.00 90.00 90.00 180.00,1.0000 1.0000 1.0000 1.0000 1.0000 1.0000,0 1 1 0 1 1,0 0 2 0 0 2,"1,2,3,4,5",,no (tile),,,,90.00,,1.0000,,3 4,yes,4_2 5_1,pgg,22x,L2
8974,6,0,1,0,SIISII,not tested,90.00 90.00 180.00 90.00 90.00 180.00,1.0000 1.0000 1.0000 1.0000 1.0000 1.0000,0 1 1 0 1 1,0 0 0 0 0 0,"1,2,3,4,5,6",,no (tile),,,,90.00,,1.0000,,3 4,yes,4_2 5_1,pgg,22x,L2
8974,6,0,1,3,SIISII,not tested,90.00 90.00 180.00 90.00 90.00 180.00,1.0000 1.0000 1.0000 1.0000 1.0000 1.0000,0 1 1 0 1 1,0 0 0 0 0 0,"1,2,3,4,5,6",,no (tile),,,,90.00,,1.0000,,3 4,yes,4_2 5_1,pgg,22x,L2
8980,6,0,0,1,IIIIII,not tested,90.00 180.00 90.00 60.00 270.00 30.00,1.0000 1.0000 1.7321 1.7321 1.0000 1.7321,0 0 2 2 0 2,0 0 0 0 0 0,"1,2,6",,no (tile),,,,30.00,,0.5774,,4 5,yes,3_1 4_1,pgg,22x,L2
8980,6,0,0,5,IIIIII,not tested,90.00 180.00 90.00 30.00 270.00 60.00,1.0000 1.0000 1.7321 1.0000 1.7321 1.7321,0 0 2 0 2 2,0 0 0 0 0 0,"1,2,6",,no (tile),,,,30.00,,0.5774,,4 5,yes,3_1 4_1,pgg,22x,L2
8982,6,0,0,1,SSSSSS,not tested,180.00 59.91 60.09 60.00 180.00 180.00,1.0000 3.9964 3.9927 1.0000 1.0000 1.0000,0 1 2 0 0 0,0 0 0 0 0 0,1,,no (tile),,,,59.91,,0.2502,,4 6,yes,3_2 4_2,p2,2222,hand
8982,6,0,1,3,SJJSSS,not tested,180.00 43.01 93.97 43.01 180.00 180.00,1.0000 2.7352 2.7352 1.0000 1.0000 1.0000,0 1 1 0 0 0,0 0 2 0 0 0,"2,6",,no (tile),,,,43.01,,0.3656,,4 6,yes,3_2 4_2,p2,2222,hand
8982,6,3,1,1,SJSJJJ,not tested,108.38 28.34 251.62 108.38 43.28 180.00,1.0000 1.0384 1.0000 1.0384 1.0384 1.0384,0 1 0 1 1 1,0 0 1 3 1 2,"1,3,5",,no (tile),,,,28.34,,0.9630,,4 6,yes,3_2 4_2,p2,2222,hand
8982,6,4,0,3,SSSSSS,not tested,180.00 60.00 180.00 60.00 180.00 60.00,1.0000 1.0000 1.0000 1.0000 1.0000 1.0000,0 0 0 0 0 0,0 0 0 0 0 0,"1,8",,no (tile),,,,60.00,,1.0000,,4 6,yes,3_2 4_2,p2,2222,hand
8982,6,4,0,5,SSSSSS,not tested,180.00 60.00 180.00 60.00 180.00 60.00,1.0000 1.0000 1.0000 1.0000 1.0000 1.0000,0 0 0 0 0 0,0 0 0 0 0 0,"1,8",,no (tile),,,,60.00,,1.0000,,4 6,yes,3_2 4_2,p2,2222,hand
8982,6,7,1,2,JJJSJS,not tested,232.73 180.00 -11.25 232.73 127.27 -41.48,1.0000 1.0000 1.0000 0.2675 1.0000 0.2675,0 0 0 3 0 3,0 3 1 0 2 1,"1,3,5",,no (tile),,,,11.25,,0.2675,,4 6,yes,3_2 4_2,p2,2222,hand
8982,6,9,0,3,SSSSSS,not tested,180.00 180.00 180.00 59.91 60.09 60.00,1.0000 1.0000 1.0000 3.9964 3.9927 1.0000,0 0 0 3 4 0,0 0 0 0 0 0,1,,no (tile),,,,59.91,,0.2502,,4 6,yes,3_2 4_2,p2,2222,hand
8982,6,9,1,5,SSSJJS,not tested,180.00 180.00 180.00 43.01 93.97 43.01,1.0000 1.0000 1.0000 2.7352 2.7352 1.0000,0 0 0 3 3 0,0 0 0 0 2 0,"2,6",,no (tile),,,,43.01,,0.3656,,4 6,yes,3_2 4_2,p2,2222,hand
8986,6,0,0,2,SJJSSS,not tested,180.00 45.00 90.00 45.00 180.00 180.00,1.0000 2.8284 2.8284 1.0000 1.0000 1.0000,0 1 1 0 0 0,0 0 3 0 0 0,9,,no (tile),,,,45.00,,0.3536,,4 5,yes,3_2 4_2,p2,2222,L2
8986,6,0,1,2,SIISSS,not tested,180.00 44.88 90.00 45.12 180.00 180.00,1.0000 2.8345 2.8223 1.0000 1.0000 1.0000,0 1 2 0 0 0,0 0 0 0 0 0,1,,no (tile),,,,44.88,,0.3528,,4 5,yes,3_2 4_2,p2,2222,L2
8986,6,9,0,4,SSSJJS,not tested,180.00 180.00 180.00 45.00 90.00 45.00,1.0000 1.0000 1.0000 2.8284 2.8284 1.0000,0 0 0 3 3 0,0 0 0 0 3 0,9,,no (tile),,,,45.00,,0.3536,,4 5,yes,3_2 4_2,p2,2222,L2
8986,6,9,1,4,SSSIIS,not tested,180.00 180.00 180.00 44.88 90.00 45.12,1.0000 1.0000 1.0000 2.8345 2.8223 1.0000,0 0 0 3 4 0,0 0 0 0 0 0,1,,no (tile),,,,44.88,,0.3528,,4 5,yes,3_2 4_2,p2,2222,L2
9001,6,1,0,0,UUUUUU,not tested,60.00 180.00 60.00 180.00 60.00 180.00,1.0000 1.0000 1.0000 1.0000 1.0000 1.0000,0 0 0 0 0 0,0 2 0 2 0 2,"1,2,6,8",,no (tile),,,,60.00,,1.0000,,4 6,yes,3_2 4_2,pgg,22x,L2
9001,6,1,0,2,UUUUUU,not tested,60.00 180.00 60.00 180.00 60.00 180.00,1.0000 1.0000 1.0000 1.0000 1.0000 1.0000,0 0 0 0 0 0,0 2 0 2 0 2,"1,2,6,8",,no (tile),,,,60.00,,1.0000,,4 6,yes,3_2 4_2,pgg,22x,L2
9011,6,1,0,0,SSSSSS,not tested,90.00 90.00 180.00 90.00 90.00 180.00,1.0000 1.0000 1.0000 1.0000 1.0000 1.0000,0 0 0 0 0 0,0 0 0 0 0 0,"1,4,9",,no (tile),,,,90.00,,1.0000,,3 4,yes,4_2 6_4,p2,2222,L2
9011,6,1,0,3,SSSSSS,not tested,90.00 90.00 180.00 90.00 90.00 180.00,1.0000 1.0000 1.0000 1.0000 1.0000 1.0000,0 0 0 0 0 0,0 0 0 0 0 0,"1,4,9",,no (tile),,,,90.00,,1.0000,,3 4,yes,4_2 6_4,p2,2222,L2
9011,6,1,1,1,SSSSSS,not tested,90.00 90.00 180.00 90.00 90.00 180.00,1.0000 1.0000 1.0000 1.0000 1.0000 1.0000,0 0 0 0 0 0,0 1 1 0 1 1,"1,2,3,4,5,6",,no (tile),,,,90.00,,1.0000,,3 4,yes,4_2 6_4,p2,2222,L2
9011,6,1,1,4,SSSSSS,not tested,90.00 90.00 180.00 90.00 90.00 180.00,1.0000 1.0000 1.0000 1.0000 1.0000 1.0000,0 0 0 0 0 0,0 1 1 0 1 1,"1,2,3,4,5,6",,no (tile),,,,90.00,,1.0000,,3 4,yes,4_2 6_4,p2,2222,L2
9017,6,0,1,1,SSSSSS,not tested,272.08 180.00 -34.32 -57.75 272.08 87.92,1.0000 1.0000 3.5447 1.0000 1.0000 1.0000,0 0 2 0 0 0,0 0 0 1 0 1,"1,6",,no (tile),,,,34.32,,0.2821,,4 6,yes,3_2 4_2,pgg,22x,L2
9017,6,2,0,5,SSSSSS,not tested,33.73 180.00 22.67 337.33 22.67 123.60,1.0000 1.0000 1.0000 1.0000 1.0000 1.3882,0 0 0 0 0 5,0 0 1 0 1 0,"1,6",,no (tile),,,,22.67,,0.7204,,4 6,yes,3_2 4_2,pgg,22x,L2
9020,6,0,0,0,IIIIII,not tested,90.00 90.00 180.00 90.00 90.00 180.00,1.0000 1.0000 1.0000 1.0000 1.0000 1.0000,0 0 0 0 0 0,0 0 0 0 0 0,"1,2,3,4,5,6,9",,no (tile),,,,90.00,,1.0000,,3 4,yes,4_2 6_4,pgg,22x,L3
9020,6,0,0,1,IIIIII,not tested,180.00 60.00 120.00 180.00 60.00 120.00,1.0000 1.0000 1.0000 1.0000 1.0000 1.0000,0 1 1 0 1 1,0 0 0 0 0 0,"1,2,3,4,5,6",,no (tile),,,,60.00,,1.0000,,3 4,yes,4_2 6_4,pgg,22x,L3
9020,6,0,0,3,IIIIII,not tested,90.00 90.00 180.00 90.00 90.00 180.00,1.0000 1.0000 1.0000 1.0000 1.0000 1.0000,0 0 0 0 0 0,0 0 0 0 0 0,"1,2,3,4,5,6,9",,no (tile),,,,90.00,,1.0000,,3 4,yes,4_2 6_4,pgg,22x,L3
9020,6,0,0,4,IIIIII,not tested,180.00 60.00 120.00 180.00 60.00 120.00,1.0000 1.0000 1.0000 1.0000 1.0000 1.0000,0 1 1 0 1 1,0 0 0 0 0 0,"1,2,3,4,5,6",,no (tile),,,,60.00,,1.0000,,3 4,yes,4_2 6_4,pgg,22x,L3
9020,6,0,1,0,IIIIII,not tested,60.00 180.00 120.00 60.00 180.00 120.00,1.0000 1.0000 1.0000 1.0000 1.0000 1.0000,0 1 1 0 1 1,0 0 0 0 0 0,"1,2,3,4,5,6",,no (tile),,,,60.00,,1.0000,,3 4,yes,4_2 6_4,pgg,22x,L3
9020,6,0,1,1,IIIIII,not tested,90.00 90.00 180.00 90.00 90.00 180.00,1.0000 1.0000 1.0000 1.0000 1.0000 1.0000,0 0 0 0 0 0,0 0 0 0 0 0,"1,2,3,4,5,6,9",,no (tile),,,,90.00,,1.0000,,3 4,yes,4_2 6_4,pgg,22x,L3
9020,6,0,1,3,IIIIII,not tested,60.00 180.00 120.00 60.00 180.00 120.00,1.0000 1.0000 1.0000 1.0000 1.0000 1.0000,0 1 1 0 1 1,0 0 0 0 0 0,"1,2,3,4,5,6",,no (tile),,,,60.00,,1.0000,,3 4,yes,4_2 6_4,pgg,22x,L3
9020,6,0,1,4,IIIIII,not tested,90.00 90.00 180.00 90.00 90.00 180.00,1.0000 1.0000 1.0000 1.0000 1.0000 1.0000,0 0 0 0 0 0,0 0 0 0 0 0,"1,2,3,4,5,6,9",,no (tile),,,,90.00,,1.0000,,3 4,yes,4_2 6_4,pgg,22x,L3
9037,6,0,0,2,IIIIII,not tested,60.00 180.00 120.00 60.00 180.00 120.00,1.0000 1.0000 1.0000 1.0000 1.0000 1.0000,0 1 1 0 1 1,0 0 0 0 0 0,"1,2,3,4,5,6",,no (tile),,,,60.00,,1.0000,,3 4,yes,4_4 5_2,pgg,22x,L3
9037,6,0,0,5,IIIIII,not tested,60.00 180.00 120.00 60.00 180.00 120.00,1.0000 1.0000 1.0000 1.0000 1.0000 1.0000,0 1 1 0 1 1,0 0 0 0 0 0,"1,2,3,4,5,6",,no (tile),,,,60.00,,1.0000,,3 4,yes,4_4 5_2,pgg,22x,L3
9037,6,1,0,1,SSSSSS,not tested,90.00 90.00 180.00 90.00 90.00 180.00,1.0000 1.0000 1.0000 1.0000 1.0000 1.0000,0 0 0 0 0 0,0 1 1 0 1 1,"1,2,3,4,5,6",,no (tile),,,,90.00,,1.0000,,3 4,yes,4_4 5_2,pgg,22x,L3
9037,6,1,0,4,SSSSSS,not tested,90.00 90.00 180.00 90.00 90.00 180.00,1.0000 1.0000 1.0000 1.0000 1.0000 1.0000,0 0 0 0 0 0,0 1 1 0 1 1,"1,2,3,4,5,6",,no (tile),,,,90.00,,1.0000,,3 4,yes,4_4 5_2,pgg,22x,L3
9037,6,1,1,0,IIIIII,not tested,90.00 90.00 180.00 90.00 90.00 180.00,1.0000 1.0000 1.0000 1.0000 1.0000 1.0000,0 0 0 0 0 0,0 0 0 0 0 0,"1,2,3,4,5,6,9",,no (tile),,,,90.00,,1.0000,,3 4,yes,4_4 5_2,pgg,22x,L3
9037,6,1,1,3,IIIIII,not tested,90.00 90.00 180.00 90.00 90.00 180.00,1.0000 1.0000 1.0000 1.0000 1.0000 1.0000,0 0 0 0 0 0,0 0 0 0 0 0,"1,2,3,4,5,6,9",,no (tile),,,,90.00,,1.0000,,3 4,yes,4_4 5_2,pgg,22x,L3
13528,6,1,0,1,IIIIII,not tested,90.00 180.00 90.00 90.00 180.00 90.00,1.0000 1.0000 1.0000 1.0000 1.0000 1.0000,0 0 0 0 0 0,0 0 0 0 0 0,"1,2,3,4,5,6,9",,no (tile),,,,90.00,,1.0000,,3 4,yes,5_4 5_2,cmm,2*22,L3
13528,6,1,1,1,IIIIII,not tested,90.00 180.00 90.00 90.00 180.00 90.00,1.0000 1.0000 1.0000 1.0000 1.0000 1.0000,0 0 0 0 0 0,0 0 0 0 0 0,"1,2,3,4,5,6,9",,no (tile),,,,90.00,,1.0000,,3 4,yes,5_4 5_2,cmm,2*22,L3
13528,6,2,0,2,IIIIII,not tested,90.00 180.00 90.00 90.00 180.00 90.00,1.0000 1.0000 1.0000 1.0000 1.0000 1.0000,0 0 2 0 0 2,0 0 0 0 0 0,"1,2,3,4,5,6,9",,no (tile),,,,90.00,,1.0000,,3 4,yes,5_4 5_2,cmm,2*22,L3
13528,6,2,1,0,IIIIII,not tested,90.00 180.00 90.00 90.00 180.00 90.00,1.0000 1.0000 1.0000 1.0000 1.0000 1.0000,0 0 2 0 0 2,0 0 0 0 0 0,"1,2,3,4,5,6,9",,no (tile),,,,90.00,,1.0000,,3 4,yes,5_4 5_2,cmm,2*22,L3
23960,6,0,0,1,UIIUII,not tested,90.00 90.00 180.00 90.00 90.00 180.00,1.0000 1.0000 1.0000 1.0000 1.0000 1.0000,0 1 2 0 2 1,0 0 0 2 0 0,"1,2,3,4,5,6",,no (tile),,,,90.00,,1.0000,,3 4,yes,5_2 6_4,pm,1**,L2
23960,6,0,0,4,UIIUII,not tested,90.00 90.00 180.00 90.00 90.00 180.00,1.0000 1.0000 1.0000 1.0000 1.0000 1.0000,0 1 1 0 1 1,0 0 0 2 0 0,"1,2,3,4,5,6",,no (tile),,,,90.00,,1.0000,,3 4,yes,5_2 6_4,pm,1**,L2
23960,6,0,1,0,UIIUII,not tested,90.00 90.00 180.00 90.00 90.00 180.00,1.0000 1.0000 1.0000 1.0000 1.0000 1.0000,0 1 2 0 2 1,0 0 0 2 0 0,"1,2,3,4,5,6",,no (tile),,,,90.00,,1.0000,,3 4,yes,5_2 6_4,pm,1**,L2
23960,6,0,1,3,UIIUII,not tested,90.00 90.00 180.00 90.00 90.00 180.00,1.0000 1.0000 1.0000 1.0000 1.0000 1.0000,0 1 1 0 1 1,0 0 0 2 0 0,"1,2,3,4,5,6",,no (tile),,,,90.00,,1.0000,,3 4,yes,5_2 6_4,pm,1**,L2
23961,6,0,0,1,USSUSS,not tested,90.00 90.00 180.00 90.00 90.00 180.00,1.0000 1.0000 1.0000 1.0000 1.0000 1.0000,0 1 1 0 1 1,0 0 0 2 1 1,"1,5,6",,no (tile),,,,90.00,,1.0000,,3 4,yes,5_2 6_4,pmg,22*,L2
23961,6,0,0,4,UUUUUU,not tested,90.00 90.00 180.00 90.00 90.00 180.00,1.0000 1.0000 1.0000 1.0000 1.0000 1.0000,0 1 1 0 1 1,0 0 2 2 2 0,"1,2,3,4,5,6",,no (tile),,,,90.00,,1.0000,,3 4,yes,5_2 6_4,pmg,22*,L2
23961,6,0,1,0,USSUSS,not tested,90.00 90.00 180.00 90.00 90.00 180.00,1.0000 1.0000 1.0000 1.0000 1.0000 1.0000,0 1 1 0 1 1,0 0 0 2 1 1,"1,5,6",,no (tile),,,,90.00,,1.0000,,3 4,yes,5_2 6_4,pmg,22*,L2
23961,6,0,1,3,UUUUUU,not tested,90.00 90.00 180.00 90.00 90.00 180.00,1.0000 1.0000 1.0000 1.0000 1.0000 1.0000,0 1 1 0 1 1,0 0 2 2 2 0,"1,2,3,4,5,6",,no (tile),,,,90.00,,1.0000,,3 4,yes,5_2 6_4,pmg,22*,L2
25151,6,1,0,0,IIIIII,not tested,180.00 90.00 90.00 180.00 90.00 90.00,1.0000 1.0000 1.0000 1.0000 1.0000 1.0000,0 1 0 0 1 0,0 0 0 0 0 0,"1,2,3,4,5,6,9",,no (tile),,,,90.00,,1.0000,,3 4,yes,5_2 6_4,cmm,2*22,L3
25151,6,1,0,3,IIIIII,not tested,180.00 90.00 90.00 180.00 90.00 90.00,1.0000 1.0000 1.0000 1.0000 1.0000 1.0000,0 1 0 0 1 0,0 0 0 0 0 0,"1,2,3,4,5,6,9",,no (tile),,,,90.00,,1.0000,,3 4,yes,5_2 6_4,cmm,2*22,L3
25151,6,1,1,0,IIIIII,not tested,180.00 90.00 90.00 180.00 90.00 90.00,1.0000 1.0000 1.0000 1.0000 1.0000 1.0000,0 1 0 0 1 0,0 0 0 0 0 0,"1,2,3,4,5,6,9",,no (tile),,,,90.00,,1.0000,,3 4,yes,5_2 6_4,cmm,2*22,L3
25151,6,1,1,3,IIIIII,not tested,180.00 90.00 90.00 180.00 90.00 90.00,1.0000 1.0000 1.0000 1.0000 1.0000 1.0000,0 1 0 0 1 0,0 0 0 0 0 0,"1,2,3,4,5,6,9",,no (tile),,,,90.00,,1.0000,,3 4,yes,5_2 6_4,cmm,2*22,L3
25152,6,1,0,0,IIIIII,not tested,180.00 90.00 90.00 180.00 90.00 90.00,1.0000 1.0000 1.0000 1.0000 1.0000 1.0000,0 1 0 0 1 0,0 0 0 0 0 0,"1,2,3,4,5,6,9",,no (tile),,,,90.00,,1.0000,,3 4,yes,5_2 6_4,pmg,22*,L3
25152,6,1,0,3,IIIIII,not tested,180.00 90.00 90.00 180.00 90.00 90.00,1.0000 1.0000 1.0000 1.0000 1.0000 1.0000,0 1 0 0 1 0,0 0 0 0 0 0,"1,2,3,4,5,6,9",,no (tile),,,,90.00,,1.0000,,3 4,yes,5_2 6_4,pmg,22*,L3
25152,6,1,1,0,IIIIII,not tested,180.00 90.00 90.00 180.00 90.00 90.00,1.0000 1.0000 1.0000 1.0000 1.0000 1.0000,0 1 0 0 1 0,0 0 0 0 0 0,"1,2,3,4,5,6,9",,no (tile),,,,90.00,,1.0000,,3 4,yes,5_2 6_4,pmg,22*,L3
25152,6,1,1,3,IIIIII,not tested,180.00 90.00 90.00 180.00 90.00 90.00,1.0000 1.0000 1.0000 1.0000 1.0000 1.0000,0 1 0 0 1 0,0 0 0 0 0 0,"1,2,3,4,5,6,9",,no (tile),,,,90.00,,1.0000,,3 4,yes,5_2 6_4,pmg,22*,L3
25164,6,0,0,5,IIIIII,not tested,120.00 90.00 120.00 180.00 120.00 90.00,1.0000 0.5774 0.5774 0.5774 0.5774 1.0000,0 1 1 1 1 0,0 0 0 0 0 0,7,,no (tile),,,,90.00,,0.5774,,3 4,yes,5_3 6_6,pmg,22*,L3
25164,6,0,1,1,IIIIII,not tested,120.00 90.00 120.00 180.00 120.00 90.00,1.0000 0.5774 0.5774 0.5774 0.5774 1.0000,0 1 1 1 1 0,0 0 0 0 0 0,7,,no (tile),,,,90.00,,0.5774,,3 4,yes,5_3 6_6,pmg,22*,L3
25164,6,1,0,1,IIIIII,not tested,180.00 90.00 90.00 180.00 90.00 90.00,1.0000 1.0000 1.0000 1.0000 1.0000 1.0000,0 0 0 0 0 0,0 0 0 0 0 0,"1,2,3,4,5,6,9",,no (tile),,,,90.00,,1.0000,,3 4,yes,5_3 6_6,pmg,22*,L3
25164,6,1,0,4,IIIIII,not tested,180.00 90.00 90.00 180.00 90.00 90.00,1.0000 1.0000 1.0000 1.0000 1.0000 1.0000,0 0 0 0 0 0,0 0 0 0 0 0,"1,2,3,4,5,6,9",,no (tile),,,,90.00,,1.0000,,3 4,yes,5_3 6_6,pmg,22*,L3
25164,6,1,1,2,IIIIII,not tested,180.00 90.00 90.00 180.00 90.00 90.00,1.0000 1.0000 1.0000 1.0000 1.0000 1.0000,0 0 0 0 0 0,0 0 0 0 0 0,"1,2,3,4,5,6,9",,no (tile),,,,90.00,,1.0000,,3 4,yes,5_3 6_6,pmg,22*,L3
25164,6,1,1,5,IIIIII,not tested,180.00 90.00 90.00 180.00 90.00 90.00,1.0000 1.0000 1.0000 1.0000 1.0000 1.0000,0 0 0 0 0 0,0 0 0 0 0 0,"1,2,3,4,5,6,9",,no (tile),,,,90.00,,1.0000,,3 4,yes,5_3 6_6,pmg,22*,L3
25447,6,9,1,0,IIIIII,not tested,90.00 90.00 90.00 90.00 270.00 90.00,1.0000 1.0000 0.5000 0.5000 0.5000 0.5000,0 1 2 2 2 2,0 0 0 0 0 0,"1,2,6",,no (tile),,,,90.00,,0.5000,,4,yes,4_1 4_1,pmm,*2222,L3
25447,6,9,1,4,IIIIII,not tested,90.00 90.00 90.00 270.00 90.00 90.00,1.0000 0.5000 0.5000 0.5000 0.5000 1.0000,0 1 1 1 1 5,0 0 0 0 0 0,"1,2,6",,no (tile),,,,90.00,,0.5000,,4,yes,4_1 4_1,pmm,*2222,L3
25448,6,9,1,0,IIIIII,not tested,90.00 90.00 90.00 90.00 270.00 90.00,1.0000 1.0000 0.5000 0.5000 0.5000 0.5000,0 1 2 2 2 2,0 0 0 0 0 0,"1,2,6",,no (tile),,,,90.00,,0.5000,,4,yes,4_1 4_1,cmm,2*22,L3
25448,6,9,1,4,IIIIII,not tested,90.00 90.00 90.00 270.00 90.00 90.00,1.0000 0.5000 0.5000 0.5000 0.5000 1.0000,0 1 1 1 1 5,0 0 0 0 0 0,"1,2,6",,no (tile),,,,90.00,,0.5000,,4,yes,4_1 4_1,cmm,2*22,L3
25461,6,5,1,2,IIIIII,not tested,90.00 45.00 135.00 90.00 270.00 90.00,1.0000 0.7071 0.2500 0.2500 0.2500 0.2500,0 1 2 2 2 2,0 0 0 0 0 0,1,,no (tile),,,,45.00,,0.2500,,3 4 8,yes,4_2 4_2,cmm,2*22,L3
25468,6,0,0,1,IISIIS,not tested,90.00 180.00 90.00 90.00 180.00 90.00,1.0000 1.0000 1.0000 1.0000 1.0000 1.0000,0 1 2 0 1 2,0 0 0 0 0 0,"1,2,3,4,5,6",,no (tile),,,,90.00,,1.0000,,3 4,yes,5_2 6_4,pmg,22*,L2
25468,6,0,0,4,IISIIS,not tested,90.00 180.00 90.00 90.00 180.00 90.00,1.0000 1.0000 1.0000 1.0000 1.0000 1.0000,0 1 2 0 1 2,0 0 0 0 0 0,"1,2,3,4,5,6",,no (tile),,,,90.00,,1.0000,,3 4,yes,5_2 6_4,pmg,22*,L2
25468,6,0,1,1,IISIIS,not tested,90.00 180.00 90.00 90.00 180.00 90.00,1.0000 1.0000 1.0000 1.0000 1.0000 1.0000,0 0 2 0 0 2,0 0 0 0 0 0,"1,2,3,4,5,6",,no (tile),,,,90.00,,1.0000,,3 4,yes,5_2 6_4,pmg,22*,L2
25468,6,0,1,4,IISIIS,not tested,90.00 180.00 90.00 90.00 180.00 90.00,1.0000 1.0000 1.0000 1.0000 1.0000 1.0000,0 0 2 0 0 2,0 0 0 0 0 0,"1,2,3,4,5,6",,no (tile),,,,90.00,,1.0000,,3 4,yes,5_2 6_4,pmg,22*,L2
25472,6,2,0,0,IIIIII,not tested,90.00 90.00 90.00 90.00 270.00 90.00,1.0000 1.0000 0.5000 0.5000 0.5000 0.5000,0 0 2 3 2 3,0 0 0 0 0 0,"1,2,6",,no (tile),,,,90.00,,0.5000,,4,yes,4_1 4_1,pmg,22*,L3
25472,6,2,0,2,IIIIII,not tested,90.00 90.00 90.00 90.00 90.00 270.00,1.0000 2.0000 2.0000 1.0000 1.0000 1.0000,0 1 1 3 0 3,0 0 0 0 0 0,"1,2,6",,no (tile),,,,90.00,,0.5000,,4,yes,4_1 4_1,pmg,22*,L3
25472,6,2,1,1,IIIIII,not tested,90.78 89.22 90.78 89.22 270.78 89.22,1.0000 1.0000 0.5000 0.5000 0.5000 0.5000,0 0 2 3 2 3,0 0 0 0 0 0,"1,2,6",,no (tile),,,,89.22,,0.5000,,4,yes,4_1 4_1,pmg,22*,L3
25472,6,2,1,3,IIIIII,not tested,270.80 -90.80 270.80 -90.80 270.80 89.20,1.0000 2.0000 2.0000 1.0000 1.0000 1.0000,0 1 1 3 0 3,0 0 0 0 0 0,"1,2,6",,no (tile),,,,89.20,,0.5000,,4,yes,4_1 4_1,pmg,22*,L3
25472,6,24,1,3,IIIIII,not tested,90.80 89.20 270.80 89.20 90.80 89.20,1.0000 1.0000 1.0000 1.0000 2.0000 2.0000,0 0 0 0 4 5,0 0 0 0 0 0,"1,2,6",,no (tile),,,,89.20,,0.5000,,4,yes,4_1 4_1,pmg,22*,L3
25472,6,24,1,5,IIIIII,not tested,90.78 89.22 90.78 269.22 90.78 89.22,1.0000 0.5000 0.5000 0.5000 0.5000 1.0000,0 1 1 1 1 5,0 0 0 0 0 0,"1,2,6",,no (tile),,,,89.22,,0.5000,,4,yes,4_1 4_1,pmg,22*,L3
25473,6,8,0,3,IIIIII,not tested,72.00 144.00 144.00 108.00 216.00 36.00,1.0000 1.0000 1.0000 1.0000 1.0000 3.2361,0 0 0 0 0 5,0 0 0 0 0 0,"2,6",,no (tile),,,,36.00,,0.3090,,3 4 6,yes,4_2 4_2,pmg,22*,L2
25473,6,9,1,3,IIIIII,not tested,90.01 89.99 270.01 89.99 135.01 44.99,1.0000 1.0000 1.0000 1.0000 2.8288 4.0000,0 0 0 0 4 5,0 0 0 0 0 0,1,,no (tile),,,,44.99,,0.2500,,3 4 6,yes,4_2 4_2,pmg,22*,L2
25495,6,0,1,1,IIIIII,not tested,270.79 -90.79 270.79 -90.79 270.79 89.21,1.0000 2.0000 2.0000 1.0000 1.0000 1.0000,0 1 1 0 0 0,0 0 0 0 0 0,"1,2,6",,no (tile),,,,89.21,,0.5000,,4,yes,4_2 4_2,pm,1**,L2
25495,6,0,1,5,IIIIII,not tested,90.78 89.22 90.78 89.22 270.78 89.22,1.0000 1.0000 0.5000 0.5000 0.5000 0.5000,0 0 2 2 2 2,0 0 0 0 0 0,"1,2,6",,no (tile),,,,89.22,,0.5000,,4,yes,4_2 4_2,pm,1**,L2
25495,6,9,1,1,IIIIII,not tested,90.78 89.22 90.78 269.22 90.78 89.22,1.0000 0.5000 0.5000 0.5000 0.5000 1.0000,0 1 1 1 1 0,0 0 0 0 0 0,"1,2,6",,no (tile),,,,89.22,,0.5000,,4,yes,4_2 4_2,pm,1**,L2
25495,6,9,1,5,IIIIII,not tested,90.79 89.21 270.79 89.21 90.79 89.21,1.0000 1.0000 1.0000 1.0000 2.0000 2.0000,0 0 0 0 4 4,0 0 0 0 0 0,"1,2,6",,no (tile),,,,89.21,,0.5000,,4,yes,4_2 4_2,pm,1**,L2
25496,6,0,1,1,IIIIII,not tested,90.00 90.00 90.00 90.00 90.00 270.00,1.0000 2.0000 2.0000 1.0000 1.0000 1.0000,0 1 1 0 0 0,0 0 0 0 0 0,"1,2,6",,no (tile),,,,90.00,,0.5000,,4,yes,4_2 4_2,cm,1*x,L3
25496,6,0,1,5,IIIIII,not tested,90.00 90.00 90.00 90.00 270.00 90.00,1.0000 1.0000 0.5000 0.5000 0.5000 0.5000,0 0 2 2 2 2,0 0 0 0 0 0,"1,2,6",,no (tile),,,,90.00,,0.5000,,4,yes,4_2 4_2,cm,1*x,L3
25496,6,9,0,0,IIIIII,not tested,90.00 90.00 90.00 270.00 90.00 90.00,1.0000 0.5000 0.5000 0.5000 0.5000 1.0000,0 1 1 1 1 0,0 0 0 0 0 0,"1,2,6",,no (tile),,,,90.00,,0.5000,,4,yes,4_2 4_2,cm,1*x,L3
25496,6,9,0,4,IIIIII,not tested,90.00 90.00 270.00 90.00 90.00 90.00,1.0000 1.0000 1.0000 1.0000 2.0000 2.0000,0 0 0 0 4 4,0 0 0 0 0 0,"1,2,6",,no (tile),,,,90.00,,0.5000,,4,yes,4_2 4_2,cm,1*x,L3
25497,6,0,1,1,IIIIII,not tested,270.79 -90.79 270.79 -90.79 270.79 89.21,1.0000 2.0000 2.0000 1.0000 1.0000 1.0000,0 1 1 0 0 0,0 0 0 0 0 0,"1,2,6",,no (tile),,,,89.21,,0.5000,,4,yes,4_2 4_2,pmg,22*,L2
25497,6,0,1,5,IIIIII,not tested,90.78 89.22 90.78 89.22 270.78 89.22,1.0000 1.0000 0.5000 0.5000 0.5000 0.5000,0 0 2 2 2 2,0 0 0 0 0 0,"1,2,6",,no (tile),,,,89.22,,0.5000,,4,yes,4_2 4_2,pmg,22*,L2
25497,6,5,0,0,ISSSSI,not tested,90.00 90.00 90.00 270.00 90.00 90.00,1.0000 0.5000 0.5000 0.5000 0.5000 1.0000,0 1 1 1 1 0,0 0 0 0 0 0,"1,2,6",,no (tile),,,,90.00,,0.5000,,4,yes,4_2 4_2,pmg,22*,L2
25497,6,5,0,2,IISSSS,not tested,90.00 90.00 90.00 90.00 270.00 90.00,1.0000 1.0000 0.5000 0.5000 0.5000 0.5000,0 0 2 2 2 2,0 0 0 0 0 0,"1,2,6",,no (tile),,,,90.00,,0.5000,,4,yes,4_2 4_2,pmg,22*,L2
25497,6,9,1,1,IIIIII,not tested,90.78 89.22 90.78 269.22 90.78 89.22,1.0000 0.5000 0.5000 0.5000 0.5000 1.0000,0 1 1 1 1 0,0 0 0 0 0 0,"1,2,6",,no (tile),,,,89.22,,0.5000,,4,yes,4_2 4_2,pmg,22*,L2
25497,6,9,1,5,IIIIII,not tested,90.79 89.21 270.79 89.21 90.79 89.21,1.0000 1.0000 1.0000 1.0000 2.0000 2.0000,0 0 0 0 4 4,0 0 0 0 0 0,"1,2,6",,no (tile),,,,89.21,,0.5000,,4,yes,4_2 4_2,pmg,22*,L2
25499,6,2,0,0,IUUUUI,not needed (covering theorem),90.00 90.00 90.00 270.00 90.00 90.00,1.0000 0.5000 0.5000 0.5000 0.5000 1.0000,0 1 1 1 1 0,0 0 2 0 2 0,,,YES,2,"2,3",2,90.00,,0.5000,,4,yes,4_3 4_3,cm,1*x,L2
25499,6,2,0,2,IIUUUU,not needed (covering theorem),90.00 90.00 90.00 90.00 270.00 90.00,1.0000 1.0000 0.5000 0.5000 0.5000 0.5000,0 0 2 2 2 2,0 0 0 2 0 2,,,YES,2,"2,3,6",2,90.00,,0.5000,,4,yes,4_3 4_3,cm,1*x,L2
25510,6,0,0,1,SSSSSS,not tested,90.00 180.00 90.00 90.00 180.00 90.00,1.0000 1.0000 1.0000 1.0000 1.0000 1.0000,0 0 2 0 0 2,0 0 0 0 0 0,"1,4",,no (tile),,,,90.00,,1.0000,,3 4,yes,5_2 6_4,p2,2222,L2
25510,6,0,0,4,SSSSSS,not tested,90.00 180.00 90.00 90.00 180.00 90.00,1.0000 1.0000 1.0000 1.0000 1.0000 1.0000,0 0 2 0 0 2,0 0 0 0 0 0,"1,4",,no (tile),,,,90.00,,1.0000,,3 4,yes,5_2 6_4,p2,2222,L2
25510,6,0,1,1,UUSUUS,not tested,90.00 180.00 90.00 90.00 180.00 90.00,1.0000 1.0000 1.0000 1.0000 1.0000 1.0000,0 0 2 0 0 2,0 2 0 0 2 0,"1,2,3,4,5",,no (tile),,,,90.00,,1.0000,,3 4,yes,5_2 6_4,p2,2222,L2
25510,6,0,1,4,UUSUUS,not tested,90.00 180.00 90.00 90.00 180.00 90.00,1.0000 1.0000 1.0000 1.0000 1.0000 1.0000,0 0 2 0 0 2,0 2 0 0 2 0,"1,2,3,4,5",,no (tile),,,,90.00,,1.0000,,3 4,yes,5_2 6_4,p2,2222,L2
25512,6,0,0,5,SJJSJJ,not tested,285.52 -105.52 211.03 285.52 74.48 -31.03,1.0000 0.2675 0.2675 1.0000 0.2675 0.2675,0 1 1 0 1 1,0 0 3 0 0 3,1,,no (tile),,,,31.03,,0.2675,,4,yes,3_2 5_2,p2,2222,L2
25512,6,1,0,5,SJJSJJ,not tested,134.54 45.46 89.09 314.54 45.46 90.91,1.0000 0.7015 0.7015 1.0000 0.7015 0.7015,0 1 1 0 1 1,0 0 3 0 0 3,1,,no (tile),,,,45.46,,0.7015,,4,yes,3_2 5_2,p2,2222,L2
25518,6,0,0,0,SIISIS,not tested,116.17 121.91 60.00 238.09 61.91 121.91,1.0000 0.9416 0.9416 1.0000 0.9416 1.0000,0 1 1 0 1 0,0 0 0 0 0 1,"1,2,6",,no (tile),,,,60.00,,0.9416,,3 5,yes,3_1 5_1,pgg,22x,L2
25518,6,0,0,4,SISIIS,not tested,106.90 126.55 66.55 233.45 60.00 126.55,1.0000 0.7960 1.0000 0.7960 0.7960 1.0000,0 1 0 1 1 0,0 0 1 0 0 1,"1,2,6",,no (tile),,,,60.00,,0.7960,,3 5,yes,3_1 5_1,pgg,22x,L2
25518,6,0,1,0,SSSSSS,not tested,120.00 120.00 60.00 240.00 60.00 120.00,1.0000 1.0000 1.0000 1.0000 1.0000 1.0000,0 0 0 0 0 0,0 0 1 1 0 0,"1,2,5,6",,no (tile),,,,60.00,,1.0000,,3 5,yes,3_1 5_1,pgg,22x,L2
25518,6,0,1,2,SSSSSS,not tested,120.00 120.00 60.00 240.00 60.00 120.00,1.0000 1.0000 1.0000 1.0000 1.0000 1.0000,0 0 0 0 0 0,0 0 1 1 0 0,"1,2,5,6",,no (tile),,,,60.00,,1.0000,,3 5,yes,3_1 5_1,pgg,22x,L2
25520,6,0,0,1,SSSSSS,not tested,197.89 46.85 84.59 30.68 197.89 162.11,1.0000 1.5574 1.5564 0.0500 1.0000 0.0500,0 1 2 3 0 3,0 0 0 0 0 0,1,,no (tile),,,,30.68,,0.0321,YES,4,yes,4_2 4_2,p2,2222,hand
25520,6,0,0,5,SSSSSS,not tested,93.08 121.97 93.08 51.86 308.14 51.86,1.0000 1.0000 1.0000 1.0000 1.0000 1.0000,0 1 0 1 0 1,0 0 0 0 0 0,1,,no (tile),,,,51.86,,1.0000,,4,yes,4_2 4_2,p2,2222,hand
25520,6,0,1,2,SISSSS,not tested,99.97 108.37 108.37 43.29 316.71 43.29,1.0000 0.8144 1.0000 0.9997 1.0000 0.9997,0 1 0 3 0 3,0 0 1 0 1 0,"1,6",,no (tile),,,,43.29,,0.8144,,4,yes,4_2 4_2,p2,2222,hand
25520,6,0,1,4,SSISSS,not tested,337.47 -403.87 213.20 213.20 337.47 22.53,1.0000 0.6764 0.2675 0.6764 1.0000 0.6764,0 1 2 1 0 1,0 0 0 1 0 1,"1,6",,no (tile),,,,22.53,,0.2675,,4,yes,4_2 4_2,p2,2222,hand
25520,6,1,0,1,SSSSSS,not tested,180.00 59.91 60.09 60.00 180.00 180.00,1.0000 3.9964 3.9927 1.0000 1.0000 1.0000,0 1 2 0 0 0,0 0 0 0 0 0,1,,no (tile),,,,59.91,,0.2502,,4,yes,4_2 4_2,p2,2222,hand
25520,6,1,1,3,SJJSSS,not tested,180.00 43.01 93.97 43.01 180.00 180.00,1.0000 2.7352 2.7352 1.0000 1.0000 1.0000,0 1 1 0 0 0,0 0 2 0 0 0,"2,6",,no (tile),,,,43.01,,0.3656,,4,yes,4_2 4_2,p2,2222,hand
25520,6,2,0,0,SSSSSS,not tested,99.25 107.43 107.43 45.89 314.11 45.89,1.0000 1.0000 1.0000 1.0624 1.0000 1.0624,0 0 0 3 0 3,0 0 0 0 0 0,1,,no (tile),,,,45.89,,0.9413,,4,yes,4_2 4_2,p2,2222,hand
25520,6,2,0,2,SSSSSS,not tested,342.74 -389.26 203.26 203.26 342.74 17.26,1.0000 0.5295 0.5295 0.5295 1.0000 0.5295,0 1 1 1 0 1,0 0 0 0 0 0,1,,no (tile),,,,17.26,,0.5295,,4,yes,4_2 4_2,p2,2222,hand
25520,6,2,1,0,SISISI,not tested,0.00 -0.00 79.81 280.19 280.19 79.81,1.0000 0.4326 0.8416 0.4326 0.8416 0.4326,0 1 2 1 2 1,0 0 0 0 1 0,(not a tile),,"n/a (not a tile: all 2282 sampled members of the family, on every solution branch reached, fail exactly -- e.g. S edge 0 folds back at both ends onto equal straight edges 5 and 1, and v4, v3 are on the same side of it: the S would have to pass both over and under (folded-S rule, via the outside lemma) (John's fixed-point / no-mirror rules, some members by the folded-S rule, 2026-09-13) [curve_sides])",,,,0.00,,0.4326,,,,4_2 4_2,p2,2222,hand
25520,6,2,1,1,SSSSSS,not tested,108.38 99.96 108.38 43.28 316.72 43.28,1.0000 1.0000 1.0384 1.0384 1.0384 1.0384,0 0 2 2 2 2,0 1 0 1 0 1,"1,2,6",,no (tile),,,,43.28,,0.9630,,4,yes,4_2 4_2,p2,2222,hand
25520,6,2,1,3,SJJSSS,not tested,225.08 31.79 72.12 31.01 225.08 134.92,1.0000 3.0880 3.0880 0.9680 1.0000 0.9680,0 1 1 3 0 3,0 0 2 0 0 0,"2,6",,no (tile),,,,31.01,,0.3135,,4,yes,4_2 4_2,p2,2222,hand
25520,6,4,0,3,SSSSSS,not tested,60.00 180.00 60.00 180.00 60.00 180.00,1.0000 1.0000 1.0000 1.0000 1.0000 1.0000,0 0 0 0 0 0,0 0 0 0 0 0,"1,8",,no (tile),,,,60.00,,1.0000,,4,yes,4_2 4_2,p2,2222,hand
25520,6,4,0,5,SSSSSS,not tested,60.00 180.00 60.00 180.00 60.00 180.00,1.0000 1.0000 1.0000 1.0000 1.0000 1.0000,0 0 0 0 0 0,0 0 0 0 0 0,"1,8",,no (tile),,,,60.00,,1.0000,,4,yes,4_2 4_2,p2,2222,hand
25520,6,5,1,1,SSSSSS,not tested,108.38 99.96 108.38 43.28 316.72 43.28,1.0000 1.0000 1.0384 1.0384 1.0384 1.0384,0 0 2 2 2 2,0 1 0 1 0 1,"1,2,6",,no (tile),,,,43.28,,0.9630,,4,yes,4_2 4_2,p2,2222,hand
25520,6,5,1,5,SJJJJS,not needed (covering theorem),-436.27 251.72 282.55 77.45 282.55 262.00,1.0000 0.5332 0.5332 0.5332 0.5332 1.1519,0 1 1 1 1 5,0 0 2 0 2 0,,,YES,2,5,2,76.27,,0.4629,,4,yes,4_2 4_2,p2,2222,hand
25520,6,8,0,3,SSSSSS,not needed (covering theorem),-3089.98 3329.98 -3089.98 60.00 3449.98 60.00,1.0000 0.9999 1.0000 1.0000 0.9999 0.9999,0 1 0 0 1 1,0 0 0 0 0 0,,,YES,2,"1,4",2,60.00,,0.9999,,4,yes,4_2 4_2,p2,2222,hand
25520,6,8,0,5,SSSSSS,not needed (covering theorem),150.01 60.00 209.99 60.00 150.01 89.99,1.0000 1.0000 0.9999 0.9999 1.0000 0.9999,0 0 2 2 0 2,0 0 0 0 0 0,,,YES,2,"1,4",2,60.00,,0.9999,,4,yes,4_2 4_2,p2,2222,hand
25520,6,9,1,3,SSSSSS,not tested,97.62 36.94 323.06 36.94 97.62 127.82,1.0000 1.0000 1.0000 1.0000 0.7054 0.7054,0 0 0 0 4 4,0 1 0 1 0 1,"1,2,6",,no (tile),,,,36.94,,0.7054,,4,yes,4_2 4_2,p2,2222,hand
25520,6,9,1,5,SJJJJS,not needed (covering theorem),-436.27 251.72 282.55 77.45 282.55 262.00,1.0000 0.5332 0.5332 0.5332 0.5332 1.1519,0 1 1 1 1 5,0 0 2 0 2 0,,,YES,2,5,2,76.27,,0.4629,,4,yes,4_2 4_2,p2,2222,hand
25520,6,10,0,2,SSSSSS,not tested,180.00 180.00 59.91 60.09 60.00 180.00,1.0000 1.0000 3.9964 3.9927 1.0000 1.0000,0 0 2 3 0 0,0 0 0 0 0 0,1,,no (tile),,,,59.91,,0.2502,,4,yes,4_2 4_2,p2,2222,hand
25520,6,10,1,4,SSJJSS,not tested,180.00 180.00 43.01 93.97 43.01 180.00,1.0000 1.0000 2.7352 2.7352 1.0000 1.0000,0 0 2 2 0 0,0 0 0 2 0 0,"2,6",,no (tile),,,,43.01,,0.3656,,4,yes,4_2 4_2,p2,2222,hand
25520,6,12,0,2,SSSSSS,not tested,180.00 180.00 59.91 60.09 60.00 180.00,1.0000 1.0000 3.9964 3.9927 1.0000 1.0000,0 0 2 3 0 0,0 0 0 0 0 0,1,,no (tile),,,,59.91,,0.2502,,4,yes,4_2 4_2,p2,2222,hand
25520,6,12,1,4,SSJJSS,not tested,180.00 180.00 43.01 93.97 43.01 180.00,1.0000 1.0000 2.7352 2.7352 1.0000 1.0000,0 0 2 2 0 0,0 0 0 2 0 0,"2,6",,no (tile),,,,43.01,,0.3656,,4,yes,4_2 4_2,p2,2222,hand
25520,6,15,0,0,SSSSSS,not tested,60.00 180.00 60.00 180.00 60.00 180.00,1.0000 1.0000 1.0000 1.0000 1.0000 1.0000,0 0 0 0 0 0,0 0 0 0 0 0,"1,8",,no (tile),,,,60.00,,1.0000,,4,yes,4_2 4_2,p2,2222,hand
25520,6,15,0,4,SSSSSS,not tested,60.00 180.00 60.00 180.00 60.00 180.00,1.0000 1.0000 1.0000 1.0000 1.0000 1.0000,0 0 0 0 0 0,0 0 0 0 0 0,"1,8",,no (tile),,,,60.00,,1.0000,,4,yes,4_2 4_2,p2,2222,hand
25520,6,17,0,2,SSSSSS,not tested,47.04 312.96 47.04 100.83 100.83 111.30,1.0000 0.9233 1.0000 1.0000 1.0000 0.9233,0 1 0 0 0 1,0 0 0 0 0 0,1,,no (tile),,,,47.04,,0.9233,,4,yes,4_2 4_2,p2,2222,hand
25520,6,17,0,4,SSSSSS,not tested,103.73 46.49 313.51 46.49 104.89 104.89,1.0000 0.9913 1.0000 0.9913 0.9913 0.9913,0 1 0 1 1 1,0 0 0 0 0 0,1,,no (tile),,,,46.49,,0.9913,,4,yes,4_2 4_2,p2,2222,hand
25520,6,17,1,1,SSSSSS,not tested,97.62 36.94 323.06 36.94 97.62 127.82,1.0000 1.0000 1.0000 1.0000 0.7054 0.7054,0 0 0 0 4 4,0 1 0 1 0 1,"1,2,6",,no (tile),,,,36.94,,0.7054,,4,yes,4_2 4_2,p2,2222,hand
25520,6,17,1,5,SSSJJS,not tested,34.27 325.73 34.27 166.99 66.06 92.68,1.0000 1.6097 1.0000 1.7696 1.7696 1.6097,0 1 0 3 3 1,0 0 0 0 2 0,"2,6",,no (tile),,,,34.27,,0.5651,,4,yes,4_2 4_2,p2,2222,hand
25520,6,18,0,3,SSSSSS,not tested,180.00 180.00 180.00 59.91 60.09 60.00,1.0000 1.0000 1.0000 3.9964 3.9927 1.0000,0 0 0 3 4 0,0 0 0 0 0 0,1,,no (tile),,,,59.91,,0.2502,,4,yes,4_2 4_2,p2,2222,hand
25520,6,18,1,5,SSSJJS,not tested,180.00 180.00 180.00 43.01 93.97 43.01,1.0000 1.0000 1.0000 2.7352 2.7352 1.0000,0 0 0 3 3 0,0 0 0 0 2 0,"2,6",,no (tile),,,,43.01,,0.3656,,4,yes,4_2 4_2,p2,2222,hand
25520,6,19,0,0,SSSSSS,not tested,-0.00 75.92 284.08 284.08 75.92 0.00,1.0000 1.0000 1.0000 1.0000 1.0000 2.5136,0 0 0 0 0 5,0 0 0 0 0 0,(not a tile),,"n/a (not a tile: rep 5 (S) must bulge opposite ways: to clear v1 on edge 5 (code 0) and to clear v4 on edge 5 (code 0) -- exact via the outside lemma (validated by John, 2026-09-13) [curve_sides])",,,,0.00,,0.3978,,,,4_2 4_2,p2,2222,hand
25520,6,19,0,3,SSSSSS,not tested,34.29 325.71 34.29 166.99 66.05 92.67,1.0000 1.3345 1.0000 1.1686 1.5527 1.3345,0 1 0 3 4 1,0 0 0 0 0 0,1,,no (tile),,,,34.29,,0.6440,,4,yes,4_2 4_2,p2,2222,hand
25520,6,19,0,5,SSSSSS,not tested,101.74 47.92 312.08 47.92 101.74 108.61,1.0000 1.0000 1.0000 1.0000 1.0000 1.0000,0 1 0 1 0 1,0 0 0 0 0 0,1,,no (tile),,,,47.92,,1.0000,,4,yes,4_2 4_2,p2,2222,hand
25520,6,19,1,0,SSSSIS,not tested,77.19 32.88 327.12 32.88 124.96 124.96,1.0000 0.9203 1.0000 0.9203 0.2703 0.9203,0 1 0 1 4 1,0 0 0 0 0 1,"1,6",,no (tile),,,,32.88,,0.2703,,4,yes,4_2 4_2,p2,2222,hand
25520,6,19,1,4,SSSISS,not tested,35.48 324.52 35.48 85.29 85.29 153.93,1.0000 0.5800 1.0000 0.8397 1.0000 0.5800,0 1 0 3 0 1,0 0 0 0 1 0,"1,6",,no (tile),,,,35.48,,0.5800,,4,yes,4_2 4_2,p2,2222,hand
25521,6,0,0,0,SSSUSU,not tested,39.97 100.05 100.05 119.92 119.92 240.08,1.0000 1.0000 1.0000 0.2675 1.0000 0.2675,0 0 0 3 0 3,0 0 0 0 1 2,"1,2,6",,no (tile),,,,39.97,,0.2675,,4,yes,4_2 4_2,pgg,22x,L2
25521,6,0,0,1,SSSUSU,not tested,95.42 112.97 108.37 43.23 264.58 95.42,1.0000 1.6425 1.1402 1.0433 1.0000 1.0433,0 1 2 3 0 3,0 0 0 0 1 2,"1,2,6",,no (tile),,,,43.23,,0.6088,,4,yes,4_2 4_2,pgg,22x,L2
25521,6,0,0,5,SISISI,not tested,77.66 162.34 77.66 42.34 282.34 77.66,1.0000 0.7777 1.0000 0.7777 1.0000 0.7777,0 1 0 1 0 1,0 0 0 0 1 0,"1,2,6",,no (tile),,,,42.34,,0.7777,,4,yes,4_2 4_2,pgg,22x,L2
25521,6,0,1,3,SJJUSU,not tested,120.34 109.04 81.24 49.38 239.66 120.34,1.0000 1.3193 1.3193 0.3538 1.0000 0.3538,0 1 1 3 0 3,0 0 2 0 1 2,"2,3,5,6",,no (tile),,,,49.38,,0.2682,,4,yes,4_2 4_2,pgg,22x,L2
25521,6,1,1,1,SSSSSS,not tested,100.98 109.76 100.98 48.28 311.72 48.28,1.0000 1.0000 1.0000 1.0000 1.0000 1.0000,0 0 0 0 0 0,0 1 0 1 0 1,"1,2,6",,no (tile),,,,48.28,,1.0000,,4,yes,4_2 4_2,pgg,22x,L2
25521,6,1,1,5,SJJJJS,not needed (covering theorem),71.17 118.43 51.97 308.03 51.97 118.43,1.0000 0.6641 0.6641 0.6641 0.6641 1.0000,0 1 1 1 1 0,0 0 2 0 2 1,,,YES,2,5,2,51.97,,0.6641,,4,yes,4_2 4_2,pgg,22x,L2
25521,6,2,0,3,SSSSSS,not tested,193.17 46.83 193.17 60.00 166.83 60.00,1.0000 1.0000 1.0000 1.0000 1.0000 1.0000,0 0 0 0 0 0,0 1 0 0 1 1,"2,3,5,6",,no (tile),,,,46.83,,1.0000,,4,yes,4_2 4_2,pgg,22x,L2
25521,6,2,0,5,SSSSSS,not tested,153.60 60.00 206.40 60.00 153.60 86.40,1.0000 1.0000 1.0000 1.0000 1.0000 1.0000,0 0 0 0 0 0,0 0 1 1 0 1,"2,3,5,6",,no (tile),,,,60.00,,1.0000,,4,yes,4_2 4_2,pgg,22x,L2
25521,6,3,1,3,SSSSSS,not tested,97.90 49.73 310.27 49.73 97.90 114.47,1.0000 1.0000 1.0000 1.0000 1.0000 1.0000,0 0 0 0 0 0,0 1 0 1 0 1,"1,2,6",,no (tile),,,,49.73,,1.0000,,4,yes,4_2 4_2,pgg,22x,L2
25521,6,3,1,5,SJJJJS,not needed (covering theorem),71.17 118.43 51.97 308.03 51.97 118.43,1.0000 0.6641 0.6641 0.6641 0.6641 1.0000,0 1 1 1 1 0,0 0 2 0 2 1,,,YES,2,5,2,51.97,,0.6641,,4,yes,4_2 4_2,pgg,22x,L2
25521,6,4,0,0,JJJJJJ,not tested,60.00 180.00 60.00 180.00 60.00 180.00,1.0000 1.0000 1.0000 1.0000 1.0000 1.0000,0 0 0 0 0 0,0 3 3 0 1 2,"1,2,6",,no (tile),,,,60.00,,1.0000,,4,yes,4_2 4_2,pgg,22x,L2
25521,6,4,0,4,JJJJJJ,not tested,60.00 180.00 60.00 180.00 60.00 180.00,1.0000 1.0000 1.0000 1.0000 1.0000 1.0000,0 0 0 0 0 0,0 3 2 1 1 2,"1,2,6",,no (tile),,,,60.00,,1.0000,,4,yes,4_2 4_2,pgg,22x,L2
25521,6,4,1,0,JJJJJJ,not tested,60.00 180.00 60.00 180.00 60.00 180.00,1.0000 1.0000 1.0000 1.0000 1.0000 1.0000,0 0 0 0 0 0,0 3 2 1 3 0,"1,2,6",,no (tile),,,,60.00,,1.0000,,4,yes,4_2 4_2,pgg,22x,L2
25521,6,4,1,2,JJJJJJ,not tested,60.00 180.00 60.00 180.00 60.00 180.00,1.0000 1.0000 1.0000 1.0000 1.0000 1.0000,0 0 0 0 0 0,0 3 1 2 3 0,"1,2,6",,no (tile),,,,60.00,,1.0000,,4,yes,4_2 4_2,pgg,22x,L2
25521,6,5,0,3,USUSSS,not tested,76.15 76.15 283.85 20.29 122.19 141.37,1.0000 0.3184 1.0000 1.3296 0.7571 0.3184,0 1 0 3 4 1,0 0 2 0 0 1,"1,2,6",,no (tile),,,,20.29,,0.2395,,4,yes,4_2 4_2,pgg,22x,L2
25521,6,5,0,4,USUSSS,not tested,30.05 269.84 90.16 90.16 119.90 119.90,1.0000 1.1589 1.0000 1.1589 1.1589 1.1589,0 1 0 1 1 1,0 0 2 1 1 1,"1,2,6",,no (tile),,,,30.05,,0.8629,,4,yes,4_2 4_2,pgg,22x,L2
25521,6,5,0,5,ISISIS,not tested,74.04 74.04 285.96 45.96 74.04 165.96,1.0000 1.2048 1.0000 1.2048 1.0000 1.2048,0 1 0 1 0 1,0 0 0 1 0 1,"1,2,6",,no (tile),,,,45.96,,0.8300,,4,yes,4_2 4_2,pgg,22x,L2
25521,6,5,1,0,USUSIS,not tested,42.68 258.31 101.69 101.69 107.82 107.82,1.0000 1.3089 1.0000 1.3089 1.8016 1.3089,0 1 0 1 4 1,0 0 2 1 0 0,"1,2,6",,no (tile),,,,42.68,,0.5551,,4,yes,4_2 4_2,pgg,22x,L2
25521,6,5,1,5,USUJJS,not tested,128.07 128.07 231.93 38.93 102.13 90.87,1.0000 0.9268 1.0000 2.0202 2.0202 0.9268,0 1 0 3 3 1,0 0 2 0 2 1,"2,3,5,6",,no (tile),,,,38.93,,0.4588,,4,yes,4_2 4_2,pgg,22x,L2
25523,6,0,0,5,SSSSSS,not tested,108.79 52.32 161.11 37.77 322.23 37.77,1.0000 0.6113 0.6113 0.6113 0.6113 0.6113,0 1 1 1 1 1,0 0 0 0 0 0,1,,no (tile),,,,37.77,,0.6113,,3 5,yes,4_2 4_2,p2,2222,L2
25523,6,0,1,2,SISSSS,not tested,79.58 84.46 164.03 31.93 328.07 31.93,1.0000 0.0966 0.9046 0.9046 0.9046 0.9046,0 1 2 2 2 2,0 0 0 1 0 1,1,,no (tile),,,,31.93,,0.0966,,3 5,yes,4_2 4_2,p2,2222,L2
25523,6,2,0,3,SSSSSS,not tested,379.68 -287.91 91.76 176.47 379.68 -19.68,1.0000 0.6347 0.6347 0.6347 1.0000 0.6347,0 1 1 1 0 1,0 0 0 0 0 0,1,,no (tile),,,,19.68,,0.6347,,3 5,yes,4_2 4_2,p2,2222,L2
25523,6,2,1,2,SISSSS,not tested,392.52 -260.83 131.69 96.63 392.52 -32.52,1.0000 0.2675 0.8813 0.8813 1.0000 0.8813,0 1 2 2 0 2,0 0 0 1 0 1,"1,2,6",,no (tile),,,,32.52,,0.2675,,3 5,yes,4_2 4_2,p2,2222,L2
25523,6,5,1,2,SISSSS,not tested,79.58 84.46 164.03 31.93 328.07 31.93,1.0000 0.0966 0.9046 0.9046 0.9046 0.9046,0 1 2 2 2 2,0 0 0 1 0 1,1,,no (tile),,,,31.93,,0.0966,,3 5,yes,4_2 4_2,p2,2222,L2
25523,6,8,0,3,SSSSSS,not needed (covering theorem),68.00 147.54 147.54 106.23 212.46 38.23,1.0000 1.0000 1.0000 1.0000 1.0000 3.3031,0 0 0 0 0 5,0 0 0 0 0 0,,,YES,2,1,2,38.23,,0.3027,,3 5,yes,4_2 4_2,p2,2222,L2
25523,6,8,0,4,SSSSSS,not needed (covering theorem),68.06 38.19 212.51 106.25 147.49 147.49,1.0000 0.3028 0.3028 0.3028 0.3028 0.3028,0 1 1 1 1 1,0 0 0 0 0 0,,,YES,2,1,2,38.19,,0.3028,,3 5,yes,4_2 4_2,p2,2222,L2
25523,6,9,1,3,SSSSIS,not tested,100.90 26.24 333.76 26.24 166.88 65.98,1.0000 1.0000 1.0000 1.0000 0.4046 0.9939,0 0 0 0 4 5,0 1 0 1 0 0,1,,no (tile),,,,26.24,,0.4046,,3 5,yes,4_2 4_2,p2,2222,L2
25523,6,17,0,4,SSSSSS,not tested,120.30 29.11 330.89 29.11 165.45 45.15,1.0000 1.0000 1.0000 1.0000 1.0000 1.4178,0 0 0 0 0 5,0 0 0 0 0 0,1,,no (tile),,,,29.11,,0.7053,,3 5,yes,4_2 4_2,p2,2222,L2
25523,6,17,1,1,SSSSIS,not tested,100.90 26.24 333.76 26.24 166.88 65.98,1.0000 1.0000 1.0000 1.0000 0.4046 0.9939,0 0 0 0 4 5,0 1 0 1 0 0,1,,no (tile),,,,26.24,,0.4046,,3 5,yes,4_2 4_2,p2,2222,L2
25523,6,19,0,4,SSSSSS,not tested,56.63 303.37 56.63 80.72 139.64 83.02,1.0000 0.9786 1.0000 1.0000 1.0000 0.9786,0 1 0 0 0 1,0 0 0 0 0 0,1,,no (tile),,,,56.63,,0.9786,,3 5,yes,4_2 4_2,p2,2222,L2
25523,6,19,1,3,SSSSIS,not tested,62.02 297.98 62.02 104.32 127.84 65.82,1.0000 1.2985 1.0000 1.0000 1.6772 1.2985,0 1 0 0 4 1,0 0 0 1 0 0,"1,2,6",,no (tile),,,,62.02,,0.5962,,3 5,yes,4_2 4_2,p2,2222,L2
25524,6,0,0,5,SSISSS,not tested,117.13 96.61 131.69 14.57 263.39 96.61,1.0000 1.0000 1.7973 1.0000 1.0000 1.0000,0 0 2 0 0 0,0 1 0 1 0 1,"1,2,6",,no (tile),,,,14.57,,0.5564,,3 5,yes,4_2 4_2,pgg,22x,L2
25524,6,0,1,1,SSIISI,not tested,26.70 89.31 135.35 108.64 135.35 224.65,1.0000 1.0000 0.2675 0.2675 1.0000 0.2675,0 0 2 2 0 2,0 1 0 0 0 0,"1,2,6",,no (tile),,,,26.70,,0.2675,,3 5,yes,4_2 4_2,pgg,22x,L2
25524,6,2,0,3,SUSSUS,not tested,-137.03 248.52 248.52 248.52 111.48 -0.00,1.0000 0.2675 1.0000 1.0000 0.2675 1.0000,0 1 0 0 1 0,0 0 1 1 2 0,6,,no (tile),,,,0.00,,0.2675,,3 5,yes,4_2 4_2,pgg,22x,L2
25524,6,2,1,0,SUSSUS,not tested,144.88 0.00 252.44 107.56 107.56 107.56,1.0000 0.3966 1.0000 1.0000 0.3966 1.0000,0 1 0 0 1 0,0 0 1 1 2 0,6,,no (tile),,,,0.00,,0.3966,,3 5,yes,4_2 4_2,pgg,22x,L2
25524,6,5,0,2,ISIISS,not tested,7.11 259.28 100.72 93.61 100.72 158.56,1.0000 1.1621 1.0000 1.0000 1.1621 1.1621,0 1 0 0 1 1,0 0 0 0 1 0,"1,2,6",,no (tile),,,,7.11,,0.8605,,3 5,yes,4_2 4_2,pgg,22x,L2
25524,6,5,1,4,SSSISS,not tested,119.48 93.64 266.36 13.70 133.18 93.64,1.0000 1.0000 1.0000 1.7683 1.0000 1.0000,0 0 0 3 0 0,0 1 0 0 0 1,"1,2,6",,no (tile),,,,13.70,,0.5655,,3 5,yes,4_2 4_2,pgg,22x,L2
25525,6,1,0,0,SSSSSS,not tested,105.50 99.09 56.32 99.09 303.68 56.32,1.0000 1.0000 0.5545 0.5545 1.0000 0.5545,0 0 2 2 0 2,0 0 0 0 0 0,1,,no (tile),,,,56.32,,0.5545,,4,yes,3_2 5_2,p2,2222,L2
25525,6,3,0,3,SSSSSS,not tested,112.73 60.91 299.09 93.18 60.91 93.18,1.0000 2.0569 1.0000 1.0000 2.0569 2.0569,0 1 0 0 1 1,0 0 0 0 0 0,1,,no (tile),,,,60.91,,0.4862,,4,yes,3_2 5_2,p2,2222,L2
25537,6,0,0,1,ISISIS,not tested,53.47 142.12 217.88 22.28 142.12 142.12,1.0000 1.4180 1.0000 1.4180 1.0000 1.4180,0 1 0 1 0 1,0 0 0 1 0 0,"1,2,6",,no (tile),,,,22.28,,0.7052,,4,yes,3_2 5_2,pgg,22x,L2
25537,6,0,1,2,SSSSSS,not tested,13.38 202.48 157.52 45.03 144.07 157.52,1.0000 1.7685 1.0000 1.3106 1.0000 1.7685,0 1 0 3 0 1,0 0 0 0 1 1,"1,2,6",,no (tile),,,,13.38,,0.5654,,4,yes,3_2 5_2,pgg,22x,L2
25537,6,1,1,0,ISIISI,not tested,73.96 54.17 305.83 106.04 54.17 125.83,1.0000 1.2033 1.0000 1.0000 1.2033 1.5913,0 1 0 0 1 5,0 0 0 0 0 0,1,,no (tile),,,,54.17,,0.6284,,4,yes,3_2 5_2,pgg,22x,L2
25537,6,2,0,5,SSSSSS,not tested,13.76 180.00 180.00 180.00 58.34 107.90,1.0000 1.0000 1.0000 1.0000 1.0000 3.5779,0 0 0 0 0 5,0 0 0 0 1 0,"1,2,6",,no (tile),,,,13.76,,0.2795,,4,yes,3_2 5_2,pgg,22x,L2
25537,6,2,1,3,SSSSSS,not tested,59.03 180.00 180.00 180.00 13.82 107.15,1.0000 1.0000 1.0000 1.0000 3.5893 1.0000,0 0 0 0 4 0,0 0 0 0 0 1,"1,2,6",,no (tile),,,,13.82,,0.2786,,4,yes,3_2 5_2,pgg,22x,L2
25538,6,0,0,0,SSSISS,not tested,68.42 267.90 92.10 65.53 133.95 92.10,1.0000 1.0000 1.0000 1.7530 1.0000 1.0000,0 0 0 3 0 0,0 1 0 0 1 0,"1,2,6",,no (tile),,,,65.53,,0.5704,,3 5,yes,3_2 5_2,pgg,22x,L2
25538,6,1,1,5,ISIISS,not tested,61.05 99.98 260.02 38.93 99.98 160.03,1.0000 1.1481 1.0000 1.0000 1.1481 1.1481,0 1 0 0 1 1,0 0 0 0 0 1,"1,2,6",,no (tile),,,,38.93,,0.8710,,3 5,yes,3_2 5_2,pgg,22x,L2
25538,6,2,0,2,IIIIII,not tested,75.52 180.00 180.00 180.00 14.48 90.00,1.0000 1.0000 1.0000 1.0000 3.8730 1.0000,0 0 0 0 4 0,0 0 0 0 0 0,"1,2,6",,no (tile),,,,14.48,,0.2582,,3 5,yes,3_2 5_2,pgg,22x,L2
25538,6,2,1,0,IIIIII,not tested,14.48 180.00 180.00 180.00 75.52 90.00,1.0000 1.0000 1.0000 1.0000 1.0000 3.8730,0 0 0 0 0 5,0 0 0 0 0 0,"1,2,6",,no (tile),,,,14.48,,0.2582,,3 5,yes,3_2 5_2,pgg,22x,L2
25540,6,1,0,0,SSUSUS,not tested,210.53 -61.06 225.80 225.80 134.20 -15.27,1.0000 1.0000 0.2675 1.0000 0.2675 1.0000,0 0 2 0 2 0,0 0 0 1 2 0,"1,2,6",,no (tile),,,,15.27,,0.2675,,3 5,yes,4_2 4_2,pgg,22x,L2
25540,6,1,0,1,SSUSUS,not tested,130.51 114.75 32.63 277.88 82.12 82.12,1.0000 1.0000 0.9793 1.0000 0.9793 1.0000,0 0 2 0 2 0,0 0 0 1 2 0,"1,2,6",,no (tile),,,,32.63,,0.9793,,3 5,yes,4_2 4_2,pgg,22x,L2
25540,6,1,1,0,SSUSUI,not tested,218.95 -77.91 249.98 249.98 110.02 -31.03,1.0000 1.0000 0.2675 1.0000 0.2675 0.2675,0 0 2 0 2 5,0 1 0 0 2 0,"1,2,6",,no (tile),,,,31.03,,0.2675,,3 5,yes,4_2 4_2,pgg,22x,L2
25540,6,1,1,1,SIUSUS,not tested,75.37 142.32 20.16 237.84 122.16 122.16,1.0000 0.8740 0.3547 1.0000 0.3547 1.0000,0 1 2 0 2 0,0 0 0 0 2 1,"1,2,6",,no (tile),,,,20.16,,0.3547,,3 5,yes,4_2 4_2,pgg,22x,L2
25540,6,3,1,0,SSSSSI,not tested,167.55 24.91 335.09 24.91 107.94 59.61,1.0000 1.0000 1.0000 1.0000 1.0000 0.5059,0 0 0 0 0 5,0 1 0 1 0 0,"1,2,6",,no (tile),,,,24.91,,0.5059,,3 5,yes,4_2 4_2,pgg,22x,L2
25543,6,2,0,0,SSSSSS,not tested,138.59 82.82 55.77 304.23 55.77 82.82,1.0000 1.0000 1.0000 1.0000 1.0000 1.0000,0 0 0 0 0 0,0 0 1 0 1 0,"1,2,6",,no (tile),,,,55.77,,1.0000,,3 5,yes,4_3 4_3,pgg,22x,L2
25543,6,3,0,1,SSSISS,not needed (covering theorem),147.39 106.30 212.61 38.13 68.17 147.39,1.0000 1.0000 1.0000 3.3004 1.0000 1.0000,0 0 0 3 0 0,0 0 0 0 0 0,,,YES,2,"1,6",2,38.13,,0.3030,,3 5,yes,4_3 4_3,pgg,22x,L2
25543,6,5,1,0,SSSSSI,not tested,168.53 22.94 337.06 22.94 96.42 72.11,1.0000 1.0000 1.0000 1.0000 0.8360 0.2568,0 0 0 0 4 5,0 1 0 1 0 0,1,,no (tile),,,,22.94,,0.2568,,3 5,yes,4_3 4_3,pgg,22x,L2
25543,6,9,0,3,SSSSIS,not tested,29.74 330.26 29.74 165.13 45.75 119.38,1.0000 1.0000 1.0000 1.0000 1.4331 1.0000,0 0 0 0 4 0,0 0 0 0 0 0,1,,no (tile),,,,29.74,,0.6978,,3 5,yes,4_3 4_3,pgg,22x,L2
25543,6,9,1,0,SSSSSI,not tested,168.53 22.94 337.06 22.94 96.42 72.11,1.0000 1.0000 1.0000 1.0000 0.8360 0.2568,0 0 0 0 4 5,0 1 0 1 0 0,1,,no (tile),,,,22.94,,0.2568,,3 5,yes,4_3 4_3,pgg,22x,L2
25546,6,0,0,0,SSSSSS,not tested,90.00 180.00 90.00 90.00 180.00 90.00,1.0000 1.0000 1.0000 1.0000 1.0000 1.0000,0 0 0 0 0 0,0 0 0 0 0 0,"1,4,9",,no (tile),,,,90.00,,1.0000,,3 4,yes,5_3 6_6,p2,2222,L3
25546,6,0,0,3,SSSSSS,not tested,90.00 180.00 90.00 90.00 180.00 90.00,1.0000 1.0000 1.0000 1.0000 1.0000 1.0000,0 0 0 0 0 0,0 0 0 0 0 0,"1,4,9",,no (tile),,,,90.00,,1.0000,,3 4,yes,5_3 6_6,p2,2222,L3
25546,6,0,1,2,SSSSSS,not tested,90.00 180.00 90.00 90.00 180.00 90.00,1.0000 1.0000 1.0000 1.0000 1.0000 1.0000,0 0 0 0 0 0,0 0 1 0 0 1,"1,2,3,4,5,6",,no (tile),,,,90.00,,1.0000,,3 4,yes,5_3 6_6,p2,2222,L3
25546,6,0,1,5,SSSSSS,not tested,90.00 180.00 90.00 90.00 180.00 90.00,1.0000 1.0000 1.0000 1.0000 1.0000 1.0000,0 0 0 0 0 0,0 0 1 0 0 1,"1,2,3,4,5,6",,no (tile),,,,90.00,,1.0000,,3 4,yes,5_3 6_6,p2,2222,L3
25546,6,1,0,1,SSSSSS,not tested,90.00 180.00 90.00 90.00 180.00 90.00,1.0000 1.0000 1.0000 1.0000 1.0000 1.0000,0 0 0 0 0 0,0 0 0 0 0 0,"1,4,9",,no (tile),,,,90.00,,1.0000,,3 4,yes,5_3 6_6,p2,2222,L3
25546,6,1,0,4,SSSSSS,not tested,90.00 180.00 90.00 90.00 180.00 90.00,1.0000 1.0000 1.0000 1.0000 1.0000 1.0000,0 0 0 0 0 0,0 0 0 0 0 0,"1,4,9",,no (tile),,,,90.00,,1.0000,,3 4,yes,5_3 6_6,p2,2222,L3
25546,6,1,1,1,SSSSSS,not tested,90.00 180.00 90.00 90.00 180.00 90.00,1.0000 1.0000 1.0000 1.0000 1.0000 1.0000,0 0 0 0 0 0,0 0 1 0 0 1,"1,2,3,4,5,6",,no (tile),,,,90.00,,1.0000,,3 4,yes,5_3 6_6,p2,2222,L3
25546,6,1,1,4,SSSSSS,not tested,90.00 180.00 90.00 90.00 180.00 90.00,1.0000 1.0000 1.0000 1.0000 1.0000 1.0000,0 0 0 0 0 0,0 0 1 0 0 1,"1,2,3,4,5,6",,no (tile),,,,90.00,,1.0000,,3 4,yes,5_3 6_6,p2,2222,L3
25548,6,0,1,1,SSSSSS,not tested,211.62 34.15 80.07 34.15 211.62 148.38,1.0000 2.9916 2.9916 1.0000 1.0000 1.0000,0 1 1 0 0 0,0 0 1 1 0 1,"1,2,6",,no (tile),,,,34.15,,0.3343,,4,yes,4_2 4_2,p2,2222,L2
25548,6,0,1,2,SISISI,not tested,111.45 248.55 0.00 -0.00 248.55 111.45,1.0000 0.0500 0.8812 0.0500 1.0000 0.0500,0 1 2 1 0 1,0 0 0 0 1 0,(not a tile),,"n/a (not a tile: all 1339 sampled members of the family, on every solution branch reached, fail exactly -- e.g. S edge 2 folds back at both ends onto equal straight edges 1 and 3, and v0, v5 are on the same side of it: the S would have to pass both over and under (folded-S rule, via the outside lemma) (John's fixed-point / no-mirror rules, some members by the folded-S rule, 2026-09-13) [curve_sides])",,,,0.00,,0.0500,YES,,,4_2 4_2,p2,2222,L2
25548,6,0,1,4,SISISI,not tested,0.00 -0.00 79.81 280.19 280.19 79.81,1.0000 0.4326 0.8416 0.4326 0.8416 0.4326,0 1 2 1 2 1,0 0 0 0 1 0,(not a tile),,"n/a (not a tile: all 2282 sampled members of the family, on every solution branch reached, fail exactly -- e.g. S edge 0 folds back at both ends onto equal straight edges 5 and 1, and v4, v3 are on the same side of it: the S would have to pass both over and under (folded-S rule, via the outside lemma) (John's fixed-point / no-mirror rules, some members by the folded-S rule, 2026-09-13) [curve_sides])",,,,0.00,,0.4326,,,,4_2 4_2,p2,2222,L2
25548,6,0,1,5,SSSSSS,not tested,108.38 99.96 108.38 43.28 316.72 43.28,1.0000 1.0000 1.0384 1.0384 1.0384 1.0384,0 0 2 2 2 2,0 1 0 1 0 1,"1,2,6",,no (tile),,,,43.28,,0.9630,,4,yes,4_2 4_2,p2,2222,L2
25548,6,1,0,0,SSSSSS,not tested,60.00 180.00 60.00 180.00 60.00 180.00,1.0000 1.0000 1.0000 1.0000 1.0000 1.0000,0 0 0 0 0 0,0 0 0 0 0 0,"1,8",,no (tile),,,,60.00,,1.0000,,4,yes,4_2 4_2,p2,2222,L2
25548,6,1,0,2,SSSSSS,not tested,60.00 180.00 60.00 180.00 60.00 180.00,1.0000 1.0000 1.0000 1.0000 1.0000 1.0000,0 0 0 0 0 0,0 0 0 0 0 0,"1,8",,no (tile),,,,60.00,,1.0000,,4,yes,4_2 4_2,p2,2222,L2
25548,6,3,0,0,SSSSSS,not tested,93.10 121.95 93.10 51.85 308.15 51.85,1.0000 1.0000 1.0000 1.0000 1.0000 1.0000,0 1 1 0 1 0,0 0 0 0 0 0,1,,no (tile),,,,51.85,,1.0000,,4,yes,4_2 4_2,p2,2222,L2
25548,6,3,0,4,SSSSSS,not tested,108.54 101.78 47.89 312.11 47.89 101.78,1.0000 1.0000 1.0000 1.0000 1.0000 1.0000,0 0 2 0 2 2,0 0 0 0 0 0,1,,no (tile),,,,47.89,,1.0000,,4,yes,4_2 4_2,p2,2222,L2
25548,6,3,1,1,SSSSSS,not tested,120.67 91.00 57.32 302.68 57.32 91.00,1.0000 0.9058 0.9058 0.9058 0.9058 1.0000,0 1 1 1 1 0,0 0 1 0 1 1,"1,2,6",,no (tile),,,,57.32,,0.9058,,4,yes,4_2 4_2,p2,2222,L2
25548,6,3,1,3,SSSSSS,not tested,108.38 99.96 108.38 43.28 316.72 43.28,1.0000 1.0000 1.0384 1.0384 1.0384 1.0384,0 0 2 2 2 2,0 1 0 1 0 1,"1,2,6",,no (tile),,,,43.28,,0.9630,,4,yes,4_2 4_2,p2,2222,L2
25548,6,5,0,0,SSSSSS,not tested,86.95 93.05 86.95 273.05 86.95 93.05,1.0000 0.5000 0.5000 0.5000 0.5000 1.0000,0 1 1 1 1 0,0 0 0 0 0 0,1,,no (tile),,,,86.95,,0.5000,,4,yes,4_2 4_2,p2,2222,L2
25548,6,5,0,2,SSSSSS,not tested,93.05 86.95 93.05 86.95 273.05 86.95,1.0000 1.0000 0.5000 0.5000 0.5000 0.5000,0 0 2 2 2 2,0 0 0 0 0 0,1,,no (tile),,,,86.95,,0.5000,,4,yes,4_2 4_2,p2,2222,L2
25548,6,7,0,1,SSSSSS,not tested,180.00 60.00 180.00 60.00 180.00 60.00,1.0000 1.0000 1.0000 1.0000 1.0000 1.0000,0 0 0 0 0 0,0 0 0 0 0 0,"1,8",,no (tile),,,,60.00,,1.0000,,4,yes,4_2 4_2,p2,2222,L2
25548,6,7,0,3,SSSSSS,not tested,180.00 60.00 180.00 60.00 180.00 60.00,1.0000 1.0000 1.0000 1.0000 1.0000 1.0000,0 0 0 0 0 0,0 0 0 0 0 0,"1,8",,no (tile),,,,60.00,,1.0000,,4,yes,4_2 4_2,p2,2222,L2
25548,6,9,1,1,SSSSSS,not tested,120.67 91.00 57.32 302.68 57.32 91.00,1.0000 0.9058 0.9058 0.9058 0.9058 1.0000,0 1 1 1 1 0,0 0 1 0 1 1,"1,2,6",,no (tile),,,,57.32,,0.9058,,4,yes,4_2 4_2,p2,2222,L2
25548,6,9,1,2,SISISI,not tested,0.00 -0.00 79.81 280.19 280.19 79.81,1.0000 0.4326 0.8416 0.4326 0.8416 0.4326,0 1 2 1 2 1,0 0 0 0 1 0,(not a tile),,"n/a (not a tile: all 2282 sampled members of the family, on every solution branch reached, fail exactly -- e.g. S edge 0 folds back at both ends onto equal straight edges 5 and 1, and v4, v3 are on the same side of it: the S would have to pass both over and under (folded-S rule, via the outside lemma) (John's fixed-point / no-mirror rules, some members by the folded-S rule, 2026-09-13) [curve_sides])",,,,0.00,,0.4326,,,,4_2 4_2,p2,2222,L2
25548,6,9,1,5,SSSSSS,not tested,97.62 36.94 323.06 36.94 97.62 127.82,1.0000 1.0000 1.0000 1.0000 0.7054 0.7054,0 0 0 0 4 4,0 1 0 1 0 1,"1,2,6",,no (tile),,,,36.94,,0.7054,,4,yes,4_2 4_2,p2,2222,L2
25548,6,11,0,0,SSSSSS,not tested,60.00 180.00 60.00 180.00 60.00 180.00,1.0000 1.0000 1.0000 1.0000 1.0000 1.0000,0 0 0 0 0 0,0 0 0 0 0 0,"1,8",,no (tile),,,,60.00,,1.0000,,4,yes,4_2 4_2,p2,2222,L2
25548,6,11,0,2,SSSSSS,not tested,60.00 180.00 60.00 180.00 60.00 180.00,1.0000 1.0000 1.0000 1.0000 1.0000 1.0000,0 0 0 0 0 0,0 0 0 0 0 0,"1,8",,no (tile),,,,60.00,,1.0000,,4,yes,4_2 4_2,p2,2222,L2
25548,6,16,0,1,SSSSSS,not tested,60.00 180.00 60.00 180.00 60.00 180.00,1.0000 1.0000 1.0000 1.0000 1.0000 1.0000,0 0 0 0 0 0,0 0 0 0 0 0,"1,8",,no (tile),,,,60.00,,1.0000,,4,yes,4_2 4_2,p2,2222,L2
25548,6,16,0,3,SSSSSS,not tested,60.00 180.00 60.00 180.00 60.00 180.00,1.0000 1.0000 1.0000 1.0000 1.0000 1.0000,0 0 0 0 0 0,0 0 0 0 0 0,"1,8",,no (tile),,,,60.00,,1.0000,,4,yes,4_2 4_2,p2,2222,L2
25548,6,17,0,2,SSSSSS,not tested,91.80 268.20 91.80 88.20 91.80 88.20,1.0000 1.0000 1.0000 2.0000 2.0000 1.0000,0 0 0 3 3 0,0 0 0 0 0 0,1,,no (tile),,,,88.20,,0.5000,,4,yes,4_2 4_2,p2,2222,L2
25548,6,17,0,4,SSSSSS,not tested,94.74 85.26 274.74 85.26 94.74 85.26,1.0000 1.0000 1.0000 1.0000 2.0000 2.0000,0 0 0 0 4 4,0 0 0 0 0 0,1,,no (tile),,,,85.26,,0.5000,,4,yes,4_2 4_2,p2,2222,L2
25548,6,19,0,0,SSSSSS,not tested,97.79 49.78 310.22 49.78 97.79 114.64,1.0000 1.0000 1.0000 1.0000 1.0000 1.0000,0 1 0 1 1 0,0 0 0 0 0 0,1,,no (tile),,,,49.78,,1.0000,,4,yes,4_2 4_2,p2,2222,L2
25548,6,19,0,4,SSSSSS,not tested,49.35 310.65 49.35 98.71 113.22 98.71,1.0000 1.0000 1.0000 1.0000 1.0000 1.0000,0 1 0 0 1 1,0 0 0 0 0 0,1,,no (tile),,,,49.35,,1.0000,,4,yes,4_2 4_2,p2,2222,L2
25548,6,19,1,3,SSSSSS,not tested,61.34 298.66 61.34 84.49 129.68 84.49,1.0000 1.0000 1.0000 1.1272 1.1272 1.0000,0 0 0 3 3 0,0 1 0 0 1 1,"1,2,6",,no (tile),,,,61.34,,0.8872,,4,yes,4_2 4_2,p2,2222,L2
25548,6,19,1,5,SSSSSS,not tested,97.62 36.94 323.06 36.94 97.62 127.82,1.0000 1.0000 1.0000 1.0000 0.7054 0.7054,0 0 0 0 4 4,0 1 0 1 0 1,"1,2,6",,no (tile),,,,36.94,,0.7054,,4,yes,4_2 4_2,p2,2222,L2
25550,6,0,1,1,SSSSSS,not tested,313.43 -104.48 -104.48 255.52 313.43 46.57,1.0000 1.0000 1.0000 1.0000 1.0000 1.0000,0 0 0 0 0 0,0 0 0 1 0 1,"1,2,6",,no (tile),,,,46.57,,1.0000,,4,yes,4_2 4_2,pgg,22x,L2
25550,6,0,1,5,SSSSSS,not tested,104.48 104.48 104.48 46.57 313.43 46.57,1.0000 1.0000 1.0000 1.0000 1.0000 1.0000,0 0 0 0 0 0,0 0 0 1 0 1,"1,2,6",,no (tile),,,,46.57,,1.0000,,4,yes,4_2 4_2,pgg,22x,L2
25550,6,1,0,5,SSSSSS,not tested,123.58 188.01 21.55 188.01 171.99 26.86,1.0000 3.2741 3.2741 1.0000 3.2741 4.0618,0 1 1 0 1 5,0 0 1 1 1 0,"1,6",,no (tile),,,,21.55,,0.2462,,4,yes,4_2 4_2,pgg,22x,L2
25550,6,1,1,5,SSSSSS,not tested,116.64 115.47 19.75 243.36 116.64 108.14,1.0000 1.6723 0.7941 1.0000 0.7941 0.7941,0 1 2 0 2 2,0 0 0 1 0 1,"1,6",,no (tile),,,,19.75,,0.4749,,4,yes,4_2 4_2,pgg,22x,L2
25550,6,3,0,0,SSSSSS,not tested,104.48 104.48 46.57 313.43 46.57 104.48,1.0000 1.0000 1.0000 1.0000 1.0000 1.0000,0 0 0 0 0 0,0 1 0 1 0 0,"1,2,6",,no (tile),,,,46.57,,1.0000,,4,yes,4_2 4_2,pgg,22x,L2
25550,6,3,0,4,SSSSSS,not tested,104.48 46.57 313.43 46.57 104.48 104.48,1.0000 1.0000 1.0000 1.0000 1.0000 1.0000,0 0 0 0 0 0,0 1 0 1 0 0,"1,2,6",,no (tile),,,,46.57,,1.0000,,4,yes,4_2 4_2,pgg,22x,L2
25550,6,5,0,5,SSSSSS,not tested,13.31 215.93 144.07 45.09 144.07 157.53,1.0000 1.0427 1.0000 1.0000 1.0427 1.1395,0 1 0 0 1 5,0 0 0 1 1 0,"1,6",,no (tile),,,,13.31,,0.8776,,4,yes,4_2 4_2,pgg,22x,L2
25550,6,5,1,1,SSSSSS,not tested,37.30 158.43 201.57 19.59 144.67 158.43,1.0000 2.0932 1.0000 1.2063 2.0932 1.0000,0 1 0 3 1 0,0 0 0 0 1 1,"1,6",,no (tile),,,,19.59,,0.4777,,4,yes,4_2 4_2,pgg,22x,L2
25551,6,9,0,2,SSSJJS,not needed (covering theorem),90.00 270.00 90.00 90.00 90.00 90.00,1.0000 1.0000 1.0000 2.0000 2.0000 1.0000,0 0 0 3 3 0,0 0 0 0 3 0,,,YES,2,1,2,90.00,,0.5000,,4,yes,4_3 4_3,p2,2222,L2
25551,6,9,0,4,SSSSJJ,not needed (covering theorem),90.00 90.00 270.00 90.00 90.00 90.00,1.0000 1.0000 1.0000 1.0000 2.0000 2.0000,0 0 0 0 4 4,0 0 0 0 0 3,,,YES,2,1,2,90.00,,0.5000,,4,yes,4_3 4_3,p2,2222,L2
25552,6,0,1,1,SSSSSS,not tested,396.54 122.90 -282.35 122.90 396.54 -36.54,1.0000 1.0000 1.0000 1.0000 1.0000 1.0000,0 0 0 0 0 0,0 0 1 1 0 1,"1,2,6",,no (tile),,,,36.54,,1.0000,,4,yes,4_3 4_3,pgg,22x,hand
25552,6,0,1,4,SISISI,not tested,0.00 -0.00 90.99 269.01 269.01 90.99,1.0000 0.3218 1.0000 0.3218 1.0000 0.3218,0 1 0 1 0 1,0 0 0 0 1 0,(not a tile),,"n/a (not a tile: rep 0 (S) must bulge opposite ways: to clear v2 on edge 0 (code 0) and to clear v5 on edge 0 (code 0) -- exact via the outside lemma (validated by John, 2026-09-13) [curve_sides])",,,,0.00,,0.3218,,,,4_3 4_3,pgg,22x,hand
25552,6,0,1,5,SSSSSS,not tested,100.98 109.76 100.98 48.28 311.72 48.28,1.0000 1.0000 1.0000 1.0000 1.0000 1.0000,0 0 0 0 0 0,0 1 1 0 1 0,"1,2,6",,no (tile),,,,48.28,,1.0000,,4,yes,4_3 4_3,pgg,22x,hand
25552,6,2,0,0,SUUUUS,not needed (covering theorem),75.52 104.48 75.52 284.48 75.52 104.48,1.0000 0.5000 0.5000 0.5000 0.5000 1.0000,0 1 1 1 1 0,0 0 2 0 2 0,,,YES,2,5,2,75.52,,0.5000,,4,yes,4_3 4_3,pgg,22x,hand
25552,6,2,0,2,SSUUUU,not needed (covering theorem),104.47 75.53 104.47 75.53 284.47 75.53,1.0000 1.0000 0.5000 0.5000 0.5000 0.5000,0 0 2 2 2 2,0 0 0 2 0 2,,,YES,2,5,2,75.53,,0.5000,,4,yes,4_3 4_3,pgg,22x,hand
25552,6,5,1,1,SSSSSS,not tested,107.96 102.17 47.71 312.29 47.71 102.17,1.0000 1.0000 1.0000 1.0000 1.0000 1.0000,0 0 0 0 0 0,0 0 1 0 1 1,"1,2,6",,no (tile),,,,47.71,,1.0000,,4,yes,4_3 4_3,pgg,22x,hand
25552,6,5,1,2,SISISI,not tested,0.00 -0.00 90.99 269.01 269.01 90.99,1.0000 0.3218 1.0000 0.3218 1.0000 0.3218,0 1 0 1 0 1,0 0 1 0 0 0,(not a tile),,"n/a (not a tile: rep 0 (S) must bulge opposite ways: to clear v2 on edge 0 (code 0) and to clear v5 on edge 0 (code 0) -- exact via the outside lemma (validated by John, 2026-09-13) [curve_sides])",,,,0.00,,0.3218,,,,4_3 4_3,pgg,22x,hand
25552,6,5,1,4,SISISI,not tested,95.67 264.33 264.33 95.67 0.00 -0.00,1.0000 0.2675 1.0000 0.2675 1.0000 0.2675,0 1 0 1 0 1,0 0 1 0 1 0,(not a tile),,"n/a (not a tile: rep 0 (S) must bulge opposite ways: to clear v0 on edge 4 (code 1) and to clear v3 on edge 4 (code 1) -- exact via the outside lemma (validated by John, 2026-09-13) [curve_sides])",,,,0.00,,0.2675,,,,4_3 4_3,pgg,22x,hand
25552,6,5,1,5,SSSSSS,not tested,97.90 49.73 310.27 49.73 97.90 114.47,1.0000 1.0000 1.0000 1.0000 1.0000 1.0000,0 0 0 0 0 0,0 1 0 1 1 0,"1,2,6",,no (tile),,,,49.73,,1.0000,,4,yes,4_3 4_3,pgg,22x,hand
25552,6,9,0,2,SSSUUS,not tested,91.80 268.20 91.80 88.20 91.80 88.20,1.0000 1.0000 1.0000 2.0000 2.0000 1.0000,0 0 0 3 3 0,0 0 0 0 2 0,"2,6",,no (tile),,,,88.20,,0.5000,,4,yes,4_3 4_3,pgg,22x,hand
25552,6,9,0,4,SSSSUU,not tested,94.74 85.26 274.74 85.26 94.74 85.26,1.0000 1.0000 1.0000 1.0000 2.0000 2.0000,0 0 0 0 4 4,0 0 0 0 0 2,"2,6",,no (tile),,,,85.26,,0.5000,,4,yes,4_3 4_3,pgg,22x,hand
25559,6,0,1,0,IIIIII,not tested,60.00 90.00 120.00 90.00 90.00 270.00,1.0000 1.7321 1.7321 1.0000 1.7321 1.0000,0 1 1 0 1 0,0 0 0 0 0 0,"1,2,6",,no (tile),,,,60.00,,0.5774,,3 4 6,yes,3_1 5_1,p6,632,L3
25559,6,0,1,2,IIIIII,not tested,60.00 270.00 90.00 90.00 120.00 90.00,1.0000 1.7321 1.0000 1.7321 1.7321 1.0000,0 1 0 1 1 0,0 0 0 0 0 0,"1,2,6",,no (tile),,,,60.00,,0.5774,,3 4 6,yes,3_1 5_1,p6,632,L3
25576,6,1,1,1,JJJJJJ,not needed (covering theorem),120.00 60.00 240.00 60.00 120.00 120.00,1.0000 1.0000 1.0000 1.0000 1.0000 1.0000,0 0 0 0 0 0,0 1 2 3 0 3,,,YES,2,7,2,60.00,,1.0000,,3 4 6,yes,4_2 4_2,p3,333,L2
25576,6,1,1,5,JJJJJJ,not needed (covering theorem),120.00 120.00 120.00 60.00 240.00 60.00,1.0000 1.0000 1.0000 1.0000 1.0000 1.0000,0 0 0 0 0 0,0 3 0 1 2 3,,,YES,2,7,2,60.00,,1.0000,,3 4 6,yes,4_2 4_2,p3,333,L2
25589,6,0,0,0,JJJJJJ,not tested,120.00 120.00 120.00 120.00 120.00 120.00,1.0000 1.0000 1.0000 1.0000 1.0000 1.0000,0 0 0 0 0 0,0 3 0 3 0 3,"4,7",,no (tile),,,,120.00,,1.0000,,3,yes,6_2 6_6,p3,333,L3
25589,6,0,0,1,SSSSSS,not tested,120.00 120.00 120.00 120.00 120.00 120.00,1.0000 1.0000 1.0000 1.0000 1.0000 1.0000,0 0 0 0 0 0,0 0 0 0 0 0,"1,4,7",,no (tile),,,,120.00,,1.0000,,3,yes,6_2 6_6,p3,333,L3
25589,6,0,0,2,JJJJJJ,not tested,120.00 120.00 120.00 120.00 120.00 120.00,1.0000 1.0000 1.0000 1.0000 1.0000 1.0000,0 0 0 0 0 0,0 3 0 3 0 3,"4,7",,no (tile),,,,120.00,,1.0000,,3,yes,6_2 6_6,p3,333,L3
25589,6,0,0,3,SSSSSS,not tested,120.00 120.00 120.00 120.00 120.00 120.00,1.0000 1.0000 1.0000 1.0000 1.0000 1.0000,0 0 0 0 0 0,0 0 0 0 0 0,"1,4,7",,no (tile),,,,120.00,,1.0000,,3,yes,6_2 6_6,p3,333,L3
25589,6,0,0,4,JJJJJJ,not tested,120.00 120.00 120.00 120.00 120.00 120.00,1.0000 1.0000 1.0000 1.0000 1.0000 1.0000,0 0 0 0 0 0,0 3 0 3 0 3,"4,7",,no (tile),,,,120.00,,1.0000,,3,yes,6_2 6_6,p3,333,L3
25589,6,0,0,5,SSSSSS,not tested,120.00 120.00 120.00 120.00 120.00 120.00,1.0000 1.0000 1.0000 1.0000 1.0000 1.0000,0 0 0 0 0 0,0 0 0 0 0 0,"1,4,7",,no (tile),,,,120.00,,1.0000,,3,yes,6_2 6_6,p3,333,L3
25589,6,0,1,0,IIIIII,not tested,120.00 120.00 120.00 120.00 120.00 120.00,1.0000 1.0000 1.0000 1.0000 1.0000 1.0000,0 0 0 0 0 0,0 0 0 0 0 0,"1,2,3,4,5,6,7",,no (tile),,,,120.00,,1.0000,,3,yes,6_2 6_6,p3,333,L3
25589,6,0,1,1,UUUUUU,not tested,120.00 120.00 120.00 120.00 120.00 120.00,1.0000 1.0000 1.0000 1.0000 1.0000 1.0000,0 0 0 0 0 0,0 2 0 2 0 2,"3,4,7",,no (tile),,,,120.00,,1.0000,,3,yes,6_2 6_6,p3,333,L3
25589,6,0,1,2,IIIIII,not tested,120.00 120.00 120.00 120.00 120.00 120.00,1.0000 1.0000 1.0000 1.0000 1.0000 1.0000,0 0 0 0 0 0,0 0 0 0 0 0,"1,2,3,4,5,6,7",,no (tile),,,,120.00,,1.0000,,3,yes,6_2 6_6,p3,333,L3
25589,6,0,1,3,UUUUUU,not tested,120.00 120.00 120.00 120.00 120.00 120.00,1.0000 1.0000 1.0000 1.0000 1.0000 1.0000,0 0 0 0 0 0,0 2 0 2 0 2,"3,4,7",,no (tile),,,,120.00,,1.0000,,3,yes,6_2 6_6,p3,333,L3
25589,6,0,1,4,IIIIII,not tested,120.00 120.00 120.00 120.00 120.00 120.00,1.0000 1.0000 1.0000 1.0000 1.0000 1.0000,0 0 0 0 0 0,0 0 0 0 0 0,"1,2,3,4,5,6,7",,no (tile),,,,120.00,,1.0000,,3,yes,6_2 6_6,p3,333,L3
25589,6,0,1,5,UUUUUU,not tested,120.00 120.00 120.00 120.00 120.00 120.00,1.0000 1.0000 1.0000 1.0000 1.0000 1.0000,0 0 0 0 0 0,0 2 0 2 0 2,"3,4,7",,no (tile),,,,120.00,,1.0000,,3,yes,6_2 6_6,p3,333,L3
25590,6,0,0,0,ISISSI,not tested,60.00 240.08 59.92 119.92 120.16 119.92,1.0000 0.9976 1.0000 0.9976 0.9976 1.0000,0 1 0 1 1 0,0 0 0 1 0 0,"1,2,6",,no (tile),,,,59.92,,0.9976,,3 5,yes,3_1 5_1,pg,1xx,L2
25590,6,0,0,2,SISIIS,not tested,106.90 126.55 66.55 233.45 60.00 126.55,1.0000 0.7960 1.0000 0.7960 0.7960 1.0000,0 1 0 1 1 0,0 0 1 0 0 1,"1,2,6",,no (tile),,,,60.00,,0.7960,,3 5,yes,3_1 5_1,pg,1xx,L2
25590,6,0,1,2,UUUUUU,not tested,60.00 240.00 60.00 120.00 120.00 120.00,1.0000 1.0000 1.0000 1.0000 1.0000 1.0000,0 0 0 0 0 0,0 2 2 0 2 0,"3,4,5",,no (tile),,,,60.00,,1.0000,,3 5,yes,3_1 5_1,pg,1xx,L2
25590,6,0,1,4,UUUUUU,not tested,120.00 120.00 60.00 240.00 60.00 120.00,1.0000 1.0000 1.0000 1.0000 1.0000 1.0000,0 0 0 0 0 0,0 2 2 0 0 2,"3,4,5",,no (tile),,,,60.00,,1.0000,,3 5,yes,3_1 5_1,pg,1xx,L2
25593,6,0,1,1,JJJJJJ,not needed (covering theorem),46.55 104.51 104.43 104.51 46.55 313.45,1.0000 1.0000 1.0000 1.0000 1.0000 1.0000,0 0 0 0 0 0,0 2 0 2 0 2,,,YES,2,"3,4",2,46.55,,1.0000,,4,yes,4_2 4_2,pg,1xx,hand
25593,6,0,1,5,JJJJJJ,not needed (covering theorem),-4575.49 4755.61 104.51 75.38 284.62 75.38,1.0000 1.0000 0.5013 0.5013 0.5013 0.5013,0 0 2 2 2 2,0 2 0 2 0 2,,,YES,2,4,2,75.38,,0.5013,,4,yes,4_2 4_2,pg,1xx,hand
25593,6,1,0,0,JJJJJJ,not needed (covering theorem),1020.00 2010.01 -3690.01 2010.01 1020.00 -1650.01,1.0000 1.0000 1.0000 1.0000 1.0000 1.0000,0 0 0 0 0 0,0 2 0 2 1 3,,,YES,2,"3,5",2,60.00,,1.0000,,4,yes,4_2 4_2,pg,1xx,hand
25593,6,1,0,2,JJJJJJ,not needed (covering theorem),-449.98 209.98 300.00 150.02 300.00 209.98,1.0000 1.0000 1.0000 1.0000 1.0000 1.0000,0 0 0 0 0 0,0 2 1 3 0 2,,,YES,2,"3,5",2,60.00,,1.0000,,4,yes,4_2 4_2,pg,1xx,hand
25593,6,2,1,1,JJJJJJ,not needed (covering theorem),-1335.52 824.48 46.57 313.43 46.57 824.48,1.0000 1.0000 1.0000 1.0000 1.0000 1.0000,0 0 0 0 0 0,0 2 0 2 0 2,,,YES,2,"3,4",2,46.57,,1.0000,,4,yes,4_2 4_2,pg,1xx,hand
25593,6,2,1,3,JJJJJJ,not needed (covering theorem),-4575.49 4755.61 104.51 75.38 284.62 75.38,1.0000 1.0000 0.5013 0.5013 0.5013 0.5013,0 0 2 2 2 2,0 2 0 2 0 2,,,YES,2,4,2,75.38,,0.5013,,4,yes,4_2 4_2,pg,1xx,hand
25593,6,3,0,1,SSSSSS,not tested,159.74 80.26 65.47 279.74 54.53 80.26,1.0000 0.9226 1.0000 0.9226 1.0000 0.9226,0 1 0 1 0 1,0 0 1 1 0 0,"2,6",,no (tile),,,,54.53,,0.9226,,4,yes,4_2 4_2,pg,1xx,hand
25593,6,3,0,3,SSSSSS,not tested,71.53 266.59 48.47 93.41 146.59 93.41,1.0000 0.8065 1.0000 0.8065 1.0000 0.8065,0 1 0 1 0 1,0 0 1 1 1 1,"2,6",,no (tile),,,,48.47,,0.8065,,4,yes,4_2 4_2,pg,1xx,hand
25593,6,3,1,1,JJJJJJ,not tested,99.37 140.63 60.00 219.37 60.00 140.63,1.0000 1.0000 1.0000 1.0000 1.0000 1.0000,0 0 0 0 0 0,0 2 2 0 0 2,"3,5",,no (tile),,,,60.00,,1.0000,,4,yes,4_2 4_2,pg,1xx,hand
25593,6,3,1,3,JJJJJJ,not tested,60.00 211.34 60.00 148.66 91.34 148.66,1.0000 1.0000 1.0000 1.0000 1.0000 1.0000,0 0 0 0 0 0,0 2 2 0 2 0,"3,5",,no (tile),,,,60.00,,1.0000,,4,yes,4_2 4_2,pg,1xx,hand
25595,6,1,0,2,UUUUUU,not tested,100.51 158.98 0.00 259.49 100.51 100.51,1.0000 1.0000 0.6352 1.0000 1.0000 0.6352,0 0 2 0 0 2,0 2 0 2 0 2,"5,6",,no (tile),,,,0.00,,0.6352,,3 5,yes,4_2 4_2,pg,1xx,L2
25595,6,1,1,3,UUUUUU,not tested,0.00 -137.03 248.52 248.52 248.52 111.48,1.0000 1.0000 0.2675 1.0000 1.0000 0.2675,0 0 2 0 0 2,0 2 0 2 0 2,"5,6",,no (tile),,,,0.00,,0.2675,,3 5,yes,4_2 4_2,pg,1xx,L2
25595,6,3,0,1,SSSSIS,not tested,108.00 108.00 69.23 252.00 37.39 145.39,1.0000 1.0000 1.0000 1.0000 0.9253 1.0000,0 0 0 0 4 0,0 0 1 1 0 0,"2,6",,no (tile),,,,37.39,,0.9253,,3 5,yes,4_2 4_2,pg,1xx,L2
25595,6,3,0,4,UUUUUU,not tested,108.00 108.00 72.00 252.00 36.00 144.00,1.0000 1.0000 1.0000 1.0000 1.0000 1.0000,0 0 0 0 0 0,0 0 2 2 2 0,"3,4,5,6",,no (tile),,,,36.00,,1.0000,,3 5,yes,4_2 4_2,pg,1xx,L2
25595,6,3,1,0,SSSSSI,not tested,40.84 252.00 62.32 108.00 108.00 148.84,1.0000 1.0000 1.0000 1.0000 1.0000 0.7367,0 0 0 0 0 5,0 0 1 1 1 0,"2,6",,no (tile),,,,40.84,,0.7367,,3 5,yes,4_2 4_2,pg,1xx,L2
25595,6,3,1,3,UUUUUU,not tested,36.00 252.00 72.00 108.00 108.00 144.00,1.0000 1.0000 1.0000 1.0000 1.0000 1.0000,0 0 0 0 0 0,0 0 2 2 2 0,"3,4,5,6",,no (tile),,,,36.00,,1.0000,,3 5,yes,4_2 4_2,pg,1xx,L2
25635,6,2,0,1,JJUUUU,not needed (covering theorem),90.00 90.00 90.00 90.00 270.00 90.00,1.0000 1.0000 0.5000 0.5000 0.5000 0.5000,0 0 2 2 2 2,0 3 0 2 0 2,,,YES,2,"2,6",2,90.00,,0.5000,,4,yes,4_4 4_4,pgg,22x,hand
25635,6,2,0,5,JUUUUJ,not needed (covering theorem),90.00 90.00 90.00 270.00 90.00 90.00,1.0000 0.5000 0.5000 0.5000 0.5000 1.0000,0 1 1 1 1 0,0 0 2 0 2 3,,,YES,2,"2,6",2,90.00,,0.5000,,4,yes,4_4 4_4,pgg,22x,hand
25639,6,0,1,0,SSSSSS,not tested,147.61 57.26 122.74 32.39 327.61 32.39,1.0000 1.2737 1.0000 1.0000 1.0000 1.0000,0 1 0 0 0 0,0 0 0 1 0 1,"1,2,6",,no (tile),,,,32.39,,0.7851,,4,yes,4_4 4_4,pgg,22x,L2
25639,6,0,1,2,SSSSSS,not tested,234.30 -54.30 216.85 -36.85 234.30 125.70,1.0000 1.0000 2.7081 1.0000 1.0000 1.0000,0 0 2 0 0 0,0 1 0 1 0 1,"1,2,6",,no (tile),,,,36.85,,0.3693,,4,yes,4_4 4_4,pgg,22x,L2
25639,6,1,0,1,JJUJJU,not tested,120.69 118.62 59.31 239.31 61.38 120.69,1.0000 1.0000 0.9385 1.0000 1.0000 0.9385,0 0 2 0 0 2,0 3 0 2 1 2,6,,no (tile),,,,59.31,,0.9385,,4,yes,4_4 4_4,pgg,22x,L2
25639,6,1,1,4,JJUJJU,not tested,49.96 99.91 130.04 130.04 80.09 229.96,1.0000 1.0000 0.2675 1.0000 1.0000 0.2675,0 0 2 0 0 2,0 3 0 2 1 2,6,,no (tile),,,,49.96,,0.2675,,4,yes,4_4 4_4,pgg,22x,L2
25639,6,1,1,5,SSSUSU,not tested,142.23 75.54 104.46 217.77 37.77 142.23,1.0000 1.0000 1.0000 1.0000 1.0000 1.0000,0 1 0 3 0 3,0 0 0 0 1 2,"1,2,6",,no (tile),,,,37.77,,1.0000,,4,yes,4_4 4_4,pgg,22x,L2
25639,6,2,0,0,SSSSSS,not tested,120.84 59.16 146.26 33.74 326.26 33.74,1.0000 0.7730 0.7730 0.7730 0.7730 0.7730,0 1 1 1 1 1,0 0 1 0 1 0,"1,2,6",,no (tile),,,,33.74,,0.7730,,4,yes,4_4 4_4,pgg,22x,L2
25639,6,2,0,4,SSSSSS,not tested,62.44 143.87 36.13 323.87 36.13 117.56,1.0000 1.0000 1.0000 1.0000 1.0000 1.3301,0 0 0 0 0 5,0 1 0 1 0 0,"1,2,6",,no (tile),,,,36.13,,0.7518,,4,yes,4_4 4_4,pgg,22x,L2
25639,6,3,0,0,SSUSUS,not tested,72.00 108.00 216.00 36.00 144.00 144.00,1.0000 1.0000 1.0000 1.0000 1.0000 1.0000,0 1 2 1 2 1,0 0 0 1 2 0,"1,2,6",,no (tile),,,,36.00,,1.0000,,4,yes,4_4 4_4,pgg,22x,L2
25639,6,3,0,1,JJUJJU,not tested,49.96 99.91 130.04 130.04 80.09 229.96,1.0000 1.0000 0.2675 1.0000 1.0000 0.2675,0 0 2 0 0 2,0 3 0 2 1 2,6,,no (tile),,,,49.96,,0.2675,,4,yes,4_4 4_4,pgg,22x,L2
25639,6,3,1,3,SUSSSU,not tested,9.87 170.13 170.13 19.73 160.27 189.87,1.0000 0.7721 1.0000 1.0000 1.0000 0.7721,0 1 0 3 0 1,0 0 1 0 1 2,"1,2,6",,no (tile),,,,9.87,,0.7721,,4,yes,4_4 4_4,pgg,22x,L2
25639,6,3,1,4,JJUJJU,not tested,120.00 60.00 240.00 60.00 120.00 120.00,1.0000 1.0000 1.0000 1.0000 1.0000 1.0000,0 0 2 0 0 2,0 3 0 2 1 2,"6,8",,no (tile),,,,60.00,,1.0000,,4,yes,4_4 4_4,pgg,22x,L2
25639,6,5,0,0,SSSSSS,not tested,60.23 119.77 34.51 325.49 34.51 145.49,1.0000 0.7661 0.7661 0.7661 0.7661 0.7661,0 1 1 1 1 1,0 0 1 0 1 0,"1,2,6",,no (tile),,,,34.51,,0.7661,,4,yes,4_4 4_4,pgg,22x,L2
25639,6,5,0,4,SSSSSS,not tested,117.79 35.95 324.05 35.95 144.05 62.21,1.0000 1.0000 1.0000 1.0000 1.0000 1.3274,0 0 0 0 0 5,0 1 0 1 0 0,"1,2,6",,no (tile),,,,35.95,,0.7533,,4,yes,4_4 4_4,pgg,22x,L2
25639,6,7,0,2,UJJUJJ,not tested,60.00 240.00 60.00 120.00 120.00 120.00,1.0000 1.0000 1.0000 1.0000 1.0000 1.0000,0 1 1 0 1 1,0 0 3 2 2 1,"6,8",,no (tile),,,,60.00,,1.0000,,4,yes,4_4 4_4,pgg,22x,L2
25639,6,7,0,3,SUSUSS,not tested,29.55 165.23 165.23 14.77 194.77 150.45,1.0000 0.8793 1.0000 0.8793 1.0000 1.0000,0 1 0 1 0 5,0 0 1 2 0 0,"1,2,6",,no (tile),,,,14.77,,0.8793,,4,yes,4_4 4_4,pgg,22x,L2
25639,6,7,1,0,USSSUS,not tested,60.00 240.00 60.00 120.00 120.00 120.00,1.0000 1.0000 1.0000 1.0000 1.0000 1.0000,0 1 2 1 0 1,0 0 0 0 2 1,"1,2,6",,no (tile),,,,60.00,,1.0000,,4,yes,4_4 4_4,pgg,22x,L2
25639,6,7,1,5,UJJUJJ,not tested,256.27 256.27 207.46 -76.27 103.73 -27.46,1.0000 0.2675 0.2675 1.0000 0.2675 0.2675,0 1 1 0 1 1,0 0 3 2 2 1,6,,no (tile),,,,27.46,,0.2675,,4,yes,4_4 4_4,pgg,22x,L2
25639,6,8,0,2,UJJUJJ,not tested,126.22 126.22 72.43 233.78 53.78 107.57,1.0000 1.9576 1.9576 1.0000 1.9576 1.9576,0 1 1 0 1 1,0 0 3 2 2 1,6,,no (tile),,,,53.78,,0.5108,,4,yes,4_4 4_4,pgg,22x,L2
25639,6,8,0,3,SUSUSS,not tested,60.00 240.00 60.00 120.00 120.00 120.00,1.0000 1.0000 1.0000 1.0000 1.0000 1.0000,0 1 0 1 0 5,0 0 1 2 0 0,"1,2,6",,no (tile),,,,60.00,,1.0000,,4,yes,4_4 4_4,pgg,22x,L2
25639,6,8,1,5,UJJUJJ,not tested,60.00 240.00 60.00 120.00 120.00 120.00,1.0000 1.0000 1.0000 1.0000 1.0000 1.0000,0 1 1 0 1 1,0 0 3 2 2 1,"6,8",,no (tile),,,,60.00,,1.0000,,4,yes,4_4 4_4,pgg,22x,L2
25639,6,9,1,2,SSSSSS,not tested,34.65 325.35 34.65 119.57 60.43 145.35,1.0000 1.0000 1.0000 1.3075 1.0000 1.0000,0 0 0 3 0 0,0 1 0 0 0 1,"1,2,6",,no (tile),,,,34.65,,0.7648,,4,yes,4_4 4_4,pgg,22x,L2
25639,6,9,1,4,SSSSSS,not tested,152.65 27.35 332.65 27.35 130.20 49.80,1.0000 1.0000 1.0000 1.0000 1.2030 1.0000,0 0 0 0 4 0,0 1 0 1 0 1,"1,2,6",,no (tile),,,,27.35,,0.8313,,4,yes,4_4 4_4,pgg,22x,L2
25641,6,0,1,0,JJJJJJ,not needed (covering theorem),-104.45 -104.50 313.44 46.56 313.44 255.50,1.0000 1.0000 1.0000 1.0000 1.0000 1.0000,0 0 0 0 0 0,0 0 2 0 2 2,,,YES,2,"4,5",2,46.56,,1.0000,,4,yes,4_2 4_2,pg,1xx,L2
25641,6,0,1,2,JJJJJJ,not needed (covering theorem),-615.50 824.45 104.50 46.56 313.44 46.56,1.0000 1.0000 1.0000 1.0000 1.0000 1.0000,0 0 0 0 0 0,0 2 2 0 2 0,,,YES,2,"4,5",2,46.56,,1.0000,,4,yes,4_2 4_2,pg,1xx,L2
25641,6,3,1,2,JJJJJJ,not needed (covering theorem),-3286.56 3646.56 -3286.56 255.52 3495.53 -104.48,1.0000 1.0000 1.0000 1.0000 1.0000 1.0000,0 0 0 0 0 0,0 2 0 0 2 2,,,YES,2,"3,4,5",2,46.56,,1.0000,,4,yes,4_2 4_2,pg,1xx,L2
25641,6,3,1,4,JJJJJJ,not needed (covering theorem),-104.49 -46.56 406.56 -46.56 255.51 255.54,1.0000 1.0000 1.0000 1.0000 1.0000 1.0000,0 0 0 0 0 0,0 2 0 2 2 0,,,YES,2,"3,4,5",2,46.56,,1.0000,,4,yes,4_2 4_2,pg,1xx,L2
25642,6,0,0,1,JJJJJJ,not needed (covering theorem),46.55 104.51 104.43 104.51 46.55 313.45,1.0000 1.0000 1.0000 1.0000 1.0000 1.0000,0 0 0 0 0 0,0 3 1 2 0 2,,,YES,2,5,2,46.55,,1.0000,,4,yes,4_4 4_4,pg,1xx,L2
25642,6,0,0,5,JJJJJJ,not needed (covering theorem),2055.51 -3704.45 2055.51 -46.56 406.56 -46.56,1.0000 1.0000 1.0000 1.0000 1.0000 1.0000,0 0 0 0 0 0,0 2 1 3 1 3,,,YES,2,5,2,46.56,,1.0000,,4,yes,4_4 4_4,pg,1xx,L2
25642,6,2,1,0,UUUUUU,not needed (covering theorem),75.52 104.48 75.52 284.48 75.52 104.48,1.0000 0.5000 0.5000 0.5000 0.5000 1.0000,0 1 1 1 1 0,0 0 2 0 2 2,,,YES,2,"4,5",2,75.52,,0.5000,,4,yes,4_4 4_4,pg,1xx,L2
25642,6,2,1,2,UUUUUU,not needed (covering theorem),104.47 75.53 104.47 75.53 284.47 75.53,1.0000 1.0000 0.5000 0.5000 0.5000 0.5000,0 0 2 2 2 2,0 2 0 2 0 2,,,YES,2,"4,5",2,75.53,,0.5000,,4,yes,4_4 4_4,pg,1xx,L2
25642,6,5,0,1,JJJJJJ,not needed (covering theorem),-1335.52 824.48 46.57 313.43 46.57 824.48,1.0000 1.0000 1.0000 1.0000 1.0000 1.0000,0 0 0 0 0 0,0 3 1 3 1 2,,,YES,2,5,2,46.57,,1.0000,,4,yes,4_4 4_4,pg,1xx,L2
25642,6,5,0,5,JJJJJJ,not needed (covering theorem),104.48 46.57 313.43 46.57 104.48 104.47,1.0000 1.0000 1.0000 1.0000 1.0000 1.0000,0 0 0 0 0 0,0 2 0 2 1 3,,,YES,2,5,2,46.57,,1.0000,,4,yes,4_4 4_4,pg,1xx,L2
25642,6,9,1,2,UUUUUU,not needed (covering theorem),75.51 284.49 75.51 104.49 75.51 104.49,1.0000 1.0000 1.0000 2.0000 2.0000 1.0000,0 0 0 3 3 0,0 2 0 0 2 2,,,YES,2,"3,4,5,6",2,75.51,,0.5000,,4,yes,4_4 4_4,pg,1xx,L2
25642,6,9,1,4,UUUUUU,not needed (covering theorem),104.47 75.53 284.47 75.53 104.47 75.53,1.0000 1.0000 1.0000 1.0000 2.0000 2.0000,0 0 0 0 4 4,0 2 0 2 0 2,,,YES,2,"3,4,5,6",2,75.53,,0.5000,,4,yes,4_4 4_4,pg,1xx,L2
25643,6,0,1,2,JJJJJJ,not needed (covering theorem),-4575.49 4755.61 104.51 75.38 284.62 75.38,1.0000 1.0000 0.5013 0.5013 0.5013 0.5013,0 0 2 2 2 2,0 2 0 2 0 2,,,YES,2,4,2,75.38,,0.5013,,4,yes,4_4 4_4,p1,o1,hand
25643,6,0,1,4,JJJJJJ,not needed (covering theorem),-3885.78 4064.79 76.20 104.79 -3885.78 4245.78,1.0000 1.9557 1.9557 1.0000 1.0000 1.0000,0 1 1 0 0 0,0 0 2 2 0 2,,,YES,2,"3,4",2,74.22,,0.5113,,4,yes,4_4 4_4,p1,o1,hand
25643,6,1,0,2,SSSSSS,not needed (covering theorem),60.00 -930.00 1170.00 -930.00 60.00 1290.00,1.0000 1.0007 1.0000 1.0007 1.0007 1.0000,0 1 0 1 1 0,0 0 0 0 0 0,,,YES,2,4,2,60.00,,0.9993,,4,yes,4_4 4_4,p1,o1,hand
25643,6,1,0,4,SSSSSS,not needed (covering theorem),-450.00 210.00 300.00 150.00 300.00 210.00,1.0000 0.9993 0.9993 1.0000 1.0000 0.9993,0 1 1 0 0 1,0 0 0 0 0 0,,,YES,2,4,2,60.00,,0.9993,,4,yes,4_4 4_4,p1,o1,hand
25643,6,2,1,0,JJJJJJ,not needed (covering theorem),71.17 118.43 51.97 308.03 51.97 118.43,1.0000 0.6641 0.6641 0.6641 0.6641 1.0000,0 1 1 1 1 0,0 0 2 0 2 2,,,YES,2,4,2,51.97,,0.6641,,4,yes,4_4 4_4,p1,o1,hand
25643,6,2,1,2,JJJJJJ,not needed (covering theorem),-4575.49 4755.61 104.51 75.38 284.62 75.38,1.0000 1.0000 0.5013 0.5013 0.5013 0.5013,0 0 2 2 2 2,0 2 0 2 0 2,,,YES,2,4,2,75.38,,0.5013,,4,yes,4_4 4_4,p1,o1,hand
25643,6,4,0,2,SSSSSS,not needed (covering theorem),-3089.98 3329.98 -3089.98 60.00 3449.98 60.00,1.0000 0.9999 1.0000 1.0000 0.9999 0.9999,0 1 0 0 1 1,0 0 0 0 0 0,,,YES,2,4,2,60.00,,0.9999,,4,yes,4_4 4_4,p1,o1,hand
25643,6,4,0,4,SSSSSS,not needed (covering theorem),150.01 60.00 209.99 60.00 150.01 89.99,1.0000 1.0000 0.9999 0.9999 1.0000 0.9999,0 0 2 2 0 2,0 0 0 0 0 0,,,YES,2,4,2,60.00,,0.9999,,4,yes,4_4 4_4,p1,o1,hand
25643,6,5,1,0,JJJJJJ,not needed (covering theorem),71.17 118.43 51.97 308.03 51.97 118.43,1.0000 0.6641 0.6641 0.6641 0.6641 1.0000,0 1 1 1 1 0,0 0 2 0 2 2,,,YES,2,4,2,51.97,,0.6641,,4,yes,4_4 4_4,p1,o1,hand
25643,6,5,1,4,JJJJJJ,not needed (covering theorem),-255.53 75.59 284.41 75.59 104.47 435.48,1.0000 1.0000 1.0000 1.0000 2.0025 2.0025,0 0 0 0 4 4,0 2 0 2 0 2,,,YES,2,"3,4",2,75.48,,0.4994,,4,yes,4_4 4_4,p1,o1,hand
25643,6,6,0,2,SSSSSS,not needed (covering theorem),60.00 209.99 60.00 150.01 89.99 150.01,1.0000 1.0008 1.0008 1.0000 1.0008 1.0000,0 1 1 0 1 0,0 0 0 0 0 0,,,YES,2,"1,4",2,60.00,,0.9992,,4,yes,4_4 4_4,p1,o1,hand
25643,6,6,0,4,SSSSSS,not needed (covering theorem),60.00 -930.00 1170.00 -930.00 60.00 1290.00,1.0000 1.0007 1.0000 1.0007 1.0007 1.0000,0 1 0 1 1 0,0 0 0 0 0 0,,,YES,2,"1,4",2,60.00,,0.9993,,4,yes,4_4 4_4,p1,o1,hand
25643,6,8,0,2,SSSSSS,not needed (covering theorem),-450.00 210.00 300.00 150.00 300.00 210.00,1.0000 0.9993 0.9993 1.0000 1.0000 0.9993,0 1 1 0 0 1,0 0 0 0 0 0,,,YES,2,"1,4",2,60.00,,0.9993,,4,yes,4_4 4_4,p1,o1,hand
25643,6,8,0,4,SSSSSS,not needed (covering theorem),60.00 209.99 60.00 150.01 89.99 150.01,1.0000 1.0008 1.0008 1.0000 1.0008 1.0000,0 1 1 0 1 0,0 0 0 0 0 0,,,YES,2,"1,4",2,60.00,,0.9992,,4,yes,4_4 4_4,p1,o1,hand
25643,6,9,1,2,JJJJJJ,not needed (covering theorem),75.38 284.62 75.38 104.50 75.61 104.50,1.0000 1.0000 1.0000 1.9948 1.9948 1.0000,0 0 0 3 3 0,0 2 0 0 2 2,,,YES,2,"3,4",2,75.38,,0.5013,,4,yes,4_4 4_4,p1,o1,hand
25643,6,9,1,4,JJJJJJ,not needed (covering theorem),-255.53 75.59 284.41 75.59 104.47 435.48,1.0000 1.0000 1.0000 1.0000 2.0025 2.0025,0 0 0 0 4 4,0 2 0 2 0 2,,,YES,2,"3,4",2,75.48,,0.4994,,4,yes,4_4 4_4,p1,o1,hand
25644,6,0,1,2,JJJJJJ,not needed (covering theorem),-615.50 824.45 104.50 46.56 313.44 46.56,1.0000 1.0000 1.0000 1.0000 1.0000 1.0000,0 0 0 0 0 0,0 2 3 1 3 1,,,YES,2,"4,5",2,46.56,,1.0000,,4,yes,4_4 4_4,pg,1xx,L2
25644,6,0,1,4,JSSJJJ,not needed (covering theorem),287.45 -465.14 282.88 254.81 287.45 72.55,1.0000 1.8991 1.8978 1.0000 1.0000 1.0000,0 1 2 0 0 0,0 0 0 2 0 2,,,YES,2,"1,5",2,72.55,,0.5266,,4,yes,4_4 4_4,pg,1xx,L2
25644,6,1,0,4,IIUIIU,not tested,109.88 140.25 70.12 250.12 39.75 109.88,1.0000 0.3538 1.3108 1.0000 1.0000 1.3108,0 1 2 0 0 2,0 0 0 0 0 2,6,,no (tile),,,,39.75,,0.2699,,4,yes,4_4 4_4,pg,1xx,L2
25644,6,1,1,1,IIUIIU,not tested,25.19 50.38 154.81 154.81 129.62 205.19,1.0000 0.2448 0.2447 0.2448 0.2448 0.2447,0 1 2 1 1 2,0 0 0 0 0 2,6,,no (tile),,,,25.19,,0.2447,,4,yes,4_4 4_4,pg,1xx,L2
25644,6,1,1,2,JJJUJU,not tested,131.43 97.14 82.86 228.57 48.57 131.43,1.0000 1.0000 1.0000 0.2675 1.0000 0.2675,0 0 0 3 0 3,0 2 3 0 1 2,"3,4,5",,no (tile),,,,48.57,,0.2675,,4,yes,4_4 4_4,pg,1xx,L2
25644,6,2,0,0,SJJJJS,not needed (covering theorem),-436.27 251.72 282.55 77.45 282.55 262.00,1.0000 0.5332 0.5332 0.5332 0.5332 1.1519,0 1 1 1 1 5,0 0 2 0 2 0,,,YES,2,5,2,76.27,,0.4629,,4,yes,4_4 4_4,pg,1xx,L2
25644,6,2,0,2,JJJJJJ,not needed (covering theorem),-615.50 824.45 104.50 46.56 313.44 46.56,1.0000 1.0000 1.0000 1.0000 1.0000 1.0000,0 0 0 0 0 0,0 2 3 1 3 1,,,YES,2,5,2,46.56,,1.0000,,4,yes,4_4 4_4,pg,1xx,L2
25644,6,3,0,2,IUIIUI,not tested,-60.00 240.00 240.00 240.00 -60.00 120.00,1.0000 0.2675 1.0000 0.2675 0.2675 1.0000,0 1 0 3 1 0,0 0 0 0 2 0,6,,no (tile),,,,60.00,,0.2675,,4,yes,4_4 4_4,pg,1xx,L2
25644,6,3,0,3,JUJJJU,not tested,134.23 45.77 225.77 88.47 91.53 134.23,1.0000 0.2675 1.0000 1.0000 1.0000 0.2675,0 1 0 0 0 1,0 0 2 3 1 2,"3,4,5",,no (tile),,,,45.77,,0.2675,,4,yes,4_4 4_4,pg,1xx,L2
25644,6,3,1,1,IUIIUI,not tested,124.31 62.16 242.16 55.69 117.84 117.84,1.0000 1.1125 0.3076 0.3076 1.1125 0.3076,0 1 2 2 1 2,0 0 0 0 2 0,6,,no (tile),,,,55.69,,0.2765,,4,yes,4_4 4_4,pg,1xx,L2
25644,6,4,1,2,JJJJJJ,not needed (covering theorem),-3450.01 3690.01 -3450.01 60.00 3810.01 60.00,1.0000 1.0000 1.0000 1.0000 1.0000 1.0000,0 0 0 0 0 0,0 2 0 3 1 2,,,YES,2,5,2,60.00,,1.0000,,4,yes,4_4 4_4,pg,1xx,L2
25644,6,4,1,4,JJJJJJ,not needed (covering theorem),210.02 -2220.00 149.98 -2220.00 210.02 4589.98,1.0000 1.0000 1.0000 1.0000 1.0000 1.0000,0 0 0 0 0 0,0 3 1 2 0 2,,,YES,2,5,2,60.00,,1.0000,,4,yes,4_4 4_4,pg,1xx,L2
25644,6,5,0,0,SJJJJS,not needed (covering theorem),-436.27 251.72 282.55 77.45 282.55 262.00,1.0000 0.5332 0.5332 0.5332 0.5332 1.1519,0 1 1 1 1 5,0 0 2 0 2 0,,,YES,2,5,2,76.27,,0.4629,,4,yes,4_4 4_4,pg,1xx,L2
25644,6,5,0,4,JJJJJJ,not needed (covering theorem),-104.49 -46.56 406.56 -46.56 255.51 255.54,1.0000 1.0000 1.0000 1.0000 1.0000 1.0000,0 0 0 0 0 0,0 2 0 2 3 1,,,YES,2,5,2,46.56,,1.0000,,4,yes,4_4 4_4,pg,1xx,L2
25644,6,6,0,2,JJJJJJ,not needed (covering theorem),60.00 210.00 60.00 150.00 90.00 150.00,1.0000 1.0000 1.0000 1.0000 1.0000 1.0000,0 0 0 0 0 0,0 2 1 3 1 3,,,YES,2,"3,5",2,60.00,,1.0000,,4,yes,4_4 4_4,pg,1xx,L2
25644,6,6,0,4,JJJJJJ,not needed (covering theorem),1020.00 2010.01 -3690.01 2010.01 1020.00 -1650.01,1.0000 1.0000 1.0000 1.0000 1.0000 1.0000,0 0 0 0 0 0,0 2 0 2 1 3,,,YES,2,"3,5",2,60.00,,1.0000,,4,yes,4_4 4_4,pg,1xx,L2
25644,6,7,0,4,IUIIUI,not tested,60.00 240.00 60.00 120.00 120.00 120.00,1.0000 1.0000 1.0000 1.0000 1.0000 1.0000,0 1 2 0 1 0,0 0 0 0 2 0,"5,6,8",,no (tile),,,,60.00,,1.0000,,4,yes,4_4 4_4,pg,1xx,L2
25644,6,7,1,4,JUJUJJ,not tested,92.57 223.72 43.72 136.28 136.28 87.43,1.0000 0.2675 1.0000 0.2675 1.0000 1.0000,0 1 0 1 0 0,0 0 2 2 3 1,"3,4,5",,no (tile),,,,43.72,,0.2675,,4,yes,4_4 4_4,pg,1xx,L2
25644,6,7,1,5,IUIIUI,not tested,120.00 120.00 120.00 60.00 240.00 60.00,1.0000 0.2675 1.0000 1.0000 0.2675 0.2675,0 1 0 0 1 5,0 0 0 0 2 0,6,,no (tile),,,,60.00,,0.2675,,4,yes,4_4 4_4,pg,1xx,L2
25644,6,8,0,2,UIIUII,not tested,113.31 113.31 46.62 246.69 66.69 133.38,1.0000 0.7042 0.7042 1.0000 0.5284 0.7042,0 1 1 0 4 1,0 0 0 2 0 0,6,,no (tile),,,,46.62,,0.5284,,4,yes,4_4 4_4,pg,1xx,L2
25644,6,8,0,3,JUJUJJ,not tested,92.57 223.72 43.72 136.28 136.28 87.43,1.0000 0.2675 1.0000 0.2675 1.0000 1.0000,0 1 0 1 0 0,0 0 2 2 3 1,"3,4,5",,no (tile),,,,43.72,,0.2675,,4,yes,4_4 4_4,pg,1xx,L2
25644,6,8,1,5,UIIUII,not tested,60.00 240.00 60.00 120.00 120.00 120.00,1.0000 1.0000 1.0000 1.0000 1.0000 1.0000,0 1 1 0 1 5,0 0 0 2 0 0,"5,6,8",,no (tile),,,,60.00,,1.0000,,4,yes,4_4 4_4,pg,1xx,L2
25644,6,9,1,2,JJJSSJ,not needed (covering theorem),77.17 282.83 77.17 104.23 74.79 103.81,1.0000 1.0000 1.0000 2.0483 2.0597 1.0000,0 0 0 3 4 0,0 2 0 0 0 2,,,YES,2,"1,5",2,74.79,,0.4855,,4,yes,4_4 4_4,pg,1xx,L2
25644,6,9,1,4,JJJJJJ,not needed (covering theorem),-104.49 -46.56 406.56 -46.56 255.51 255.54,1.0000 1.0000 1.0000 1.0000 1.0000 1.0000,0 0 0 0 0 0,0 2 0 2 3 1,,,YES,2,"3,4,5",2,46.56,,1.0000,,4,yes,4_4 4_4,pg,1xx,L2
69293,6,0,0,0,IIIIII,not tested,120.00 120.00 120.00 120.00 120.00 120.00,1.0000 1.0000 1.0000 1.0000 1.0000 1.0000,0 0 0 0 0 0,0 0 0 0 0 0,"1,2,3,4,5,6,7",,no (tile),,,,120.00,,1.0000,,3,yes,6_4 6_2,pmg,22*,L3
69293,6,0,0,1,USSUSS,not tested,120.00 120.00 120.00 120.00 120.00 120.00,1.0000 1.0000 1.0000 1.0000 1.0000 1.0000,0 1 2 0 2 1,0 0 0 2 1 1,"1,5,6",,no (tile),,,,120.00,,1.0000,,3,yes,6_4 6_2,pmg,22*,L3
69293,6,0,0,2,IIIIII,not tested,120.00 120.00 120.00 120.00 120.00 120.00,1.0000 1.0000 1.0000 1.0000 1.0000 1.0000,0 0 0 0 0 0,0 0 0 0 0 0,"1,2,3,4,5,6,7",,no (tile),,,,120.00,,1.0000,,3,yes,6_4 6_2,pmg,22*,L3
69293,6,0,0,3,IIIIII,not tested,120.00 120.00 120.00 120.00 120.00 120.00,1.0000 1.0000 1.0000 1.0000 1.0000 1.0000,0 0 0 0 0 0,0 0 0 0 0 0,"1,2,3,4,5,6,7",,no (tile),,,,120.00,,1.0000,,3,yes,6_4 6_2,pmg,22*,L3
69293,6,0,0,4,USSUSS,not tested,120.00 120.00 120.00 120.00 120.00 120.00,1.0000 1.0000 1.0000 1.0000 1.0000 1.0000,0 1 1 0 1 1,0 0 1 2 0 1,"1,2,3,4,5,6",,no (tile),,,,120.00,,1.0000,,3,yes,6_4 6_2,pmg,22*,L3
69293,6,0,0,5,IIIIII,not tested,120.00 120.00 120.00 120.00 120.00 120.00,1.0000 1.0000 1.0000 1.0000 1.0000 1.0000,0 0 0 0 0 0,0 0 0 0 0 0,"1,2,3,4,5,6,7",,no (tile),,,,120.00,,1.0000,,3,yes,6_4 6_2,pmg,22*,L3
69293,6,0,1,0,USSUSS,not tested,120.00 120.00 120.00 120.00 120.00 120.00,1.0000 1.0000 1.0000 1.0000 1.0000 1.0000,0 1 2 0 2 1,0 0 0 2 1 1,"1,5,6",,no (tile),,,,120.00,,1.0000,,3,yes,6_4 6_2,pmg,22*,L3
69293,6,0,1,1,IIIIII,not tested,120.00 120.00 120.00 120.00 120.00 120.00,1.0000 1.0000 1.0000 1.0000 1.0000 1.0000,0 0 0 0 0 0,0 0 0 0 0 0,"1,2,3,4,5,6,7",,no (tile),,,,120.00,,1.0000,,3,yes,6_4 6_2,pmg,22*,L3
69293,6,0,1,2,IIIIII,not tested,120.00 120.00 120.00 120.00 120.00 120.00,1.0000 1.0000 1.0000 1.0000 1.0000 1.0000,0 0 0 0 0 0,0 0 0 0 0 0,"1,2,3,4,5,6,7",,no (tile),,,,120.00,,1.0000,,3,yes,6_4 6_2,pmg,22*,L3
69293,6,0,1,3,USSUSS,not tested,120.00 120.00 120.00 120.00 120.00 120.00,1.0000 1.0000 1.0000 1.0000 1.0000 1.0000,0 1 1 0 1 1,0 0 1 2 0 1,"1,2,3,4,5,6",,no (tile),,,,120.00,,1.0000,,3,yes,6_4 6_2,pmg,22*,L3
69293,6,0,1,4,IIIIII,not tested,120.00 120.00 120.00 120.00 120.00 120.00,1.0000 1.0000 1.0000 1.0000 1.0000 1.0000,0 0 0 0 0 0,0 0 0 0 0 0,"1,2,3,4,5,6,7",,no (tile),,,,120.00,,1.0000,,3,yes,6_4 6_2,pmg,22*,L3
69293,6,0,1,5,IIIIII,not tested,120.00 120.00 120.00 120.00 120.00 120.00,1.0000 1.0000 1.0000 1.0000 1.0000 1.0000,0 0 0 0 0 0,0 0 0 0 0 0,"1,2,3,4,5,6,7",,no (tile),,,,120.00,,1.0000,,3,yes,6_4 6_2,pmg,22*,L3
69294,6,0,0,0,UUUUUU,not tested,120.00 120.00 120.00 120.00 120.00 120.00,1.0000 1.0000 1.0000 1.0000 1.0000 1.0000,0 0 0 0 0 0,0 2 0 2 0 2,"3,4,7",,no (tile),,,,120.00,,1.0000,,3,yes,6_4 6_2,cm,1*x,L3
69294,6,0,0,1,USSUSS,not tested,120.00 120.00 120.00 120.00 120.00 120.00,1.0000 1.0000 1.0000 1.0000 1.0000 1.0000,0 1 1 0 1 1,0 0 1 2 0 1,"1,2,3,4,5,6",,no (tile),,,,120.00,,1.0000,,3,yes,6_4 6_2,cm,1*x,L3
69294,6,0,0,2,UUUUUU,not tested,120.00 120.00 120.00 120.00 120.00 120.00,1.0000 1.0000 1.0000 1.0000 1.0000 1.0000,0 0 0 0 0 0,0 2 0 2 0 2,"3,4,7",,no (tile),,,,120.00,,1.0000,,3,yes,6_4 6_2,cm,1*x,L3
69294,6,0,0,3,IIIIII,not tested,120.00 120.00 120.00 120.00 120.00 120.00,1.0000 1.0000 1.0000 1.0000 1.0000 1.0000,0 0 0 0 0 0,0 0 0 0 0 0,"1,2,3,4,5,6,7",,no (tile),,,,120.00,,1.0000,,3,yes,6_4 6_2,cm,1*x,L3
69294,6,0,0,4,UJJUJJ,not tested,120.00 120.00 120.00 120.00 120.00 120.00,1.0000 1.0000 1.0000 1.0000 1.0000 1.0000,0 1 1 0 1 1,0 0 2 2 3 1,"3,4",,no (tile),,,,120.00,,1.0000,,3,yes,6_4 6_2,cm,1*x,L3
69294,6,0,0,5,IIIIII,not tested,120.00 120.00 120.00 120.00 120.00 120.00,1.0000 1.0000 1.0000 1.0000 1.0000 1.0000,0 0 0 0 0 0,0 0 0 0 0 0,"1,2,3,4,5,6,7",,no (tile),,,,120.00,,1.0000,,3,yes,6_4 6_2,cm,1*x,L3
69294,6,0,1,0,USSUSS,not tested,120.00 120.00 120.00 120.00 120.00 120.00,1.0000 1.0000 1.0000 1.0000 1.0000 1.0000,0 1 1 0 1 1,0 0 1 2 0 1,"1,2,3,4,5,6",,no (tile),,,,120.00,,1.0000,,3,yes,6_4 6_2,cm,1*x,L3
69294,6,0,1,1,UUUUUU,not tested,120.00 120.00 120.00 120.00 120.00 120.00,1.0000 1.0000 1.0000 1.0000 1.0000 1.0000,0 0 0 0 0 0,0 2 0 2 0 2,"3,4,7",,no (tile),,,,120.00,,1.0000,,3,yes,6_4 6_2,cm,1*x,L3
69294,6,0,1,2,IIIIII,not tested,120.00 120.00 120.00 120.00 120.00 120.00,1.0000 1.0000 1.0000 1.0000 1.0000 1.0000,0 0 0 0 0 0,0 0 0 0 0 0,"1,2,3,4,5,6,7",,no (tile),,,,120.00,,1.0000,,3,yes,6_4 6_2,cm,1*x,L3
69294,6,0,1,3,UJJUJJ,not tested,120.00 120.00 120.00 120.00 120.00 120.00,1.0000 1.0000 1.0000 1.0000 1.0000 1.0000,0 1 1 0 1 1,0 0 2 2 3 1,"3,4",,no (tile),,,,120.00,,1.0000,,3,yes,6_4 6_2,cm,1*x,L3
69294,6,0,1,4,IIIIII,not tested,120.00 120.00 120.00 120.00 120.00 120.00,1.0000 1.0000 1.0000 1.0000 1.0000 1.0000,0 0 0 0 0 0,0 0 0 0 0 0,"1,2,3,4,5,6,7",,no (tile),,,,120.00,,1.0000,,3,yes,6_4 6_2,cm,1*x,L3
69294,6,0,1,5,UUUUUU,not tested,120.00 120.00 120.00 120.00 120.00 120.00,1.0000 1.0000 1.0000 1.0000 1.0000 1.0000,0 0 0 0 0 0,0 2 0 2 0 2,"3,4,7",,no (tile),,,,120.00,,1.0000,,3,yes,6_4 6_2,cm,1*x,L3
72459,6,0,0,0,SISSIS,not tested,120.00 120.00 120.00 120.00 120.00 120.00,1.0000 1.0000 1.0000 1.0000 1.0000 1.0000,0 1 2 2 1 0,0 0 0 1 0 1,"1,2,3",,no (tile),,,,120.00,,1.0000,,3,yes,6_6 6_3,pmg,22*,L2
72459,6,0,0,1,IIIIII,not tested,120.00 120.00 120.00 120.00 120.00 120.00,1.0000 1.0000 1.0000 1.0000 1.0000 1.0000,0 0 2 2 0 0,0 0 0 0 0 0,"1,2,3,4,5,6,7",,no (tile),,,,120.00,,1.0000,,3,yes,6_6 6_3,pmg,22*,L2
72459,6,0,0,2,IIIIII,not tested,120.00 120.00 120.00 120.00 120.00 120.00,1.0000 1.0000 1.0000 1.0000 1.0000 1.0000,0 0 0 0 0 0,0 0 0 0 0 0,"1,2,3,4,5,6,7",,no (tile),,,,120.00,,1.0000,,3,yes,6_6 6_3,pmg,22*,L2
72459,6,0,0,3,SISSIS,not tested,120.00 120.00 120.00 120.00 120.00 120.00,1.0000 1.0000 1.0000 1.0000 1.0000 1.0000,0 1 0 0 1 0,0 0 1 0 0 1,"1,2,3,4,5,6",,no (tile),,,,120.00,,1.0000,,3,yes,6_6 6_3,pmg,22*,L2
72459,6,0,0,4,IIIIII,not tested,120.00 120.00 120.00 120.00 120.00 120.00,1.0000 1.0000 1.0000 1.0000 1.0000 1.0000,0 0 0 0 0 0,0 0 0 0 0 0,"1,2,3,4,5,6,7",,no (tile),,,,120.00,,1.0000,,3,yes,6_6 6_3,pmg,22*,L2
72459,6,0,0,5,IIIIII,not tested,120.00 120.00 120.00 120.00 120.00 120.00,1.0000 1.0000 1.0000 1.0000 1.0000 1.0000,0 1 1 1 1 0,0 0 0 0 0 0,"1,2,3,4,5,6,7",,no (tile),,,,120.00,,1.0000,,3,yes,6_6 6_3,pmg,22*,L2
72459,6,0,1,0,SISSIS,not tested,120.00 120.00 120.00 120.00 120.00 120.00,1.0000 1.0000 1.0000 1.0000 1.0000 1.0000,0 1 2 2 1 0,0 0 0 1 0 1,"1,2,3",,no (tile),,,,120.00,,1.0000,,3,yes,6_6 6_3,pmg,22*,L2
72459,6,0,1,1,IIIIII,not tested,120.00 120.00 120.00 120.00 120.00 120.00,1.0000 1.0000 1.0000 1.0000 1.0000 1.0000,0 1 1 1 1 0,0 0 0 0 0 0,"1,2,3,4,5,6,7",,no (tile),,,,120.00,,1.0000,,3,yes,6_6 6_3,pmg,22*,L2
72459,6,0,1,2,IIIIII,not tested,120.00 120.00 120.00 120.00 120.00 120.00,1.0000 1.0000 1.0000 1.0000 1.0000 1.0000,0 0 0 0 0 0,0 0 0 0 0 0,"1,2,3,4,5,6,7",,no (tile),,,,120.00,,1.0000,,3,yes,6_6 6_3,pmg,22*,L2
72459,6,0,1,3,SISSIS,not tested,120.00 120.00 120.00 120.00 120.00 120.00,1.0000 1.0000 1.0000 1.0000 1.0000 1.0000,0 1 0 0 1 0,0 0 1 0 0 1,"1,2,3,4,5,6",,no (tile),,,,120.00,,1.0000,,3,yes,6_6 6_3,pmg,22*,L2
72459,6,0,1,4,IIIIII,not tested,120.00 120.00 120.00 120.00 120.00 120.00,1.0000 1.0000 1.0000 1.0000 1.0000 1.0000,0 0 0 0 0 0,0 0 0 0 0 0,"1,2,3,4,5,6,7",,no (tile),,,,120.00,,1.0000,,3,yes,6_6 6_3,pmg,22*,L2
72459,6,0,1,5,IIIIII,not tested,120.00 120.00 120.00 120.00 120.00 120.00,1.0000 1.0000 1.0000 1.0000 1.0000 1.0000,0 0 2 2 0 0,0 0 0 0 0 0,"1,2,3,4,5,6,7",,no (tile),,,,120.00,,1.0000,,3,yes,6_6 6_3,pmg,22*,L2
72474,6,0,0,0,SISSIS,not tested,120.00 120.00 120.00 120.00 120.00 120.00,1.0000 1.0000 1.0000 1.0000 1.0000 1.0000,0 1 0 0 1 0,0 0 1 0 0 1,"1,2,3,4,5,6",,no (tile),,,,120.00,,1.0000,,3,yes,6_6 6_3,cm,1*x,L2
72474,6,0,0,1,JJIIJJ,not tested,120.00 120.00 120.00 120.00 120.00 120.00,1.0000 1.0000 1.0000 1.0000 1.0000 1.0000,0 0 2 2 0 0,0 3 0 0 2 1,7,,no (tile),,,,120.00,,1.0000,,3,yes,6_6 6_3,cm,1*x,L2
72474,6,0,0,2,IIIIII,not tested,120.00 120.00 120.00 120.00 120.00 120.00,1.0000 1.0000 1.0000 1.0000 1.0000 1.0000,0 0 0 0 0 0,0 0 0 0 0 0,"1,2,3,4,5,6,7",,no (tile),,,,120.00,,1.0000,,3,yes,6_6 6_3,cm,1*x,L2
72474,6,0,0,3,JIJJIJ,not tested,120.00 120.00 120.00 120.00 120.00 120.00,1.0000 1.0000 1.0000 1.0000 1.0000 1.0000,0 1 0 0 1 0,0 0 2 3 0 1,"4,5",,no (tile),,,,120.00,,1.0000,,3,yes,6_6 6_3,cm,1*x,L2
72474,6,0,0,4,IIIIII,not tested,120.00 120.00 120.00 120.00 120.00 120.00,1.0000 1.0000 1.0000 1.0000 1.0000 1.0000,0 0 0 0 0 0,0 0 0 0 0 0,"1,2,3,4,5,6,7",,no (tile),,,,120.00,,1.0000,,3,yes,6_6 6_3,cm,1*x,L2
72474,6,0,0,5,IJJJJI,not tested,120.00 120.00 120.00 120.00 120.00 120.00,1.0000 1.0000 1.0000 1.0000 1.0000 1.0000,0 1 1 1 1 0,0 0 3 2 1 0,7,,no (tile),,,,120.00,,1.0000,,3,yes,6_6 6_3,cm,1*x,L2
72474,6,0,1,0,SISSIS,not tested,120.00 120.00 120.00 120.00 120.00 120.00,1.0000 1.0000 1.0000 1.0000 1.0000 1.0000,0 1 0 0 1 0,0 0 1 0 0 1,"1,2,3,4,5,6",,no (tile),,,,120.00,,1.0000,,3,yes,6_6 6_3,cm,1*x,L2
72474,6,0,1,1,IJJJJI,not tested,120.00 120.00 120.00 120.00 120.00 120.00,1.0000 1.0000 1.0000 1.0000 1.0000 1.0000,0 1 1 1 1 0,0 0 3 2 1 0,7,,no (tile),,,,120.00,,1.0000,,3,yes,6_6 6_3,cm,1*x,L2
72474,6,0,1,2,IIIIII,not tested,120.00 120.00 120.00 120.00 120.00 120.00,1.0000 1.0000 1.0000 1.0000 1.0000 1.0000,0 0 0 0 0 0,0 0 0 0 0 0,"1,2,3,4,5,6,7",,no (tile),,,,120.00,,1.0000,,3,yes,6_6 6_3,cm,1*x,L2
72474,6,0,1,3,JIJJIJ,not tested,120.00 120.00 120.00 120.00 120.00 120.00,1.0000 1.0000 1.0000 1.0000 1.0000 1.0000,0 1 0 0 1 0,0 0 2 3 0 1,"4,5",,no (tile),,,,120.00,,1.0000,,3,yes,6_6 6_3,cm,1*x,L2
72474,6,0,1,4,IIIIII,not tested,120.00 120.00 120.00 120.00 120.00 120.00,1.0000 1.0000 1.0000 1.0000 1.0000 1.0000,0 0 0 0 0 0,0 0 0 0 0 0,"1,2,3,4,5,6,7",,no (tile),,,,120.00,,1.0000,,3,yes,6_6 6_3,cm,1*x,L2
72474,6,0,1,5,JJIIJJ,not tested,120.00 120.00 120.00 120.00 120.00 120.00,1.0000 1.0000 1.0000 1.0000 1.0000 1.0000,0 0 2 2 0 0,0 3 0 0 2 1,7,,no (tile),,,,120.00,,1.0000,,3,yes,6_6 6_3,cm,1*x,L2
72673,6,2,0,4,IIIIII,not tested,90.00 90.00 180.00 90.00 90.00 180.00,1.0000 1.0000 1.0000 1.0000 1.0000 1.0000,0 1 1 1 1 1,0 0 0 0 0 0,"1,2,3,4,5,6,9",,no (tile),,,,90.00,,1.0000,,3 4,yes,4_2 5_2,p4g,4*2,L2
72673,6,2,1,0,IIIIII,not tested,90.00 90.00 180.00 90.00 90.00 180.00,1.0000 1.0000 1.0000 1.0000 1.0000 1.0000,0 0 2 2 0 2,0 0 0 0 0 0,"1,2,3,4,5,6",,no (tile),,,,90.00,,1.0000,,3 4,yes,4_2 5_2,p4g,4*2,L2
72673,6,4,0,4,IIIIII,not tested,90.00 180.00 90.00 90.00 180.00 90.00,1.0000 1.0000 1.0000 1.0000 1.0000 1.0000,0 0 0 0 0 5,0 0 0 0 0 0,"1,2,3,4,5,6,9",,no (tile),,,,90.00,,1.0000,,3 4,yes,4_2 5_2,p4g,4*2,L2
72673,6,4,1,4,IIIIII,not tested,90.00 180.00 90.00 90.00 180.00 90.00,1.0000 1.0000 1.0000 1.0000 1.0000 1.0000,0 1 0 0 1 1,0 0 0 0 0 0,"1,2,3,4,5,6",,no (tile),,,,90.00,,1.0000,,3 4,yes,4_2 5_2,p4g,4*2,L2
72678,6,2,0,0,IIJIIJ,not tested,90.00 180.00 90.00 90.00 180.00 90.00,1.0000 1.0000 1.0000 1.0000 1.0000 1.0000,0 1 2 1 0 2,0 0 0 0 0 3,"1,2,3,4,5",,no (tile),,,,90.00,,1.0000,,3 4,yes,4_1 5_1,pmg,22*,L2
72678,6,2,1,2,IIJIIJ,not tested,90.00 180.00 90.00 90.00 180.00 90.00,1.0000 1.0000 1.0000 1.0000 1.0000 1.0000,0 1 2 0 1 2,0 0 0 0 0 3,"1,2,3,4,5",,no (tile),,,,90.00,,1.0000,,3 4,yes,4_1 5_1,pmg,22*,L2
72679,6,0,0,0,IIJIIJ,not tested,90.00 180.00 90.00 90.00 180.00 90.00,1.0000 1.0000 1.0000 1.0000 1.0000 1.0000,0 0 2 0 0 2,0 0 0 0 0 3,"1,2,3,4,5",,no (tile),,,,90.00,,1.0000,,3 4,yes,4_1 5_1,cm,1*x,L2
72679,6,0,1,2,IIJIIJ,not tested,90.00 180.00 90.00 90.00 180.00 90.00,1.0000 1.0000 1.0000 1.0000 1.0000 1.0000,0 0 2 0 0 2,0 0 0 0 0 3,"1,2,3,4,5",,no (tile),,,,90.00,,1.0000,,3 4,yes,4_1 5_1,cm,1*x,L2
72685,6,0,1,3,IIIIII,not tested,60.00 180.00 120.00 90.00 90.00 180.00,1.0000 1.0000 1.0000 1.7321 1.0000 1.0000,0 0 0 3 0 0,0 0 0 0 0 0,"1,2,6",,no (tile),,,,60.00,,0.5774,,3 4,yes,4_2 5_2,cm,1*x,L2
72685,6,0,1,5,IIIIII,not tested,120.00 180.00 60.00 180.00 90.00 90.00,1.0000 1.0000 1.0000 1.0000 1.7321 1.0000,0 0 0 0 4 0,0 0 0 0 0 0,"1,2,6",,no (tile),,,,60.00,,0.5774,,3 4,yes,4_2 5_2,cm,1*x,L2
72688,6,0,0,2,IIIIII,not tested,90.00 180.00 90.00 90.00 180.00 90.00,1.0000 1.0000 1.0000 1.0000 1.0000 1.0000,0 0 0 0 0 0,0 0 0 0 0 0,"1,2,3,4,5,6,9",,no (tile),,,,90.00,,1.0000,,3 4,yes,4_2 5_2,cm,1*x,L2
72688,6,0,0,5,IIIIII,not tested,90.00 180.00 90.00 90.00 180.00 90.00,1.0000 1.0000 1.0000 1.0000 1.0000 1.0000,0 0 0 0 0 0,0 0 0 0 0 0,"1,2,3,4,5,6,9",,no (tile),,,,90.00,,1.0000,,3 4,yes,4_2 5_2,cm,1*x,L2
72688,6,0,1,0,IIIIII,not tested,90.00 180.00 90.00 90.00 180.00 90.00,1.0000 1.0000 1.0000 1.0000 1.0000 1.0000,0 0 0 0 0 0,0 0 0 0 0 0,"1,2,3,4,5,6,9",,no (tile),,,,90.00,,1.0000,,3 4,yes,4_2 5_2,cm,1*x,L2
72688,6,0,1,3,IIIIII,not tested,90.00 180.00 90.00 90.00 180.00 90.00,1.0000 1.0000 1.0000 1.0000 1.0000 1.0000,0 0 0 0 0 0,0 0 0 0 0 0,"1,2,3,4,5,6,9",,no (tile),,,,90.00,,1.0000,,3 4,yes,4_2 5_2,cm,1*x,L2
72688,6,0,1,5,IIUIIU,not tested,150.00 180.00 30.00 210.00 90.00 60.00,1.0000 1.0000 1.7239 1.0000 1.7321 1.7239,0 0 2 0 4 2,0 0 0 0 0 2,"1,2,6",,no (tile),,,,30.00,,0.5774,,3 4,yes,4_2 5_2,cm,1*x,L2
72755,6,0,0,2,IIIIII,not tested,36.00 180.00 72.00 144.00 72.00 216.00,1.0000 0.8090 0.8090 0.8090 0.8090 0.8090,0 1 1 1 1 1,0 0 0 0 0 0,"2,6",,no (tile),,,,36.00,,0.8090,,3 6,yes,4_3 5_3,pmg,22*,L2
72755,6,1,1,0,IIIIII,not tested,61.89 180.00 56.22 123.78 236.22 61.89,1.0000 2.0000 1.0000 1.0000 1.0000 1.8846,0 1 0 0 0 5,0 0 0 0 0 0,1,,no (tile),,,,56.22,,0.5000,,3 6,yes,4_3 5_3,pmg,22*,L2
72755,6,1,1,2,IIIIII,not tested,50.32 180.00 64.84 64.84 230.32 129.68,1.0000 0.5000 0.8503 0.5000 0.5000 0.5000,0 1 2 1 1 1,0 0 0 0 0 0,1,,no (tile),,,,50.32,,0.5000,,3 6,yes,4_3 5_3,pmg,22*,L2
72755,6,2,0,0,IIIIII,not tested,72.00 180.00 36.00 216.00 72.00 144.00,1.0000 1.2361 1.0000 1.0000 1.0000 1.0000,0 1 0 0 0 0,0 0 0 0 0 0,"2,6",,no (tile),,,,36.00,,0.8090,,3 6,yes,4_3 5_3,pmg,22*,L2
72756,6,0,0,0,IIIIII,not tested,36.00 180.00 108.00 90.00 126.00 180.00,1.0000 1.0000 1.0000 0.7265 1.0000 1.0000,0 0 0 3 0 0,0 0 0 0 0 0,"1,2,6",,no (tile),,,,36.00,,0.7265,,3 6,yes,4_3 5_3,cm,1*x,L2
72756,6,2,0,2,IIIIII,not tested,108.00 180.00 36.00 180.00 126.00 90.00,1.0000 1.0000 1.0000 1.0000 0.7265 1.0000,0 0 0 0 4 0,0 0 0 0 0 0,"1,2,6",,no (tile),,,,36.00,,0.7265,,3 6,yes,4_3 5_3,cm,1*x,L2
72781,6,2,0,0,SSJSSJ,not tested,90.00 180.00 90.00 90.00 180.00 90.00,1.0000 1.0000 1.0000 1.0000 1.0000 1.0000,0 0 2 0 0 2,0 0 0 0 0 3,"1,4",,no (tile),,,,90.00,,1.0000,,3 4,yes,4_1 5_1,p2,2222,L2
72781,6,2,1,2,SSJSSJ,not tested,90.00 180.00 90.00 90.00 180.00 90.00,1.0000 1.0000 1.0000 1.0000 1.0000 1.0000,0 0 2 0 0 2,0 0 0 1 1 3,"1,5",,no (tile),,,,90.00,,1.0000,,3 4,yes,4_1 5_1,p2,2222,L2
72781,6,3,0,4,SSSJSJ,not tested,80.52 180.00 180.00 99.48 80.52 99.48,1.0000 1.0000 1.0000 1.9311 3.0000 1.9311,0 0 0 3 4 3,0 0 0 0 0 3,1,,no (tile),,,,80.52,,0.3333,,3 4,yes,4_1 5_1,p2,2222,L2
72781,6,3,1,5,SSSJIJ,not tested,80.52 180.00 180.00 99.48 80.52 99.48,1.0000 1.0000 1.0000 1.9311 3.0000 1.9311,0 0 0 3 4 3,0 0 0 0 0 3,1,,no (tile),,,,80.52,,0.3333,,3 4,yes,4_1 5_1,p2,2222,L2
72781,6,4,0,4,SSSJSJ,not tested,80.52 180.00 180.00 99.48 80.52 99.48,1.0000 1.0000 1.0000 1.9311 3.0000 1.9311,0 0 0 3 4 3,0 0 0 0 0 3,1,,no (tile),,,,80.52,,0.3333,,3 4,yes,4_1 5_1,p2,2222,L2
72781,6,4,1,5,SSSJIJ,not tested,80.52 180.00 180.00 99.48 80.52 99.48,1.0000 1.0000 1.0000 1.9311 3.0000 1.9311,0 0 0 3 4 3,0 0 0 0 0 3,1,,no (tile),,,,80.52,,0.3333,,3 4,yes,4_1 5_1,p2,2222,L2
72782,6,0,0,0,UUJUUJ,not tested,90.00 180.00 90.00 90.00 180.00 90.00,1.0000 1.0000 1.0000 1.0000 1.0000 1.0000,0 0 2 0 0 2,0 2 0 0 2 3,"1,2,3,4,5",,no (tile),,,,90.00,,1.0000,,3 4,yes,4_1 5_1,pgg,22x,L2
72782,6,0,1,2,UUJUUJ,not tested,90.00 180.00 90.00 90.00 180.00 90.00,1.0000 1.0000 1.0000 1.0000 1.0000 1.0000,0 0 2 0 0 2,0 2 0 2 0 3,"1,2,3,4,5",,no (tile),,,,90.00,,1.0000,,3 4,yes,4_1 5_1,pgg,22x,L2
72789,6,0,1,3,IIIIII,not tested,60.00 180.00 120.00 90.00 90.00 180.00,1.0000 1.0000 1.0000 1.7321 1.0000 1.0000,0 0 0 3 0 0,0 0 0 0 0 0,"1,2,6",,no (tile),,,,60.00,,0.5774,,3 4,yes,4_2 5_2,pgg,22x,L2
72789,6,0,1,5,IIIIII,not tested,120.00 180.00 60.00 180.00 90.00 90.00,1.0000 1.0000 1.0000 1.0000 1.7321 1.0000,0 0 0 0 4 0,0 0 0 0 0 0,"1,2,6",,no (tile),,,,60.00,,0.5774,,3 4,yes,4_2 5_2,pgg,22x,L2
72792,6,0,0,2,UUUUUU,not tested,90.00 180.00 90.00 90.00 180.00 90.00,1.0000 1.0000 1.0000 1.0000 1.0000 1.0000,0 0 0 0 0 0,0 2 2 2 0 0,"1,2,3,4,5,6",,no (tile),,,,90.00,,1.0000,,3 4,yes,4_2 5_2,pgg,22x,L2
72792,6,0,0,5,UUUUUU,not tested,90.00 180.00 90.00 90.00 180.00 90.00,1.0000 1.0000 1.0000 1.0000 1.0000 1.0000,0 0 0 0 0 0,0 2 0 2 0 2,"1,2,3,4,5,6,9",,no (tile),,,,90.00,,1.0000,,3 4,yes,4_2 5_2,pgg,22x,L2
72792,6,0,1,0,UUUUUU,not tested,90.00 180.00 90.00 90.00 180.00 90.00,1.0000 1.0000 1.0000 1.0000 1.0000 1.0000,0 0 0 0 0 0,0 2 0 2 0 2,"1,2,3,4,5,6,9",,no (tile),,,,90.00,,1.0000,,3 4,yes,4_2 5_2,pgg,22x,L2
72792,6,0,1,3,UUUUUU,not tested,90.00 180.00 90.00 90.00 180.00 90.00,1.0000 1.0000 1.0000 1.0000 1.0000 1.0000,0 0 0 0 0 0,0 2 2 2 0 0,"1,2,3,4,5,6",,no (tile),,,,90.00,,1.0000,,3 4,yes,4_2 5_2,pgg,22x,L2
72792,6,0,1,5,IIUIIU,not tested,150.00 180.00 30.00 210.00 90.00 60.00,1.0000 1.0000 1.7239 1.0000 1.7321 1.7239,0 0 2 0 4 2,0 0 0 0 0 2,"1,2,6",,no (tile),,,,30.00,,0.5774,,3 4,yes,4_2 5_2,pgg,22x,L2
72807,6,0,0,0,SSSSSS,not tested,120.00 120.00 120.00 120.00 120.00 120.00,1.0000 1.0000 1.0000 1.0000 1.0000 1.0000,0 0 0 0 0 0,0 0 0 0 0 0,"1,4,7",,no (tile),,,,120.00,,1.0000,,3,yes,6_2 6_4,p2,2222,L2
72807,6,0,0,1,SSSSSS,not tested,120.00 120.00 120.00 120.00 120.00 120.00,1.0000 1.0000 1.0000 1.0000 1.0000 1.0000,0 0 0 0 0 0,0 0 0 0 0 0,"1,4,7",,no (tile),,,,120.00,,1.0000,,3,yes,6_2 6_4,p2,2222,L2
72807,6,0,0,2,SSSSSS,not tested,120.00 120.00 120.00 120.00 120.00 120.00,1.0000 1.0000 1.0000 1.0000 1.0000 1.0000,0 1 2 0 1 2,0 0 0 0 0 0,"1,4",,no (tile),,,,120.00,,1.0000,,3,yes,6_2 6_4,p2,2222,L2
72807,6,0,0,3,SSSSSS,not tested,120.00 120.00 120.00 120.00 120.00 120.00,1.0000 1.0000 1.0000 1.0000 1.0000 1.0000,0 0 0 0 0 0,0 0 0 0 0 0,"1,4,7",,no (tile),,,,120.00,,1.0000,,3,yes,6_2 6_4,p2,2222,L2
72807,6,0,0,4,SSSSSS,not tested,120.00 120.00 120.00 120.00 120.00 120.00,1.0000 1.0000 1.0000 1.0000 1.0000 1.0000,0 0 0 0 0 0,0 0 0 0 0 0,"1,4,7",,no (tile),,,,120.00,,1.0000,,3,yes,6_2 6_4,p2,2222,L2
72807,6,0,0,5,SSSSSS,not tested,120.00 120.00 120.00 120.00 120.00 120.00,1.0000 1.0000 1.0000 1.0000 1.0000 1.0000,0 1 2 0 1 2,0 0 0 0 0 0,"1,4",,no (tile),,,,120.00,,1.0000,,3,yes,6_2 6_4,p2,2222,L2
72807,6,0,1,0,SSISSI,not tested,120.00 120.00 120.00 120.00 120.00 120.00,1.0000 1.0000 1.0000 1.0000 1.0000 1.0000,0 0 2 0 0 2,0 1 0 0 1 0,"1,2,3,4,5,6",,no (tile),,,,120.00,,1.0000,,3,yes,6_2 6_4,p2,2222,L2
72807,6,0,1,1,SSSSSS,not tested,120.00 120.00 120.00 120.00 120.00 120.00,1.0000 1.0000 1.0000 1.0000 1.0000 1.0000,0 1 0 0 1 0,0 0 1 0 0 1,"1,2,3,4,5",,no (tile),,,,120.00,,1.0000,,3,yes,6_2 6_4,p2,2222,L2
72807,6,0,1,2,ISSISS,not tested,120.00 120.00 120.00 120.00 120.00 120.00,1.0000 1.0000 1.0000 1.0000 1.0000 1.0000,0 1 1 0 1 1,0 0 1 0 0 1,"1,2,3,4,5,6",,no (tile),,,,120.00,,1.0000,,3,yes,6_2 6_4,p2,2222,L2
72807,6,0,1,3,SSISSI,not tested,120.00 120.00 120.00 120.00 120.00 120.00,1.0000 1.0000 1.0000 1.0000 1.0000 1.0000,0 0 2 0 0 2,0 1 0 0 1 0,"1,2,3,4,5,6",,no (tile),,,,120.00,,1.0000,,3,yes,6_2 6_4,p2,2222,L2
72807,6,0,1,4,SSSSSS,not tested,120.00 120.00 120.00 120.00 120.00 120.00,1.0000 1.0000 1.0000 1.0000 1.0000 1.0000,0 1 0 0 1 0,0 0 1 0 0 1,"1,2,3,4,5",,no (tile),,,,120.00,,1.0000,,3,yes,6_2 6_4,p2,2222,L2
72807,6,0,1,5,ISSISS,not tested,120.00 120.00 120.00 120.00 120.00 120.00,1.0000 1.0000 1.0000 1.0000 1.0000 1.0000,0 1 1 0 1 1,0 0 1 0 0 1,"1,2,3,4,5,6",,no (tile),,,,120.00,,1.0000,,3,yes,6_2 6_4,p2,2222,L2
72842,6,0,0,0,IIIIII,not tested,120.00 120.00 120.00 120.00 120.00 120.00,1.0000 1.0000 1.0000 1.0000 1.0000 1.0000,0 0 0 0 0 0,0 0 0 0 0 0,"1,2,3,4,5,6,7",,no (tile),,,,120.00,,1.0000,,3,yes,6_4 6_2,pgg,22x,L2
72842,6,0,0,1,IIIIII,not tested,120.00 120.00 120.00 120.00 120.00 120.00,1.0000 1.0000 1.0000 1.0000 1.0000 1.0000,0 0 0 0 0 0,0 0 0 0 0 0,"1,2,3,4,5,6,7",,no (tile),,,,120.00,,1.0000,,3,yes,6_4 6_2,pgg,22x,L2
72842,6,0,0,2,SSSSSS,not tested,120.00 120.00 120.00 120.00 120.00 120.00,1.0000 1.0000 1.0000 1.0000 1.0000 1.0000,0 1 1 0 1 1,0 0 1 0 0 1,"1,2,3,4,5",,no (tile),,,,120.00,,1.0000,,3,yes,6_4 6_2,pgg,22x,L2
72842,6,0,0,3,IIIIII,not tested,120.00 120.00 120.00 120.00 120.00 120.00,1.0000 1.0000 1.0000 1.0000 1.0000 1.0000,0 0 0 0 0 0,0 0 0 0 0 0,"1,2,3,4,5,6,7",,no (tile),,,,120.00,,1.0000,,3,yes,6_4 6_2,pgg,22x,L2
72842,6,0,0,4,IIIIII,not tested,120.00 120.00 120.00 120.00 120.00 120.00,1.0000 1.0000 1.0000 1.0000 1.0000 1.0000,0 0 0 0 0 0,0 0 0 0 0 0,"1,2,3,4,5,6,7",,no (tile),,,,120.00,,1.0000,,3,yes,6_4 6_2,pgg,22x,L2
72842,6,0,0,5,SSSSSS,not tested,120.00 120.00 120.00 120.00 120.00 120.00,1.0000 1.0000 1.0000 1.0000 1.0000 1.0000,0 1 1 0 1 1,0 0 1 0 0 1,"1,2,3,4,5",,no (tile),,,,120.00,,1.0000,,3,yes,6_4 6_2,pgg,22x,L2
72842,6,0,1,0,IIIIII,not tested,120.00 120.00 120.00 120.00 120.00 120.00,1.0000 1.0000 1.0000 1.0000 1.0000 1.0000,0 0 0 0 0 0,0 0 0 0 0 0,"1,2,3,4,5,6,7",,no (tile),,,,120.00,,1.0000,,3,yes,6_4 6_2,pgg,22x,L2
72842,6,0,1,1,IIIIII,not tested,120.00 120.00 120.00 120.00 120.00 120.00,1.0000 1.0000 1.0000 1.0000 1.0000 1.0000,0 0 0 0 0 0,0 0 0 0 0 0,"1,2,3,4,5,6,7",,no (tile),,,,120.00,,1.0000,,3,yes,6_4 6_2,pgg,22x,L2
72842,6,0,1,2,SJJSJJ,not tested,120.00 120.00 120.00 120.00 120.00 120.00,1.0000 1.0000 1.0000 1.0000 1.0000 1.0000,0 1 1 0 1 1,0 0 2 0 0 2,"3,5",,no (tile),,,,120.00,,1.0000,,3,yes,6_4 6_2,pgg,22x,L2
72842,6,0,1,3,IIIIII,not tested,120.00 120.00 120.00 120.00 120.00 120.00,1.0000 1.0000 1.0000 1.0000 1.0000 1.0000,0 0 0 0 0 0,0 0 0 0 0 0,"1,2,3,4,5,6,7",,no (tile),,,,120.00,,1.0000,,3,yes,6_4 6_2,pgg,22x,L2
72842,6,0,1,4,IIIIII,not tested,120.00 120.00 120.00 120.00 120.00 120.00,1.0000 1.0000 1.0000 1.0000 1.0000 1.0000,0 0 0 0 0 0,0 0 0 0 0 0,"1,2,3,4,5,6,7",,no (tile),,,,120.00,,1.0000,,3,yes,6_4 6_2,pgg,22x,L2
72842,6,0,1,5,SJJSJJ,not tested,120.00 120.00 120.00 120.00 120.00 120.00,1.0000 1.0000 1.0000 1.0000 1.0000 1.0000,0 1 1 0 1 1,0 0 2 0 0 2,"3,5",,no (tile),,,,120.00,,1.0000,,3,yes,6_4 6_2,pgg,22x,L2
72893,6,0,0,1,UIIUII,not tested,35.64 215.64 180.00 144.36 54.36 90.00,1.0000 4.5392 4.5392 1.0000 9.7634 4.5392,0 1 1 0 4 1,0 0 0 2 0 0,"1,6",,no (tile),,,,35.64,,0.1024,,3 4,yes,3_2 6_2,pgg,22x,L2
72893,6,0,0,5,USSUSS,not tested,35.62 157.67 180.00 202.33 22.33 122.05,1.0000 3.0020 3.0020 1.0000 3.0020 5.8760,0 1 1 0 1 5,0 0 0 2 1 0,"1,6",,no (tile),,,,22.33,,0.1702,,3 4,yes,3_2 6_2,pgg,22x,L2
72893,6,0,1,0,UIIUII,not tested,53.00 143.00 180.00 217.00 37.00 90.00,1.0000 3.5577 3.5577 1.0000 3.5577 8.0437,0 1 1 0 1 5,0 0 0 2 0 0,"1,6",,no (tile),,,,37.00,,0.1243,,3 4,yes,3_2 6_2,pgg,22x,L2
72893,6,0,1,2,USSUSS,not tested,37.69 217.69 180.00 142.31 20.19 122.12,1.0000 0.4765 0.4765 1.0000 2.5327 0.4765,0 1 1 0 4 1,0 0 0 2 0 1,"1,6",,no (tile),,,,20.19,,0.1881,,3 4,yes,3_2 6_2,pgg,22x,L2
72947,6,3,0,2,SSSSSS,not tested,180.00 232.17 127.83 52.17 127.83 0.00,1.0000 0.5514 1.0000 0.5514 3.0000 1.0000,0 1 0 1 4 0,0 0 0 0 0 0,(not a tile),,"n/a (not a tile: rep 4 (S) must bulge opposite ways: to clear v0 on edge 4 (code 0) and to clear v1 on edge 4 (code 0) -- exact via the outside lemma (validated by John, 2026-09-13) [curve_sides])",,,,0.00,,0.1838,,,,4_3 5_3,p2,2222,L0
72951,6,0,0,0,IIIIII,not tested,130.65 180.00 98.71 90.00 40.65 180.00,1.0000 1.0000 1.0000 3.4944 1.0000 1.0000,0 0 0 3 0 0,0 0 0 0 0 0,"1,2,6",,no (tile),,,,40.65,,0.2862,,3 6,yes,4_3 5_3,pgg,22x,L2
72951,6,1,0,4,UUUUUU,not tested,120.00 180.00 60.00 120.00 180.00 60.00,1.0000 1.0000 1.0000 1.0000 1.0000 1.0000,0 0 0 0 0 0,0 2 0 2 0 2,"1,2,3,4,5,6",,no (tile),,,,60.00,,1.0000,,3 6,yes,4_3 5_3,pgg,22x,L2
72951,6,1,0,5,SSUSUS,not tested,21.79 180.00 193.08 13.08 166.92 145.13,1.0000 1.0000 1.1359 1.0000 1.1359 1.1873,0 0 2 0 2 5,0 0 0 1 2 0,"1,2,6",,no (tile),,,,13.08,,0.8423,,3 6,yes,4_3 5_3,pgg,22x,L2
72951,6,2,1,1,SSSSSS,not tested,89.00 180.00 91.00 269.00 0.00 91.00,1.0000 1.0000 1.0000 1.0000 3.0000 1.0000,0 0 0 0 4 0,0 0 1 0 0 1,"1,2,6",,no (tile),,,,0.00,,0.3333,,3 6,yes,4_3 5_3,pgg,22x,L2
72952,6,0,0,0,IIIIII,not tested,36.00 180.00 108.00 90.00 126.00 180.00,1.0000 1.0000 1.0000 0.7265 1.0000 1.0000,0 0 0 3 0 0,0 0 0 0 0 0,"1,2,6",,no (tile),,,,36.00,,0.7265,,3 6,yes,4_3 5_3,pgg,22x,L2
72952,6,2,0,2,IIIIII,not tested,108.00 180.00 36.00 180.00 126.00 90.00,1.0000 1.0000 1.0000 1.0000 0.7265 1.0000,0 0 0 0 4 0,0 0 0 0 0 0,"1,2,6",,no (tile),,,,36.00,,0.7265,,3 6,yes,4_3 5_3,pgg,22x,L2
72960,6,0,0,0,SSSSSS,not tested,120.00 120.00 120.00 120.00 120.00 120.00,1.0000 1.0000 1.0000 1.0000 1.0000 1.0000,0 0 0 0 0 0,0 0 0 0 0 0,"1,4,7",,no (tile),,,,120.00,,1.0000,,3,yes,6_3 6_6,p2,2222,L3
72960,6,0,0,1,SSSSSS,not tested,120.00 120.00 120.00 120.00 120.00 120.00,1.0000 1.0000 1.0000 1.0000 1.0000 1.0000,0 0 0 0 0 0,0 0 0 0 0 0,"1,4,7",,no (tile),,,,120.00,,1.0000,,3,yes,6_3 6_6,p2,2222,L3
72960,6,0,0,2,SSSSSS,not tested,120.00 120.00 120.00 120.00 120.00 120.00,1.0000 1.0000 1.0000 1.0000 1.0000 1.0000,0 1 2 0 1 2,0 0 0 0 0 0,"1,4",,no (tile),,,,120.00,,1.0000,,3,yes,6_3 6_6,p2,2222,L3
72960,6,0,0,3,SSSSSS,not tested,120.00 120.00 120.00 120.00 120.00 120.00,1.0000 1.0000 1.0000 1.0000 1.0000 1.0000,0 0 0 0 0 0,0 0 0 0 0 0,"1,4,7",,no (tile),,,,120.00,,1.0000,,3,yes,6_3 6_6,p2,2222,L3
72960,6,0,0,4,SSSSSS,not tested,120.00 120.00 120.00 120.00 120.00 120.00,1.0000 1.0000 1.0000 1.0000 1.0000 1.0000,0 0 0 0 0 0,0 0 0 0 0 0,"1,4,7",,no (tile),,,,120.00,,1.0000,,3,yes,6_3 6_6,p2,2222,L3
72960,6,0,0,5,SSSSSS,not tested,120.00 120.00 120.00 120.00 120.00 120.00,1.0000 1.0000 1.0000 1.0000 1.0000 1.0000,0 1 2 0 1 2,0 0 0 0 0 0,"1,4",,no (tile),,,,120.00,,1.0000,,3,yes,6_3 6_6,p2,2222,L3
72960,6,0,1,0,SSISSI,not tested,120.00 120.00 120.00 120.00 120.00 120.00,1.0000 1.0000 1.0000 1.0000 1.0000 1.0000,0 0 2 0 0 2,0 1 0 0 1 0,"1,2,3,4,5,6",,no (tile),,,,120.00,,1.0000,,3,yes,6_3 6_6,p2,2222,L3
72960,6,0,1,1,SISSIS,not tested,120.00 120.00 120.00 120.00 120.00 120.00,1.0000 1.0000 1.0000 1.0000 1.0000 1.0000,0 1 0 0 1 0,0 0 1 0 0 1,"1,2,3,4,5,6",,no (tile),,,,120.00,,1.0000,,3,yes,6_3 6_6,p2,2222,L3
72960,6,0,1,2,ISSISS,not tested,120.00 120.00 120.00 120.00 120.00 120.00,1.0000 1.0000 1.0000 1.0000 1.0000 1.0000,0 1 1 0 1 1,0 0 1 0 0 1,"1,2,3,4,5,6",,no (tile),,,,120.00,,1.0000,,3,yes,6_3 6_6,p2,2222,L3
72960,6,0,1,3,SSISSI,not tested,120.00 120.00 120.00 120.00 120.00 120.00,1.0000 1.0000 1.0000 1.0000 1.0000 1.0000,0 0 2 0 0 2,0 1 0 0 1 0,"1,2,3,4,5,6",,no (tile),,,,120.00,,1.0000,,3,yes,6_3 6_6,p2,2222,L3
72960,6,0,1,4,SISSIS,not tested,120.00 120.00 120.00 120.00 120.00 120.00,1.0000 1.0000 1.0000 1.0000 1.0000 1.0000,0 1 0 0 1 0,0 0 1 0 0 1,"1,2,3,4,5,6",,no (tile),,,,120.00,,1.0000,,3,yes,6_3 6_6,p2,2222,L3
72960,6,0,1,5,ISSISS,not tested,120.00 120.00 120.00 120.00 120.00 120.00,1.0000 1.0000 1.0000 1.0000 1.0000 1.0000,0 1 1 0 1 1,0 0 1 0 0 1,"1,2,3,4,5,6",,no (tile),,,,120.00,,1.0000,,3,yes,6_3 6_6,p2,2222,L3
72962,6,0,1,1,SIISSS,not tested,305.14 27.43 90.00 62.57 180.00 54.86,1.0000 1.7752 1.8427 1.0000 1.0000 1.0000,0 1 2 0 0 0,0 0 0 0 0 1,1,,no (tile),,,,27.43,,0.5427,,3 4,yes,4_3 5_3,p2,2222,hand
72962,6,1,0,3,SJJSSS,not needed (covering theorem),270.00 26.57 90.00 63.43 180.00 90.00,1.0000 2.2361 2.2361 1.0000 1.0000 1.0000,0 1 1 0 0 0,0 0 3 0 0 0,,,YES,2,1,2,26.57,,0.4472,,3 4,yes,4_3 5_3,p2,2222,hand
72962,6,1,1,1,SIISSS,not tested,56.23 151.89 90.00 61.89 180.00 180.00,1.0000 1.7640 1.8848 1.0000 1.0000 1.0000,0 1 2 0 0 0,0 0 0 1 1 1,1,,no (tile),,,,56.23,,0.5306,,3 4,yes,4_3 5_3,p2,2222,hand
72962,6,4,0,4,SSJJSS,not tested,180.00 180.00 63.43 90.00 116.57 90.00,1.0000 1.0000 2.2361 2.2361 1.0000 1.0000,0 0 2 2 0 0,0 0 0 3 0 0,9,,no (tile),,,,63.43,,0.4472,,3 4,yes,4_3 5_3,p2,2222,hand
72962,6,4,0,5,SSSSSS,not tested,42.98 180.00 180.00 63.02 116.98 137.02,1.0000 1.0000 1.0000 1.4185 1.0000 1.8541,0 0 0 3 0 5,0 0 0 0 0 0,1,,no (tile),,,,42.98,,0.5393,,3 4,yes,4_3 5_3,p2,2222,hand
72962,6,4,1,4,SSSJSJ,not tested,42.44 180.00 180.00 42.44 137.56 137.56,1.0000 1.0000 1.0000 1.3551 1.0000 1.3551,0 0 0 3 0 3,0 0 0 0 1 2,6,,no (tile),,,,42.44,,0.7380,,3 4,yes,4_3 5_3,p2,2222,hand
72972,6,0,0,0,IIIIII,not tested,120.00 120.00 120.00 120.00 120.00 120.00,1.0000 1.0000 1.0000 1.0000 1.0000 1.0000,0 0 0 0 0 0,0 0 0 0 0 0,"1,2,3,4,5,6,7",,no (tile),,,,120.00,,1.0000,,3,yes,6_3 6_6,pgg,22x,L2
72972,6,0,0,1,IIIIII,not tested,120.00 120.00 120.00 120.00 120.00 120.00,1.0000 1.0000 1.0000 1.0000 1.0000 1.0000,0 0 0 0 0 0,0 0 0 0 0 0,"1,2,3,4,5,6,7",,no (tile),,,,120.00,,1.0000,,3,yes,6_3 6_6,pgg,22x,L2
72972,6,0,0,2,ISSISS,not tested,120.00 120.00 120.00 120.00 120.00 120.00,1.0000 1.0000 1.0000 1.0000 1.0000 1.0000,0 1 1 0 1 1,0 0 1 0 0 1,"1,2,3,4,5,6",,no (tile),,,,120.00,,1.0000,,3,yes,6_3 6_6,pgg,22x,L2
72972,6,0,0,3,IIIIII,not tested,120.00 120.00 120.00 120.00 120.00 120.00,1.0000 1.0000 1.0000 1.0000 1.0000 1.0000,0 0 0 0 0 0,0 0 0 0 0 0,"1,2,3,4,5,6,7",,no (tile),,,,120.00,,1.0000,,3,yes,6_3 6_6,pgg,22x,L2
72972,6,0,0,4,IIIIII,not tested,120.00 120.00 120.00 120.00 120.00 120.00,1.0000 1.0000 1.0000 1.0000 1.0000 1.0000,0 0 0 0 0 0,0 0 0 0 0 0,"1,2,3,4,5,6,7",,no (tile),,,,120.00,,1.0000,,3,yes,6_3 6_6,pgg,22x,L2
72972,6,0,0,5,ISSISS,not tested,120.00 120.00 120.00 120.00 120.00 120.00,1.0000 1.0000 1.0000 1.0000 1.0000 1.0000,0 1 1 0 1 1,0 0 1 0 0 1,"1,2,3,4,5,6",,no (tile),,,,120.00,,1.0000,,3,yes,6_3 6_6,pgg,22x,L2
72972,6,0,1,0,IIIIII,not tested,120.00 120.00 120.00 120.00 120.00 120.00,1.0000 1.0000 1.0000 1.0000 1.0000 1.0000,0 0 0 0 0 0,0 0 0 0 0 0,"1,2,3,4,5,6,7",,no (tile),,,,120.00,,1.0000,,3,yes,6_3 6_6,pgg,22x,L2
72972,6,0,1,1,IIIIII,not tested,120.00 120.00 120.00 120.00 120.00 120.00,1.0000 1.0000 1.0000 1.0000 1.0000 1.0000,0 0 0 0 0 0,0 0 0 0 0 0,"1,2,3,4,5,6,7",,no (tile),,,,120.00,,1.0000,,3,yes,6_3 6_6,pgg,22x,L2
72972,6,0,1,2,SJJSJJ,not tested,120.00 120.00 120.00 120.00 120.00 120.00,1.0000 1.0000 1.0000 1.0000 1.0000 1.0000,0 1 1 0 1 1,0 0 2 0 0 2,"3,5",,no (tile),,,,120.00,,1.0000,,3,yes,6_3 6_6,pgg,22x,L2
72972,6,0,1,3,IIIIII,not tested,120.00 120.00 120.00 120.00 120.00 120.00,1.0000 1.0000 1.0000 1.0000 1.0000 1.0000,0 0 0 0 0 0,0 0 0 0 0 0,"1,2,3,4,5,6,7",,no (tile),,,,120.00,,1.0000,,3,yes,6_3 6_6,pgg,22x,L2
72972,6,0,1,4,IIIIII,not tested,120.00 120.00 120.00 120.00 120.00 120.00,1.0000 1.0000 1.0000 1.0000 1.0000 1.0000,0 0 0 0 0 0,0 0 0 0 0 0,"1,2,3,4,5,6,7",,no (tile),,,,120.00,,1.0000,,3,yes,6_3 6_6,pgg,22x,L2
72972,6,0,1,5,SJJSJJ,not tested,120.00 120.00 120.00 120.00 120.00 120.00,1.0000 1.0000 1.0000 1.0000 1.0000 1.0000,0 1 1 0 1 1,0 0 2 0 0 2,"3,5",,no (tile),,,,120.00,,1.0000,,3,yes,6_3 6_6,pgg,22x,L2
72980,6,1,0,5,SSSSSS,not tested,90.00 180.00 90.00 90.00 180.00 90.00,1.0000 1.0000 1.0000 1.0000 1.0000 1.0000,0 0 0 0 0 5,0 0 1 0 0 0,"1,2",,no (tile),,,,90.00,,1.0000,,3 4,yes,4_3 5_3,pgg,22x,hand
72980,6,1,1,1,SSSSSS,not tested,37.67 180.00 115.50 26.83 217.67 142.33,1.0000 1.0000 1.3542 1.0000 1.0000 1.0000,0 0 2 0 0 0,0 0 0 1 0 1,"1,2",,no (tile),,,,26.83,,0.7384,,3 4,yes,4_3 5_3,pgg,22x,hand
72980,6,1,1,3,JJJJJJ,not tested,90.00 180.00 90.00 90.00 180.00 90.00,1.0000 1.0000 1.0000 1.0000 1.0000 1.0000,0 0 0 0 0 0,0 3 2 2 1 0,6,,no (tile),,,,90.00,,1.0000,,3 4,yes,4_3 5_3,pgg,22x,hand
72980,6,2,0,1,JJUJUJ,not tested,65.90 180.00 32.95 212.95 81.15 147.05,1.0000 1.0000 0.7051 1.0000 0.7051 1.0000,0 0 2 0 2 0,0 3 0 2 2 0,"2,6",,no (tile),,,,32.95,,0.7051,,3 4,yes,4_3 5_3,pgg,22x,hand
72980,6,2,0,4,UUUUJJ,not needed (covering theorem),63.43 180.00 90.00 270.00 26.57 90.00,1.0000 1.0000 1.0000 1.0000 2.2361 2.2361,0 0 0 0 4 4,0 2 0 2 0 3,,,YES,2,6,2,26.57,,0.4472,,3 4,yes,4_3 5_3,pgg,22x,hand
72980,6,2,1,3,JJUJJU,not tested,63.43 180.00 26.57 206.57 90.00 153.43,1.0000 1.0000 0.4472 1.0000 1.0000 0.4472,0 0 2 0 0 2,0 3 0 2 1 2,9,,no (tile),,,,26.57,,0.4472,,3 4,yes,4_3 5_3,pgg,22x,hand
72989,6,0,1,0,IIIIII,not tested,90.00 180.00 60.00 180.00 120.00 90.00,1.0000 1.0000 1.0000 1.0000 1.0000 1.7321,0 0 0 0 0 5,0 0 0 0 0 0,"1,2,6",,no (tile),,,,60.00,,0.5774,,3 4 6,yes,4_2 5_2,p6,632,L3
72989,6,0,1,4,IIIIII,not tested,60.00 180.00 90.00 90.00 120.00 180.00,1.0000 1.0000 1.7321 1.0000 1.0000 1.0000,0 0 2 0 0 0,0 0 0 0 0 0,"1,2,6",,no (tile),,,,60.00,,0.5774,,3 4 6,yes,4_2 5_2,p6,632,L3
208907,6,0,1,0,IJIJJJ,not needed (covering theorem),-1731.89 1911.89 128.01 51.99 -1603.87 1963.87,1.0000 0.5043 1.0000 0.5043 0.5043 0.5043,0 1 0 1 1 1,0 0 0 3 1 3,,,YES,2,5,2,51.99,,0.5043,,3 4,yes,5_2 5_2,pm,1**,hand
208907,6,0,1,4,IJIIIJ,not tested,90.00 90.00 90.00 180.00 180.00 90.00,1.0000 1.0000 0.3333 0.3333 0.3333 1.0000,0 1 2 2 2 1,0 0 0 0 0 3,1,,no (tile),,,,90.00,,0.3333,,3 4,yes,5_2 5_2,pm,1**,hand
208907,6,1,1,1,IJJJIJ,not needed (covering theorem),-965.87 1145.87 -899.98 1259.98 65.89 114.11,1.0000 0.4086 0.4086 0.4086 1.0000 0.4086,0 1 1 1 0 1,0 0 2 0 0 3,,,YES,2,5,2,65.87,,0.4086,,3 4,yes,5_2 5_2,pm,1**,hand
208907,6,1,1,3,IJIIIJ,not tested,90.00 90.00 90.00 180.00 180.00 90.00,1.0000 1.0000 0.3333 0.3333 0.3333 1.0000,0 1 2 2 2 1,0 0 0 0 0 3,1,,no (tile),,,,90.00,,0.3333,,3 4,yes,5_2 5_2,pm,1**,hand
208907,6,2,0,1,IIJIIJ,not tested,90.00 180.00 90.00 90.00 180.00 90.00,1.0000 1.0000 1.0000 1.0000 1.0000 1.0000,0 1 2 0 1 2,0 0 0 0 0 3,"1,2,3,4,5",,no (tile),,,,90.00,,1.0000,,3 4,yes,5_2 5_2,pm,1**,hand
208907,6,2,1,1,IIJIIJ,not tested,90.00 180.00 90.00 90.00 180.00 90.00,1.0000 1.0000 1.0000 1.0000 1.0000 1.0000,0 1 2 1 0 2,0 0 0 0 0 3,"1,2,3,4,5",,no (tile),,,,90.00,,1.0000,,3 4,yes,5_2 5_2,pm,1**,hand
208908,6,0,1,0,IJIJJJ,not needed (covering theorem),-1731.89 1911.89 128.01 51.99 -1603.87 1963.87,1.0000 0.5043 1.0000 0.5043 0.5043 0.5043,0 1 0 1 1 1,0 0 0 3 1 3,,,YES,2,5,2,51.99,,0.5043,,3 4,yes,5_2 5_2,pmg,22*,hand
208908,6,0,1,4,IJIIIJ,not tested,90.00 90.00 90.00 180.00 180.00 90.00,1.0000 1.0000 0.3333 0.3333 0.3333 1.0000,0 1 2 2 2 1,0 0 0 0 0 3,1,,no (tile),,,,90.00,,0.3333,,3 4,yes,5_2 5_2,pmg,22*,hand
208908,6,1,1,1,IJJJIJ,not needed (covering theorem),-965.87 1145.87 -899.98 1259.98 65.89 114.11,1.0000 0.4086 0.4086 0.4086 1.0000 0.4086,0 1 1 1 0 1,0 0 2 0 0 3,,,YES,2,5,2,65.87,,0.4086,,3 4,yes,5_2 5_2,pmg,22*,hand
208908,6,1,1,3,IJIIIJ,not tested,90.00 90.00 90.00 180.00 180.00 90.00,1.0000 1.0000 0.3333 0.3333 0.3333 1.0000,0 1 2 2 2 1,0 0 0 0 0 3,1,,no (tile),,,,90.00,,0.3333,,3 4,yes,5_2 5_2,pmg,22*,hand
208908,6,2,0,1,IIJIIJ,not tested,90.00 180.00 90.00 90.00 180.00 90.00,1.0000 1.0000 1.0000 1.0000 1.0000 1.0000,0 0 2 0 0 2,0 0 0 0 0 3,"1,2,3,4,5",,no (tile),,,,90.00,,1.0000,,3 4,yes,5_2 5_2,pmg,22*,hand
208908,6,2,1,1,IIJIIJ,not tested,90.00 180.00 90.00 90.00 180.00 90.00,1.0000 1.0000 1.0000 1.0000 1.0000 1.0000,0 0 2 0 0 2,0 0 0 0 0 3,"1,2,3,4,5",,no (tile),,,,90.00,,1.0000,,3 4,yes,5_2 5_2,pmg,22*,hand
209024,6,0,0,5,IIISIS,not tested,69.39 180.00 180.00 61.42 118.58 110.61,1.0000 1.9139 0.8622 2.3028 1.9139 2.1606,0 1 2 3 1 5,0 0 0 0 0 0,1,,no (tile),,,,61.42,,0.3744,,3 4,yes,4_3 6_3,pmg,22*,L2
209024,6,0,1,4,IIIJIJ,not tested,58.08 180.00 180.00 58.08 121.92 121.92,1.0000 1.0000 0.0500 0.9929 1.0000 0.9929,0 1 2 3 1 3,0 0 0 0 0 2,6,,no (tile),,,,58.08,,0.0500,YES,3 4,yes,4_3 6_3,pmg,22*,L2
209025,6,0,0,5,IIISIS,not tested,69.36 180.00 180.00 61.41 118.59 110.64,1.0000 1.9139 1.0000 2.4718 1.9139 2.3193,0 1 0 3 1 5,0 0 0 0 0 0,"1,6",,no (tile),,,,61.41,,0.4046,,3 4,yes,4_3 6_3,cm,1*x,L2
209025,6,0,1,4,IIIJIJ,not tested,68.27 180.00 180.00 68.27 111.73 111.73,1.0000 1.0000 1.0000 2.7011 1.0000 2.7011,0 1 0 3 1 3,0 0 0 0 0 2,"5,6",,no (tile),,,,68.27,,0.3702,,3 4,yes,4_3 6_3,cm,1*x,L2
209028,6,0,0,2,IISSSS,not tested,90.00 90.00 90.00 180.00 90.00 180.00,1.0000 1.0000 0.5000 0.5000 0.5000 0.5000,0 0 2 2 2 2,0 0 0 0 0 0,"1,2,6,9",,no (tile),,,,90.00,,0.5000,,3 4,yes,5_3 5_3,pmg,22*,hand
209028,6,0,1,5,IIIIII,not tested,90.78 89.22 135.39 44.61 270.78 89.22,1.0000 1.0000 0.4746 0.6667 0.6667 0.6667,0 0 2 3 3 3,0 0 0 0 0 0,"1,2,6",,no (tile),,,,44.61,,0.4746,,3 4,yes,5_3 5_3,pmg,22*,hand
209028,6,2,0,0,IJJJJI,not tested,90.00 116.57 90.00 180.00 180.00 63.43,1.0000 0.4472 0.4472 0.4472 0.4472 1.0000,0 1 1 1 1 0,0 0 3 0 3 0,9,,no (tile),,,,63.43,,0.4472,,3 4,yes,5_3 5_3,pmg,22*,hand
209028,6,2,0,2,IIJJJJ,not tested,63.43 90.00 116.57 90.00 180.00 180.00,1.0000 1.0000 0.4472 0.4472 0.4472 0.4472,0 0 2 2 2 2,0 0 0 3 0 3,9,,no (tile),,,,63.43,,0.4472,,3 4,yes,5_3 5_3,pmg,22*,hand
209028,6,2,1,0,IIIIII,not tested,90.00 90.00 90.00 180.00 180.00 90.00,1.0000 1.0000 0.3333 0.3333 0.3333 1.0000,0 1 2 2 2 5,0 0 0 0 0 0,"1,2,6",,no (tile),,,,90.00,,0.3333,,3 4,yes,5_3 5_3,pmg,22*,hand
209028,6,2,1,2,IJIJJJ,not tested,50.18 129.82 129.82 50.18 180.00 180.00,1.0000 0.6404 1.0000 0.6404 0.6404 0.6404,0 1 0 1 1 1,0 0 0 2 1 2,6,,no (tile),,,,50.18,,0.6404,,3 4,yes,5_3 5_3,pmg,22*,hand
209028,6,3,1,0,IISSSI,not tested,90.00 90.00 90.78 178.43 181.57 89.22,1.0000 1.0205 0.3334 0.3334 0.3334 1.0250,0 1 2 2 2 5,0 0 0 1 0 0,1,,no (tile),,,,89.22,,0.3252,,3 4,yes,5_3 5_3,pmg,22*,hand
209028,6,3,1,4,IJJJIJ,not needed (covering theorem),128.00 76.73 155.27 204.73 52.00 103.27,1.0000 0.4950 0.4950 0.4950 1.2352 0.4950,0 1 1 1 4 1,0 0 2 0 0 2,,,YES,2,1,2,52.00,,0.4007,,3 4,yes,5_3 5_3,pmg,22*,hand
209028,6,4,0,0,ISSSSI,not tested,90.00 90.00 180.00 90.00 180.00 90.00,1.0000 0.5000 0.5000 0.5000 0.5000 1.0000,0 1 1 1 1 0,0 0 0 0 0 0,"1,2,6,9",,no (tile),,,,90.00,,0.5000,,3 4,yes,5_3 5_3,pmg,22*,hand
209028,6,4,1,5,IIIIII,not tested,90.78 89.22 270.78 44.61 135.39 89.22,1.0000 1.0000 1.0000 0.7119 1.5000 1.5000,0 0 0 3 4 4,0 0 0 0 0 0,"1,2,6",,no (tile),,,,44.61,,0.4746,,3 4,yes,5_3 5_3,pmg,22*,hand
209028,6,5,0,5,IISIIS,not tested,90.00 180.00 90.00 90.00 180.00 90.00,1.0000 1.0000 1.0000 1.0000 1.0000 1.0000,0 1 2 0 4 5,0 0 0 0 0 0,"1,6",,no (tile),,,,90.00,,1.0000,,3 4,yes,5_3 5_3,pmg,22*,hand
209028,6,5,1,3,IIJIIJ,not tested,90.00 180.00 90.00 90.00 180.00 90.00,1.0000 1.0000 1.0000 1.0000 1.0000 1.0000,0 1 2 1 4 2,0 0 0 0 0 2,"5,6",,no (tile),,,,90.00,,1.0000,,3 4,yes,5_3 5_3,pmg,22*,hand
209053,6,0,1,0,SJSJJJ,not needed (covering theorem),-1731.89 1911.89 128.01 51.99 -1603.87 1963.87,1.0000 0.5043 1.0000 0.5043 0.5043 0.5043,0 1 0 1 1 1,0 0 1 3 1 3,,,YES,2,5,2,51.99,,0.5043,,3 4,yes,5_2 5_2,p2,2222,hand
209053,6,0,1,4,SJIIIJ,not tested,90.00 90.00 90.00 180.00 180.00 90.00,1.0000 1.0000 0.3333 0.3333 0.3333 1.0000,0 1 2 2 2 1,0 0 0 0 0 3,1,,no (tile),,,,90.00,,0.3333,,3 4,yes,5_2 5_2,p2,2222,hand
209053,6,1,1,1,SJJJSJ,not needed (covering theorem),-965.87 1145.87 -899.98 1259.98 65.89 114.11,1.0000 0.4086 0.4086 0.4086 1.0000 0.4086,0 1 1 1 0 1,0 0 2 0 1 3,,,YES,2,5,2,65.87,,0.4086,,3 4,yes,5_2 5_2,p2,2222,hand
209053,6,1,1,3,SJIIIJ,not tested,90.00 90.00 90.00 180.00 180.00 90.00,1.0000 1.0000 0.3333 0.3333 0.3333 1.0000,0 1 2 2 2 1,0 0 0 0 0 3,1,,no (tile),,,,90.00,,0.3333,,3 4,yes,5_2 5_2,p2,2222,hand
209053,6,2,0,1,JJJJJJ,not tested,90.00 180.00 90.00 90.00 180.00 90.00,1.0000 1.0000 1.0000 1.0000 1.0000 1.0000,0 0 2 0 0 2,0 3 0 3 0 3,"1,4",,no (tile),,,,90.00,,1.0000,,3 4,yes,5_2 5_2,p2,2222,hand
209053,6,2,1,1,JJJJJJ,not tested,90.00 180.00 90.00 90.00 180.00 90.00,1.0000 1.0000 1.0000 1.0000 1.0000 1.0000,0 0 2 0 0 2,0 3 0 1 2 3,"1,5",,no (tile),,,,90.00,,1.0000,,3 4,yes,5_2 5_2,p2,2222,hand
209074,6,0,0,0,SJSJJJ,not tested,47.36 132.64 132.64 47.36 180.00 180.00,1.0000 0.6773 1.0000 0.6773 0.6773 0.6773,0 1 0 1 1 1,0 0 0 3 0 3,1,,no (tile),,,,47.36,,0.6773,,3 4,yes,5_1 5_1,p2,2222,L2
209074,6,0,0,2,SJSJSS,not tested,180.00 82.10 97.90 82.10 97.90 180.00,1.0000 1.8992 3.0000 1.8992 1.0000 1.0000,0 1 2 1 0 0,0 0 0 3 0 0,1,,no (tile),,,,82.10,,0.3333,,3 4,yes,5_1 5_1,p2,2222,L2
209074,6,1,1,1,SJSJJJ,not tested,47.36 132.64 132.64 47.36 180.00 180.00,1.0000 0.6773 1.0000 0.6773 0.6773 0.6773,0 1 0 1 1 1,0 0 1 3 0 3,1,,no (tile),,,,47.36,,0.6773,,3 4,yes,5_1 5_1,p2,2222,L2
209074,6,1,1,3,SJIJSS,not tested,180.00 82.10 97.90 82.10 97.90 180.00,1.0000 1.8992 3.0000 1.8992 1.0000 1.0000,0 1 2 1 0 0,0 0 0 3 0 0,1,,no (tile),,,,82.10,,0.3333,,3 4,yes,5_1 5_1,p2,2222,L2
209074,6,2,0,5,SJSSJS,not tested,208.02 67.93 112.07 151.98 95.95 84.05,1.0000 0.7797 1.0000 0.2675 0.7797 0.2675,0 1 0 3 1 3,0 0 0 0 3 0,"1,4",,no (tile),,,,67.93,,0.2675,,3 4,yes,5_1 5_1,p2,2222,L2
209074,6,2,1,1,SJSSJS,not tested,207.91 72.27 116.18 152.09 91.72 79.82,1.0000 0.7797 0.5416 1.0000 0.7797 0.5416,0 1 2 0 1 2,0 0 0 1 3 1,"1,5",,no (tile),,,,72.27,,0.5416,,3 4,yes,5_1 5_1,p2,2222,L2
209074,6,3,1,0,JJJSJS,not tested,42.44 180.00 180.00 42.44 137.56 137.56,1.0000 1.0000 1.0000 1.3551 1.0000 1.3551,0 0 0 3 0 3,0 3 0 0 3 1,1,,no (tile),,,,42.44,,0.7380,,3 4,yes,5_1 5_1,p2,2222,L2
209074,6,3,1,4,SSJIJS,not tested,180.00 180.00 82.10 97.90 82.10 97.90,1.0000 1.0000 1.8992 3.0000 1.8992 1.0000,0 0 2 3 2 0,0 0 0 0 3 0,1,,no (tile),,,,82.10,,0.3333,,3 4,yes,5_1 5_1,p2,2222,L2
209074,6,4,0,3,SSJSJS,not tested,180.00 180.00 82.10 97.90 82.10 97.90,1.0000 1.0000 1.8992 3.0000 1.8992 1.0000,0 0 2 3 2 0,0 0 0 0 3 0,1,,no (tile),,,,82.10,,0.3333,,3 4,yes,5_1 5_1,p2,2222,L2
209074,6,4,0,5,JJJSJS,not tested,42.44 180.00 180.00 42.44 137.56 137.56,1.0000 1.0000 1.0000 1.3551 1.0000 1.3551,0 0 0 3 0 3,0 3 0 0 3 0,1,,no (tile),,,,42.44,,0.7380,,3 4,yes,5_1 5_1,p2,2222,L2
209075,6,0,0,5,SJSSJS,not tested,241.94 53.69 126.31 118.06 115.63 64.37,1.0000 0.7981 1.0000 1.0000 0.7981 1.0000,0 1 0 0 1 0,0 0 0 1 3 1,"1,2,3,4,5",,no (tile),,,,53.69,,0.7981,,3 4,yes,5_1 5_1,pgg,22x,L2
209075,6,0,1,1,SJSSJS,not tested,241.94 53.69 126.31 118.06 115.63 64.37,1.0000 0.7981 1.0000 1.0000 0.7981 1.0000,0 1 0 0 1 0,0 0 0 1 3 1,"1,2,3,4,5",,no (tile),,,,53.69,,0.7981,,3 4,yes,5_1 5_1,pgg,22x,L2
209077,6,0,0,0,SSSSSS,not tested,74.48 74.48 136.55 74.48 148.97 211.03,1.0000 0.2675 1.0000 0.2675 0.2675 0.2675,0 1 0 1 1 1,0 0 0 0 0 0,1,,no (tile),,,,74.48,,0.2675,,3 4,yes,4_2 6_2,p2,2222,L2
209077,6,0,0,3,SSSSSS,not tested,23.98 203.25 156.75 101.63 101.63 132.76,1.0000 1.0000 1.0000 1.0000 1.0000 2.4096,0 0 0 0 0 5,0 0 0 0 0 0,1,,no (tile),,,,23.98,,0.4150,,3 4,yes,4_2 6_2,p2,2222,L2
209077,6,0,1,3,SSISSS,not tested,58.63 166.19 67.59 67.59 224.82 135.18,1.0000 0.4363 0.9236 0.4363 0.4363 0.4363,0 1 2 1 1 1,0 0 0 1 0 1,1,,no (tile),,,,58.63,,0.4363,,3 4,yes,4_2 6_2,p2,2222,L2
209077,6,1,0,1,SJJJJS,not needed (covering theorem),180.00 135.00 90.00 90.00 180.00 45.00,1.0000 1.4142 1.4142 1.4142 1.4142 1.0000,0 1 1 1 1 0,0 0 3 0 3 0,,,YES,2,1,2,45.00,,0.7071,,3 4,yes,4_2 6_2,p2,2222,L2
209077,6,1,0,3,SJJJJS,not needed (covering theorem),180.00 45.00 180.00 90.00 90.00 135.00,1.0000 1.4142 1.4142 1.4142 1.4142 1.0000,0 1 1 1 1 0,0 0 3 0 3 0,,,YES,2,1,2,45.00,,0.7071,,3 4,yes,4_2 6_2,p2,2222,L2
209077,6,1,1,3,SIIIIS,not tested,180.00 134.87 90.00 90.00 180.00 45.13,1.0000 1.4109 1.4175 1.4109 1.4109 1.0000,0 1 2 1 1 0,0 0 0 0 0 0,1,,no (tile),,,,45.13,,0.7055,,3 4,yes,4_2 6_2,p2,2222,L2
209077,6,1,1,5,SIIIIS,not tested,180.00 44.83 180.00 90.00 90.00 135.17,1.0000 1.4185 1.4185 1.4099 1.4185 1.0000,0 1 1 3 1 0,0 0 0 0 0 0,1,,no (tile),,,,44.83,,0.7050,,3 4,yes,4_2 6_2,p2,2222,L2
209077,6,2,0,1,SSSSSS,not tested,27.29 160.31 86.20 86.20 187.60 172.40,1.0000 0.4596 0.4596 0.4596 0.4596 0.4596,0 1 1 1 1 1,0 0 0 0 0 0,1,,no (tile),,,,27.29,,0.4596,,3 4,yes,4_2 6_2,p2,2222,L2
209077,6,2,0,4,SSSSSS,not tested,64.51 230.98 129.02 64.51 166.47 64.51,1.0000 1.0000 1.0000 2.3235 1.0000 2.3235,0 0 0 3 0 3,0 0 0 0 0 0,1,,no (tile),,,,64.51,,0.4304,,3 4,yes,4_2 6_2,p2,2222,L2
209077,6,2,1,5,SSSISS,not tested,35.55 170.52 189.48 85.26 85.26 153.94,1.0000 1.0000 1.0000 1.3537 1.0000 2.3206,0 0 0 3 0 5,0 1 0 0 1 0,1,,no (tile),,,,35.55,,0.4309,,3 4,yes,4_2 6_2,p2,2222,L2
209078,6,0,0,1,SSSSSS,not tested,240.00 60.00 120.00 120.00 120.00 60.00,1.0000 1.0000 1.0000 1.0000 1.0000 1.0000,0 0 0 0 0 0,0 1 1 1 1 0,"1,2,5,6",,no (tile),,,,60.00,,1.0000,,3 4,yes,4_2 6_2,pgg,22x,L2
209078,6,0,0,3,SSSSSS,not tested,240.00 60.00 120.00 120.00 120.00 60.00,1.0000 1.0000 1.0000 1.0000 1.0000 1.0000,0 0 0 0 0 0,0 1 1 1 1 0,"1,2,5,6",,no (tile),,,,60.00,,1.0000,,3 4,yes,4_2 6_2,pgg,22x,L2
209078,6,0,1,3,SSISSS,not tested,243.66 56.34 121.83 121.83 116.34 60.00,1.0000 1.0000 0.9441 1.0000 1.0000 1.0000,0 0 2 0 0 0,0 1 0 0 1 1,"1,2,6",,no (tile),,,,56.34,,0.9441,,3 4,yes,4_2 6_2,pgg,22x,L2
209078,6,0,1,5,SSSISS,not tested,243.07 60.00 116.93 121.54 121.54 56.93,1.0000 1.0000 1.0000 0.9532 1.0000 1.0000,0 0 0 3 0 0,0 0 1 0 0 1,"1,2,6",,no (tile),,,,56.93,,0.9532,,3 4,yes,4_2 6_2,pgg,22x,L2
209080,6,1,0,1,SJJJJS,not tested,180.00 90.00 90.00 180.00 90.00 90.00,1.0000 1.0000 1.0000 1.0000 1.0000 1.0000,0 1 1 1 1 0,0 0 3 0 3 0,"1,9",,no (tile),,,,90.00,,1.0000,,3 4,yes,4_2 6_2,p2,2222,L2
209080,6,1,0,4,SJJJJS,not tested,180.00 90.00 90.00 180.00 90.00 90.00,1.0000 1.0000 1.0000 1.0000 1.0000 1.0000,0 1 1 1 1 0,0 0 0 3 3 0,1,,no (tile),,,,90.00,,1.0000,,3 4,yes,4_2 6_2,p2,2222,L2
209080,6,1,1,2,SJJJJS,not tested,180.00 90.00 90.00 180.00 90.00 90.00,1.0000 1.0000 1.0000 1.0000 1.0000 1.0000,0 1 1 1 1 0,0 0 2 1 3 0,1,,no (tile),,,,90.00,,1.0000,,3 4,yes,4_2 6_2,p2,2222,L2
209080,6,1,1,5,SJJJJS,not tested,180.00 90.00 90.00 180.00 90.00 90.00,1.0000 1.0000 1.0000 1.0000 1.0000 1.0000,0 1 1 1 1 0,0 0 1 2 3 0,"1,6",,no (tile),,,,90.00,,1.0000,,3 4,yes,4_2 6_2,p2,2222,L2
209081,6,0,0,0,SUSIUS,not tested,138.07 50.97 189.03 110.97 60.00 170.97,1.0000 1.6947 1.0000 1.2596 1.6947 1.0000,0 1 0 3 1 0,0 0 0 0 2 1,"1,2,6",,no (tile),,,,50.97,,0.5901,,3 4,yes,4_2 6_2,pgg,22x,L2
209081,6,0,0,1,SSSSSS,not tested,177.37 90.00 90.00 182.63 87.37 92.63,1.0000 1.0000 1.0000 1.0000 1.0000 1.0000,0 0 0 0 0 0,0 0 0 1 0 1,"1,2,3,4,5,6",,no (tile),,,,87.37,,1.0000,,3 4,yes,4_2 6_2,pgg,22x,L2
209081,6,0,0,3,SUSSUS,not tested,120.00 60.00 180.00 120.00 60.00 180.00,1.0000 0.8745 1.0000 1.0000 0.8745 1.0000,0 1 0 0 1 0,0 0 1 1 2 0,"1,5,6",,no (tile),,,,60.00,,0.8745,,3 4,yes,4_2 6_2,pgg,22x,L2
209081,6,0,0,4,SSSSSS,not tested,177.37 90.00 90.00 182.63 87.37 92.63,1.0000 1.0000 1.0000 1.0000 1.0000 1.0000,0 0 0 0 0 0,0 0 0 1 0 1,"1,2,3,4,5,6",,no (tile),,,,87.37,,1.0000,,3 4,yes,4_2 6_2,pgg,22x,L2
209081,6,0,1,0,SUSSUS,not tested,120.00 180.00 60.00 120.00 180.00 60.00,1.0000 1.0000 1.0000 1.0000 1.0000 1.0000,0 1 0 0 1 0,0 0 1 1 2 0,"1,5,6",,no (tile),,,,60.00,,1.0000,,3 4,yes,4_2 6_2,pgg,22x,L2
209081,6,0,1,2,SSSSSS,not tested,187.58 82.42 97.58 172.42 90.00 90.00,1.0000 1.0000 1.0000 1.0000 1.0000 1.0000,0 0 0 0 0 0,0 1 0 1 1 1,"1,2,3,4,5,6",,no (tile),,,,82.42,,1.0000,,3 4,yes,4_2 6_2,pgg,22x,L2
209081,6,0,1,3,SUISUS,not tested,101.48 189.26 60.00 129.26 170.74 69.26,1.0000 1.1747 0.7082 1.0000 1.1747 1.0000,0 1 2 0 1 0,0 0 0 1 2 1,"1,2,6",,no (tile),,,,60.00,,0.6029,,3 4,yes,4_2 6_2,pgg,22x,L2
209081,6,0,1,5,SSSSSS,not tested,187.58 82.42 97.58 172.42 90.00 90.00,1.0000 1.0000 1.0000 1.0000 1.0000 1.0000,0 0 0 0 0 0,0 1 0 1 1 1,"1,2,3,4,5,6",,no (tile),,,,82.42,,1.0000,,3 4,yes,4_2 6_2,pgg,22x,L2
209087,6,0,1,4,SSISSS,not tested,77.79 224.90 28.66 28.66 302.69 57.31,1.0000 1.0000 2.0381 1.0000 1.0000 1.0000,0 0 2 0 0 0,0 0 0 1 0 1,"1,2",,no (tile),,,,28.66,,0.4906,,3 4,yes,4_2 6_2,pgg,22x,L2
209087,6,1,0,1,JJJJUU,not needed (covering theorem),45.00 180.00 90.00 90.00 135.00 180.00,1.0000 1.0000 1.0000 1.0000 0.7071 0.7071,0 0 0 0 4 4,0 3 0 3 0 2,,,YES,2,"1,2",2,45.00,,0.7071,,3 4,yes,4_2 6_2,pgg,22x,L2
209087,6,1,0,3,UUJJJJ,not needed (covering theorem),45.00 180.00 135.00 90.00 90.00 180.00,1.0000 1.0000 1.4142 1.4142 1.4142 1.4142,0 0 2 2 2 2,0 2 0 3 0 3,,,YES,2,"1,2",2,45.00,,0.7071,,3 4,yes,4_2 6_2,pgg,22x,L2
209087,6,1,1,3,IIIIUU,not tested,44.83 180.00 90.00 90.00 135.17 180.00,1.0000 1.0000 0.9942 1.0000 0.7051 0.7051,0 0 2 0 4 4,0 0 0 0 0 2,"1,2",,no (tile),,,,44.83,,0.7051,,3 4,yes,4_2 6_2,pgg,22x,L2
209087,6,1,1,5,UUIIII,not tested,44.83 180.00 135.17 90.00 90.00 180.00,1.0000 1.0000 1.4185 1.4099 1.4185 1.4185,0 0 2 3 2 2,0 2 0 0 0 0,"1,2",,no (tile),,,,44.83,,0.7050,,3 4,yes,4_2 6_2,pgg,22x,L2
209087,6,2,1,4,SSSISS,not tested,104.55 46.53 313.47 23.27 23.27 208.92,1.0000 1.0000 1.0000 2.4505 1.0000 1.0000,0 0 0 3 0 0,0 1 0 0 1 1,"1,2",,no (tile),,,,23.27,,0.4081,,3 4,yes,4_2 6_2,pgg,22x,L2
209100,6,0,0,3,SSSSSS,not tested,90.00 90.00 180.00 90.00 90.00 180.00,1.0000 1.0000 1.0000 1.0000 1.0000 1.0000,0 0 0 0 0 0,0 0 0 0 0 0,"1,4,9",,no (tile),,,,90.00,,1.0000,,3 4,yes,5_3 5_3,p2,2222,hand
209100,6,0,1,1,SSSSSS,not tested,90.00 90.00 180.00 90.00 90.00 180.00,1.0000 1.0000 1.0000 1.0000 1.0000 1.0000,0 0 0 0 0 0,0 1 1 0 1 1,"1,2,3,4,5,6",,no (tile),,,,90.00,,1.0000,,3 4,yes,5_3 5_3,p2,2222,hand
209100,6,2,0,0,SSSSSS,not needed (covering theorem),148.28 79.89 159.77 79.89 200.23 51.95,1.0000 1.0000 1.0000 1.0000 1.0000 1.6223,0 0 0 0 0 5,0 0 0 0 0 0,,,YES,2,1,2,51.95,,0.6164,,3 4,yes,5_3 5_3,p2,2222,hand
209100,6,2,1,1,SSISSS,not tested,94.92 104.36 127.82 32.90 294.19 65.81,1.0000 1.0000 0.8139 0.9695 0.9695 0.9695,0 0 2 3 3 3,0 1 0 0 1 0,"1,2,6",,no (tile),,,,32.90,,0.8139,,3 4,yes,5_3 5_3,p2,2222,hand
209100,6,3,1,0,SSSSIS,not tested,162.19 73.03 124.78 235.22 62.39 62.39,1.0000 0.3961 0.3961 0.3961 1.0793 0.3961,0 1 1 1 4 1,0 0 1 0 0 1,1,,no (tile),,,,62.39,,0.3669,,3 4,yes,5_3 5_3,p2,2222,hand
209100,6,3,1,2,SISSSS,not tested,166.50 63.89 63.89 232.23 127.77 65.73,1.0000 2.3669 1.0000 1.0000 1.0000 2.3313,0 1 0 0 0 5,0 0 1 0 1 0,1,,no (tile),,,,63.89,,0.4225,,3 4,yes,5_3 5_3,p2,2222,hand
209100,6,4,0,3,SSSSSS,not needed (covering theorem),148.17 52.00 200.16 79.92 159.84 79.92,1.0000 0.6157 0.6157 0.6157 0.6157 0.6157,0 1 1 1 1 1,0 0 0 0 0 0,,,YES,2,1,2,52.00,,0.6157,,3 4,yes,5_3 5_3,p2,2222,hand
209100,6,4,1,2,SSSISS,not tested,65.41 95.60 264.40 47.80 113.21 133.58,1.0000 1.0000 1.0000 0.6717 1.2091 1.2091,0 0 0 3 4 4,0 1 0 0 0 1,"1,2,6",,no (tile),,,,47.80,,0.5556,,3 4,yes,5_3 5_3,p2,2222,hand
209100,6,6,0,1,SSSSSS,not tested,90.00 180.00 90.00 90.00 180.00 90.00,1.0000 1.0000 1.0000 1.0000 1.0000 1.0000,0 0 0 0 0 0,0 0 0 0 0 0,"1,4,9",,no (tile),,,,90.00,,1.0000,,3 4,yes,5_3 5_3,p2,2222,hand
209100,6,6,1,1,SSSSSS,not tested,90.00 180.00 90.00 90.00 180.00 90.00,1.0000 1.0000 1.0000 1.0000 1.0000 1.0000,0 0 0 0 0 0,0 0 1 0 0 1,"1,2,3,4,5,6",,no (tile),,,,90.00,,1.0000,,3 4,yes,5_3 5_3,p2,2222,hand
209105,6,0,0,4,SSISSS,not tested,200.05 87.95 100.02 136.02 159.95 36.00,1.0000 1.0000 0.5414 1.0000 1.0000 1.0000,0 0 2 0 0 0,0 1 0 0 1 1,"2,6",,no (tile),,,,36.00,,0.5414,,3 4,yes,5_3 5_3,pgg,22x,hand
209105,6,2,0,5,SSSISS,not tested,167.08 36.00 192.92 119.54 83.54 120.92,1.0000 1.0000 1.0000 0.8344 1.0000 1.0000,0 0 0 3 0 0,0 0 1 0 0 1,"2,6",,no (tile),,,,36.00,,0.8344,,3 4,yes,5_3 5_3,pgg,22x,hand
209191,6,1,0,1,JJJUUJ,not tested,90.00 180.00 90.00 90.00 180.00 90.00,1.0000 1.0000 1.0000 1.0000 1.0000 1.0000,0 0 0 3 3 0,0 3 3 0 2 0,"1,2",,no (tile),,,,90.00,,1.0000,,3 4,yes,4_2 6_2,pgg,22x,L2
209191,6,1,0,4,UUJJJJ,not tested,90.00 180.00 90.00 90.00 180.00 90.00,1.0000 1.0000 1.0000 1.0000 1.0000 1.0000,0 0 2 2 2 2,0 2 0 3 0 3,"1,2,9",,no (tile),,,,90.00,,1.0000,,3 4,yes,4_2 6_2,pgg,22x,L2
209191,6,1,1,1,JJJUUJ,not tested,90.00 180.00 90.00 90.00 180.00 90.00,1.0000 1.0000 1.0000 1.0000 1.0000 1.0000,0 0 0 3 3 0,0 3 1 0 2 2,"1,2",,no (tile),,,,90.00,,1.0000,,3 4,yes,4_2 6_2,pgg,22x,L2
209191,6,1,1,4,UUJJJJ,not tested,90.00 180.00 90.00 90.00 180.00 90.00,1.0000 1.0000 1.0000 1.0000 1.0000 1.0000,0 0 2 2 2 2,0 2 0 1 2 3,"1,2,6",,no (tile),,,,90.00,,1.0000,,3 4,yes,4_2 6_2,pgg,22x,L2
209194,6,0,0,1,JSJJJS,not tested,9.40 267.42 92.58 83.19 102.64 164.78,1.0000 0.9416 1.0000 1.0000 1.0000 0.9416,0 1 0 0 0 1,0 0 3 3 1 0,"2,6",,no (tile),,,,9.40,,0.9416,,3 4,yes,4_3 6_3,pgg,22x,L2
209194,6,0,0,2,SSSSIS,not tested,60.00 114.36 245.64 54.36 92.82 152.82,1.0000 1.0000 1.0000 1.0000 1.5823 1.0000,0 0 0 0 4 0,0 1 0 1 0 0,"1,6",,no (tile),,,,54.36,,0.6320,,3 4,yes,4_3 6_3,pgg,22x,L2
209194,6,0,1,2,SSSSSS,not tested,73.40 96.38 263.62 22.98 131.81 131.81,1.0000 1.0000 1.0000 1.0000 1.0000 1.0000,0 0 0 0 0 0,0 0 0 1 1 1,"1,6",,no (tile),,,,22.98,,1.0000,,3 4,yes,4_3 6_3,pgg,22x,L2
209195,6,0,0,1,SSSSIS,not tested,36.06 246.20 113.80 77.74 123.10 123.10,1.0000 1.0000 1.0000 1.0000 1.4796 1.0000,0 0 0 0 4 0,0 1 0 0 0 1,"1,6",,no (tile),,,,36.06,,0.6759,,3 4,yes,4_3 6_3,pgg,22x,L2
209195,6,0,1,2,SSSSSS,not tested,94.94 142.60 217.40 47.66 133.44 83.96,1.0000 2.0554 1.0000 1.0000 3.1368 2.0554,0 1 0 0 4 1,0 0 0 1 0 1,"1,6",,no (tile),,,,47.66,,0.3188,,3 4,yes,4_3 6_3,pgg,22x,L2
209201,6,0,0,0,SSSSSS,not tested,119.92 120.17 59.71 180.38 179.62 60.21,1.0000 1.0000 0.5006 1.0000 0.5006 1.0000,0 0 2 0 2 0,0 0 0 0 0 0,1,,no (tile),,,,59.71,,0.5006,,3 4,yes,4_3 6_3,p2,2222,hand
209201,6,0,0,2,SSSSSS,not tested,194.77 23.27 141.96 124.52 70.26 165.23,1.0000 1.8860 1.3351 0.7915 1.0000 1.3351,0 1 2 3 0 2,0 0 0 0 0 0,1,,no (tile),,,,23.27,,0.4197,,3 4,yes,4_3 6_3,p2,2222,hand
209201,6,0,0,4,SSSSSS,not tested,60.24 179.58 180.42 59.67 120.19 119.91,1.0000 1.9971 1.0000 1.9971 1.9971 1.9971,0 1 0 1 1 1,0 0 0 0 0 0,1,,no (tile),,,,59.67,,0.5007,,3 4,yes,4_3 6_3,p2,2222,hand
209201,6,0,1,1,SISSSS,not tested,127.05 116.47 50.46 193.07 166.93 66.01,1.0000 1.1847 0.5804 1.0000 0.5804 1.0000,0 1 2 0 2 0,0 0 0 0 0 1,"1,2,6",,no (tile),,,,50.46,,0.4899,,3 4,yes,4_3 6_3,p2,2222,hand
209201,6,0,1,3,SJSJSS,not tested,249.01 1.21 186.65 109.78 62.37 110.99,1.0000 1.0129 0.8184 1.0129 1.0000 0.8184,0 1 2 1 0 2,0 0 0 2 0 1,6,,no (tile),,,,1.21,,0.8080,,3 4,yes,4_3 6_3,p2,2222,hand
209201,6,0,1,5,SSSISS,not tested,48.24 177.26 182.74 64.51 112.75 134.50,1.0000 1.9576 1.0000 1.6177 1.9576 1.9576,0 1 0 3 1 1,0 0 0 0 0 1,"1,2,6",,no (tile),,,,48.24,,0.5108,,3 4,yes,4_3 6_3,p2,2222,hand
209203,6,0,1,1,SISSSS,not tested,300.12 29.94 29.94 236.54 63.58 59.88,1.0000 1.7946 1.0000 1.0000 1.0000 1.0000,0 1 0 0 0 0,0 0 1 0 0 1,"1,2,6",,no (tile),,,,29.94,,0.5572,,3 4,yes,5_3 5_3,pgg,22x,L2
209203,6,0,1,5,SSISSS,not tested,77.79 224.90 28.66 28.66 302.69 57.31,1.0000 1.0000 2.0381 1.0000 1.0000 1.0000,0 0 2 0 0 0,0 1 0 0 1 0,"1,2,6",,no (tile),,,,28.66,,0.4906,,3 4,yes,5_3 5_3,pgg,22x,L2
209203,6,1,1,0,SSSSSI,not tested,123.14 113.71 89.21 67.86 292.14 33.93,1.0000 1.0000 1.0000 1.0000 1.0000 0.8297,0 0 0 0 0 5,0 1 0 1 0 0,"1,2,6",,no (tile),,,,33.93,,0.8297,,3 4,yes,5_3 5_3,pgg,22x,L2
209203,6,2,1,0,SSSSSI,not tested,31.42 297.16 62.84 97.13 102.89 128.55,1.0000 1.0000 1.0000 1.0000 1.0000 0.8533,0 0 0 0 0 5,0 1 0 1 0 0,"1,2,6",,no (tile),,,,31.42,,0.8533,,3 4,yes,5_3 5_3,pgg,22x,L2
209209,6,0,0,0,SSSSSS,not tested,90.07 179.86 90.00 90.07 89.86 180.14,1.0000 1.0000 2.0000 2.0000 1.0000 1.0000,0 0 2 2 0 0,0 0 0 0 0 0,"1,9",,no (tile),,,,89.86,,0.5000,,3 4,yes,5_3 5_3,p2,2222,hand
209209,6,0,1,1,SISSSS,not tested,294.23 32.88 123.90 112.20 91.02 65.77,1.0000 0.8398 0.9812 0.9812 1.0000 1.0000,0 1 2 2 0 0,0 0 0 1 0 1,"1,2,6",,no (tile),,,,32.88,,0.8398,,3 4,yes,5_3 5_3,p2,2222,hand
209209,6,2,0,5,SSSSSS,not tested,90.00 180.00 90.00 90.00 180.00 90.00,1.0000 1.0000 1.0000 1.0000 1.0000 1.0000,0 0 2 0 0 5,0 0 0 0 0 0,1,,no (tile),,,,90.00,,1.0000,,3 4,yes,5_3 5_3,p2,2222,hand
209209,6,2,1,3,SSJSSJ,not tested,90.00 180.00 90.00 90.00 180.00 90.00,1.0000 1.0000 1.0000 1.0000 1.0000 1.0000,0 0 2 0 0 2,0 0 0 1 1 2,6,,no (tile),,,,90.00,,1.0000,,3 4,yes,5_3 5_3,p2,2222,hand
209209,6,3,0,4,SSSSSS,not needed (covering theorem),87.29 182.71 91.35 177.29 90.00 91.35,1.0000 1.0000 1.0000 1.0000 1.9995 1.9995,0 0 0 0 4 4,0 0 0 0 0 0,,,YES,2,1,2,87.29,,0.5001,,3 4,yes,5_3 5_3,p2,2222,hand
209209,6,3,1,1,SISSSS,not tested,137.62 111.19 45.47 269.05 90.95 65.72,1.0000 0.6114 0.8719 0.8719 0.8719 1.0000,0 1 2 2 2 0,0 0 0 1 0 1,"1,2,6",,no (tile),,,,45.47,,0.6114,,3 4,yes,5_3 5_3,p2,2222,hand
209209,6,4,1,0,SSSISI,not tested,147.99 64.02 295.98 32.01 105.34 74.66,1.0000 1.0000 1.0000 2.0019 1.6490 1.5902,0 0 0 3 4 5,0 1 0 0 0 0,1,,no (tile),,,,32.01,,0.4995,,3 4,yes,5_3 5_3,p2,2222,hand
209209,6,4,1,2,SJJJSJ,not needed (covering theorem),81.98 51.90 226.12 133.88 69.96 156.16,1.0000 0.4521 0.4521 0.4521 0.8377 0.4521,0 1 1 1 4 1,0 0 2 0 0 2,,,YES,2,5,2,51.90,,0.4521,,3 4,yes,5_3 5_3,p2,2222,hand
209209,6,5,0,2,JJJSSJ,not tested,180.00 180.00 90.00 116.57 90.00 63.43,1.0000 1.0000 1.0000 2.2361 2.2361 1.0000,0 0 0 3 3 0,0 3 0 0 0 3,9,,no (tile),,,,63.43,,0.4472,,3 4,yes,5_3 5_3,p2,2222,hand
209209,6,5,0,4,JJJJSS,not tested,63.43 180.00 180.00 90.00 116.57 90.00,1.0000 1.0000 1.0000 1.0000 2.2361 2.2361,0 0 0 0 4 4,0 3 0 3 0 0,9,,no (tile),,,,63.43,,0.4472,,3 4,yes,5_3 5_3,p2,2222,hand
209209,6,5,1,0,IIIISI,not tested,90.00 180.00 180.00 90.00 75.33 104.67,1.0000 1.0000 1.0000 2.1878 3.1011 1.4024,0 0 0 3 4 5,0 0 0 0 0 0,1,,no (tile),,,,75.33,,0.3225,,3 4,yes,5_3 5_3,p2,2222,hand
209209,6,5,1,4,JJSJSJ,not tested,180.00 180.00 46.53 133.47 133.47 46.53,1.0000 1.0000 1.4535 1.0000 1.4535 1.0000,0 0 2 0 2 0,0 3 0 1 1 3,6,,no (tile),,,,46.53,,0.6880,,3 4,yes,5_3 5_3,p2,2222,hand
209210,6,0,1,1,SISSSS,not tested,298.62 30.69 130.61 99.92 98.79 61.38,1.0000 0.8449 1.0000 1.0000 1.0000 1.0000,0 1 0 0 0 0,0 0 1 1 0 1,1,,no (tile),,,,30.69,,0.8449,,3 4,yes,5_3 5_3,pgg,22x,hand
209210,6,1,0,4,SUSUSS,not tested,104.34 165.66 61.33 194.34 90.00 104.34,1.0000 0.6378 1.0000 0.6378 1.0000 1.0000,0 1 0 1 0 0,0 0 1 2 0 0,"2,6",,no (tile),,,,61.33,,0.6378,,3 4,yes,5_3 5_3,pgg,22x,hand
209210,6,2,0,1,SSSISS,not needed (covering theorem),240.00 60.00 120.00 120.00 60.00 120.00,1.0000 1.0000 1.0000 2.0001 1.0000 1.0000,0 0 0 3 0 0,0 0 0 0 1 0,,,YES,2,"2,6",2,60.00,,0.5000,,3 4,yes,5_3 5_3,pgg,22x,hand
209210,6,2,1,0,SSSSSI,not tested,66.02 227.96 132.04 60.97 166.99 66.02,1.0000 1.0000 1.0000 2.2879 1.0000 2.1894,0 0 0 3 0 5,0 1 0 0 1 0,1,,no (tile),,,,60.97,,0.4371,,3 4,yes,5_3 5_3,pgg,22x,hand
209210,6,2,1,2,SUUUSU,not tested,135.07 44.93 180.00 180.00 44.93 135.07,1.0000 0.7079 0.7079 0.7079 1.0000 0.7079,0 1 1 1 0 1,0 0 2 0 1 2,"1,6",,no (tile),,,,44.93,,0.7079,,3 4,yes,5_3 5_3,pgg,22x,hand
209215,6,0,0,0,SSSSSS,not tested,60.00 240.00 60.00 120.00 120.00 120.00,1.0000 1.0000 1.0000 1.0000 1.0000 1.0000,0 0 0 0 0 0,0 0 0 0 0 0,"1,4,8",,no (tile),,,,60.00,,1.0000,,3 4,yes,5_4 5_4,p2,2222,L2
209215,6,0,1,1,SIISSS,not tested,270.78 44.61 90.00 134.61 90.78 89.22,1.0000 1.4238 1.4046 1.0000 1.0000 1.0000,0 1 2 0 0 0,0 0 0 1 0 1,1,,no (tile),,,,44.61,,0.7023,,3 4,yes,5_4 5_4,p2,2222,L2
209215,6,0,1,2,SJJJSJ,not tested,60.00 240.00 60.00 120.00 120.00 120.00,1.0000 1.0000 1.0000 1.0000 1.0000 1.0000,0 1 1 1 0 1,0 0 2 0 1 2,"3,5",,no (tile),,,,60.00,,1.0000,,3 4,yes,5_4 5_4,p2,2222,L2
209215,6,1,0,0,SSSSSS,not tested,120.00 120.00 120.00 60.00 240.00 60.00,1.0000 1.0000 1.0000 1.0000 1.0000 1.0000,0 0 0 0 0 0,0 0 0 0 0 0,"1,4,8",,no (tile),,,,60.00,,1.0000,,3 4,yes,5_4 5_4,p2,2222,L2
209215,6,1,1,1,SIISSS,not tested,90.78 134.61 90.00 44.61 270.78 89.22,1.0000 1.4046 1.4238 1.0000 1.0000 1.0000,0 1 2 0 0 0,0 0 0 1 0 1,1,,no (tile),,,,44.61,,0.7023,,3 4,yes,5_4 5_4,p2,2222,L2
209215,6,1,1,2,SJJJSJ,not tested,224.15 224.15 -88.31 268.31 135.85 -44.15,1.0000 1.4067 1.4067 1.4067 1.0000 1.4067,0 1 1 1 0 1,0 0 2 0 1 2,"3,5",,no (tile),,,,44.15,,0.7109,,3 4,yes,5_4 5_4,p2,2222,L2
209215,6,2,0,1,SSSSSS,not tested,120.00 120.00 60.00 240.00 60.00 120.00,1.0000 1.0000 1.0000 1.0000 1.0000 1.0000,0 0 0 0 0 0,0 0 0 0 0 0,"1,4,8",,no (tile),,,,60.00,,1.0000,,3 4,yes,5_4 5_4,p2,2222,L2
209215,6,2,1,0,SSSSII,not tested,135.13 89.73 90.27 269.73 45.13 90.00,1.0000 1.0000 1.0000 1.0000 1.4109 1.4175,0 0 0 0 4 5,0 1 0 1 0 0,1,,no (tile),,,,45.13,,0.7055,,3 4,yes,5_4 5_4,p2,2222,L2
209215,6,2,1,5,SJSJJJ,not tested,141.69 141.69 38.31 218.31 103.39 76.61,1.0000 1.7470 1.0000 1.7470 1.7470 1.7470,0 1 0 1 1 1,0 0 1 2 0 2,"3,5",,no (tile),,,,38.31,,0.5724,,3 4,yes,5_4 5_4,p2,2222,L2
209215,6,3,0,1,SSSSSS,not tested,240.00 60.00 120.00 120.00 120.00 60.00,1.0000 1.0000 1.0000 1.0000 1.0000 1.0000,0 0 0 0 0 0,0 0 0 0 0 0,"1,4,8",,no (tile),,,,60.00,,1.0000,,3 4,yes,5_4 5_4,p2,2222,L2
209215,6,3,1,0,SSSSII,not tested,45.17 269.65 90.35 89.65 135.17 90.00,1.0000 1.0000 1.0000 1.0000 1.4185 1.4099,0 0 0 0 4 5,0 1 0 1 0 0,1,,no (tile),,,,45.17,,0.7050,,3 4,yes,5_4 5_4,p2,2222,L2
209215,6,3,1,5,SJSJJJ,not tested,228.20 48.20 131.80 131.80 96.41 83.59,1.0000 1.1747 1.0000 1.1747 1.1747 1.1747,0 1 0 1 1 1,0 0 1 2 0 2,"3,5",,no (tile),,,,48.20,,0.8513,,3 4,yes,5_4 5_4,p2,2222,L2
209215,6,4,0,1,JJJJJJ,not tested,90.00 180.00 90.00 90.00 180.00 90.00,1.0000 1.0000 1.0000 1.0000 1.0000 1.0000,0 0 0 0 0 0,0 3 3 3 0 0,"1,4",,no (tile),,,,90.00,,1.0000,,3 4,yes,5_4 5_4,p2,2222,L2
209215,6,4,0,3,JJSJSJ,not tested,180.00 180.00 47.15 132.85 144.84 35.16,1.0000 1.0000 1.1623 1.0000 1.4796 1.0000,0 0 2 0 4 0,0 3 0 0 0 3,1,,no (tile),,,,35.16,,0.6759,,3 4,yes,5_4 5_4,p2,2222,L2
209215,6,4,0,5,JJJSJS,not tested,42.98 180.00 180.00 63.02 116.98 137.02,1.0000 1.0000 1.0000 1.4185 1.0000 1.8541,0 0 0 3 0 5,0 3 0 0 3 0,1,,no (tile),,,,42.98,,0.5393,,3 4,yes,5_4 5_4,p2,2222,L2
209215,6,4,1,1,JJJJJJ,not tested,90.00 180.00 90.00 90.00 180.00 90.00,1.0000 1.0000 1.0000 1.0000 1.0000 1.0000,0 0 0 0 0 0,0 3 1 3 0 2,"1,3,4",,no (tile),,,,90.00,,1.0000,,3 4,yes,5_4 5_4,p2,2222,L2
209217,6,0,0,0,SSJJSS,not tested,90.00 180.00 90.00 90.00 90.00 180.00,1.0000 1.0000 2.0000 2.0000 1.0000 1.0000,0 0 2 2 0 0,0 0 0 3 0 0,9,,no (tile),,,,90.00,,0.5000,,3 4,yes,5_4 5_4,p2,2222,hand
209217,6,1,0,5,SSSSSS,not tested,90.00 180.00 90.00 90.00 180.00 90.00,1.0000 1.0000 1.0000 1.0000 1.0000 1.0000,0 0 2 0 0 5,0 0 0 0 0 0,1,,no (tile),,,,90.00,,1.0000,,3 4,yes,5_4 5_4,p2,2222,hand
209217,6,1,1,3,SSJSSJ,not tested,90.00 180.00 90.00 90.00 180.00 90.00,1.0000 1.0000 1.0000 1.0000 1.0000 1.0000,0 0 2 0 0 2,0 0 0 1 1 2,6,,no (tile),,,,90.00,,1.0000,,3 4,yes,5_4 5_4,p2,2222,hand
209217,6,2,0,4,SSSSJJ,not tested,90.00 180.00 90.00 180.00 90.00 90.00,1.0000 1.0000 1.0000 1.0000 2.0000 2.0000,0 0 0 0 4 4,0 0 0 0 0 3,9,,no (tile),,,,90.00,,0.5000,,3 4,yes,5_4 5_4,p2,2222,hand
209217,6,3,1,0,SSSIII,not tested,132.23 95.54 264.46 47.77 90.00 90.00,1.0000 1.0000 1.0000 1.9267 2.2214 1.2547,0 0 0 3 4 5,0 1 0 0 0 0,1,,no (tile),,,,47.77,,0.4502,,3 4,yes,5_4 5_4,p2,2222,hand
209217,6,3,1,2,SJJJSJ,not needed (covering theorem),111.97 68.03 180.00 180.00 68.03 111.97,1.0000 0.3741 0.3741 0.3741 1.0000 0.3741,0 1 1 1 0 1,0 0 2 0 1 2,,,YES,2,5,2,68.03,,0.3741,,3 4,yes,5_4 5_4,p2,2222,hand
209217,6,4,0,2,JJJJJJ,not tested,180.00 180.00 90.00 116.57 90.00 63.43,1.0000 1.0000 1.0000 2.2361 2.2361 1.0000,0 0 0 3 3 0,0 3 0 0 3 3,9,,no (tile),,,,63.43,,0.4472,,3 4,yes,5_4 5_4,p2,2222,hand
209217,6,4,0,4,JJJJJJ,not tested,63.43 180.00 180.00 90.00 116.57 90.00,1.0000 1.0000 1.0000 1.0000 2.2361 2.2361,0 0 0 0 4 4,0 3 0 3 0 3,9,,no (tile),,,,63.43,,0.4472,,3 4,yes,5_4 5_4,p2,2222,hand
209217,6,4,1,0,IIIIII,not tested,90.00 180.00 180.00 90.00 90.00 90.00,1.0000 1.0000 1.0000 1.8167 3.0000 1.8167,0 0 0 3 4 5,0 0 0 0 0 0,"1,6",,no (tile),,,,90.00,,0.3333,,3 4,yes,5_4 5_4,p2,2222,hand
209217,6,4,1,4,JJJJJJ,not tested,180.00 180.00 46.53 133.47 133.47 46.53,1.0000 1.0000 1.4535 1.0000 1.4535 1.0000,0 0 2 0 2 0,0 3 0 1 2 3,6,,no (tile),,,,46.53,,0.6880,,3 4,yes,5_4 5_4,p2,2222,hand
209219,6,0,0,0,SSUSUS,not tested,126.52 106.96 63.26 189.78 170.22 63.26,1.0000 1.0000 0.4499 1.0000 0.4499 1.0000,0 0 2 0 2 0,0 0 0 1 2 0,1,,no (tile),,,,63.26,,0.4499,,3 4,yes,4_3 6_3,pgg,22x,hand
209219,6,0,0,2,SSSISS,not tested,200.97 44.54 114.49 100.49 100.49 159.03,1.0000 3.4310 1.0000 2.4474 1.0000 1.0000,0 1 0 3 0 0,0 0 1 0 0 1,1,,no (tile),,,,44.54,,0.2915,,3 4,yes,4_3 6_3,pgg,22x,hand
209219,6,0,1,0,SSSSSI,not tested,169.91 20.18 197.49 162.51 71.17 98.74,1.0000 1.0000 1.0000 1.0000 1.0000 1.7190,0 0 0 0 0 5,0 1 0 1 1 0,"1,6",,no (tile),,,,20.18,,0.5817,,3 4,yes,4_3 6_3,pgg,22x,hand
209219,6,0,1,1,SIUSUS,not tested,80.74 139.63 51.42 191.05 168.95 88.21,1.0000 0.7883 0.2614 1.0000 0.2614 1.0000,0 1 2 0 2 0,0 0 0 1 2 1,"1,2,6",,no (tile),,,,51.42,,0.2614,,3 4,yes,4_3 6_3,pgg,22x,hand
209219,6,0,1,3,SUSUSS,not tested,244.73 25.27 154.73 90.00 90.00 115.27,1.0000 1.5777 1.0000 1.5777 1.0000 1.0000,0 1 0 1 0 0,0 0 1 2 0 0,6,,no (tile),,,,25.27,,0.6338,,3 4,yes,4_3 6_3,pgg,22x,hand
209220,6,0,0,0,SSISSS,not needed (covering theorem),60.00 240.00 60.00 120.00 120.00 120.00,1.0000 1.0000 1.0000 1.0000 1.0000 1.0000,0 0 2 0 0 0,0 0 0 1 0 0,,,YES,2,6,2,60.00,,1.0000,,3 4,yes,5_4 5_4,pgg,22x,hand
209220,6,0,1,1,SISSSS,not tested,281.74 39.13 104.17 143.30 73.40 78.26,1.0000 0.9140 1.0000 1.0000 1.0000 1.0000,0 1 0 0 0 0,0 0 0 0 0 1,1,,no (tile),,,,39.13,,0.9140,,3 4,yes,5_4 5_4,pgg,22x,hand
209220,6,0,1,2,SSSSSS,not tested,46.93 202.04 111.03 77.64 124.40 157.96,1.0000 2.0844 2.0844 2.3553 1.0000 2.0844,0 1 1 3 0 1,0 0 1 0 1 1,"1,2,6",,no (tile),,,,46.93,,0.4246,,3 4,yes,5_4 5_4,pgg,22x,hand
209220,6,1,0,1,SSISSS,not tested,76.02 141.99 103.16 38.83 282.33 77.67,1.0000 1.0000 0.9716 1.0000 1.0000 1.0000,0 0 2 0 0 0,0 0 0 0 1 0,1,,no (tile),,,,38.83,,0.9716,,3 4,yes,5_4 5_4,pgg,22x,hand
209220,6,1,0,2,SSSSSS,not tested,232.42 17.72 109.86 78.55 127.58 153.87,1.0000 8.4282 6.8299 6.8299 1.0000 6.8299,0 1 2 2 0 2,0 0 0 1 1 0,"1,2,6",,no (tile),,,,17.72,,0.1186,,3 4,yes,5_4 5_4,pgg,22x,hand
209220,6,1,1,0,SSSSSI,not needed (covering theorem),-120.01 600.03 -1560.06 -780.03 1920.06 660.01,1.0000 1.0000 1.0000 1.0000 1.0000 1.0013,0 0 0 0 0 5,0 1 1 1 1 0,,,YES,2,6,2,59.99,,0.9987,,3 4,yes,5_4 5_4,pgg,22x,hand
209220,6,2,0,0,SSSSIS,not tested,141.16 77.68 77.25 282.75 38.62 102.54,1.0000 1.0000 1.0000 1.0000 1.0073 1.0000,0 0 0 0 4 0,0 0 1 0 0 0,1,,no (tile),,,,38.62,,0.9928,,3 4,yes,5_4 5_4,pgg,22x,hand
209220,6,2,0,5,SSSSSS,not tested,65.54 196.33 59.72 163.67 136.61 98.13,1.0000 0.3538 1.0000 0.3538 0.3538 1.4018,0 1 0 1 1 5,0 0 1 1 0 0,"1,2,6",,no (tile),,,,59.72,,0.2524,,3 4,yes,5_4 5_4,pgg,22x,hand
209220,6,2,1,1,SISSSS,not needed (covering theorem),120.01 119.99 60.01 240.02 59.99 119.98,1.0000 0.9995 1.0000 1.0000 1.0000 1.0000,0 1 0 0 0 0,0 0 1 1 1 1,,,YES,2,6,2,59.99,,0.9995,,3 4,yes,5_4 5_4,pgg,22x,hand
209220,6,3,0,1,SSSSIS,not needed (covering theorem),240.02 59.99 119.98 120.01 120.00 60.00,1.0000 1.0000 1.0000 1.0000 0.9997 1.0000,0 0 0 0 4 0,0 0 0 1 0 0,,,YES,2,6,2,59.99,,0.9997,,3 4,yes,5_4 5_4,pgg,22x,hand
209220,6,3,1,0,SSSSSI,not tested,38.19 283.63 76.37 80.85 139.58 101.39,1.0000 1.0000 1.0000 1.0000 1.0000 1.0738,0 0 0 0 0 5,0 1 0 0 0 0,1,,no (tile),,,,38.19,,0.9313,,3 4,yes,5_4 5_4,pgg,22x,hand
209220,6,3,1,5,SSSSSS,not tested,242.77 37.83 117.23 151.68 91.09 79.40,1.0000 1.9804 1.0000 1.6711 1.9804 1.9804,0 1 0 3 1 1,0 0 1 0 0 1,"1,2,6",,no (tile),,,,37.83,,0.5049,,3 4,yes,5_4 5_4,pgg,22x,hand
209220,6,4,0,1,JJJJJJ,not tested,90.00 180.00 90.00 90.00 180.00 90.00,1.0000 1.0000 1.0000 1.0000 1.0000 1.0000,0 0 0 0 0 0,0 3 3 1 2 0,"1,5",,no (tile),,,,90.00,,1.0000,,3 4,yes,5_4 5_4,pgg,22x,hand
209220,6,4,0,3,SSSSSS,not tested,180.00 180.00 26.97 153.03 141.88 38.12,1.0000 1.0000 1.3613 1.0000 1.0000 1.0000,0 0 2 0 0 0,0 0 0 0 1 0,"1,2,6",,no (tile),,,,26.97,,0.7346,,3 4,yes,5_4 5_4,pgg,22x,hand
209220,6,4,0,5,SSSSSS,not tested,25.88 180.00 180.00 34.94 145.06 154.12,1.0000 1.0000 1.0000 1.0000 1.0000 1.3119,0 0 0 0 0 5,0 0 0 1 0 0,"1,2,6",,no (tile),,,,25.88,,0.7623,,3 4,yes,5_4 5_4,pgg,22x,hand
209220,6,4,1,1,JJJJJJ,not tested,90.00 180.00 90.00 90.00 180.00 90.00,1.0000 1.0000 1.0000 1.0000 1.0000 1.0000,0 0 0 0 0 0,0 3 1 1 2 2,"1,5",,no (tile),,,,90.00,,1.0000,,3 4,yes,5_4 5_4,pgg,22x,hand
209220,6,4,1,3,SSSSSS,not tested,180.00 180.00 36.55 143.45 153.54 26.46,1.0000 1.0000 1.0000 1.0000 1.3367 1.0000,0 0 0 0 4 0,0 0 1 0 0 0,"1,2,6",,no (tile),,,,26.46,,0.7481,,3 4,yes,5_4 5_4,pgg,22x,hand
209220,6,4,1,5,SSSSSS,not tested,35.24 180.00 180.00 26.00 154.00 144.76,1.0000 1.0000 1.0000 1.3165 1.0000 1.0000,0 0 0 3 0 0,0 0 0 0 0 1,"1,2,6",,no (tile),,,,26.00,,0.7596,,3 4,yes,5_4 5_4,pgg,22x,hand
209222,6,0,0,0,SSUUSS,not tested,90.07 179.86 90.00 90.07 89.86 180.14,1.0000 1.0000 2.0000 2.0000 1.0000 1.0000,0 0 2 2 0 0,0 0 0 2 0 0,"2,6,9",,no (tile),,,,89.86,,0.5000,,3 4,yes,5_4 5_4,pgg,22x,L2
209222,6,0,1,1,SISSSS,not tested,294.43 32.79 125.68 108.63 92.90 65.57,1.0000 0.8407 1.0000 1.0000 1.0000 1.0000,0 1 0 0 0 0,0 0 1 0 0 1,"1,2,6",,no (tile),,,,32.79,,0.8407,,3 4,yes,5_4 5_4,pgg,22x,L2
209222,6,1,0,5,SUSSUS,not tested,64.81 210.57 48.94 161.63 149.43 84.62,1.0000 1.4343 0.1636 1.0000 1.4343 1.1457,0 1 2 0 1 5,0 0 0 1 2 0,"1,6",,no (tile),,,,48.94,,0.1141,,3 4,yes,5_4 5_4,pgg,22x,L2
209222,6,1,1,3,SUJUSJ,not tested,25.89 244.11 90.00 90.00 115.89 154.11,1.0000 0.9411 3.3994 0.9411 1.0000 3.3994,0 1 2 1 0 2,0 0 0 2 0 2,"5,6",,no (tile),,,,25.89,,0.2768,,3 4,yes,5_4 5_4,pgg,22x,L2
209222,6,2,0,4,SSSSUU,not needed (covering theorem),87.29 182.71 91.35 177.29 90.00 91.35,1.0000 1.0000 1.0000 1.0000 1.9995 1.9995,0 0 0 0 4 4,0 0 0 0 0 2,,,YES,2,6,2,87.29,,0.5001,,3 4,yes,5_4 5_4,pgg,22x,L2
209222,6,2,1,1,SISSSS,not tested,105.83 127.08 32.13 295.74 64.26 94.95,1.0000 0.8468 1.0000 1.0000 1.0000 1.0000,0 1 0 0 0 0,0 0 1 0 1 1,"1,2,6",,no (tile),,,,32.13,,0.8468,,3 4,yes,5_4 5_4,pgg,22x,L2
209222,6,3,1,0,SSSISI,not tested,147.99 64.02 295.98 32.01 105.34 74.66,1.0000 1.0000 1.0000 2.0019 1.6490 1.5902,0 0 0 3 4 5,0 1 0 0 0 0,1,,no (tile),,,,32.01,,0.4995,,3 4,yes,5_4 5_4,pgg,22x,L2
209222,6,3,1,2,SJJJSJ,not needed (covering theorem),-4192.50 63.87 4488.63 -4128.63 63.87 4424.75,1.0000 0.4404 0.4404 0.4404 1.0000 0.4404,0 1 1 1 0 1,0 0 2 0 0 2,,,YES,2,5,2,63.87,,0.4404,,3 4,yes,5_4 5_4,pgg,22x,L2
209222,6,4,0,2,JJJUUJ,not tested,180.00 180.00 90.00 116.57 90.00 63.43,1.0000 1.0000 1.0000 2.2361 2.2361 1.0000,0 0 0 3 3 0,0 3 0 0 2 3,9,,no (tile),,,,63.43,,0.4472,,3 4,yes,5_4 5_4,pgg,22x,L2
209222,6,4,0,4,JJJJUU,not tested,63.43 180.00 180.00 90.00 116.57 90.00,1.0000 1.0000 1.0000 1.0000 2.2361 2.2361,0 0 0 0 4 4,0 3 0 3 0 2,9,,no (tile),,,,63.43,,0.4472,,3 4,yes,5_4 5_4,pgg,22x,L2
209222,6,4,1,0,IIIISI,not tested,90.00 180.00 180.00 90.00 75.33 104.67,1.0000 1.0000 1.0000 2.1878 3.1011 1.4024,0 0 0 3 4 5,0 0 0 0 0 0,1,,no (tile),,,,75.33,,0.3225,,3 4,yes,5_4 5_4,pgg,22x,L2
209222,6,4,1,4,JJUJUJ,not tested,180.00 180.00 46.53 133.47 133.47 46.53,1.0000 1.0000 1.4535 1.0000 1.4535 1.0000,0 0 2 0 2 0,0 3 0 1 2 3,6,,no (tile),,,,46.53,,0.6880,,3 4,yes,5_4 5_4,pgg,22x,L2
209232,6,0,0,5,USUSSS,not tested,75.32 160.49 199.51 36.38 163.13 85.17,1.0000 1.3656 1.0000 1.8335 1.3656 2.0670,0 1 0 3 1 5,0 0 2 0 1 0,"1,6",,no (tile),,,,36.38,,0.4838,,3 4,yes,4_3 6_3,pgg,22x,hand
209232,6,0,1,0,SSSSSI,not tested,15.97 261.31 98.69 66.76 130.65 146.62,1.0000 1.0000 1.0000 1.0000 1.0000 0.8345,0 0 0 0 0 5,0 0 0 1 1 0,1,,no (tile),,,,15.97,,0.8345,,3 4,yes,4_3 6_3,pgg,22x,hand
209232,6,0,1,2,SSSISS,not tested,66.52 98.34 261.66 15.91 146.74 130.83,1.0000 1.0000 1.0000 0.8237 1.0000 1.0000,0 0 0 3 0 0,0 0 0 0 1 1,1,,no (tile),,,,15.91,,0.8237,,3 4,yes,4_3 6_3,pgg,22x,hand
209232,6,0,1,4,USUJSJ,not tested,19.42 183.42 176.58 19.42 164.00 157.16,1.0000 0.2675 1.0000 1.0603 0.2675 1.0603,0 1 0 3 1 3,0 0 2 0 0 2,"5,6",,no (tile),,,,19.42,,0.2523,,3 4,yes,4_3 6_3,pgg,22x,hand
209337,6,0,0,5,JJJJJJ,not tested,120.00 180.00 60.00 120.00 180.00 60.00,1.0000 1.0000 1.0000 1.0000 1.0000 1.0000,0 0 0 0 0 0,0 0 0 3 3 3,4,,no (tile),,,,60.00,,1.0000,,3 6,yes,5_3 5_3,p3,333,hand
209338,6,0,0,5,JJJJJJ,not tested,90.00 180.00 90.00 90.00 180.00 90.00,1.0000 1.0000 1.0000 1.0000 1.0000 1.0000,0 0 0 0 0 0,0 0 0 3 3 3,4,,no (tile),,,,90.00,,1.0000,,3 4,yes,5_3 5_3,p4,442,L2
209338,6,0,1,3,JJJJJJ,not tested,90.00 190.48 79.52 100.48 169.52 90.00,1.0000 1.0000 1.0000 1.0000 1.0000 1.0000,0 0 0 0 0 0,0 2 0 2 0 3,"3,5",,no (tile),,,,79.52,,1.0000,,3 4,yes,5_3 5_3,p4,442,L2
209385,6,0,0,0,JJJJJJ,not tested,34.04 231.92 94.04 85.96 128.08 145.96,1.0000 1.0000 1.0000 1.0000 1.0000 1.0000,0 0 2 0 0 2,0 2 0 1 3 3,"3,4",,no (tile),,,,34.04,,1.0000,,3 4,yes,5_1 5_1,pg,1xx,L2
209385,6,0,1,2,JJJJJJ,not tested,34.04 231.92 94.04 85.96 128.08 145.96,1.0000 1.0000 1.0000 1.0000 1.0000 1.0000,0 0 2 0 0 2,0 2 0 2 0 3,"3,5",,no (tile),,,,34.04,,1.0000,,3 4,yes,5_1 5_1,pg,1xx,L2
209387,6,0,0,3,UUUUUU,not tested,60.00 240.00 60.00 120.00 120.00 120.00,1.0000 1.0000 1.0000 1.0000 1.0000 1.0000,0 0 0 0 0 0,0 2 2 0 2 0,"3,4,5",,no (tile),,,,60.00,,1.0000,,3 4,yes,4_2 6_2,pg,1xx,L2
209387,6,0,0,5,UUUUUU,not tested,60.00 240.00 60.00 120.00 120.00 120.00,1.0000 1.0000 1.0000 1.0000 1.0000 1.0000,0 0 0 0 0 0,0 2 2 0 2 0,"3,4,5",,no (tile),,,,60.00,,1.0000,,3 4,yes,4_2 6_2,pg,1xx,L2
209387,6,0,1,3,SSSISS,not tested,60.00 239.24 60.76 119.62 119.62 120.76,1.0000 1.0000 1.0000 1.0115 1.0000 1.0000,0 0 0 3 0 0,0 1 0 0 1 0,"1,2,6",,no (tile),,,,60.00,,0.9887,,3 4,yes,4_2 6_2,pg,1xx,L2
209387,6,0,1,5,SSSSIS,not tested,55.92 244.08 60.00 115.92 122.04 122.04,1.0000 1.0000 1.0000 1.0000 0.9377 1.0000,0 0 0 0 4 0,0 1 1 0 0 1,"1,2,6",,no (tile),,,,55.92,,0.9377,,3 4,yes,4_2 6_2,pg,1xx,L2
209389,6,0,0,0,SSUISU,not tested,83.22 73.55 203.22 60.00 143.22 156.78,1.0000 1.0000 0.7721 0.2359 1.0000 0.7721,0 0 2 3 0 2,0 1 0 0 0 2,"1,2,6",,no (tile),,,,60.00,,0.2359,,3 4,yes,4_2 6_2,pg,1xx,L2
209389,6,0,0,2,JJJJJJ,not tested,90.00 181.98 88.02 91.98 178.02 90.00,1.0000 1.0000 1.0000 1.0000 1.0000 1.0000,0 0 0 0 0 0,0 2 3 2 0 0,"3,5",,no (tile),,,,88.02,,1.0000,,3 4,yes,4_2 6_2,pg,1xx,L2
209389,6,0,0,3,UUUUUU,not tested,60.00 120.00 180.00 60.00 120.00 180.00,1.0000 1.0000 1.0000 1.0000 1.0000 1.0000,0 0 2 0 0 2,0 2 0 2 0 2,"3,4,5,6",,no (tile),,,,60.00,,1.0000,,3 4,yes,4_2 6_2,pg,1xx,L2
209389,6,0,0,5,JJJJJJ,not tested,90.00 181.98 88.02 91.98 178.02 90.00,1.0000 1.0000 1.0000 1.0000 1.0000 1.0000,0 0 0 0 0 0,0 2 0 2 0 3,"3,5",,no (tile),,,,88.02,,1.0000,,3 4,yes,4_2 6_2,pg,1xx,L2
209389,6,0,1,0,JJJJJJ,not tested,83.02 186.98 90.00 90.00 173.02 96.98,1.0000 1.0000 1.0000 1.0000 1.0000 1.0000,0 0 0 0 0 0,0 2 1 2 0 2,"3,5",,no (tile),,,,83.02,,1.0000,,3 4,yes,4_2 6_2,pg,1xx,L2
209389,6,0,1,2,UUUUUU,not tested,180.00 120.00 60.00 180.00 120.00 60.00,1.0000 1.0000 1.0000 1.0000 1.0000 1.0000,0 0 2 0 0 2,0 2 0 2 0 2,"3,4,5,6",,no (tile),,,,60.00,,1.0000,,3 4,yes,4_2 6_2,pg,1xx,L2
209389,6,0,1,3,JJJJJJ,not tested,83.02 186.98 90.00 90.00 173.02 96.98,1.0000 1.0000 1.0000 1.0000 1.0000 1.0000,0 0 0 0 0 0,0 2 2 2 0 1,"3,5",,no (tile),,,,83.02,,1.0000,,3 4,yes,4_2 6_2,pg,1xx,L2
209389,6,0,1,5,SSUSIU,not tested,187.39 105.23 67.39 172.61 127.39 60.00,1.0000 1.0000 0.5514 1.0000 0.7690 0.5514,0 0 2 0 4 2,0 1 0 1 0 2,"1,2,6",,no (tile),,,,60.00,,0.5514,,3 4,yes,4_2 6_2,pg,1xx,L2
209403,6,0,0,0,SSSISS,not tested,36.00 203.31 84.69 101.66 137.66 156.69,1.0000 1.0000 1.0000 0.5095 1.0000 1.0000,0 0 0 3 0 0,0 1 0 0 1 0,"2,6",,no (tile),,,,36.00,,0.5095,,3 4,yes,5_3 5_3,pg,1xx,L2
209403,6,2,0,2,SSSSIS,not tested,133.16 154.84 36.00 205.16 113.42 77.42,1.0000 1.0000 1.0000 1.0000 0.9269 1.0000,0 0 0 0 4 0,0 1 1 0 0 1,"2,6",,no (tile),,,,36.00,,0.9269,,3 4,yes,5_3 5_3,pg,1xx,L2
209471,6,0,0,0,SJIIIJ,not tested,90.00 90.00 90.00 180.00 180.00 90.00,1.0000 1.0000 0.3333 0.3333 0.3333 1.0000,0 1 2 2 2 1,0 0 0 0 0 3,1,,no (tile),,,,90.00,,0.3333,,3 4,yes,5_3 5_3,pg,1xx,hand
209471,6,0,0,2,UJUJJJ,not needed (covering theorem),65.88 114.12 114.14 65.86 180.02 179.98,1.0000 0.4087 1.0000 0.4087 0.4087 0.4087,0 1 0 1 1 1,0 0 2 3 1 3,,,YES,2,5,2,65.86,,0.4087,,3 4,yes,5_3 5_3,pg,1xx,hand
209471,6,1,0,0,SJIIIJ,not tested,90.00 90.00 90.00 180.00 180.00 90.00,1.0000 1.0000 0.3333 0.3333 0.3333 1.0000,0 1 2 2 2 1,0 0 0 0 0 3,1,,no (tile),,,,90.00,,0.3333,,3 4,yes,5_3 5_3,pg,1xx,hand
209471,6,1,0,4,UJJJUJ,not needed (covering theorem),114.12 65.88 180.02 179.98 65.89 114.11,1.0000 0.4086 0.4086 0.4086 1.0000 0.4086,0 1 1 1 0 1,0 0 2 0 2 3,,,YES,2,5,2,65.88,,0.4086,,3 4,yes,5_3 5_3,pg,1xx,hand
209471,6,2,0,3,UUJUUJ,not tested,68.69 180.00 111.31 68.69 180.00 111.31,1.0000 0.2675 0.2675 0.2675 1.0000 0.2675,0 1 2 1 0 2,0 0 0 2 2 3,"4,5",,no (tile),,,,68.69,,0.2675,,3 4,yes,5_3 5_3,pg,1xx,hand
209471,6,2,1,5,UUJUUJ,not tested,157.95 180.00 22.05 157.95 180.00 22.05,1.0000 0.5382 0.2675 1.0000 0.5382 0.2675,0 1 2 0 1 2,0 0 0 2 2 3,"4,5",,no (tile),,,,22.05,,0.2675,,3 4,yes,5_3 5_3,pg,1xx,hand
209472,6,0,1,1,IJIIIJ,not tested,90.00 90.00 90.00 180.00 180.00 90.00,1.0000 1.0000 0.3333 0.3333 0.3333 1.0000,0 1 2 2 2 1,0 0 0 0 0 3,1,,no (tile),,,,90.00,,0.3333,,3 4,yes,5_3 5_3,p1,o1,hand
209472,6,0,1,3,JJJJJJ,not needed (covering theorem),65.88 114.12 114.14 65.86 180.02 179.98,1.0000 0.4087 1.0000 0.4087 0.4087 0.4087,0 1 0 1 1 1,0 0 2 3 1 3,,,YES,2,4,2,65.86,,0.4087,,3 4,yes,5_3 5_3,p1,o1,hand
209472,6,1,1,1,IJIIIJ,not tested,90.00 90.00 90.00 180.00 180.00 90.00,1.0000 1.0000 0.3333 0.3333 0.3333 1.0000,0 1 2 2 2 1,0 0 0 0 0 3,1,,no (tile),,,,90.00,,0.3333,,3 4,yes,5_3 5_3,p1,o1,hand
209472,6,1,1,5,JJJJJJ,not needed (covering theorem),114.12 65.88 180.02 179.98 65.89 114.11,1.0000 0.4086 0.4086 0.4086 1.0000 0.4086,0 1 1 1 0 1,0 0 2 0 2 3,,,YES,2,4,2,65.88,,0.4086,,3 4,yes,5_3 5_3,p1,o1,hand
209516,6,0,1,0,JJUJUJ,not tested,104.55 90.65 172.40 81.75 187.60 83.05,1.0000 1.0000 0.2675 1.0000 0.2675 1.0000,0 0 2 0 2 0,0 0 0 2 2 2,"3,5",,no (tile),,,,81.75,,0.2675,,3 4,yes,5_3 5_3,pg,1xx,hand
209516,6,0,1,1,ISSSSS,not tested,162.78 102.78 34.43 265.57 94.43 60.00,1.0000 0.9753 0.9753 0.9753 0.9753 0.9753,0 1 1 1 1 1,0 0 1 0 1 1,"1,6",,no (tile),,,,34.43,,0.9753,,3 4,yes,5_3 5_3,pg,1xx,hand
209516,6,0,1,5,UUUUUU,not tested,120.00 180.00 60.00 120.00 180.00 60.00,1.0000 1.0000 1.0000 1.0000 1.0000 1.0000,0 0 0 0 0 0,0 0 0 2 2 2,"3,4,5,6",,no (tile),,,,60.00,,1.0000,,3 4,yes,5_3 5_3,pg,1xx,hand
209516,6,1,0,0,SJJJSJ,not needed (covering theorem),81.98 51.90 226.12 133.88 69.96 156.16,1.0000 0.4521 0.4521 0.4521 0.8377 0.4521,0 1 1 1 4 1,0 0 2 0 0 2,,,YES,2,5,2,51.90,,0.4521,,3 4,yes,5_3 5_3,pg,1xx,hand
209516,6,1,0,2,JJJJJJ,not needed (covering theorem),109.12 128.01 51.99 198.90 161.10 70.88,1.0000 2.0630 1.0000 1.0000 1.0000 2.0630,0 1 0 0 0 1,0 0 3 1 3 2,,,YES,2,5,2,51.99,,0.4847,,3 4,yes,5_3 5_3,pg,1xx,hand
209516,6,1,0,4,JJJJJJ,not tested,177.82 90.00 90.00 182.18 87.82 92.18,1.0000 1.0000 1.0000 1.0000 1.0000 1.0000,0 0 0 0 0 0,0 0 0 2 3 2,"3,5",,no (tile),,,,87.82,,1.0000,,3 4,yes,5_3 5_3,pg,1xx,hand
209516,6,1,1,2,JJJJJJ,not tested,180.00 88.89 91.11 180.00 88.89 91.11,1.0000 1.0000 1.0000 1.0000 1.0000 1.0000,0 0 0 0 0 0,0 2 3 3 1 0,"3,4,5",,no (tile),,,,88.89,,1.0000,,3 4,yes,5_3 5_3,pg,1xx,hand
209516,6,2,0,2,ISSIIS,not tested,90.00 150.00 60.00 210.00 60.00 150.00,1.0000 0.2675 0.2675 1.0000 1.0000 0.2675,0 1 1 0 0 1,0 0 0 0 0 1,6,,no (tile),,,,60.00,,0.2675,,3 4,yes,5_3 5_3,pg,1xx,hand
209516,6,2,1,3,SSSSIS,not tested,34.97 265.03 94.97 60.00 162.52 102.52,1.0000 1.0000 1.0000 1.0000 1.0408 1.0000,0 0 0 0 4 0,0 1 0 0 0 1,"1,6",,no (tile),,,,34.97,,0.9608,,3 4,yes,5_3 5_3,pg,1xx,hand
209516,6,2,1,4,JUJUJJ,not tested,126.00 171.87 45.87 188.13 117.88 70.25,1.0000 0.5548 1.0000 0.5548 1.0000 1.0000,0 1 0 1 0 0,0 0 2 2 2 0,"3,5",,no (tile),,,,45.87,,0.5548,,3 4,yes,5_3 5_3,pg,1xx,hand
209516,6,2,1,5,UUUUUU,not tested,120.00 180.00 60.00 120.00 180.00 60.00,1.0000 1.0000 1.0000 1.0000 1.0000 1.0000,0 0 0 0 0 0,0 0 0 2 2 2,"3,4,5,6",,no (tile),,,,60.00,,1.0000,,3 4,yes,5_3 5_3,pg,1xx,hand
600158,6,0,0,1,IIJIIJ,not tested,90.00 180.00 90.00 90.00 180.00 90.00,1.0000 1.0000 1.0000 1.0000 1.0000 1.0000,0 1 2 0 1 2,0 0 0 0 0 3,"1,2,3,4,5",,no (tile),,,,90.00,,1.0000,,3 4,yes,5_2 6_2,pmg,22*,hand
600158,6,0,0,4,IIJSSJ,not tested,61.84 180.00 118.16 137.13 61.59 161.28,1.0000 0.9995 1.9170 1.5539 2.1987 1.9170,0 1 2 3 4 2,0 0 0 0 0 3,1,,no (tile),,,,61.59,,0.4546,,3 4,yes,5_2 6_2,pmg,22*,hand
600158,6,0,1,1,IIJIIJ,not tested,90.00 180.00 90.00 90.00 180.00 90.00,1.0000 1.0000 1.0000 1.0000 1.0000 1.0000,0 1 2 1 0 2,0 0 0 0 0 3,"1,2,3,4,5",,no (tile),,,,90.00,,1.0000,,3 4,yes,5_2 6_2,pmg,22*,hand
600158,6,0,1,4,IIJJJJ,not tested,118.37 180.00 61.63 171.38 73.99 114.63,1.0000 0.0500 0.9564 0.8724 0.8724 0.9564,0 1 2 3 3 2,0 0 0 0 2 3,2,,no (tile),,,,61.63,,0.0500,YES,3 4,yes,5_2 6_2,pmg,22*,hand
600159,6,0,0,1,IIJIIJ,not tested,90.00 180.00 90.00 90.00 180.00 90.00,1.0000 1.0000 1.0000 1.0000 1.0000 1.0000,0 0 2 0 0 2,0 0 0 0 0 3,"1,2,3,4,5",,no (tile),,,,90.00,,1.0000,,3 4,yes,5_2 6_2,cm,1*x,hand
600159,6,0,0,4,IIJSSJ,not tested,61.43 180.00 118.57 87.53 110.56 161.91,1.0000 1.0000 1.6983 1.4661 0.9396 1.6983,0 0 2 3 4 2,0 0 0 0 0 3,"1,2",,no (tile),,,,61.43,,0.5533,,3 4,yes,5_2 6_2,cm,1*x,hand
600159,6,0,1,1,IIJIIJ,not tested,90.00 180.00 90.00 90.00 180.00 90.00,1.0000 1.0000 1.0000 1.0000 1.0000 1.0000,0 0 2 0 0 2,0 0 0 0 0 3,"1,2,3,4,5",,no (tile),,,,90.00,,1.0000,,3 4,yes,5_2 6_2,cm,1*x,hand
600159,6,0,1,4,IIJJJJ,not tested,88.00 180.00 92.00 120.00 116.00 124.00,1.0000 1.0000 1.0000 1.1792 1.1792 1.0000,0 0 2 3 3 2,0 0 0 0 2 3,"2,3",,no (tile),,,,88.00,,0.8481,,3 4,yes,5_2 6_2,cm,1*x,hand
600180,6,0,1,2,IJIJJJ,not tested,89.72 90.28 128.85 128.85 180.00 102.30,1.0000 0.4051 0.2675 0.4051 0.4051 0.4051,0 1 2 1 1 1,0 0 0 1 2 3,"1,6",,no (tile),,,,89.72,,0.2675,,3 4,yes,5_3 6_3,pmg,22*,L2
600180,6,1,1,5,IJJJIJ,not tested,83.70 96.30 95.08 180.00 132.46 132.46,1.0000 0.3999 0.3999 0.3999 0.2675 0.3999,0 1 1 1 4 1,0 0 1 2 0 3,"1,6",,no (tile),,,,83.70,,0.2675,,3 4,yes,5_3 6_3,pmg,22*,L2
600494,6,0,0,1,SSJSSJ,not tested,90.00 180.00 90.00 90.00 180.00 90.00,1.0000 1.0000 1.0000 1.0000 1.0000 1.0000,0 0 2 0 0 2,0 0 0 0 0 3,"1,4",,no (tile),,,,90.00,,1.0000,,3 4,yes,5_2 6_2,p2,2222,hand
600494,6,0,0,4,SSJSSJ,not tested,61.43 180.00 118.57 87.53 110.56 161.91,1.0000 1.0000 1.6983 1.4661 0.9396 1.6983,0 0 2 3 4 2,0 0 0 0 0 3,1,,no (tile),,,,61.43,,0.5533,,3 4,yes,5_2 6_2,p2,2222,hand
600494,6,0,1,1,SSJSSJ,not tested,90.00 180.00 90.00 90.00 180.00 90.00,1.0000 1.0000 1.0000 1.0000 1.0000 1.0000,0 0 2 0 0 2,0 0 0 1 1 3,"1,5",,no (tile),,,,90.00,,1.0000,,3 4,yes,5_2 6_2,p2,2222,hand
600494,6,0,1,4,SSJJJJ,not tested,88.00 180.00 92.00 120.00 116.00 124.00,1.0000 1.0000 1.0000 1.1792 1.1792 1.0000,0 0 2 3 3 2,0 0 0 0 2 3,2,,no (tile),,,,88.00,,0.8481,,3 4,yes,5_2 6_2,p2,2222,hand
600495,6,0,0,1,UUJUUJ,not tested,90.00 180.00 90.00 90.00 180.00 90.00,1.0000 1.0000 1.0000 1.0000 1.0000 1.0000,0 0 2 0 0 2,0 2 0 2 0 3,"1,2,3,4,5",,no (tile),,,,90.00,,1.0000,,3 4,yes,5_2 6_2,pgg,22x,hand
600495,6,0,0,4,UUJSSJ,not tested,61.43 180.00 118.57 87.53 110.56 161.91,1.0000 1.0000 1.6983 1.4661 0.9396 1.6983,0 0 2 3 4 2,0 2 0 0 0 3,"1,2",,no (tile),,,,61.43,,0.5533,,3 4,yes,5_2 6_2,pgg,22x,hand
600495,6,0,1,1,UUJUUJ,not tested,90.00 180.00 90.00 90.00 180.00 90.00,1.0000 1.0000 1.0000 1.0000 1.0000 1.0000,0 0 2 0 0 2,0 2 0 0 2 3,"1,2,3,4,5",,no (tile),,,,90.00,,1.0000,,3 4,yes,5_2 6_2,pgg,22x,hand
600495,6,0,1,4,UUJJJJ,not tested,88.00 180.00 92.00 120.00 116.00 124.00,1.0000 1.0000 1.0000 1.1792 1.1792 1.0000,0 0 2 3 3 2,0 2 0 0 2 3,"2,3",,no (tile),,,,88.00,,0.8481,,3 4,yes,5_2 6_2,pgg,22x,hand
600516,6,0,1,2,SJIJJJ,not tested,89.72 90.28 128.85 128.85 180.00 102.30,1.0000 0.4051 0.2675 0.4051 0.4051 0.4051,0 1 2 1 1 1,0 0 0 1 2 3,"1,6",,no (tile),,,,89.72,,0.2675,,3 4,yes,5_3 6_3,p2,2222,L2
600516,6,1,1,5,SJJJIJ,not tested,83.70 96.30 95.08 180.00 132.46 132.46,1.0000 0.3999 0.3999 0.3999 0.2675 0.3999,0 1 1 1 4 1,0 0 1 2 0 3,"1,6",,no (tile),,,,83.70,,0.2675,,3 4,yes,5_3 6_3,p2,2222,L2
601074,6,0,0,2,SSSSSS,not tested,180.00 47.15 132.85 144.84 35.16 180.00,1.0000 1.1623 1.0000 1.4796 1.0000 1.0000,0 1 0 3 0 0,0 0 0 0 0 0,1,,no (tile),,,,35.16,,0.6759,,3 4,yes,5_4 6_4,p2,2222,hand
601074,6,0,0,3,SJJSSS,not tested,180.00 63.43 90.00 116.57 90.00 180.00,1.0000 2.2361 2.2361 1.0000 1.0000 1.0000,0 1 1 0 0 0,0 0 3 0 0 0,9,,no (tile),,,,63.43,,0.4472,,3 4,yes,5_4 6_4,p2,2222,hand
601074,6,0,1,3,SJSJSS,not tested,180.00 46.53 133.47 133.47 46.53 180.00,1.0000 1.4535 1.0000 1.4535 1.0000 1.0000,0 1 0 1 0 0,0 0 1 2 0 0,6,,no (tile),,,,46.53,,0.6880,,3 4,yes,5_4 6_4,p2,2222,hand
601097,6,0,0,1,JJJJJJ,not tested,90.02 180.00 89.98 90.06 179.92 90.02,1.0000 1.0000 1.0000 1.0000 1.0000 1.0000,0 0 0 0 0 0,0 3 3 2 0 0,2,,no (tile),,,,89.98,,1.0000,,3 4,yes,5_4 6_4,pgg,22x,hand
601097,6,0,0,3,JJSJSJ,not tested,178.59 180.00 47.79 133.62 96.06 83.94,1.0000 1.0000 2.6010 1.0000 1.9429 1.0000,0 0 2 0 4 0,0 3 0 2 0 1,"1,6",,no (tile),,,,47.79,,0.3845,,3 4,yes,5_4 6_4,pgg,22x,hand
601097,6,0,0,4,JJJJJJ,not tested,89.97 180.00 88.17 90.00 181.86 90.00,1.0000 1.0000 1.0000 1.0000 0.9681 0.9681,0 0 0 0 4 4,0 3 2 1 0 3,9,,no (tile),,,,88.17,,0.9681,,3 4,yes,5_4 6_4,pgg,22x,hand
601097,6,0,0,5,SSSSSS,not tested,25.88 180.00 180.00 34.94 145.06 154.12,1.0000 1.0000 1.0000 1.0000 1.0000 1.3119,0 0 0 0 0 5,0 0 0 1 0 0,"1,2,6",,no (tile),,,,25.88,,0.7623,,3 4,yes,5_4 6_4,pgg,22x,hand
601097,6,0,1,0,JJJJII,not needed (covering theorem),90.16 180.00 179.68 90.00 90.16 90.00,1.0000 1.0000 1.0000 1.0000 2.9972 0.9972,0 0 0 0 4 5,0 3 2 1 0 0,,,YES,2,2,2,90.00,,0.3327,,3 4,yes,5_4 6_4,pgg,22x,hand
601097,6,0,1,1,SSSSSS,not tested,91.01 180.00 88.99 91.01 180.00 88.99,1.0000 1.0000 1.0000 1.0000 1.0000 1.0000,0 0 0 3 0 0,0 0 1 0 0 1,"1,2",,no (tile),,,,88.99,,1.0000,,3 4,yes,5_4 6_4,pgg,22x,hand
601097,6,0,1,3,SSSSSS,not tested,310.81 180.00 -22.24 71.42 -22.24 202.24,1.0000 1.0000 1.1977 1.1977 1.0000 1.1977,0 0 2 2 0 2,0 0 0 1 1 1,"1,6",,no (tile),,,,22.24,,0.8349,,3 4,yes,5_4 6_4,pgg,22x,hand
601097,6,0,1,4,JJJJJJ,not tested,128.54 180.00 68.23 111.77 163.24 68.23,1.0000 1.0000 1.2217 1.0000 1.2217 1.0000,0 0 2 0 2 0,0 3 0 3 2 1,"5,6",,no (tile),,,,68.23,,0.8185,,3 4,yes,5_4 6_4,pgg,22x,hand
601101,6,0,0,4,SSSSJJ,not needed (covering theorem),135.00 90.00 180.00 90.00 135.00 90.00,1.0000 1.0000 1.0000 1.0000 1.4142 1.4142,0 0 0 0 4 4,0 0 0 0 0 3,,,YES,2,1,2,90.00,,0.7071,,3 4,yes,5_4 6_4,p2,2222,hand
601101,6,0,1,0,SSSSII,not tested,134.83 90.35 180.00 89.65 135.17 90.00,1.0000 1.0000 1.0000 1.0000 1.4185 1.4099,0 0 0 0 4 5,0 1 1 0 0 0,1,,no (tile),,,,89.65,,0.7050,,3 4,yes,5_4 6_4,p2,2222,hand
601141,6,0,0,1,UUUIIU,not tested,90.39 180.00 89.61 134.80 90.00 135.20,1.0000 1.0000 1.0000 1.4287 1.3996 1.0000,0 0 0 3 4 0,0 2 2 0 0 0,"1,2",,no (tile),,,,89.61,,0.7000,,3 4,yes,5_4 6_4,pgg,22x,hand
601141,6,0,0,3,SSSUSU,not tested,121.74 180.00 29.94 208.32 58.26 121.74,1.0000 1.0000 1.7927 1.4447 1.0000 1.4447,0 0 2 3 0 3,0 0 0 0 1 2,"1,6",,no (tile),,,,29.94,,0.5578,,3 4,yes,5_4 6_4,pgg,22x,hand
601141,6,0,0,5,SSUSUS,not tested,29.51 180.00 125.21 125.21 54.79 205.29,1.0000 1.0000 1.6947 1.0000 1.6947 1.9129,0 0 2 0 2 5,0 0 0 1 2 0,"1,6",,no (tile),,,,29.51,,0.5228,,3 4,yes,5_4 6_4,pgg,22x,hand
601141,6,0,1,0,JJJSJI,not tested,128.68 180.00 102.63 88.81 91.19 128.68,1.0000 1.0000 1.0000 2.4351 1.0000 0.6188,0 0 0 3 0 5,0 3 2 0 1 0,"1,6",,no (tile),,,,88.81,,0.2541,,3 4,yes,5_4 6_4,pgg,22x,hand
601141,6,0,1,1,UUUJJU,not needed (covering theorem),90.00 180.00 90.00 135.00 90.00 135.00,1.0000 1.0000 1.0000 1.4142 1.4142 1.0000,0 0 0 3 3 0,0 2 0 0 3 2,,,YES,2,6,2,90.00,,0.7071,,3 4,yes,5_4 6_4,pgg,22x,hand
601141,6,0,1,2,JJIJSJ,not tested,105.62 180.00 127.19 127.19 93.89 86.11,1.0000 1.0000 0.6188 1.0000 2.4247 1.0000,0 0 2 0 4 0,0 3 0 2 0 1,"1,6",,no (tile),,,,86.11,,0.2552,,3 4,yes,5_4 6_4,pgg,22x,hand
1726795,6,0,0,0,SSSSSS,not tested,120.00 120.00 120.00 120.00 120.00 120.00,1.0000 1.0000 1.0000 1.0000 1.0000 1.0000,0 1 0 1 1 0,0 0 0 0 0 0,1,,no (tile),,,,120.00,,1.0000,,3,yes,6_2 6_2,p2,2222,hand
1726795,6,0,0,1,SSSSSS,not tested,120.00 120.00 120.00 120.00 120.00 120.00,1.0000 1.0000 1.0000 1.0000 1.0000 1.0000,0 0 0 0 0 5,0 0 0 0 0 0,1,,no (tile),,,,120.00,,1.0000,,3,yes,6_2 6_2,p2,2222,hand
1726795,6,0,0,2,SJSSJS,not tested,120.00 120.00 120.00 120.00 120.00 120.00,1.0000 1.0000 1.0000 1.0000 1.0000 1.0000,0 1 2 3 1 5,0 0 0 0 3 0,1,,no (tile),,,,120.00,,1.0000,,3,yes,6_2 6_2,p2,2222,hand
1726795,6,0,0,3,SSSSSS,not tested,120.00 120.00 120.00 120.00 120.00 120.00,1.0000 1.0000 1.0000 1.0000 1.0000 1.0000,0 1 1 1 1 1,0 0 0 0 0 0,1,,no (tile),,,,120.00,,1.0000,,3,yes,6_2 6_2,p2,2222,hand
1726795,6,0,0,4,SSSSSS,not tested,120.00 120.00 120.00 120.00 120.00 120.00,1.0000 1.0000 1.0000 1.0000 1.0000 1.0000,0 1 1 0 1 0,0 0 0 0 0 0,1,,no (tile),,,,120.00,,1.0000,,3,yes,6_2 6_2,p2,2222,hand
1726795,6,0,0,5,SJSSJS,not tested,120.00 120.00 120.00 120.00 120.00 120.00,1.0000 1.0000 1.0000 1.0000 1.0000 1.0000,0 1 2 0 1 2,0 0 0 0 3 0,"1,4",,no (tile),,,,120.00,,1.0000,,3,yes,6_2 6_2,p2,2222,hand
1726795,6,0,1,0,SSSSSS,not tested,120.00 120.00 120.00 120.00 120.00 120.00,1.0000 1.0000 1.0000 1.0000 1.0000 1.0000,0 0 2 0 0 2,0 1 0 0 1 1,"1,6",,no (tile),,,,120.00,,1.0000,,3,yes,6_2 6_2,p2,2222,hand
1726795,6,0,1,1,SJSSJS,not tested,120.00 120.00 120.00 120.00 120.00 120.00,1.0000 1.0000 1.0000 1.0000 1.0000 1.0000,0 1 0 3 1 3,0 0 1 0 3 1,"1,5",,no (tile),,,,120.00,,1.0000,,3,yes,6_2 6_2,p2,2222,hand
1726795,6,0,1,2,SSSSSS,not tested,120.00 120.00 120.00 120.00 120.00 120.00,1.0000 1.0000 1.0000 1.0000 1.0000 1.0000,0 1 1 0 1 1,0 0 1 1 0 1,"1,6",,no (tile),,,,120.00,,1.0000,,3,yes,6_2 6_2,p2,2222,hand
1726795,6,0,1,3,SSISSS,not tested,120.00 120.00 120.00 120.00 120.00 120.00,1.0000 1.0000 1.0000 1.0000 1.0000 1.0000,0 0 2 0 0 5,0 1 0 0 1 0,1,,no (tile),,,,120.00,,1.0000,,3,yes,6_2 6_2,p2,2222,hand
1726795,6,0,1,4,SJJJJS,not tested,120.00 120.00 120.00 120.00 120.00 120.00,1.0000 1.0000 1.0000 1.0000 1.0000 1.0000,0 1 2 2 1 5,0 0 0 2 3 0,2,,no (tile),,,,120.00,,1.0000,,3,yes,6_2 6_2,p2,2222,hand
1726795,6,0,1,5,SSSISS,not tested,120.00 120.00 120.00 120.00 120.00 120.00,1.0000 1.0000 1.0000 1.0000 1.0000 1.0000,0 1 1 3 1 1,0 0 1 0 0 1,1,,no (tile),,,,120.00,,1.0000,,3,yes,6_2 6_2,p2,2222,hand
1726796,6,0,0,0,SISIIS,not tested,120.00 120.00 120.00 120.00 120.00 120.00,1.0000 1.0000 1.0000 1.0000 1.0000 1.0000,0 1 0 1 1 0,0 0 0 0 0 0,"1,2",,no (tile),,,,120.00,,1.0000,,3,yes,6_2 6_2,pgg,22x,hand
1726796,6,0,0,1,SSSSSS,not tested,120.00 120.00 120.00 120.00 120.00 120.00,1.0000 1.0000 1.0000 1.0000 1.0000 1.0000,0 0 0 0 0 0,0 0 0 0 0 1,"1,2",,no (tile),,,,120.00,,1.0000,,3,yes,6_2 6_2,pgg,22x,hand
1726796,6,0,0,2,SJSSJS,not tested,120.00 120.00 120.00 120.00 120.00 120.00,1.0000 1.0000 1.0000 1.0000 1.0000 1.0000,0 1 2 3 1 0,0 0 0 0 3 1,"1,2",,no (tile),,,,120.00,,1.0000,,3,yes,6_2 6_2,pgg,22x,hand
1726796,6,0,0,3,SSSSSS,not tested,120.00 120.00 120.00 120.00 120.00 120.00,1.0000 1.0000 1.0000 1.0000 1.0000 1.0000,0 0 0 0 0 0,0 1 1 1 1 1,"1,2",,no (tile),,,,120.00,,1.0000,,3,yes,6_2 6_2,pgg,22x,hand
1726796,6,0,0,4,SIISIS,not tested,120.00 120.00 120.00 120.00 120.00 120.00,1.0000 1.0000 1.0000 1.0000 1.0000 1.0000,0 1 1 0 1 0,0 0 0 0 0 0,"1,2",,no (tile),,,,120.00,,1.0000,,3,yes,6_2 6_2,pgg,22x,hand
1726796,6,0,0,5,SJSSJS,not tested,120.00 120.00 120.00 120.00 120.00 120.00,1.0000 1.0000 1.0000 1.0000 1.0000 1.0000,0 1 0 0 1 0,0 0 1 0 3 1,"1,2,3,4,5",,no (tile),,,,120.00,,1.0000,,3,yes,6_2 6_2,pgg,22x,hand
1726796,6,0,1,0,SSSSSS,not tested,120.00 120.00 120.00 120.00 120.00 120.00,1.0000 1.0000 1.0000 1.0000 1.0000 1.0000,0 0 0 0 0 0,0 1 0 0 1 1,"1,2,6",,no (tile),,,,120.00,,1.0000,,3,yes,6_2 6_2,pgg,22x,hand
1726796,6,0,1,1,SJSSJS,not tested,120.00 120.00 120.00 120.00 120.00 120.00,1.0000 1.0000 1.0000 1.0000 1.0000 1.0000,0 1 0 0 1 0,0 0 1 0 3 1,"1,2,3,4,5",,no (tile),,,,120.00,,1.0000,,3,yes,6_2 6_2,pgg,22x,hand
1726796,6,0,1,2,SSSSSS,not tested,120.00 120.00 120.00 120.00 120.00 120.00,1.0000 1.0000 1.0000 1.0000 1.0000 1.0000,0 0 0 0 0 0,0 0 1 1 0 1,"1,2,6",,no (tile),,,,120.00,,1.0000,,3,yes,6_2 6_2,pgg,22x,hand
1726796,6,0,1,3,SSISSS,not tested,120.00 120.00 120.00 120.00 120.00 120.00,1.0000 1.0000 1.0000 1.0000 1.0000 1.0000,0 0 2 0 0 0,0 1 0 0 1 0,"1,2",,no (tile),,,,120.00,,1.0000,,3,yes,6_2 6_2,pgg,22x,hand
1726796,6,0,1,4,SJJJJS,not tested,120.00 120.00 120.00 120.00 120.00 120.00,1.0000 1.0000 1.0000 1.0000 1.0000 1.0000,0 1 2 2 1 0,0 0 0 2 3 1,"2,3",,no (tile),,,,120.00,,1.0000,,3,yes,6_2 6_2,pgg,22x,hand
1726796,6,0,1,5,SSSISS,not tested,120.00 120.00 120.00 120.00 120.00 120.00,1.0000 1.0000 1.0000 1.0000 1.0000 1.0000,0 0 0 3 0 0,0 1 0 0 1 0,"1,2",,no (tile),,,,120.00,,1.0000,,3,yes,6_2 6_2,pgg,22x,hand
1727337,6,0,0,0,SSSSSS,not tested,120.00 120.00 120.00 120.00 120.00 120.00,1.0000 1.0000 1.0000 1.0000 1.0000 1.0000,0 0 0 0 4 0,0 0 0 0 0 0,1,,no (tile),,,,120.00,,1.0000,,3,yes,6_4 6_4,p2,2222,hand
1727337,6,0,0,1,SSSSSS,not needed (covering theorem),120.00 120.00 120.00 120.00 120.00 120.00,1.0000 1.0000 1.0000 1.0000 1.0000 1.0000,0 0 2 2 2 0,0 0 0 0 0 0,,,YES,2,1,2,120.00,,1.0000,,3,yes,6_4 6_4,p2,2222,hand
1727337,6,0,0,2,SSJSSJ,not tested,120.00 120.00 120.00 120.00 120.00 120.00,1.0000 1.0000 1.0000 1.0000 1.0000 1.0000,0 1 2 3 4 2,0 0 0 0 0 3,1,,no (tile),,,,120.00,,1.0000,,3,yes,6_4 6_4,p2,2222,hand
1727337,6,0,0,3,SSSSSS,not needed (covering theorem),120.00 120.00 120.00 120.00 120.00 120.00,1.0000 1.0000 1.0000 1.0000 1.0000 1.0000,0 0 0 3 3 3,0 0 0 0 0 0,,,YES,2,1,2,120.00,,1.0000,,3,yes,6_4 6_4,p2,2222,hand
1727337,6,0,0,4,SSSSSS,not tested,120.00 120.00 120.00 120.00 120.00 120.00,1.0000 1.0000 1.0000 1.0000 1.0000 1.0000,0 1 1 1 1 1,0 0 0 0 0 0,1,,no (tile),,,,120.00,,1.0000,,3,yes,6_4 6_4,p2,2222,hand
1727337,6,0,0,5,SSSSSS,not tested,120.00 120.00 120.00 120.00 120.00 120.00,1.0000 1.0000 1.0000 1.0000 1.0000 1.0000,0 1 2 0 1 5,0 0 0 0 0 0,1,,no (tile),,,,120.00,,1.0000,,3,yes,6_4 6_4,p2,2222,hand
1727337,6,0,1,0,SSISSI,not tested,120.00 120.00 120.00 120.00 120.00 120.00,1.0000 1.0000 1.0000 1.0000 1.0000 1.0000,0 0 2 3 3 5,0 1 0 0 1 0,"1,2,3",,no (tile),,,,120.00,,1.0000,,3,yes,6_4 6_4,p2,2222,hand
1727337,6,0,1,1,SISSSS,not tested,120.00 120.00 120.00 120.00 120.00 120.00,1.0000 1.0000 1.0000 1.0000 1.0000 1.0000,0 1 0 0 4 0,0 0 1 0 0 1,1,,no (tile),,,,120.00,,1.0000,,3,yes,6_4 6_4,p2,2222,hand
1727337,6,0,1,2,SSSSSS,not tested,120.00 120.00 120.00 120.00 120.00 120.00,1.0000 1.0000 1.0000 1.0000 1.0000 1.0000,0 1 1 0 1 1,0 0 1 1 0 1,"1,6",,no (tile),,,,120.00,,1.0000,,3,yes,6_4 6_4,p2,2222,hand
1727337,6,0,1,3,SJJJSJ,not tested,120.00 120.00 120.00 120.00 120.00 120.00,1.0000 1.0000 1.0000 1.0000 1.0000 1.0000,0 1 2 1 4 2,0 0 0 2 0 2,6,,no (tile),,,,120.00,,1.0000,,3,yes,6_4 6_4,p2,2222,hand
1727337,6,0,1,4,SSSSSS,not tested,120.00 120.00 120.00 120.00 120.00 120.00,1.0000 1.0000 1.0000 1.0000 1.0000 1.0000,0 1 0 0 1 0,0 0 1 0 1 1,"1,6",,no (tile),,,,120.00,,1.0000,,3,yes,6_4 6_4,p2,2222,hand
1727337,6,0,1,5,SSSISS,not tested,120.00 120.00 120.00 120.00 120.00 120.00,1.0000 1.0000 1.0000 1.0000 1.0000 1.0000,0 1 1 3 1 1,0 0 1 0 0 1,1,,no (tile),,,,120.00,,1.0000,,3,yes,6_4 6_4,p2,2222,hand
1727342,6,0,0,0,SSSSSS,not tested,120.00 120.00 120.00 120.00 120.00 120.00,1.0000 1.0000 1.0000 1.0000 1.0000 1.0000,0 0 0 0 0 0,0 0 1 0 0 0,"1,2",,no (tile),,,,120.00,,1.0000,,3,yes,6_4 6_4,pgg,22x,hand
1727342,6,0,0,1,SSSSSS,not tested,120.00 120.00 120.00 120.00 120.00 120.00,1.0000 1.0000 1.0000 1.0000 1.0000 1.0000,0 0 0 0 0 0,0 0 1 1 0 0,"1,5,6,7",,no (tile),,,,120.00,,1.0000,,3,yes,6_4 6_4,pgg,22x,hand
1727342,6,0,0,2,SSUSSU,not tested,120.00 120.00 120.00 120.00 120.00 120.00,1.0000 1.0000 1.0000 1.0000 1.0000 1.0000,0 1 2 3 0 2,0 0 0 0 1 2,"1,6",,no (tile),,,,120.00,,1.0000,,3,yes,6_4 6_4,pgg,22x,hand
1727342,6,0,0,3,SSSSSS,not tested,120.00 120.00 120.00 120.00 120.00 120.00,1.0000 1.0000 1.0000 1.0000 1.0000 1.0000,0 0 0 0 0 0,0 1 1 0 0 0,"1,5,6,7",,no (tile),,,,120.00,,1.0000,,3,yes,6_4 6_4,pgg,22x,hand
1727342,6,0,0,4,SSSSSS,not tested,120.00 120.00 120.00 120.00 120.00 120.00,1.0000 1.0000 1.0000 1.0000 1.0000 1.0000,0 0 0 0 0 0,0 0 1 0 0 0,"1,2",,no (tile),,,,120.00,,1.0000,,3,yes,6_4 6_4,pgg,22x,hand
1727342,6,0,0,5,SSISSS,not tested,120.00 120.00 120.00 120.00 120.00 120.00,1.0000 1.0000 1.0000 1.0000 1.0000 1.0000,0 0 2 0 0 5,0 1 0 0 1 0,1,,no (tile),,,,120.00,,1.0000,,3,yes,6_4 6_4,pgg,22x,hand
1727342,6,0,1,0,SSSSSI,not tested,120.00 120.00 120.00 120.00 120.00 120.00,1.0000 1.0000 1.0000 1.0000 1.0000 1.0000,0 0 2 0 0 5,0 1 0 0 1 0,1,,no (tile),,,,120.00,,1.0000,,3,yes,6_4 6_4,pgg,22x,hand
1727342,6,0,1,1,SISSSS,not tested,120.00 120.00 120.00 120.00 120.00 120.00,1.0000 1.0000 1.0000 1.0000 1.0000 1.0000,0 1 0 0 0 0,0 0 0 0 1 1,"1,6",,no (tile),,,,120.00,,1.0000,,3,yes,6_4 6_4,pgg,22x,hand
1727342,6,0,1,2,SSSSSS,not tested,120.00 120.00 120.00 120.00 120.00 120.00,1.0000 1.0000 1.0000 1.0000 1.0000 1.0000,0 0 0 0 0 0,0 1 0 1 0 0,"1,2,3,6",,no (tile),,,,120.00,,1.0000,,3,yes,6_4 6_4,pgg,22x,hand
1727342,6,0,1,3,SJUJSU,not tested,120.00 120.00 120.00 120.00 120.00 120.00,1.0000 1.0000 1.0000 1.0000 1.0000 1.0000,0 1 2 1 0 2,0 0 0 2 1 2,"5,6",,no (tile),,,,120.00,,1.0000,,3,yes,6_4 6_4,pgg,22x,hand
1727342,6,0,1,4,SSSSSS,not tested,120.00 120.00 120.00 120.00 120.00 120.00,1.0000 1.0000 1.0000 1.0000 1.0000 1.0000,0 0 0 0 0 0,0 1 0 1 0 0,"1,2,3,6",,no (tile),,,,120.00,,1.0000,,3,yes,6_4 6_4,pgg,22x,hand
1727342,6,0,1,5,SSSISS,not tested,120.00 120.00 120.00 120.00 120.00 120.00,1.0000 1.0000 1.0000 1.0000 1.0000 1.0000,0 0 0 3 0 0,0 1 1 0 1 0,"1,6",,no (tile),,,,120.00,,1.0000,,3,yes,6_4 6_4,pgg,22x,hand
1727384,6,0,0,0,SSSSSS,not needed (covering theorem),120.00 120.00 120.00 120.00 120.00 120.00,1.0000 1.0000 1.0000 1.0000 1.0000 1.0000,0 0 2 2 2 0,0 0 0 0 0 0,,,YES,2,1,2,120.00,,1.0000,,3,yes,6_4 6_4,p2,2222,hand
1727384,6,0,0,1,SSSSSS,not needed (covering theorem),120.00 120.00 120.00 120.00 120.00 120.00,1.0000 1.0000 1.0000 1.0000 1.0000 1.0000,0 0 2 2 2 0,0 0 0 0 0 0,,,YES,2,1,2,120.00,,1.0000,,3,yes,6_4 6_4,p2,2222,hand
1727384,6,0,0,2,SSJSSJ,not tested,120.00 120.00 120.00 120.00 120.00 120.00,1.0000 1.0000 1.0000 1.0000 1.0000 1.0000,0 1 2 3 4 2,0 0 0 0 0 3,1,,no (tile),,,,120.00,,1.0000,,3,yes,6_4 6_4,p2,2222,hand
1727384,6,0,0,3,SSSSSS,not needed (covering theorem),120.00 120.00 120.00 120.00 120.00 120.00,1.0000 1.0000 1.0000 1.0000 1.0000 1.0000,0 0 0 3 3 3,0 0 0 0 0 0,,,YES,2,1,2,120.00,,1.0000,,3,yes,6_4 6_4,p2,2222,hand
1727384,6,0,0,4,SSSSSS,not needed (covering theorem),120.00 120.00 120.00 120.00 120.00 120.00,1.0000 1.0000 1.0000 1.0000 1.0000 1.0000,0 1 1 1 0 0,0 0 0 0 0 0,,,YES,2,1,2,120.00,,1.0000,,3,yes,6_4 6_4,p2,2222,hand
1727384,6,0,0,5,SJSSJS,not tested,120.00 120.00 120.00 120.00 120.00 120.00,1.0000 1.0000 1.0000 1.0000 1.0000 1.0000,0 1 2 3 1 5,0 0 0 0 3 0,1,,no (tile),,,,120.00,,1.0000,,3,yes,6_4 6_4,p2,2222,hand
1727384,6,0,1,0,SSISSI,not tested,120.00 120.00 120.00 120.00 120.00 120.00,1.0000 1.0000 1.0000 1.0000 1.0000 1.0000,0 0 2 3 3 5,0 1 0 0 1 0,"1,2,3",,no (tile),,,,120.00,,1.0000,,3,yes,6_4 6_4,p2,2222,hand
1727384,6,0,1,1,SISSIS,not tested,120.00 120.00 120.00 120.00 120.00 120.00,1.0000 1.0000 1.0000 1.0000 1.0000 1.0000,0 1 2 2 4 0,0 0 0 1 0 1,"1,2,3",,no (tile),,,,120.00,,1.0000,,3,yes,6_4 6_4,p2,2222,hand
1727384,6,0,1,2,SJJSJJ,not needed (covering theorem),120.00 120.00 120.00 120.00 120.00 120.00,1.0000 1.0000 1.0000 1.0000 1.0000 1.0000,0 1 1 3 1 1,0 0 2 0 0 2,,,YES,2,5,2,120.00,,1.0000,,3,yes,6_4 6_4,p2,2222,hand
1727384,6,0,1,3,SSJSSJ,not tested,120.00 120.00 120.00 120.00 120.00 120.00,1.0000 1.0000 1.0000 1.0000 1.0000 1.0000,0 1 2 1 0 2,0 0 0 1 1 2,6,,no (tile),,,,120.00,,1.0000,,3,yes,6_4 6_4,p2,2222,hand
1727384,6,0,1,4,SJSSJS,not tested,120.00 120.00 120.00 120.00 120.00 120.00,1.0000 1.0000 1.0000 1.0000 1.0000 1.0000,0 1 0 3 1 3,0 0 1 0 2 1,6,,no (tile),,,,120.00,,1.0000,,3,yes,6_4 6_4,p2,2222,hand
1727384,6,0,1,5,SJJSJJ,not needed (covering theorem),120.00 120.00 120.00 120.00 120.00 120.00,1.0000 1.0000 1.0000 1.0000 1.0000 1.0000,0 1 1 3 1 1,0 0 2 0 0 2,,,YES,2,5,2,120.00,,1.0000,,3,yes,6_4 6_4,p2,2222,hand
1727385,6,0,0,0,SSISSS,not tested,120.00 120.00 120.00 120.00 120.00 120.00,1.0000 1.0000 1.0000 1.0000 1.0000 1.0000,0 0 2 0 0 0,0 0 0 0 1 0,"1,2",,no (tile),,,,120.00,,1.0000,,3,yes,6_4 6_4,pgg,22x,hand
1727385,6,0,0,1,SSSSIS,not tested,120.00 120.00 120.00 120.00 120.00 120.00,1.0000 1.0000 1.0000 1.0000 1.0000 1.0000,0 0 0 0 4 0,0 0 1 0 0 0,"1,2",,no (tile),,,,120.00,,1.0000,,3,yes,6_4 6_4,pgg,22x,hand
1727385,6,0,0,2,SSSSSS,not tested,120.00 120.00 120.00 120.00 120.00 120.00,1.0000 1.0000 1.0000 1.0000 1.0000 1.0000,0 1 2 0 2 2,0 0 0 1 1 0,"1,6",,no (tile),,,,120.00,,1.0000,,3,yes,6_4 6_4,pgg,22x,hand
1727385,6,0,0,3,SSSSSS,not tested,120.00 120.00 120.00 120.00 120.00 120.00,1.0000 1.0000 1.0000 1.0000 1.0000 1.0000,0 0 0 0 0 0,0 0 0 1 1 1,6,,no (tile),,,,120.00,,1.0000,,3,yes,6_4 6_4,pgg,22x,hand
1727385,6,0,0,4,SSSSSS,not tested,120.00 120.00 120.00 120.00 120.00 120.00,1.0000 1.0000 1.0000 1.0000 1.0000 1.0000,0 0 0 0 0 0,0 1 1 1 0 0,6,,no (tile),,,,120.00,,1.0000,,3,yes,6_4 6_4,pgg,22x,hand
1727385,6,0,0,5,SSSSSS,not tested,120.00 120.00 120.00 120.00 120.00 120.00,1.0000 1.0000 1.0000 1.0000 1.0000 1.0000,0 1 1 0 1 5,0 0 1 1 0 0,"1,6",,no (tile),,,,120.00,,1.0000,,3,yes,6_4 6_4,pgg,22x,hand
1727385,6,0,1,0,SSSSSI,not tested,120.00 120.00 120.00 120.00 120.00 120.00,1.0000 1.0000 1.0000 1.0000 1.0000 1.0000,0 0 0 0 0 5,0 1 0 0 0 0,"1,2",,no (tile),,,,120.00,,1.0000,,3,yes,6_4 6_4,pgg,22x,hand
1727385,6,0,1,1,SISSSS,not tested,120.00 120.00 120.00 120.00 120.00 120.00,1.0000 1.0000 1.0000 1.0000 1.0000 1.0000,0 1 0 0 0 0,0 0 0 0 0 1,"1,2",,no (tile),,,,120.00,,1.0000,,3,yes,6_4 6_4,pgg,22x,hand
1727385,6,0,1,2,SSSSSS,not tested,120.00 120.00 120.00 120.00 120.00 120.00,1.0000 1.0000 1.0000 1.0000 1.0000 1.0000,0 1 1 0 4 1,0 0 1 1 0 1,"1,6",,no (tile),,,,120.00,,1.0000,,3,yes,6_4 6_4,pgg,22x,hand
1727385,6,0,1,3,SSSSSS,not tested,120.00 120.00 120.00 120.00 120.00 120.00,1.0000 1.0000 1.0000 1.0000 1.0000 1.0000,0 0 0 0 0 0,0 0 0 1 1 1,6,,no (tile),,,,120.00,,1.0000,,3,yes,6_4 6_4,pgg,22x,hand
1727385,6,0,1,4,SSSSSS,not tested,120.00 120.00 120.00 120.00 120.00 120.00,1.0000 1.0000 1.0000 1.0000 1.0000 1.0000,0 0 0 0 0 0,0 1 1 1 0 0,6,,no (tile),,,,120.00,,1.0000,,3,yes,6_4 6_4,pgg,22x,hand
1727385,6,0,1,5,SSSSSS,not tested,120.00 120.00 120.00 120.00 120.00 120.00,1.0000 1.0000 1.0000 1.0000 1.0000 1.0000,0 1 2 0 1 1,0 0 0 1 0 1,"1,6",,no (tile),,,,120.00,,1.0000,,3,yes,6_4 6_4,pgg,22x,hand
1727967,6,0,0,0,IIIIII,not tested,120.00 120.00 120.00 120.00 120.00 120.00,1.0000 1.0000 1.0000 1.0000 1.0000 1.0000,0 0 2 2 0 2,0 0 0 0 0 0,"1,2,3,4,5,6,7",,no (tile),,,,120.00,,1.0000,,3,yes,6_2 6_2,pg,1xx,hand
1727967,6,0,0,1,JJJJJJ,not tested,120.00 120.00 120.00 120.00 120.00 120.00,1.0000 1.0000 1.0000 1.0000 1.0000 1.0000,0 0 2 0 0 2,0 2 0 3 1 3,"3,4",,no (tile),,,,120.00,,1.0000,,3,yes,6_2 6_2,pg,1xx,hand
1727967,6,0,0,2,IIIIII,not tested,120.00 120.00 120.00 120.00 120.00 120.00,1.0000 1.0000 1.0000 1.0000 1.0000 1.0000,0 0 2 0 2 2,0 0 0 0 0 0,"1,2,3,4,5,6,7",,no (tile),,,,120.00,,1.0000,,3,yes,6_2 6_2,pg,1xx,hand
1727967,6,0,0,3,JJJJJJ,not needed (covering theorem),120.00 120.00 120.00 120.00 120.00 120.00,1.0000 1.0000 1.0000 1.0000 1.0000 1.0000,0 0 0 0 0 0,0 2 1 2 1 2,,,YES,2,3,2,120.00,,1.0000,,3,yes,6_2 6_2,pg,1xx,hand
1727967,6,0,0,4,JJJSSJ,not tested,120.00 120.00 120.00 120.00 120.00 120.00,1.0000 1.0000 1.0000 1.0000 1.0000 1.0000,0 0 2 3 4 2,0 2 0 0 0 3,2,,no (tile),,,,120.00,,1.0000,,3,yes,6_2 6_2,pg,1xx,hand
1727967,6,0,0,5,JJJJJJ,not needed (covering theorem),120.00 120.00 120.00 120.00 120.00 120.00,1.0000 1.0000 1.0000 1.0000 1.0000 1.0000,0 0 0 0 0 0,0 2 0 3 0 3,,,YES,2,3,2,120.00,,1.0000,,3,yes,6_2 6_2,pg,1xx,hand
1727967,6,0,1,0,JJJJJJ,not needed (covering theorem),120.00 120.00 120.00 120.00 120.00 120.00,1.0000 1.0000 1.0000 1.0000 1.0000 1.0000,0 0 0 0 0 0,0 2 0 2 1 3,,,YES,2,5,2,120.00,,1.0000,,3,yes,6_2 6_2,pg,1xx,hand
1727967,6,0,1,1,JJJJJJ,not tested,120.00 120.00 120.00 120.00 120.00 120.00,1.0000 1.0000 1.0000 1.0000 1.0000 1.0000,0 0 2 0 0 2,0 2 0 0 2 3,"3,5",,no (tile),,,,120.00,,1.0000,,3,yes,6_2 6_2,pg,1xx,hand
1727967,6,0,1,2,JJJJJJ,not needed (covering theorem),120.00 120.00 120.00 120.00 120.00 120.00,1.0000 1.0000 1.0000 1.0000 1.0000 1.0000,0 0 0 0 0 0,0 2 1 3 0 2,,,YES,2,5,2,120.00,,1.0000,,3,yes,6_2 6_2,pg,1xx,hand
1727967,6,0,1,3,IIIIII,not tested,120.00 120.00 120.00 120.00 120.00 120.00,1.0000 1.0000 1.0000 1.0000 1.0000 1.0000,0 0 0 3 0 0,0 0 0 0 0 0,"1,2,3,4,5,6,7",,no (tile),,,,120.00,,1.0000,,3,yes,6_2 6_2,pg,1xx,hand
1727967,6,0,1,4,JJJJJJ,not tested,120.00 120.00 120.00 120.00 120.00 120.00,1.0000 1.0000 1.0000 1.0000 1.0000 1.0000,0 0 2 3 3 2,0 2 0 0 2 3,3,,no (tile),,,,120.00,,1.0000,,3,yes,6_2 6_2,pg,1xx,hand
1727967,6,0,1,5,IIIIII,not tested,120.00 120.00 120.00 120.00 120.00 120.00,1.0000 1.0000 1.0000 1.0000 1.0000 1.0000,0 0 0 0 4 0,0 0 0 0 0 0,"1,2,3,4,5,6,7",,no (tile),,,,120.00,,1.0000,,3,yes,6_2 6_2,pg,1xx,hand
1728357,6,0,0,0,SJJSJJ,not needed (covering theorem),120.00 120.00 120.00 120.00 120.00 120.00,1.0000 1.0000 1.0000 1.0000 1.0000 1.0000,0 1 1 3 1 1,0 0 2 0 0 2,,,YES,2,5,2,120.00,,1.0000,,3,yes,6_4 6_4,pg,1xx,hand
1728357,6,0,0,1,IIIIII,not tested,120.00 120.00 120.00 120.00 120.00 120.00,1.0000 1.0000 1.0000 1.0000 1.0000 1.0000,0 0 2 0 0 0,0 0 0 0 0 0,"1,2,3,4,5,6,7",,no (tile),,,,120.00,,1.0000,,3,yes,6_4 6_4,pg,1xx,hand
1728357,6,0,0,2,JJJJJJ,not needed (covering theorem),120.00 120.00 120.00 120.00 120.00 120.00,1.0000 1.0000 1.0000 1.0000 1.0000 1.0000,0 0 0 0 0 0,0 0 3 1 2 2,,,YES,2,5,2,120.00,,1.0000,,3,yes,6_4 6_4,pg,1xx,hand
1728357,6,0,0,3,JJJJJJ,not tested,120.00 120.00 120.00 120.00 120.00 120.00,1.0000 1.0000 1.0000 1.0000 1.0000 1.0000,0 1 2 0 2 1,0 0 0 3 2 2,5,,no (tile),,,,120.00,,1.0000,,3,yes,6_4 6_4,pg,1xx,hand
1728357,6,0,0,4,JJJJJJ,not needed (covering theorem),120.00 120.00 120.00 120.00 120.00 120.00,1.0000 1.0000 1.0000 1.0000 1.0000 1.0000,0 0 0 0 0 0,0 2 2 1 3 0,,,YES,2,5,2,120.00,,1.0000,,3,yes,6_4 6_4,pg,1xx,hand
1728357,6,0,0,5,IIIIII,not tested,120.00 120.00 120.00 120.00 120.00 120.00,1.0000 1.0000 1.0000 1.0000 1.0000 1.0000,0 0 0 0 4 0,0 0 0 0 0 0,"1,2,3,4,5,6,7",,no (tile),,,,120.00,,1.0000,,3,yes,6_4 6_4,pg,1xx,hand
1728357,6,0,1,0,JJJJJJ,not tested,120.00 120.00 120.00 120.00 120.00 120.00,1.0000 1.0000 1.0000 1.0000 1.0000 1.0000,0 0 0 0 0 0,0 0 0 2 3 2,3,,no (tile),,,,120.00,,1.0000,,3,yes,6_4 6_4,pg,1xx,hand
1728357,6,0,1,1,IJJIJJ,not tested,120.00 120.00 120.00 120.00 120.00 120.00,1.0000 1.0000 1.0000 1.0000 1.0000 1.0000,0 1 1 3 1 1,0 0 1 0 3 2,"4,5",,no (tile),,,,120.00,,1.0000,,3,yes,6_4 6_4,pg,1xx,hand
1728357,6,0,1,2,JJJJJJ,not tested,120.00 120.00 120.00 120.00 120.00 120.00,1.0000 1.0000 1.0000 1.0000 1.0000 1.0000,0 0 0 0 0 0,0 2 3 2 0 0,3,,no (tile),,,,120.00,,1.0000,,3,yes,6_4 6_4,pg,1xx,hand
1728357,6,0,1,3,JJJJJJ,not tested,120.00 120.00 120.00 120.00 120.00 120.00,1.0000 1.0000 1.0000 1.0000 1.0000 1.0000,0 0 0 0 0 0,0 1 2 1 2 3,"5,7",,no (tile),,,,120.00,,1.0000,,3,yes,6_4 6_4,pg,1xx,hand
1728357,6,0,1,4,JJSJSJ,not tested,120.00 120.00 120.00 120.00 120.00 120.00,1.0000 1.0000 1.0000 1.0000 1.0000 1.0000,0 1 2 0 4 1,0 0 0 2 0 2,6,,no (tile),,,,120.00,,1.0000,,3,yes,6_4 6_4,pg,1xx,hand
1728357,6,0,1,5,JJJJJJ,not tested,120.00 120.00 120.00 120.00 120.00 120.00,1.0000 1.0000 1.0000 1.0000 1.0000 1.0000,0 0 0 0 0 0,0 3 2 1 2 1,"5,7",,no (tile),,,,120.00,,1.0000,,3,yes,6_4 6_4,pg,1xx,hand
1728474,6,0,0,0,SJSSJS,not tested,120.00 120.00 120.00 120.00 120.00 120.00,1.0000 1.0000 1.0000 1.0000 1.0000 1.0000,0 1 2 3 1 5,0 0 0 0 3 0,1,,no (tile),,,,120.00,,1.0000,,3,yes,6_4 6_4,p1,o1,hand
1728474,6,0,0,1,JJJJJJ,not tested,120.00 120.00 120.00 120.00 120.00 120.00,1.0000 1.0000 1.0000 1.0000 1.0000 1.0000,0 0 0 0 0 0,0 3 0 3 0 3,"4,7",,no (tile),,,,120.00,,1.0000,,3,yes,6_4 6_4,p1,o1,hand
1728474,6,0,0,2,JJJJJJ,not tested,120.00 120.00 120.00 120.00 120.00 120.00,1.0000 1.0000 1.0000 1.0000 1.0000 1.0000,0 0 0 0 0 0,0 3 3 3 0 0,4,,no (tile),,,,120.00,,1.0000,,3,yes,6_4 6_4,p1,o1,hand
1728474,6,0,0,3,JJJJJJ,not tested,120.00 120.00 120.00 120.00 120.00 120.00,1.0000 1.0000 1.0000 1.0000 1.0000 1.0000,0 1 2 0 1 2,0 0 0 3 3 3,4,,no (tile),,,,120.00,,1.0000,,3,yes,6_4 6_4,p1,o1,hand
1728474,6,0,0,4,JJJJJJ,not tested,120.00 120.00 120.00 120.00 120.00 120.00,1.0000 1.0000 1.0000 1.0000 1.0000 1.0000,0 0 0 0 0 0,0 0 3 3 3 0,4,,no (tile),,,,120.00,,1.0000,,3,yes,6_4 6_4,p1,o1,hand
1728474,6,0,0,5,JJJJJJ,not tested,120.00 120.00 120.00 120.00 120.00 120.00,1.0000 1.0000 1.0000 1.0000 1.0000 1.0000,0 0 0 0 0 0,0 3 0 3 0 3,"4,7",,no (tile),,,,120.00,,1.0000,,3,yes,6_4 6_4,p1,o1,hand
1728474,6,0,1,0,JJJJJJ,not tested,120.00 120.00 120.00 120.00 120.00 120.00,1.0000 1.0000 1.0000 1.0000 1.0000 1.0000,0 1 2 2 1 0,0 0 0 2 3 2,3,,no (tile),,,,120.00,,1.0000,,3,yes,6_4 6_4,p1,o1,hand
1728474,6,0,1,1,IJJIJJ,not tested,120.00 120.00 120.00 120.00 120.00 120.00,1.0000 1.0000 1.0000 1.0000 1.0000 1.0000,0 1 1 3 1 1,0 0 1 0 3 2,"4,5",,no (tile),,,,120.00,,1.0000,,3,yes,6_4 6_4,p1,o1,hand
1728474,6,0,1,2,JJJJJJ,not needed (covering theorem),-1681.61 1923.22 -1681.61 118.39 1923.22 118.39,1.0000 1.0000 1.1513 1.0000 1.0000 1.1513,0 0 2 0 0 2,0 2 0 3 1 2,,,YES,2,"4,5",2,118.39,,0.8686,,3,yes,6_4 6_4,p1,o1,hand
1728474,6,0,1,3,JJJJJJ,not tested,120.00 120.00 120.00 120.00 120.00 120.00,1.0000 1.0000 1.0000 1.0000 1.0000 1.0000,0 1 0 3 1 3,0 0 2 0 3 2,5,,no (tile),,,,120.00,,1.0000,,3,yes,6_4 6_4,p1,o1,hand
1728474,6,0,1,4,JJJJJJ,not needed (covering theorem),118.40 118.40 123.20 118.40 118.40 123.20,1.0000 0.8688 0.8688 1.0000 0.8688 0.8688,0 1 1 0 1 1,0 0 2 2 3 1,,,YES,2,4,2,118.40,,0.8688,,3,yes,6_4 6_4,p1,o1,hand
1728474,6,0,1,5,JJIJJI,not tested,120.00 120.00 120.00 120.00 120.00 120.00,1.0000 1.0000 1.0000 1.0000 1.0000 1.0000,0 0 2 0 0 5,0 1 0 3 2 0,"4,5",,no (tile),,,,120.00,,1.0000,,3,yes,6_4 6_4,p1,o1,hand
1728475,6,0,0,0,SJJJJS,not tested,120.00 120.00 120.00 120.00 120.00 120.00,1.0000 1.0000 1.0000 1.0000 1.0000 1.0000,0 1 2 2 1 5,0 0 0 2 3 0,2,,no (tile),,,,120.00,,1.0000,,3,yes,6_4 6_4,pg,1xx,hand
1728475,6,0,0,1,IIIIII,not tested,120.00 120.00 120.00 120.00 120.00 120.00,1.0000 1.0000 1.0000 1.0000 1.0000 1.0000,0 0 0 3 0 0,0 0 0 0 0 0,"1,2,3,4,5,6,7",,no (tile),,,,120.00,,1.0000,,3,yes,6_4 6_4,pg,1xx,hand
1728475,6,0,0,2,JJJJJJ,not needed (covering theorem),120.00 120.00 120.00 120.00 120.00 120.00,1.0000 1.0000 1.0000 1.0000 1.0000 1.0000,0 0 0 0 0 0,0 2 3 3 1 1,,,YES,2,5,2,120.00,,1.0000,,3,yes,6_4 6_4,pg,1xx,hand
1728475,6,0,0,3,JJJJJJ,not tested,120.00 120.00 120.00 120.00 120.00 120.00,1.0000 1.0000 1.0000 1.0000 1.0000 1.0000,0 1 0 0 1 0,0 0 2 3 3 1,"4,5",,no (tile),,,,120.00,,1.0000,,3,yes,6_4 6_4,pg,1xx,hand
1728475,6,0,0,4,JJJJJJ,not needed (covering theorem),120.00 120.00 120.00 120.00 120.00 120.00,1.0000 1.0000 1.0000 1.0000 1.0000 1.0000,0 0 0 0 0 0,0 0 2 2 3 1,,,YES,2,5,2,120.00,,1.0000,,3,yes,6_4 6_4,pg,1xx,hand
1728475,6,0,0,5,IIIIII,not tested,120.00 120.00 120.00 120.00 120.00 120.00,1.0000 1.0000 1.0000 1.0000 1.0000 1.0000,0 0 2 0 0 0,0 0 0 0 0 0,"1,2,3,4,5,6,7",,no (tile),,,,120.00,,1.0000,,3,yes,6_4 6_4,pg,1xx,hand
1728475,6,0,1,0,JJSSJJ,not tested,120.00 120.00 120.00 120.00 120.00 120.00,1.0000 1.0000 1.0000 1.0000 1.0000 1.0000,0 1 2 3 1 0,0 0 0 0 3 2,2,,no (tile),,,,120.00,,1.0000,,3,yes,6_4 6_4,pg,1xx,hand
1728475,6,0,1,1,IIIIII,not tested,120.00 120.00 120.00 120.00 120.00 120.00,1.0000 1.0000 1.0000 1.0000 1.0000 1.0000,0 1 1 1 1 1,0 0 0 0 0 0,"1,2,3,4,5,6,7",,no (tile),,,,120.00,,1.0000,,3,yes,6_4 6_4,pg,1xx,hand
1728475,6,0,1,2,JJJJJJ,not needed (covering theorem),120.00 120.00 120.00 120.00 120.00 120.00,1.0000 1.0000 1.0000 1.0000 1.0000 1.0000,0 0 0 0 0 0,0 2 2 3 1 0,,,YES,2,"4,5",2,120.00,,1.0000,,3,yes,6_4 6_4,pg,1xx,hand
1728475,6,0,1,3,JJJJJJ,not tested,120.00 120.00 120.00 120.00 120.00 120.00,1.0000 1.0000 1.0000 1.0000 1.0000 1.0000,0 1 0 0 1 0,0 0 2 3 3 1,"4,5",,no (tile),,,,120.00,,1.0000,,3,yes,6_4 6_4,pg,1xx,hand
1728475,6,0,1,4,JJJJJJ,not needed (covering theorem),120.00 120.00 120.00 120.00 120.00 120.00,1.0000 1.0000 1.0000 1.0000 1.0000 1.0000,0 0 0 0 0 0,0 1 3 2 2 0,,,YES,2,"4,5",2,120.00,,1.0000,,3,yes,6_4 6_4,pg,1xx,hand
1728475,6,0,1,5,IIIIII,not tested,120.00 120.00 120.00 120.00 120.00 120.00,1.0000 1.0000 1.0000 1.0000 1.0000 1.0000,0 0 0 0 0 5,0 0 0 0 0 0,"1,2,3,4,5,6,7",,no (tile),,,,120.00,,1.0000,,3,yes,6_4 6_4,pg,1xx,hand
1728480,6,0,0,0,SJJJSJ,not tested,120.00 120.00 120.00 120.00 120.00 120.00,1.0000 1.0000 1.0000 1.0000 1.0000 1.0000,0 1 2 1 4 2,0 0 0 2 0 2,6,,no (tile),,,,120.00,,1.0000,,3,yes,6_4 6_4,pg,1xx,hand
1728480,6,0,0,1,JJJJJJ,not needed (covering theorem),120.00 120.00 120.00 120.00 120.00 120.00,1.0000 1.0000 1.0000 1.0000 1.0000 1.0000,0 0 0 0 0 0,0 3 0 2 1 2,,,YES,2,5,2,120.00,,1.0000,,3,yes,6_4 6_4,pg,1xx,hand
1728480,6,0,0,2,IIIIII,not tested,120.00 120.00 120.00 120.00 120.00 120.00,1.0000 1.0000 1.0000 1.0000 1.0000 1.0000,0 0 0 3 0 0,0 0 0 0 0 0,"1,2,3,4,5,6,7",,no (tile),,,,120.00,,1.0000,,3,yes,6_4 6_4,pg,1xx,hand
1728480,6,0,0,3,JJJJJJ,not needed (covering theorem),-1681.61 1923.22 -1681.61 118.39 1923.22 118.39,1.0000 1.0000 1.1513 1.0000 1.0000 1.1513,0 0 2 0 0 2,0 2 0 3 1 2,,,YES,2,5,2,118.39,,0.8686,,3,yes,6_4 6_4,pg,1xx,hand
1728480,6,0,0,4,IIIIII,not tested,120.00 120.00 120.00 120.00 120.00 120.00,1.0000 1.0000 1.0000 1.0000 1.0000 1.0000,0 1 0 0 0 0,0 0 0 0 0 0,"1,2,3,4,5,6,7",,no (tile),,,,120.00,,1.0000,,3,yes,6_4 6_4,pg,1xx,hand
1728480,6,0,0,5,JJJJJJ,not needed (covering theorem),120.00 120.00 120.00 120.00 120.00 120.00,1.0000 1.0000 1.0000 1.0000 1.0000 1.0000,0 0 0 0 0 0,0 3 1 2 1 3,,,YES,2,5,2,120.00,,1.0000,,3,yes,6_4 6_4,pg,1xx,hand
1728480,6,0,1,0,JJJJJJ,not needed (covering theorem),120.00 120.00 120.00 120.00 120.00 120.00,1.0000 1.0000 1.0000 1.0000 1.0000 1.0000,0 0 0 0 0 0,0 3 0 2 1 2,,,YES,2,5,2,120.00,,1.0000,,3,yes,6_4 6_4,pg,1xx,hand
1728480,6,0,1,1,IIIIII,not tested,120.00 120.00 120.00 120.00 120.00 120.00,1.0000 1.0000 1.0000 1.0000 1.0000 1.0000,0 1 1 1 1 1,0 0 0 0 0 0,"1,2,3,4,5,6,7",,no (tile),,,,120.00,,1.0000,,3,yes,6_4 6_4,pg,1xx,hand
1728480,6,0,1,2,JJJJJJ,not needed (covering theorem),-1681.61 1923.22 -1681.61 118.39 1923.22 118.39,1.0000 1.0000 1.1513 1.0000 1.0000 1.1513,0 0 2 0 0 2,0 2 0 3 1 2,,,YES,2,"4,5",2,118.39,,0.8686,,3,yes,6_4 6_4,pg,1xx,hand
1728480,6,0,1,3,IIIIII,not tested,120.00 120.00 120.00 120.00 120.00 120.00,1.0000 1.0000 1.0000 1.0000 1.0000 1.0000,0 0 0 0 4 0,0 0 0 0 0 0,"1,2,3,4,5,6,7",,no (tile),,,,120.00,,1.0000,,3,yes,6_4 6_4,pg,1xx,hand
1728480,6,0,1,4,JJJJJJ,not needed (covering theorem),120.00 120.00 120.00 120.00 120.00 120.00,1.0000 1.0000 1.0000 1.0000 1.0000 1.0000,0 0 0 0 0 0,0 3 1 2 1 3,,,YES,2,5,2,120.00,,1.0000,,3,yes,6_4 6_4,pg,1xx,hand
1728480,6,0,1,5,JSJSJJ,not tested,120.00 120.00 120.00 120.00 120.00 120.00,1.0000 1.0000 1.0000 1.0000 1.0000 1.0000,0 1 2 3 0 2,0 0 0 0 2 2,6,,no (tile),,,,120.00,,1.0000,,3,yes,6_4 6_4,pg,1xx,hand
