id,m,si,orient,off,curves,patch_ov,angles,lengths,whichEdge,mapping,iso_criteria,deep_criteria,aniso,min_block,block_criteria,block_bound,min_angle,spike_fatal,edge_ratio,on_clamp,vertex_figure,vdeg_match,homeo,wp,orbifold,evidence
107,8,0,0,0,IIIIIIII,not tested,90.00 180.00 90.00 180.00 90.00 180.00 90.00 180.00,1.0000 1.0000 1.0000 1.0000 1.0000 1.0000 1.0000 1.0000,0 0 0 0 0 0 0 0,0 0 0 0 0 0 0 0,"1,2,3,4,5,6,9",,no (tile),,,,90.00,,1.0000,,3,yes,6_4 6_4,pmm,*2222,L3
107,8,0,0,4,IIIIIIII,not tested,90.00 180.00 90.00 180.00 90.00 180.00 90.00 180.00,1.0000 1.0000 1.0000 1.0000 1.0000 1.0000 1.0000 1.0000,0 0 0 0 0 0 0 0,0 0 0 0 0 0 0 0,"1,2,3,4,5,6,9",,no (tile),,,,90.00,,1.0000,,3,yes,6_4 6_4,pmm,*2222,L3
107,8,0,1,2,IIIIIIII,not tested,90.00 180.00 90.00 180.00 90.00 180.00 90.00 180.00,1.0000 1.0000 1.0000 1.0000 1.0000 1.0000 1.0000 1.0000,0 0 0 0 0 0 0 0,0 0 0 0 0 0 0 0,"1,2,3,4,5,6,9",,no (tile),,,,90.00,,1.0000,,3,yes,6_4 6_4,pmm,*2222,L3
107,8,0,1,6,IIIIIIII,not tested,90.00 180.00 90.00 180.00 90.00 180.00 90.00 180.00,1.0000 1.0000 1.0000 1.0000 1.0000 1.0000 1.0000 1.0000,0 0 0 0 0 0 0 0,0 0 0 0 0 0 0 0,"1,2,3,4,5,6,9",,no (tile),,,,90.00,,1.0000,,3,yes,6_4 6_4,pmm,*2222,L3
186,8,1,0,0,IIIIIIII,not tested,90.00 180.00 90.00 180.00 90.00 180.00 90.00 180.00,1.0000 1.0000 1.0000 1.0000 1.0000 1.0000 1.0000 1.0000,0 0 0 0 0 0 0 0,0 0 0 0 0 0 0 0,"1,2,3,4,5,6,9",,no (tile),,,,90.00,,1.0000,,3 4,yes,4_2 5_1,cmm,2*22,L3
186,8,1,0,4,IIIIIIII,not tested,90.00 180.00 90.00 180.00 90.00 180.00 90.00 180.00,1.0000 1.0000 1.0000 1.0000 1.0000 1.0000 1.0000 1.0000,0 0 0 0 0 0 0 0,0 0 0 0 0 0 0 0,"1,2,3,4,5,6,9",,no (tile),,,,90.00,,1.0000,,3 4,yes,4_2 5_1,cmm,2*22,L3
186,8,1,1,2,IIIIIIII,not tested,90.00 180.00 90.00 180.00 90.00 180.00 90.00 180.00,1.0000 1.0000 1.0000 1.0000 1.0000 1.0000 1.0000 1.0000,0 0 0 0 0 0 0 0,0 0 0 0 0 0 0 0,"1,2,3,4,5,6,9",,no (tile),,,,90.00,,1.0000,,3 4,yes,4_2 5_1,cmm,2*22,L3
186,8,1,1,6,IIIIIIII,not tested,90.00 180.00 90.00 180.00 90.00 180.00 90.00 180.00,1.0000 1.0000 1.0000 1.0000 1.0000 1.0000 1.0000 1.0000,0 0 0 0 0 0 0 0,0 0 0 0 0 0 0 0,"1,2,3,4,5,6,9",,no (tile),,,,90.00,,1.0000,,3 4,yes,4_2 5_1,cmm,2*22,L3
311,8,0,0,2,IIIIIIII,not tested,90.00 180.00 90.00 180.00 90.00 180.00 90.00 180.00,1.0000 1.0000 1.0000 1.0000 1.0000 1.0000 1.0000 1.0000,0 0 0 0 0 0 0 0,0 0 0 0 0 0 0 0,"1,2,3,4,5,6,9",,no (tile),,,,90.00,,1.0000,,3 4,yes,5_2 6_4,pmm,*2222,L3
311,8,0,0,6,IIIIIIII,not tested,90.00 180.00 90.00 180.00 90.00 180.00 90.00 180.00,1.0000 1.0000 1.0000 1.0000 1.0000 1.0000 1.0000 1.0000,0 0 0 0 0 0 0 0,0 0 0 0 0 0 0 0,"1,2,3,4,5,6,9",,no (tile),,,,90.00,,1.0000,,3 4,yes,5_2 6_4,pmm,*2222,L3
311,8,0,1,0,IIIIIIII,not tested,90.00 180.00 90.00 180.00 90.00 180.00 90.00 180.00,1.0000 1.0000 1.0000 1.0000 1.0000 1.0000 1.0000 1.0000,0 0 0 0 0 0 0 0,0 0 0 0 0 0 0 0,"1,2,3,4,5,6,9",,no (tile),,,,90.00,,1.0000,,3 4,yes,5_2 6_4,pmm,*2222,L3
311,8,0,1,4,IIIIIIII,not tested,90.00 180.00 90.00 180.00 90.00 180.00 90.00 180.00,1.0000 1.0000 1.0000 1.0000 1.0000 1.0000 1.0000 1.0000,0 0 0 0 0 0 0 0,0 0 0 0 0 0 0 0,"1,2,3,4,5,6,9",,no (tile),,,,90.00,,1.0000,,3 4,yes,5_2 6_4,pmm,*2222,L3
341,8,0,0,2,IIIIIIII,not tested,90.00 90.00 180.00 180.00 90.00 90.00 180.00 180.00,1.0000 1.0000 1.0000 1.0000 1.0000 1.0000 1.0000 1.0000,0 0 0 0 0 0 0 0,0 0 0 0 0 0 0 0,"1,2,3,4,5,6",,no (tile),,,,90.00,,1.0000,,3 4,yes,4_4 6_2,p4g,4*2,L3
341,8,0,0,6,IIIIIIII,not tested,90.00 90.00 180.00 180.00 90.00 90.00 180.00 180.00,1.0000 1.0000 1.0000 1.0000 1.0000 1.0000 1.0000 1.0000,0 0 0 0 0 0 0 0,0 0 0 0 0 0 0 0,"1,2,3,4,5,6",,no (tile),,,,90.00,,1.0000,,3 4,yes,4_4 6_2,p4g,4*2,L3
341,8,0,1,3,IIIIIIII,not tested,90.00 90.00 180.00 180.00 90.00 90.00 180.00 180.00,1.0000 1.0000 1.0000 1.0000 1.0000 1.0000 1.0000 1.0000,0 0 0 0 0 0 0 0,0 0 0 0 0 0 0 0,"1,2,3,4,5,6",,no (tile),,,,90.00,,1.0000,,3 4,yes,4_4 6_2,p4g,4*2,L3
341,8,0,1,7,IIIIIIII,not tested,90.00 90.00 180.00 180.00 90.00 90.00 180.00 180.00,1.0000 1.0000 1.0000 1.0000 1.0000 1.0000 1.0000 1.0000,0 0 0 0 0 0 0 0,0 0 0 0 0 0 0 0,"1,2,3,4,5,6",,no (tile),,,,90.00,,1.0000,,3 4,yes,4_4 6_2,p4g,4*2,L3
341,8,2,0,0,IIIIIIII,not tested,90.00 180.00 180.00 90.00 90.00 180.00 180.00 90.00,1.0000 1.0000 1.0000 1.0000 1.0000 1.0000 1.0000 1.0000,0 0 0 0 0 0 0 0,0 0 0 0 0 0 0 0,"1,2,3,4,5,6",,no (tile),,,,90.00,,1.0000,,3 4,yes,4_4 6_2,p4g,4*2,L3
341,8,2,0,4,IIIIIIII,not tested,90.00 180.00 180.00 90.00 90.00 180.00 180.00 90.00,1.0000 1.0000 1.0000 1.0000 1.0000 1.0000 1.0000 1.0000,0 0 0 0 0 0 0 0,0 0 0 0 0 0 0 0,"1,2,3,4,5,6",,no (tile),,,,90.00,,1.0000,,3 4,yes,4_4 6_2,p4g,4*2,L3
341,8,2,1,3,IIIIIIII,not tested,90.00 180.00 180.00 90.00 90.00 180.00 180.00 90.00,1.0000 1.0000 1.0000 1.0000 1.0000 1.0000 1.0000 1.0000,0 0 0 0 0 0 0 0,0 0 0 0 0 0 0 0,"1,2,3,4,5,6",,no (tile),,,,90.00,,1.0000,,3 4,yes,4_4 6_2,p4g,4*2,L3
341,8,2,1,7,IIIIIIII,not tested,90.00 180.00 180.00 90.00 90.00 180.00 180.00 90.00,1.0000 1.0000 1.0000 1.0000 1.0000 1.0000 1.0000 1.0000,0 0 0 0 0 0 0 0,0 0 0 0 0 0 0 0,"1,2,3,4,5,6",,no (tile),,,,90.00,,1.0000,,3 4,yes,4_4 6_2,p4g,4*2,L3
520,8,2,0,2,IIIIIIII,not tested,90.00 180.00 90.00 180.00 90.00 180.00 90.00 180.00,1.0000 1.0000 1.0000 1.0000 1.0000 1.0000 1.0000 1.0000,0 0 0 0 0 0 0 0,0 0 0 0 0 0 0 0,"1,2,3,4,5,6,9",,no (tile),,,,90.00,,1.0000,,3 4,yes,4_1 5_1,cmm,2*22,L3
520,8,2,0,6,IIIIIIII,not tested,90.00 180.00 90.00 180.00 90.00 180.00 90.00 180.00,1.0000 1.0000 1.0000 1.0000 1.0000 1.0000 1.0000 1.0000,0 0 0 0 0 0 0 0,0 0 0 0 0 0 0 0,"1,2,3,4,5,6,9",,no (tile),,,,90.00,,1.0000,,3 4,yes,4_1 5_1,cmm,2*22,L3
520,8,2,1,0,IIIIIIII,not tested,90.00 180.00 90.00 180.00 90.00 180.00 90.00 180.00,1.0000 1.0000 1.0000 1.0000 1.0000 1.0000 1.0000 1.0000,0 0 0 0 0 0 0 0,0 0 0 0 0 0 0 0,"1,2,3,4,5,6,9",,no (tile),,,,90.00,,1.0000,,3 4,yes,4_1 5_1,cmm,2*22,L3
520,8,2,1,4,IIIIIIII,not tested,90.00 180.00 90.00 180.00 90.00 180.00 90.00 180.00,1.0000 1.0000 1.0000 1.0000 1.0000 1.0000 1.0000 1.0000,0 0 0 0 0 0 0 0,0 0 0 0 0 0 0 0,"1,2,3,4,5,6,9",,no (tile),,,,90.00,,1.0000,,3 4,yes,4_1 5_1,cmm,2*22,L3
558,8,1,0,0,IIIIIIII,not tested,90.00 180.00 90.00 180.00 90.00 180.00 90.00 180.00,1.0000 1.0000 1.0000 1.0000 1.0000 1.0000 1.0000 1.0000,0 0 0 0 0 0 0 0,0 0 0 0 0 0 0 0,"1,2,3,4,5,6,9",,no (tile),,,,90.00,,1.0000,,3,yes,6_4 6_2,cmm,2*22,L3
558,8,1,0,4,IIIIIIII,not tested,90.00 180.00 90.00 180.00 90.00 180.00 90.00 180.00,1.0000 1.0000 1.0000 1.0000 1.0000 1.0000 1.0000 1.0000,0 0 0 0 0 0 0 0,0 0 0 0 0 0 0 0,"1,2,3,4,5,6,9",,no (tile),,,,90.00,,1.0000,,3,yes,6_4 6_2,cmm,2*22,L3
558,8,1,1,2,IIIIIIII,not tested,90.00 180.00 90.00 180.00 90.00 180.00 90.00 180.00,1.0000 1.0000 1.0000 1.0000 1.0000 1.0000 1.0000 1.0000,0 0 0 0 0 0 0 0,0 0 0 0 0 0 0 0,"1,2,3,4,5,6,9",,no (tile),,,,90.00,,1.0000,,3,yes,6_4 6_2,cmm,2*22,L3
558,8,1,1,6,IIIIIIII,not tested,90.00 180.00 90.00 180.00 90.00 180.00 90.00 180.00,1.0000 1.0000 1.0000 1.0000 1.0000 1.0000 1.0000 1.0000,0 0 0 0 0 0 0 0,0 0 0 0 0 0 0 0,"1,2,3,4,5,6,9",,no (tile),,,,90.00,,1.0000,,3,yes,6_4 6_2,cmm,2*22,L3
623,8,0,0,0,IIIIIIII,not tested,90.00 180.00 90.00 180.00 90.00 180.00 90.00 180.00,1.0000 1.0000 1.0000 1.0000 1.0000 1.0000 1.0000 1.0000,0 0 0 0 0 0 0 0,0 0 0 0 0 0 0 0,"1,2,3,4,5,6,9",,no (tile),,,,90.00,,1.0000,,3,yes,6_3 6_6,cmm,2*22,L3
623,8,0,0,4,IIIIIIII,not tested,90.00 180.00 90.00 180.00 90.00 180.00 90.00 180.00,1.0000 1.0000 1.0000 1.0000 1.0000 1.0000 1.0000 1.0000,0 0 0 0 0 0 0 0,0 0 0 0 0 0 0 0,"1,2,3,4,5,6,9",,no (tile),,,,90.00,,1.0000,,3,yes,6_3 6_6,cmm,2*22,L3
623,8,0,1,2,IIIIIIII,not tested,90.00 180.00 90.00 180.00 90.00 180.00 90.00 180.00,1.0000 1.0000 1.0000 1.0000 1.0000 1.0000 1.0000 1.0000,0 0 0 0 0 0 0 0,0 0 0 0 0 0 0 0,"1,2,3,4,5,6,9",,no (tile),,,,90.00,,1.0000,,3,yes,6_3 6_6,cmm,2*22,L3
623,8,0,1,6,IIIIIIII,not tested,90.00 180.00 90.00 180.00 90.00 180.00 90.00 180.00,1.0000 1.0000 1.0000 1.0000 1.0000 1.0000 1.0000 1.0000,0 0 0 0 0 0 0 0,0 0 0 0 0 0 0 0,"1,2,3,4,5,6,9",,no (tile),,,,90.00,,1.0000,,3,yes,6_3 6_6,cmm,2*22,L3
844,8,2,0,2,IIIIIIII,not tested,90.00 180.00 90.00 180.00 90.00 180.00 90.00 180.00,1.0000 1.0000 1.0000 1.0000 1.0000 1.0000 1.0000 1.0000,0 0 0 0 0 0 0 0,0 0 0 0 0 0 0 0,"1,2,3,4,5,6,9",,no (tile),,,,90.00,,1.0000,,3 4,yes,5_2 5_2,pmm,*2222,L2
844,8,2,0,6,IIIIIIII,not tested,90.00 180.00 90.00 180.00 90.00 180.00 90.00 180.00,1.0000 1.0000 1.0000 1.0000 1.0000 1.0000 1.0000 1.0000,0 0 0 0 0 0 0 0,0 0 0 0 0 0 0 0,"1,2,3,4,5,6,9",,no (tile),,,,90.00,,1.0000,,3 4,yes,5_2 5_2,pmm,*2222,L2
844,8,2,1,0,IIIIIIII,not tested,90.00 180.00 90.00 180.00 90.00 180.00 90.00 180.00,1.0000 1.0000 1.0000 1.0000 1.0000 1.0000 1.0000 1.0000,0 0 0 0 0 0 0 0,0 0 0 0 0 0 0 0,"1,2,3,4,5,6,9",,no (tile),,,,90.00,,1.0000,,3 4,yes,5_2 5_2,pmm,*2222,L2
844,8,2,1,4,IIIIIIII,not tested,90.00 180.00 90.00 180.00 90.00 180.00 90.00 180.00,1.0000 1.0000 1.0000 1.0000 1.0000 1.0000 1.0000 1.0000,0 0 0 0 0 0 0 0,0 0 0 0 0 0 0 0,"1,2,3,4,5,6,9",,no (tile),,,,90.00,,1.0000,,3 4,yes,5_2 5_2,pmm,*2222,L2
973,8,3,0,2,IIIIIIII,not tested,90.00 180.00 90.00 180.00 90.00 180.00 90.00 180.00,1.0000 1.0000 1.0000 1.0000 1.0000 1.0000 1.0000 1.0000,0 0 0 0 0 0 0 0,0 0 0 0 0 0 0 0,"1,2,3,4,5,6,9",,no (tile),,,,90.00,,1.0000,,3 4,yes,5_1 5_1,pmg,22*,L2
973,8,3,0,6,IIIIIIII,not tested,90.00 180.00 90.00 180.00 90.00 180.00 90.00 180.00,1.0000 1.0000 1.0000 1.0000 1.0000 1.0000 1.0000 1.0000,0 0 0 0 0 0 0 0,0 0 0 0 0 0 0 0,"1,2,3,4,5,6,9",,no (tile),,,,90.00,,1.0000,,3 4,yes,5_1 5_1,pmg,22*,L2
973,8,3,1,0,IIIIIIII,not tested,90.00 180.00 90.00 180.00 90.00 180.00 90.00 180.00,1.0000 1.0000 1.0000 1.0000 1.0000 1.0000 1.0000 1.0000,0 0 0 0 0 0 0 0,0 0 0 0 0 0 0 0,"1,2,3,4,5,6,9",,no (tile),,,,90.00,,1.0000,,3 4,yes,5_1 5_1,pmg,22*,L2
973,8,3,1,4,IIIIIIII,not tested,90.00 180.00 90.00 180.00 90.00 180.00 90.00 180.00,1.0000 1.0000 1.0000 1.0000 1.0000 1.0000 1.0000 1.0000,0 0 0 0 0 0 0 0,0 0 0 0 0 0 0 0,"1,2,3,4,5,6,9",,no (tile),,,,90.00,,1.0000,,3 4,yes,5_1 5_1,pmg,22*,L2
974,8,1,0,2,IIIIIIII,not tested,90.00 180.00 90.00 180.00 90.00 180.00 90.00 180.00,1.0000 1.0000 1.0000 1.0000 1.0000 1.0000 1.0000 1.0000,0 0 0 0 0 0 0 0,0 0 0 0 0 0 0 0,"1,2,3,4,5,6,9",,no (tile),,,,90.00,,1.0000,,3 4,yes,5_3 5_3,cm,1*x,L2
974,8,1,0,6,IIIIIIII,not tested,90.00 180.00 90.00 180.00 90.00 180.00 90.00 180.00,1.0000 1.0000 1.0000 1.0000 1.0000 1.0000 1.0000 1.0000,0 0 0 0 0 0 0 0,0 0 0 0 0 0 0 0,"1,2,3,4,5,6,9",,no (tile),,,,90.00,,1.0000,,3 4,yes,5_3 5_3,cm,1*x,L2
974,8,1,1,0,IIIIIIII,not tested,90.00 180.00 90.00 180.00 90.00 180.00 90.00 180.00,1.0000 1.0000 1.0000 1.0000 1.0000 1.0000 1.0000 1.0000,0 0 0 0 0 0 0 0,0 0 0 0 0 0 0 0,"1,2,3,4,5,6,9",,no (tile),,,,90.00,,1.0000,,3 4,yes,5_3 5_3,cm,1*x,L2
974,8,1,1,4,IIIIIIII,not tested,90.00 180.00 90.00 180.00 90.00 180.00 90.00 180.00,1.0000 1.0000 1.0000 1.0000 1.0000 1.0000 1.0000 1.0000,0 0 0 0 0 0 0 0,0 0 0 0 0 0 0 0,"1,2,3,4,5,6,9",,no (tile),,,,90.00,,1.0000,,3 4,yes,5_3 5_3,cm,1*x,L2
1344,8,2,0,2,IIIIIIII,not tested,90.00 180.00 90.00 180.00 90.00 180.00 90.00 180.00,1.0000 1.0000 1.0000 1.0000 1.0000 1.0000 1.0000 1.0000,0 0 0 0 0 0 0 0,0 0 0 0 0 0 0 0,"1,2,3,4,5,6,9",,no (tile),,,,90.00,,1.0000,,3 4,yes,5_2 6_2,cmm,2*22,L3
1344,8,2,0,6,IIIIIIII,not tested,90.00 180.00 90.00 180.00 90.00 180.00 90.00 180.00,1.0000 1.0000 1.0000 1.0000 1.0000 1.0000 1.0000 1.0000,0 0 0 0 0 0 0 0,0 0 0 0 0 0 0 0,"1,2,3,4,5,6,9",,no (tile),,,,90.00,,1.0000,,3 4,yes,5_2 6_2,cmm,2*22,L3
1344,8,2,1,0,IIIIIIII,not tested,90.00 180.00 90.00 180.00 90.00 180.00 90.00 180.00,1.0000 1.0000 1.0000 1.0000 1.0000 1.0000 1.0000 1.0000,0 0 0 0 0 0 0 0,0 0 0 0 0 0 0 0,"1,2,3,4,5,6,9",,no (tile),,,,90.00,,1.0000,,3 4,yes,5_2 6_2,cmm,2*22,L3
1344,8,2,1,4,IIIIIIII,not tested,90.00 180.00 90.00 180.00 90.00 180.00 90.00 180.00,1.0000 1.0000 1.0000 1.0000 1.0000 1.0000 1.0000 1.0000,0 0 0 0 0 0 0 0,0 0 0 0 0 0 0 0,"1,2,3,4,5,6,9",,no (tile),,,,90.00,,1.0000,,3 4,yes,5_2 6_2,cmm,2*22,L3
1637,8,1,0,7,IIIIIIII,not tested,90.00 180.00 90.00 270.00 45.00 90.00 45.00 270.00,1.0000 1.0000 1.0000 1.0000 2.8284 2.8284 1.0000 1.0000,0 0 0 0 4 4 0 0,0 0 0 0 0 0 0 0,"1,2,3,5,6",,no (tile),,,,45.00,,0.3536,,3 4,yes,5_4 6_4,cmm,2*22,L3
1637,8,1,1,3,IIIIIIII,not tested,90.00 180.00 90.00 270.00 45.00 90.00 45.00 270.00,1.0000 1.0000 1.0000 1.0000 2.8284 2.8284 1.0000 1.0000,0 0 0 0 4 4 0 0,0 0 0 0 0 0 0 0,"1,2,3,5,6",,no (tile),,,,45.00,,0.3536,,3 4,yes,5_4 6_4,cmm,2*22,L3
2425,8,3,0,0,IIIIIIII,not tested,90.00 180.00 90.00 180.00 90.00 180.00 90.00 180.00,1.0000 1.0000 1.0000 1.0000 1.0000 1.0000 1.0000 1.0000,0 0 0 0 0 0 0 0,0 0 0 0 0 0 0 0,"1,2,3,4,5,6,9",,no (tile),,,,90.00,,1.0000,,3,yes,6_4 6_4,cmm,2*22,L3
2425,8,3,0,4,IIIIIIII,not tested,90.00 180.00 90.00 180.00 90.00 180.00 90.00 180.00,1.0000 1.0000 1.0000 1.0000 1.0000 1.0000 1.0000 1.0000,0 0 0 0 0 0 0 0,0 0 0 0 0 0 0 0,"1,2,3,4,5,6,9",,no (tile),,,,90.00,,1.0000,,3,yes,6_4 6_4,cmm,2*22,L3
2425,8,3,1,2,IIIIIIII,not tested,90.00 180.00 90.00 180.00 90.00 180.00 90.00 180.00,1.0000 1.0000 1.0000 1.0000 1.0000 1.0000 1.0000 1.0000,0 0 0 0 0 0 0 0,0 0 0 0 0 0 0 0,"1,2,3,4,5,6,9",,no (tile),,,,90.00,,1.0000,,3,yes,6_4 6_4,cmm,2*22,L3
2425,8,3,1,6,IIIIIIII,not tested,90.00 180.00 90.00 180.00 90.00 180.00 90.00 180.00,1.0000 1.0000 1.0000 1.0000 1.0000 1.0000 1.0000 1.0000,0 0 0 0 0 0 0 0,0 0 0 0 0 0 0 0,"1,2,3,4,5,6,9",,no (tile),,,,90.00,,1.0000,,3,yes,6_4 6_4,cmm,2*22,L3
2697,8,1,0,0,ISSSISSS,not tested,103.20 103.20 153.61 206.39 76.80 76.80 206.39 153.61,1.0000 1.7671 1.7671 1.7671 1.8068 1.7671 1.7671 1.7671,0 1 1 1 4 1 1 1,0 0 1 0 0 1 0 1,"1,6",,no (tile),,,,76.80,,0.5535,,3,yes,6_4 6_4,pmg,22*,L2
2697,8,1,1,1,ISSSISSS,not tested,103.20 103.20 153.61 206.39 76.80 76.80 206.39 153.61,1.0000 1.7671 1.7671 1.7671 1.8068 1.7671 1.7671 1.7671,0 1 1 1 4 1 1 1,0 0 1 0 0 1 0 1,"1,6",,no (tile),,,,76.80,,0.5535,,3,yes,6_4 6_4,pmg,22*,L2
2697,8,2,0,0,IIIIIIII,not tested,90.00 90.00 180.00 180.00 90.00 90.00 180.00 180.00,1.0000 1.0000 1.0000 1.0000 1.0000 1.0000 1.0000 1.0000,0 1 1 1 4 1 1 1,0 0 0 0 0 0 0 0,"1,2,3,4,5,6",,no (tile),,,,90.00,,1.0000,,3,yes,6_4 6_4,pmg,22*,L2
2697,8,2,1,1,IIIIIIII,not tested,90.00 90.00 180.00 180.00 90.00 90.00 180.00 180.00,1.0000 1.0000 1.0000 1.0000 1.0000 1.0000 1.0000 1.0000,0 1 1 1 4 1 1 1,0 0 0 0 0 0 0 0,"1,2,3,4,5,6",,no (tile),,,,90.00,,1.0000,,3,yes,6_4 6_4,pmg,22*,L2
2697,8,3,0,2,IIIIIIII,not tested,90.00 180.00 90.00 180.00 90.00 180.00 90.00 180.00,1.0000 1.0000 1.0000 1.0000 1.0000 1.0000 1.0000 1.0000,0 0 0 0 0 0 0 0,0 0 0 0 0 0 0 0,"1,2,3,4,5,6,9",,no (tile),,,,90.00,,1.0000,,3,yes,6_4 6_4,pmg,22*,L2
2697,8,3,0,6,IIIIIIII,not tested,90.00 180.00 90.00 180.00 90.00 180.00 90.00 180.00,1.0000 1.0000 1.0000 1.0000 1.0000 1.0000 1.0000 1.0000,0 0 0 0 0 0 0 0,0 0 0 0 0 0 0 0,"1,2,3,4,5,6,9",,no (tile),,,,90.00,,1.0000,,3,yes,6_4 6_4,pmg,22*,L2
2697,8,3,1,0,IIIIIIII,not tested,90.00 180.00 90.00 180.00 90.00 180.00 90.00 180.00,1.0000 1.0000 1.0000 1.0000 1.0000 1.0000 1.0000 1.0000,0 0 0 0 0 0 0 0,0 0 0 0 0 0 0 0,"1,2,3,4,5,6,9",,no (tile),,,,90.00,,1.0000,,3,yes,6_4 6_4,pmg,22*,L2
2697,8,3,1,4,IIIIIIII,not tested,90.00 180.00 90.00 180.00 90.00 180.00 90.00 180.00,1.0000 1.0000 1.0000 1.0000 1.0000 1.0000 1.0000 1.0000,0 0 0 0 0 0 0 0,0 0 0 0 0 0 0 0,"1,2,3,4,5,6,9",,no (tile),,,,90.00,,1.0000,,3,yes,6_4 6_4,pmg,22*,L2
2871,8,0,0,5,UIIIUIII,not tested,90.00 90.00 180.00 180.00 90.00 90.00 180.00 180.00,1.0000 1.0000 1.0000 1.0000 1.0000 1.0000 1.0000 1.0000,0 1 1 1 0 1 1 1,0 0 0 0 2 0 0 0,"1,4,5,6",,no (tile),,,,90.00,,1.0000,,3,yes,6_4 6_4,pm,1**,L3
2871,8,0,1,4,UIIIUIII,not tested,90.00 90.00 180.00 180.00 90.00 90.00 180.00 180.00,1.0000 1.0000 1.0000 1.0000 1.0000 1.0000 1.0000 1.0000,0 1 1 1 0 1 1 1,0 0 0 0 2 0 0 0,"1,4,5,6",,no (tile),,,,90.00,,1.0000,,3,yes,6_4 6_4,pm,1**,L3
2871,8,1,0,5,UIIIUIII,not tested,90.00 90.00 180.00 180.00 90.00 90.00 180.00 180.00,1.0000 1.0000 1.0000 1.0000 1.0000 1.0000 1.0000 1.0000,0 1 1 1 0 1 1 1,0 0 0 0 2 0 0 0,"1,4,5,6",,no (tile),,,,90.00,,1.0000,,3,yes,6_4 6_4,pm,1**,L3
2871,8,1,1,4,UIIIUIII,not tested,90.00 90.00 180.00 180.00 90.00 90.00 180.00 180.00,1.0000 1.0000 1.0000 1.0000 1.0000 1.0000 1.0000 1.0000,0 1 1 1 0 1 1 1,0 0 0 0 2 0 0 0,"1,4,5,6",,no (tile),,,,90.00,,1.0000,,3,yes,6_4 6_4,pm,1**,L3
2871,8,2,0,0,IIIIIIII,not tested,90.00 180.00 90.00 180.00 90.00 180.00 90.00 180.00,1.0000 1.0000 1.0000 1.0000 1.0000 1.0000 1.0000 1.0000,0 0 0 0 0 0 0 0,0 0 0 0 0 0 0 0,"1,2,3,4,5,6,9",,no (tile),,,,90.00,,1.0000,,3,yes,6_4 6_4,pm,1**,L3
2871,8,2,0,4,IIIIIIII,not tested,90.00 180.00 90.00 180.00 90.00 180.00 90.00 180.00,1.0000 1.0000 1.0000 1.0000 1.0000 1.0000 1.0000 1.0000,0 0 0 0 0 0 0 0,0 0 0 0 0 0 0 0,"1,2,3,4,5,6,9",,no (tile),,,,90.00,,1.0000,,3,yes,6_4 6_4,pm,1**,L3
2871,8,2,1,2,IIIIIIII,not tested,90.00 180.00 90.00 180.00 90.00 180.00 90.00 180.00,1.0000 1.0000 1.0000 1.0000 1.0000 1.0000 1.0000 1.0000,0 0 0 0 0 0 0 0,0 0 0 0 0 0 0 0,"1,2,3,4,5,6,9",,no (tile),,,,90.00,,1.0000,,3,yes,6_4 6_4,pm,1**,L3
2871,8,2,1,6,IIIIIIII,not tested,90.00 180.00 90.00 180.00 90.00 180.00 90.00 180.00,1.0000 1.0000 1.0000 1.0000 1.0000 1.0000 1.0000 1.0000,0 0 0 0 0 0 0 0,0 0 0 0 0 0 0 0,"1,2,3,4,5,6,9",,no (tile),,,,90.00,,1.0000,,3,yes,6_4 6_4,pm,1**,L3
2875,8,0,0,1,IIIIIIII,not tested,90.00 90.00 180.00 180.00 90.00 90.00 180.00 180.00,1.0000 1.0000 1.0000 1.0000 1.0000 1.0000 1.0000 1.0000,0 1 1 1 0 1 1 1,0 0 0 0 0 0 0 0,"1,2,3,4,5,6",,no (tile),,,,90.00,,1.0000,,3,yes,6_4 6_4,pmg,22*,L3
2875,8,0,0,5,IIIIIIII,not tested,90.00 90.00 180.00 180.00 90.00 90.00 180.00 180.00,1.0000 1.0000 1.0000 1.0000 1.0000 1.0000 1.0000 1.0000,0 1 1 1 0 1 1 1,0 0 0 0 0 0 0 0,"1,2,3,4,5,6",,no (tile),,,,90.00,,1.0000,,3,yes,6_4 6_4,pmg,22*,L3
2875,8,0,1,0,IIIIIIII,not tested,90.00 90.00 180.00 180.00 90.00 90.00 180.00 180.00,1.0000 1.0000 1.0000 1.0000 1.0000 1.0000 1.0000 1.0000,0 1 1 1 0 1 1 1,0 0 0 0 0 0 0 0,"1,2,3,4,5,6",,no (tile),,,,90.00,,1.0000,,3,yes,6_4 6_4,pmg,22*,L3
2875,8,0,1,4,IIIIIIII,not tested,90.00 90.00 180.00 180.00 90.00 90.00 180.00 180.00,1.0000 1.0000 1.0000 1.0000 1.0000 1.0000 1.0000 1.0000,0 1 1 1 0 1 1 1,0 0 0 0 0 0 0 0,"1,2,3,4,5,6",,no (tile),,,,90.00,,1.0000,,3,yes,6_4 6_4,pmg,22*,L3
2875,8,1,0,1,IIIIIIII,not tested,90.00 90.00 180.00 180.00 90.00 90.00 180.00 180.00,1.0000 1.0000 1.0000 1.0000 1.0000 1.0000 1.0000 1.0000,0 1 1 1 0 1 1 1,0 0 0 0 0 0 0 0,"1,2,3,4,5,6",,no (tile),,,,90.00,,1.0000,,3,yes,6_4 6_4,pmg,22*,L3
2875,8,1,0,5,IIIIIIII,not tested,90.00 90.00 180.00 180.00 90.00 90.00 180.00 180.00,1.0000 1.0000 1.0000 1.0000 1.0000 1.0000 1.0000 1.0000,0 1 1 1 0 1 1 1,0 0 0 0 0 0 0 0,"1,2,3,4,5,6",,no (tile),,,,90.00,,1.0000,,3,yes,6_4 6_4,pmg,22*,L3
2875,8,1,1,0,IIIIIIII,not tested,90.00 90.00 180.00 180.00 90.00 90.00 180.00 180.00,1.0000 1.0000 1.0000 1.0000 1.0000 1.0000 1.0000 1.0000,0 1 1 1 0 1 1 1,0 0 0 0 0 0 0 0,"1,2,3,4,5,6",,no (tile),,,,90.00,,1.0000,,3,yes,6_4 6_4,pmg,22*,L3
2875,8,1,1,4,IIIIIIII,not tested,90.00 90.00 180.00 180.00 90.00 90.00 180.00 180.00,1.0000 1.0000 1.0000 1.0000 1.0000 1.0000 1.0000 1.0000,0 1 1 1 0 1 1 1,0 0 0 0 0 0 0 0,"1,2,3,4,5,6",,no (tile),,,,90.00,,1.0000,,3,yes,6_4 6_4,pmg,22*,L3
2875,8,2,0,0,IIIIIIII,not tested,90.00 180.00 90.00 180.00 90.00 180.00 90.00 180.00,1.0000 1.0000 1.0000 1.0000 1.0000 1.0000 1.0000 1.0000,0 0 0 0 0 0 0 0,0 0 0 0 0 0 0 0,"1,2,3,4,5,6,9",,no (tile),,,,90.00,,1.0000,,3,yes,6_4 6_4,pmg,22*,L3
2875,8,2,0,4,IIIIIIII,not tested,90.00 180.00 90.00 180.00 90.00 180.00 90.00 180.00,1.0000 1.0000 1.0000 1.0000 1.0000 1.0000 1.0000 1.0000,0 0 0 0 0 0 0 0,0 0 0 0 0 0 0 0,"1,2,3,4,5,6,9",,no (tile),,,,90.00,,1.0000,,3,yes,6_4 6_4,pmg,22*,L3
2875,8,2,1,2,IIIIIIII,not tested,90.00 180.00 90.00 180.00 90.00 180.00 90.00 180.00,1.0000 1.0000 1.0000 1.0000 1.0000 1.0000 1.0000 1.0000,0 0 0 0 0 0 0 0,0 0 0 0 0 0 0 0,"1,2,3,4,5,6,9",,no (tile),,,,90.00,,1.0000,,3,yes,6_4 6_4,pmg,22*,L3
2875,8,2,1,6,IIIIIIII,not tested,90.00 180.00 90.00 180.00 90.00 180.00 90.00 180.00,1.0000 1.0000 1.0000 1.0000 1.0000 1.0000 1.0000 1.0000,0 0 0 0 0 0 0 0,0 0 0 0 0 0 0 0,"1,2,3,4,5,6,9",,no (tile),,,,90.00,,1.0000,,3,yes,6_4 6_4,pmg,22*,L3
2994,8,2,0,1,IIIIIIII,not tested,180.00 90.00 180.00 90.00 180.00 90.00 180.00 90.00,1.0000 1.0000 1.0000 1.0000 1.0000 1.0000 1.0000 1.0000,0 0 0 0 0 0 0 0,0 0 0 0 0 0 0 0,"1,2,3,4,5,6,9",,no (tile),,,,90.00,,1.0000,,3,yes,6_2 6_2,pmg,22*,L3
2994,8,2,0,5,IIIIIIII,not tested,180.00 90.00 180.00 90.00 180.00 90.00 180.00 90.00,1.0000 1.0000 1.0000 1.0000 1.0000 1.0000 1.0000 1.0000,0 0 0 0 0 0 0 0,0 0 0 0 0 0 0 0,"1,2,3,4,5,6,9",,no (tile),,,,90.00,,1.0000,,3,yes,6_2 6_2,pmg,22*,L3
2994,8,2,1,3,IIIIIIII,not tested,180.00 90.00 180.00 90.00 180.00 90.00 180.00 90.00,1.0000 1.0000 1.0000 1.0000 1.0000 1.0000 1.0000 1.0000,0 0 0 0 0 0 0 0,0 0 0 0 0 0 0 0,"1,2,3,4,5,6,9",,no (tile),,,,90.00,,1.0000,,3,yes,6_2 6_2,pmg,22*,L3
2994,8,2,1,7,IIIIIIII,not tested,180.00 90.00 180.00 90.00 180.00 90.00 180.00 90.00,1.0000 1.0000 1.0000 1.0000 1.0000 1.0000 1.0000 1.0000,0 0 0 0 0 0 0 0,0 0 0 0 0 0 0 0,"1,2,3,4,5,6,9",,no (tile),,,,90.00,,1.0000,,3,yes,6_2 6_2,pmg,22*,L3
3006,8,20,0,4,IIIIIIII,not tested,120.00 240.00 120.00 60.00 120.00 60.00 120.00 240.00,1.0000 1.0000 1.0000 3.0000 3.0000 1.0000 1.0000 1.0000,0 0 0 3 3 0 0 0,0 0 0 0 0 0 0 0,"1,2,3,5,6",,no (tile),,,,60.00,,0.3333,,3 4 5,yes,4_2 4_1,pmg,22*,L3
3006,8,20,1,4,IIIIIIII,not tested,120.00 240.00 120.00 60.00 120.00 60.00 120.00 240.00,1.0000 1.0000 1.0000 3.0000 3.0000 1.0000 1.0000 1.0000,0 0 0 3 3 0 0 0,0 0 0 0 0 0 0 0,"1,2,3,5,6",,no (tile),,,,60.00,,0.3333,,3 4 5,yes,4_2 4_1,pmg,22*,L3
3094,8,1,0,2,IIIIIIII,not tested,180.00 90.00 180.00 90.00 180.00 90.00 180.00 90.00,1.0000 1.0000 1.0000 1.0000 1.0000 1.0000 1.0000 1.0000,0 0 0 0 0 0 0 0,0 0 0 0 0 0 0 0,"1,2,3,4,5,6,9",,no (tile),,,,90.00,,1.0000,,3,yes,6_4 6_4,pm,1**,L2
3094,8,1,0,6,IIIIIIII,not tested,180.00 90.00 180.00 90.00 180.00 90.00 180.00 90.00,1.0000 1.0000 1.0000 1.0000 1.0000 1.0000 1.0000 1.0000,0 0 0 0 0 0 0 0,0 0 0 0 0 0 0 0,"1,2,3,4,5,6,9",,no (tile),,,,90.00,,1.0000,,3,yes,6_4 6_4,pm,1**,L2
3094,8,1,1,2,IIIIIIII,not tested,180.00 90.00 180.00 90.00 180.00 90.00 180.00 90.00,1.0000 1.0000 1.0000 1.0000 1.0000 1.0000 1.0000 1.0000,0 0 0 0 0 0 0 0,0 0 0 0 0 0 0 0,"1,2,3,4,5,6,9",,no (tile),,,,90.00,,1.0000,,3,yes,6_4 6_4,pm,1**,L2
3094,8,1,1,6,IIIIIIII,not tested,180.00 90.00 180.00 90.00 180.00 90.00 180.00 90.00,1.0000 1.0000 1.0000 1.0000 1.0000 1.0000 1.0000 1.0000,0 0 0 0 0 0 0 0,0 0 0 0 0 0 0 0,"1,2,3,4,5,6,9",,no (tile),,,,90.00,,1.0000,,3,yes,6_4 6_4,pm,1**,L2
3100,8,1,0,2,IIIIIIII,not tested,180.00 90.00 180.00 90.00 180.00 90.00 180.00 90.00,1.0000 1.0000 1.0000 1.0000 1.0000 1.0000 1.0000 1.0000,0 0 0 0 0 0 0 0,0 0 0 0 0 0 0 0,"1,2,3,4,5,6,9",,no (tile),,,,90.00,,1.0000,,3,yes,6_4 6_4,pmg,22*,L2
3100,8,1,0,6,IIIIIIII,not tested,180.00 90.00 180.00 90.00 180.00 90.00 180.00 90.00,1.0000 1.0000 1.0000 1.0000 1.0000 1.0000 1.0000 1.0000,0 0 0 0 0 0 0 0,0 0 0 0 0 0 0 0,"1,2,3,4,5,6,9",,no (tile),,,,90.00,,1.0000,,3,yes,6_4 6_4,pmg,22*,L2
3100,8,1,1,2,IIIIIIII,not tested,180.00 90.00 180.00 90.00 180.00 90.00 180.00 90.00,1.0000 1.0000 1.0000 1.0000 1.0000 1.0000 1.0000 1.0000,0 0 0 0 0 0 0 0,0 0 0 0 0 0 0 0,"1,2,3,4,5,6,9",,no (tile),,,,90.00,,1.0000,,3,yes,6_4 6_4,pmg,22*,L2
3100,8,1,1,6,IIIIIIII,not tested,180.00 90.00 180.00 90.00 180.00 90.00 180.00 90.00,1.0000 1.0000 1.0000 1.0000 1.0000 1.0000 1.0000 1.0000,0 0 0 0 0 0 0 0,0 0 0 0 0 0 0 0,"1,2,3,4,5,6,9",,no (tile),,,,90.00,,1.0000,,3,yes,6_4 6_4,pmg,22*,L2
3188,8,6,0,7,SSSSSSSS,not tested,360.00 -129.40 -0.00 129.40 230.60 129.40 230.60 129.40,1.0000 1.0000 0.3333 0.3333 0.3333 0.3333 0.3333 0.3333,0 0 2 2 2 2 2 2,0 0 0 0 0 0 0 0,(not a tile),,"n/a (not a tile: rep 0 (S) must bulge opposite ways: to clear v3 on edge 1 (code 0) and to clear v7 on edge 0 (code 0) -- exact via the outside lemma (validated by John, 2026-09-13) [curve_sides])",,,,0.00,,0.3333,,,,3_1 3_1,p2,2222,L2
3188,8,84,0,7,SSSSSSSS,not tested,360.00 -91.70 451.70 -91.70 451.70 -91.70 0.00 91.70,1.0000 1.0000 1.0000 1.0000 1.0000 1.0000 3.0000 3.0000,0 0 0 0 0 0 6 6,0 0 0 0 0 0 0 0,(not a tile),,"n/a (not a tile: rep 6 (S) must bulge opposite ways: to clear v1 on edge 7 (code 0) and to clear v5 on edge 6 (code 0) -- exact via the outside lemma (validated by John, 2026-09-13) [curve_sides])",,,,0.00,,0.3333,,,,3_1 3_1,p2,2222,L2
3192,8,1,1,1,SUSUSUSU,not tested,135.00 45.00 225.00 135.00 135.00 45.00 225.00 135.00,1.0000 1.0000 1.0000 1.0000 1.0000 1.0000 1.0000 1.0000,0 1 0 1 0 1 0 1,0 0 1 2 0 0 1 2,"1,2,3,4,5,6",,no (tile),,,,45.00,,1.0000,,4,yes,4_2 4_4,p2,2222,L3
3192,8,1,1,5,SUSUSUSU,not tested,135.00 45.00 225.00 135.00 135.00 45.00 225.00 135.00,1.0000 1.0000 1.0000 1.0000 1.0000 1.0000 1.0000 1.0000,0 1 0 1 0 1 0 1,0 0 1 2 0 0 1 2,"1,2,3,4,5,6",,no (tile),,,,45.00,,1.0000,,4,yes,4_2 4_4,p2,2222,L3
3192,8,7,1,3,USUSUSUS,not tested,120.47 120.47 239.53 59.53 120.47 120.47 239.53 59.53,1.0000 1.2280 1.0000 1.2280 1.0000 1.2280 1.0000 1.2280,0 1 0 1 0 1 0 1,0 0 2 1 0 0 2 1,"1,2,3,4,5,6",,no (tile),,,,59.53,,0.8143,,4,yes,4_2 4_4,p2,2222,L3
3192,8,7,1,7,USUSUSUS,not tested,120.47 120.47 239.53 59.53 120.47 120.47 239.53 59.53,1.0000 1.2280 1.0000 1.2280 1.0000 1.2280 1.0000 1.2280,0 1 0 1 0 1 0 1,0 0 2 1 0 0 2 1,"1,2,3,4,5,6",,no (tile),,,,59.53,,0.8143,,4,yes,4_2 4_4,p2,2222,L3
3196,8,0,0,0,SSSSSSSS,not needed (covering theorem),278.01 -196.01 -98.01 556.01 278.01 -196.01 -98.01 556.01,1.0000 1.0000 1.0000 1.0000 1.0000 1.0000 1.0000 1.0000,0 0 0 0 0 0 0 0,0 0 0 0 0 0 0 0,,,YES,2,"1,4",2,81.99,,1.0000,,3,yes,6_4 6_4,p2,2222,L2
3196,8,0,0,4,SSSSSSSS,not needed (covering theorem),278.01 -196.01 -98.01 556.01 278.01 -196.01 -98.01 556.01,1.0000 1.0000 1.0000 1.0000 1.0000 1.0000 1.0000 1.0000,0 0 0 0 0 0 0 0,0 0 0 0 0 0 0 0,,,YES,2,"1,4",2,81.99,,1.0000,,3,yes,6_4 6_4,p2,2222,L2
3196,8,0,1,1,SISSSISS,not tested,225.00 67.50 112.50 135.00 225.00 67.50 112.50 135.00,1.0000 1.0000 1.0000 1.0000 1.0000 1.0000 1.0000 1.0000,0 1 0 0 0 1 0 0,0 0 0 1 0 0 0 1,"1,4,5,6",,no (tile),,,,67.50,,1.0000,,3,yes,6_4 6_4,p2,2222,L2
3196,8,0,1,2,SSSSSSSS,not tested,90.00 180.00 90.00 180.00 90.00 180.00 90.00 180.00,1.0000 1.0000 1.0000 1.0000 1.0000 1.0000 1.0000 1.0000,0 0 0 0 0 0 0 0,0 0 1 1 0 0 1 1,"1,2,3,4,5,6",,no (tile),,,,90.00,,1.0000,,3,yes,6_4 6_4,p2,2222,L2
3196,8,0,1,3,SIIISIII,not tested,90.00 90.00 180.00 180.00 90.00 90.00 180.00 180.00,1.0000 1.0000 1.0000 1.0000 1.0000 1.0000 1.0000 1.0000,0 1 1 1 0 1 1 1,0 0 0 0 0 0 0 0,"1,4,5,6",,no (tile),,,,90.00,,1.0000,,3,yes,6_4 6_4,p2,2222,L2
3196,8,0,1,5,SISSSISS,not tested,225.00 67.50 112.50 135.00 225.00 67.50 112.50 135.00,1.0000 1.0000 1.0000 1.0000 1.0000 1.0000 1.0000 1.0000,0 1 0 0 0 1 0 0,0 0 0 1 0 0 0 1,"1,4,5,6",,no (tile),,,,67.50,,1.0000,,3,yes,6_4 6_4,p2,2222,L2
3196,8,0,1,6,SSSSSSSS,not tested,90.00 180.00 90.00 180.00 90.00 180.00 90.00 180.00,1.0000 1.0000 1.0000 1.0000 1.0000 1.0000 1.0000 1.0000,0 0 0 0 0 0 0 0,0 0 1 1 0 0 1 1,"1,2,3,4,5,6",,no (tile),,,,90.00,,1.0000,,3,yes,6_4 6_4,p2,2222,L2
3196,8,0,1,7,SIIISIII,not tested,90.00 90.00 180.00 180.00 90.00 90.00 180.00 180.00,1.0000 1.0000 1.0000 1.0000 1.0000 1.0000 1.0000 1.0000,0 1 1 1 0 1 1 1,0 0 0 0 0 0 0 0,"1,4,5,6",,no (tile),,,,90.00,,1.0000,,3,yes,6_4 6_4,p2,2222,L2
3196,8,1,0,1,SSSSSSSS,not needed (covering theorem),2356.07 -998.04 -1996.07 1178.04 2356.07 -998.04 -1996.07 1178.04,1.0000 1.0000 1.0000 1.0000 1.0000 1.0000 1.0000 1.0000,0 0 0 0 0 0 0 0,0 0 0 0 0 0 0 0,,,YES,2,"1,4",2,81.96,,1.0000,,3,yes,6_4 6_4,p2,2222,L2
3196,8,1,0,5,SSSSSSSS,not needed (covering theorem),2356.07 -998.04 -1996.07 1178.04 2356.07 -998.04 -1996.07 1178.04,1.0000 1.0000 1.0000 1.0000 1.0000 1.0000 1.0000 1.0000,0 0 0 0 0 0 0 0,0 0 0 0 0 0 0 0,,,YES,2,"1,4",2,81.96,,1.0000,,3,yes,6_4 6_4,p2,2222,L2
3196,8,1,1,0,SSSISSSI,not tested,83.59 192.83 167.17 96.41 83.59 192.83 167.17 96.41,1.0000 1.0000 1.0000 0.9560 1.0000 1.0000 1.0000 0.9560,0 0 0 3 0 0 0 3,0 1 0 0 0 1 0 0,"1,4,5,6",,no (tile),,,,83.59,,0.9560,,3,yes,6_4 6_4,p2,2222,L2
3196,8,1,1,2,SIIISIII,not tested,90.00 90.00 180.00 180.00 90.00 90.00 180.00 180.00,1.0000 1.0000 1.0000 1.0000 1.0000 1.0000 1.0000 1.0000,0 1 1 1 0 1 1 1,0 0 0 0 0 0 0 0,"1,4,5,6",,no (tile),,,,90.00,,1.0000,,3,yes,6_4 6_4,p2,2222,L2
3196,8,1,1,3,SSSSSSSS,not tested,180.00 90.00 180.00 90.00 180.00 90.00 180.00 90.00,1.0000 1.0000 1.0000 1.0000 1.0000 1.0000 1.0000 1.0000,0 0 0 0 0 0 0 0,0 1 1 0 0 1 1 0,"1,2,3,4,5,6",,no (tile),,,,90.00,,1.0000,,3,yes,6_4 6_4,p2,2222,L2
3196,8,1,1,4,SSSISSSI,not tested,83.59 192.83 167.17 96.41 83.59 192.83 167.17 96.41,1.0000 1.0000 1.0000 0.9560 1.0000 1.0000 1.0000 0.9560,0 0 0 3 0 0 0 3,0 1 0 0 0 1 0 0,"1,4,5,6",,no (tile),,,,83.59,,0.9560,,3,yes,6_4 6_4,p2,2222,L2
3196,8,1,1,6,SIIISIII,not tested,90.00 90.00 180.00 180.00 90.00 90.00 180.00 180.00,1.0000 1.0000 1.0000 1.0000 1.0000 1.0000 1.0000 1.0000,0 1 1 1 0 1 1 1,0 0 0 0 0 0 0 0,"1,4,5,6",,no (tile),,,,90.00,,1.0000,,3,yes,6_4 6_4,p2,2222,L2
3196,8,1,1,7,SSSSSSSS,not tested,180.00 90.00 180.00 90.00 180.00 90.00 180.00 90.00,1.0000 1.0000 1.0000 1.0000 1.0000 1.0000 1.0000 1.0000,0 0 0 0 0 0 0 0,0 1 1 0 0 1 1 0,"1,2,3,4,5,6",,no (tile),,,,90.00,,1.0000,,3,yes,6_4 6_4,p2,2222,L2
3196,8,2,0,0,JJJJJJJJ,not needed (covering theorem),90.00 180.00 180.00 90.00 90.00 180.00 180.00 90.00,1.0000 1.0000 1.0000 1.0000 1.0000 1.0000 1.0000 1.0000,0 0 0 0 0 0 0 0,0 3 0 3 0 3 0 3,,,YES,2,"1,4",2,90.00,,1.0000,,3,yes,6_4 6_4,p2,2222,L2
3196,8,2,0,1,JJJJJJJJ,not tested,90.00 180.00 90.00 180.00 90.00 180.00 90.00 180.00,1.0000 1.0000 1.0000 1.0000 1.0000 1.0000 1.0000 1.0000,0 0 0 0 0 0 0 0,0 3 3 0 0 3 3 0,"1,4",,no (tile),,,,90.00,,1.0000,,3,yes,6_4 6_4,p2,2222,L2
3196,8,2,0,2,JJJJJJJJ,not needed (covering theorem),180.00 180.00 90.00 90.00 180.00 180.00 90.00 90.00,1.0000 1.0000 1.0000 1.0000 1.0000 1.0000 1.0000 1.0000,0 0 0 0 0 0 0 0,0 3 0 3 0 3 0 3,,,YES,2,"1,4",2,90.00,,1.0000,,3,yes,6_4 6_4,p2,2222,L2
3196,8,2,0,4,JJJJJJJJ,not needed (covering theorem),90.00 180.00 180.00 90.00 90.00 180.00 180.00 90.00,1.0000 1.0000 1.0000 1.0000 1.0000 1.0000 1.0000 1.0000,0 0 0 0 0 0 0 0,0 3 0 3 0 3 0 3,,,YES,2,"1,4",2,90.00,,1.0000,,3,yes,6_4 6_4,p2,2222,L2
3196,8,2,0,5,JJJJJJJJ,not tested,90.00 180.00 90.00 180.00 90.00 180.00 90.00 180.00,1.0000 1.0000 1.0000 1.0000 1.0000 1.0000 1.0000 1.0000,0 0 0 0 0 0 0 0,0 3 3 0 0 3 3 0,"1,4",,no (tile),,,,90.00,,1.0000,,3,yes,6_4 6_4,p2,2222,L2
3196,8,2,0,6,JJJJJJJJ,not needed (covering theorem),180.00 180.00 90.00 90.00 180.00 180.00 90.00 90.00,1.0000 1.0000 1.0000 1.0000 1.0000 1.0000 1.0000 1.0000,0 0 0 0 0 0 0 0,0 3 0 3 0 3 0 3,,,YES,2,"1,4",2,90.00,,1.0000,,3,yes,6_4 6_4,p2,2222,L2
3196,8,2,1,0,IIIIIIII,not tested,90.00 180.00 180.00 90.00 90.00 180.00 180.00 90.00,1.0000 1.0000 1.0000 1.0000 1.0000 1.0000 1.0000 1.0000,0 0 0 3 0 0 0 3,0 0 0 0 0 0 0 0,"1,2,3,4,5,6",,no (tile),,,,90.00,,1.0000,,3,yes,6_4 6_4,p2,2222,L2
3196,8,2,1,1,JJJJJJJJ,not tested,90.00 180.00 90.00 180.00 90.00 180.00 90.00 180.00,1.0000 1.0000 1.0000 1.0000 1.0000 1.0000 1.0000 1.0000,0 0 0 0 0 0 0 0,0 3 1 2 0 3 1 2,"1,4",,no (tile),,,,90.00,,1.0000,,3,yes,6_4 6_4,p2,2222,L2
3196,8,2,1,2,IIIIIIII,not tested,180.00 180.00 90.00 90.00 180.00 180.00 90.00 90.00,1.0000 1.0000 1.0000 1.0000 1.0000 1.0000 1.0000 1.0000,0 0 2 0 0 0 2 0,0 0 0 0 0 0 0 0,"1,2,3,4,5,6",,no (tile),,,,90.00,,1.0000,,3,yes,6_4 6_4,p2,2222,L2
3196,8,2,1,4,IIIIIIII,not tested,90.00 180.00 180.00 90.00 90.00 180.00 180.00 90.00,1.0000 1.0000 1.0000 1.0000 1.0000 1.0000 1.0000 1.0000,0 0 0 3 0 0 0 3,0 0 0 0 0 0 0 0,"1,2,3,4,5,6",,no (tile),,,,90.00,,1.0000,,3,yes,6_4 6_4,p2,2222,L2
3196,8,2,1,5,JJJJJJJJ,not tested,90.00 180.00 90.00 180.00 90.00 180.00 90.00 180.00,1.0000 1.0000 1.0000 1.0000 1.0000 1.0000 1.0000 1.0000,0 0 0 0 0 0 0 0,0 3 1 2 0 3 1 2,"1,4",,no (tile),,,,90.00,,1.0000,,3,yes,6_4 6_4,p2,2222,L2
3196,8,2,1,6,IIIIIIII,not tested,180.00 180.00 90.00 90.00 180.00 180.00 90.00 90.00,1.0000 1.0000 1.0000 1.0000 1.0000 1.0000 1.0000 1.0000,0 0 2 0 0 0 2 0,0 0 0 0 0 0 0 0,"1,2,3,4,5,6",,no (tile),,,,90.00,,1.0000,,3,yes,6_4 6_4,p2,2222,L2
3197,8,1,1,7,SSUUUUUU,not tested,360.00 -129.40 -0.00 129.40 230.60 129.40 230.60 129.40,1.0000 1.0000 0.3333 0.3333 0.3333 0.3333 0.3333 0.3333,0 0 2 2 2 2 2 2,0 0 0 2 0 2 0 2,(not a tile),,"n/a (not a tile: rep 0 (S) must bulge opposite ways: to clear v3 on edge 1 (code 0) and to clear v7 on edge 0 (code 0) -- exact via the outside lemma (validated by John, 2026-09-13) [curve_sides])",,,,0.00,,0.3333,,,,3_2 3_2,pgg,22x,L2
3197,8,19,1,7,SSSSSSUU,not tested,360.00 -91.70 451.70 -91.70 451.70 -91.70 0.00 91.70,1.0000 1.0000 1.0000 1.0000 1.0000 1.0000 3.0000 3.0000,0 0 0 0 0 0 6 6,0 0 0 0 0 0 0 2,(not a tile),,"n/a (not a tile: rep 6 (U) must bulge opposite ways: to clear v1 on edge 7 (code 2) and to clear v5 on edge 6 (code 0) -- exact via the outside lemma (validated by John, 2026-09-13) [curve_sides])",,,,0.00,,0.3333,,,,3_2 3_2,pgg,22x,L2
3198,8,18,0,4,SSSSSJJS,not tested,-90.00 450.00 -90.00 450.00 -90.00 360.00 90.00 -0.00,1.0000 1.0000 1.0000 1.0000 1.0000 3.0000 3.0000 1.0000,0 0 0 0 0 5 5 0,0 0 0 0 0 0 3 0,(not a tile),,"n/a (not a tile: rep 5 (J) must bulge opposite ways: to clear v0 on edge 6 (code 3) and to clear v4 on edge 5 (code 0) -- exact via the outside lemma (validated by John, 2026-09-13) [curve_sides])",,,,0.00,,0.3333,,,,3_2 3_2,p2,2222,L2
3220,8,0,0,1,SUSUSUSU,not tested,-45.00 225.00 225.00 135.00 -45.00 225.00 225.00 135.00,1.0000 1.0000 1.0000 1.0000 1.0000 1.0000 1.0000 1.0000,0 1 0 1 0 1 0 1,0 0 1 2 0 0 1 2,"1,2,3,4,5,6",,no (tile),,,,45.00,,1.0000,,4,yes,4_2 4_4,pgg,22x,L3
3220,8,0,0,5,SUSUSUSU,not tested,-45.00 225.00 225.00 135.00 -45.00 225.00 225.00 135.00,1.0000 1.0000 1.0000 1.0000 1.0000 1.0000 1.0000 1.0000,0 1 0 1 0 1 0 1,0 0 1 2 0 0 1 2,"1,2,3,4,5,6",,no (tile),,,,45.00,,1.0000,,4,yes,4_2 4_4,pgg,22x,L3
3220,8,2,0,3,USUSUSUS,not tested,45.00 225.00 135.00 135.00 45.00 225.00 135.00 135.00,1.0000 1.0000 1.0000 1.0000 1.0000 1.0000 1.0000 1.0000,0 1 0 1 0 1 0 1,0 0 2 1 0 0 2 1,"1,2,3,4,5,6",,no (tile),,,,45.00,,1.0000,,4,yes,4_2 4_4,pgg,22x,L3
3220,8,2,0,7,USUSUSUS,not tested,45.00 225.00 135.00 135.00 45.00 225.00 135.00 135.00,1.0000 1.0000 1.0000 1.0000 1.0000 1.0000 1.0000 1.0000,0 1 0 1 0 1 0 1,0 0 2 1 0 0 2 1,"1,2,3,4,5,6",,no (tile),,,,45.00,,1.0000,,4,yes,4_2 4_4,pgg,22x,L3
3234,8,1,1,2,UUUUUUUU,not tested,360.00 -129.40 -0.00 129.40 230.60 129.40 230.60 129.40,1.0000 1.0000 0.3333 0.3333 0.3333 0.3333 0.3333 0.3333,0 0 2 2 2 2 2 2,0 2 0 2 0 2 0 2,(not a tile),,"n/a (not a tile: rep 0 (U) must bulge opposite ways: to clear v3 on edge 1 (code 2) and to clear v7 on edge 0 (code 0) -- exact via the outside lemma (validated by John, 2026-09-13) [curve_sides])",,,,0.00,,0.3333,,,,3_3 3_3,pg,1xx,L2
3234,8,19,1,6,UUUUUUUU,not tested,360.00 -91.70 451.70 -91.70 451.70 -91.70 0.00 91.70,1.0000 1.0000 1.0000 1.0000 1.0000 1.0000 3.0000 3.0000,0 0 0 0 0 0 6 6,0 2 0 2 0 2 0 2,(not a tile),,"n/a (not a tile: rep 6 (U) must bulge opposite ways: to clear v1 on edge 7 (code 2) and to clear v5 on edge 6 (code 0) -- exact via the outside lemma (validated by John, 2026-09-13) [curve_sides])",,,,0.00,,0.3333,,,,3_3 3_3,pg,1xx,L2
7886,8,0,0,1,USSSUSSS,not tested,90.00 90.00 180.00 180.00 90.00 90.00 180.00 180.00,1.0000 1.0000 1.0000 1.0000 1.0000 1.0000 1.0000 1.0000,0 1 1 1 0 1 1 1,0 0 0 0 2 1 1 1,"1,5,6",,no (tile),,,,90.00,,1.0000,,3 4,yes,4_2 5_1,pmg,22*,L2
7886,8,0,1,0,USSSUSSS,not tested,90.00 90.00 180.00 180.00 90.00 90.00 180.00 180.00,1.0000 1.0000 1.0000 1.0000 1.0000 1.0000 1.0000 1.0000,0 1 1 1 0 1 1 1,0 0 0 0 2 1 1 1,"1,5,6",,no (tile),,,,90.00,,1.0000,,3 4,yes,4_2 5_1,pmg,22*,L2
7886,8,1,0,1,USSSUSSS,not tested,90.00 90.00 180.00 180.00 90.00 90.00 180.00 180.00,1.0000 1.0000 1.0000 1.0000 1.0000 1.0000 1.0000 1.0000,0 1 1 1 0 1 1 1,0 0 0 0 2 1 1 1,"1,5,6",,no (tile),,,,90.00,,1.0000,,3 4,yes,4_2 5_1,pmg,22*,L2
7886,8,1,1,0,USSSUSSS,not tested,90.00 90.00 180.00 180.00 90.00 90.00 180.00 180.00,1.0000 1.0000 1.0000 1.0000 1.0000 1.0000 1.0000 1.0000,0 1 1 1 0 1 1 1,0 0 0 0 2 1 1 1,"1,5,6",,no (tile),,,,90.00,,1.0000,,3 4,yes,4_2 5_1,pmg,22*,L2
7886,8,5,0,0,IIIIIIII,not tested,90.00 180.00 90.00 180.00 90.00 180.00 90.00 180.00,1.0000 1.0000 1.0000 1.0000 1.0000 1.0000 1.0000 1.0000,0 0 0 0 0 0 0 0,0 0 0 0 0 0 0 0,"1,2,3,4,5,6,9",,no (tile),,,,90.00,,1.0000,,3 4,yes,4_2 5_1,pmg,22*,L2
7886,8,5,0,4,IIIIIIII,not tested,90.00 180.00 90.00 180.00 90.00 180.00 90.00 180.00,1.0000 1.0000 1.0000 1.0000 1.0000 1.0000 1.0000 1.0000,0 0 0 0 0 0 0 0,0 0 0 0 0 0 0 0,"1,2,3,4,5,6,9",,no (tile),,,,90.00,,1.0000,,3 4,yes,4_2 5_1,pmg,22*,L2
7886,8,5,1,2,IIIIIIII,not tested,90.00 180.00 90.00 180.00 90.00 180.00 90.00 180.00,1.0000 1.0000 1.0000 1.0000 1.0000 1.0000 1.0000 1.0000,0 0 0 0 0 0 0 0,0 0 0 0 0 0 0 0,"1,2,3,4,5,6,9",,no (tile),,,,90.00,,1.0000,,3 4,yes,4_2 5_1,pmg,22*,L2
7886,8,5,1,6,IIIIIIII,not tested,90.00 180.00 90.00 180.00 90.00 180.00 90.00 180.00,1.0000 1.0000 1.0000 1.0000 1.0000 1.0000 1.0000 1.0000,0 0 0 0 0 0 0 0,0 0 0 0 0 0 0 0,"1,2,3,4,5,6,9",,no (tile),,,,90.00,,1.0000,,3 4,yes,4_2 5_1,pmg,22*,L2
7887,8,1,0,0,IIIIIIII,not tested,90.00 180.00 90.00 180.00 90.00 180.00 90.00 180.00,1.0000 1.0000 1.0000 1.0000 1.0000 1.0000 1.0000 1.0000,0 0 0 0 0 0 0 0,0 0 0 0 0 0 0 0,"1,2,3,4,5,6,9",,no (tile),,,,90.00,,1.0000,,3 4,yes,4_2 5_1,cm,1*x,L2
7887,8,1,0,4,IIIIIIII,not tested,90.00 180.00 90.00 180.00 90.00 180.00 90.00 180.00,1.0000 1.0000 1.0000 1.0000 1.0000 1.0000 1.0000 1.0000,0 0 0 0 0 0 0 0,0 0 0 0 0 0 0 0,"1,2,3,4,5,6,9",,no (tile),,,,90.00,,1.0000,,3 4,yes,4_2 5_1,cm,1*x,L2
7887,8,1,1,2,IIIIIIII,not tested,90.00 180.00 90.00 180.00 90.00 180.00 90.00 180.00,1.0000 1.0000 1.0000 1.0000 1.0000 1.0000 1.0000 1.0000,0 0 0 0 0 0 0 0,0 0 0 0 0 0 0 0,"1,2,3,4,5,6,9",,no (tile),,,,90.00,,1.0000,,3 4,yes,4_2 5_1,cm,1*x,L2
7887,8,1,1,6,IIIIIIII,not tested,90.00 180.00 90.00 180.00 90.00 180.00 90.00 180.00,1.0000 1.0000 1.0000 1.0000 1.0000 1.0000 1.0000 1.0000,0 0 0 0 0 0 0 0,0 0 0 0 0 0 0 0,"1,2,3,4,5,6,9",,no (tile),,,,90.00,,1.0000,,3 4,yes,4_2 5_1,cm,1*x,L2
8633,8,5,0,5,IIIIIIII,not tested,180.00 45.00 180.00 90.00 270.00 90.00 180.00 45.00,1.0000 0.4714 0.4714 0.4714 0.4714 0.4714 0.4714 1.0000,0 1 1 1 1 1 1 0,0 0 0 0 0 0 0 0,1,,no (tile),,,,45.00,,0.4714,,3 5,yes,4_2 6_4,pmg,22*,L3
8633,8,5,1,3,IIIIIIII,not tested,180.00 45.00 180.00 90.00 270.00 90.00 180.00 45.00,1.0000 0.4714 0.4714 0.4714 0.4714 0.4714 0.4714 1.0000,0 1 1 1 1 1 1 0,0 0 0 0 0 0 0 0,1,,no (tile),,,,45.00,,0.4714,,3 5,yes,4_2 6_4,pmg,22*,L3
8973,8,0,0,1,SSSSSSSS,not tested,90.00 90.00 180.00 180.00 90.00 90.00 180.00 180.00,1.0000 1.0000 1.0000 1.0000 1.0000 1.0000 1.0000 1.0000,0 1 1 1 0 1 1 1,0 0 0 0 0 0 0 0,"1,4",,no (tile),,,,90.00,,1.0000,,3 4,yes,4_2 5_1,p2,2222,L2
8973,8,0,0,5,SSSSSSSS,not tested,90.00 90.00 180.00 180.00 90.00 90.00 180.00 180.00,1.0000 1.0000 1.0000 1.0000 1.0000 1.0000 1.0000 1.0000,0 1 1 1 0 1 1 1,0 0 0 0 0 0 0 0,"1,4",,no (tile),,,,90.00,,1.0000,,3 4,yes,4_2 5_1,p2,2222,L2
8973,8,1,0,1,SSSSSSSS,not tested,90.00 90.00 180.00 180.00 90.00 90.00 180.00 180.00,1.0000 1.0000 1.0000 1.0000 1.0000 1.0000 1.0000 1.0000,0 1 1 1 0 1 1 1,0 0 0 0 0 0 0 0,"1,4",,no (tile),,,,90.00,,1.0000,,3 4,yes,4_2 5_1,p2,2222,L2
8973,8,1,0,5,SSSSSSSS,not tested,90.00 90.00 180.00 180.00 90.00 90.00 180.00 180.00,1.0000 1.0000 1.0000 1.0000 1.0000 1.0000 1.0000 1.0000,0 1 1 1 0 1 1 1,0 0 0 0 0 0 0 0,"1,4",,no (tile),,,,90.00,,1.0000,,3 4,yes,4_2 5_1,p2,2222,L2
8973,8,5,0,0,SSSSSSSS,not tested,90.00 180.00 90.00 180.00 90.00 180.00 90.00 180.00,1.0000 1.0000 1.0000 1.0000 1.0000 1.0000 1.0000 1.0000,0 0 0 0 0 0 0 0,0 0 0 0 0 0 0 0,"1,4,9",,no (tile),,,,90.00,,1.0000,,3 4,yes,4_2 5_1,p2,2222,L2
8973,8,5,0,4,SSSSSSSS,not tested,90.00 180.00 90.00 180.00 90.00 180.00 90.00 180.00,1.0000 1.0000 1.0000 1.0000 1.0000 1.0000 1.0000 1.0000,0 0 0 0 0 0 0 0,0 0 0 0 0 0 0 0,"1,4,9",,no (tile),,,,90.00,,1.0000,,3 4,yes,4_2 5_1,p2,2222,L2
8973,8,5,1,2,SSSSSSSS,not tested,90.00 180.00 90.00 180.00 90.00 180.00 90.00 180.00,1.0000 1.0000 1.0000 1.0000 1.0000 1.0000 1.0000 1.0000,0 0 0 0 0 0 0 0,0 0 1 1 0 0 1 1,"1,2,3,4,5,6",,no (tile),,,,90.00,,1.0000,,3 4,yes,4_2 5_1,p2,2222,L2
8973,8,5,1,6,SSSSSSSS,not tested,90.00 180.00 90.00 180.00 90.00 180.00 90.00 180.00,1.0000 1.0000 1.0000 1.0000 1.0000 1.0000 1.0000 1.0000,0 0 0 0 0 0 0 0,0 0 1 1 0 0 1 1,"1,2,3,4,5,6",,no (tile),,,,90.00,,1.0000,,3 4,yes,4_2 5_1,p2,2222,L2
8974,8,1,0,0,UUUUUUUU,not tested,90.00 180.00 90.00 180.00 90.00 180.00 90.00 180.00,1.0000 1.0000 1.0000 1.0000 1.0000 1.0000 1.0000 1.0000,0 0 0 0 0 0 0 0,0 2 0 2 0 2 0 2,"1,2,3,4,5,9",,no (tile),,,,90.00,,1.0000,,3 4,yes,4_2 5_1,pgg,22x,L2
8974,8,1,0,4,UUUUUUUU,not tested,90.00 180.00 90.00 180.00 90.00 180.00 90.00 180.00,1.0000 1.0000 1.0000 1.0000 1.0000 1.0000 1.0000 1.0000,0 0 0 0 0 0 0 0,0 2 0 2 0 2 0 2,"1,2,3,4,5,9",,no (tile),,,,90.00,,1.0000,,3 4,yes,4_2 5_1,pgg,22x,L2
8974,8,1,1,2,UUUUUUUU,not tested,90.00 180.00 90.00 180.00 90.00 180.00 90.00 180.00,1.0000 1.0000 1.0000 1.0000 1.0000 1.0000 1.0000 1.0000,0 0 0 0 0 0 0 0,0 2 2 0 0 2 2 0,"1,2,3,4,5,6",,no (tile),,,,90.00,,1.0000,,3 4,yes,4_2 5_1,pgg,22x,L2
8974,8,1,1,6,UUUUUUUU,not tested,90.00 180.00 90.00 180.00 90.00 180.00 90.00 180.00,1.0000 1.0000 1.0000 1.0000 1.0000 1.0000 1.0000 1.0000,0 0 0 0 0 0 0 0,0 2 2 0 0 2 2 0,"1,2,3,4,5,6",,no (tile),,,,90.00,,1.0000,,3 4,yes,4_2 5_1,pgg,22x,L2
8982,8,0,0,1,SSSSSSSS,not tested,180.00 59.85 60.15 60.00 180.00 180.00 180.00 180.00,1.0000 5.9909 5.9819 1.0000 1.0000 1.0000 1.0000 1.0000,0 1 2 0 0 0 0 0,0 0 0 0 0 0 0 0,1,,no (tile),,,,59.85,,0.1669,,4 6,yes,3_2 4_2,p2,2222,hand
8982,8,0,1,3,SJJSSSSS,not tested,180.00 43.01 93.98 43.01 180.00 180.00 180.00 180.00,1.0000 4.1025 4.1025 1.0000 1.0000 1.0000 1.0000 1.0000,0 1 1 0 0 0 0 0,0 0 2 0 0 0 0 0,"2,6",,no (tile),,,,43.01,,0.2438,,4 6,yes,3_2 4_2,p2,2222,hand
8982,8,4,1,7,SJJJJJJS,not tested,180.00 53.22 73.56 286.44 73.56 286.44 73.56 53.22,1.0000 0.5567 0.5567 0.5567 0.5567 0.5567 0.5567 1.0000,0 1 1 1 1 1 1 0,0 0 2 0 2 0 2 0,(not a tile),,"n/a (not a tile: rep 0 (S) must bulge opposite ways: to clear v3 on edge 0 (code 0) and to clear v5 on edge 7 (code 0) -- exact via the outside lemma (validated by John, 2026-09-13) [curve_sides])",,,,53.22,,0.5567,,,,3_2 4_2,p2,2222,hand
8982,8,7,1,1,SJSJJJJJ,not needed (covering theorem),104.96 28.90 255.04 104.96 46.15 313.85 46.15 180.00,1.0000 0.6700 1.0000 0.6700 0.6700 0.6700 0.6700 0.6700,0 1 0 1 1 1 1 1,0 0 1 3 1 3 1 2,,,YES,2,"1,4",2,28.90,,0.6700,,4 6,yes,3_2 4_2,p2,2222,hand
8982,8,14,1,7,SJJJJJJS,not tested,180.00 53.22 73.56 286.44 73.56 286.44 73.56 53.22,1.0000 0.5567 0.5567 0.5567 0.5567 0.5567 0.5567 1.0000,0 1 1 1 1 1 1 0,0 0 2 0 2 0 2 0,(not a tile),,"n/a (not a tile: rep 0 (S) must bulge opposite ways: to clear v3 on edge 0 (code 0) and to clear v5 on edge 7 (code 0) -- exact via the outside lemma (validated by John, 2026-09-13) [curve_sides])",,,,53.22,,0.5567,,,,3_2 4_2,p2,2222,hand
8982,8,23,1,4,JJJJJSJS,not needed (covering theorem),-464.92 180.00 -1846.18 2206.18 -1846.18 -464.92 824.92 2491.10,1.0000 1.0000 1.0000 1.0000 1.0000 1.4932 1.0000 1.4932,0 0 0 0 0 5 0 5,0 3 1 3 1 0 2 1,,,YES,2,"1,3,4",2,28.90,,0.6697,,4 6,yes,3_2 4_2,p2,2222,hand
8982,8,34,0,5,SSSSSSSS,not tested,180.00 180.00 180.00 180.00 180.00 59.85 60.15 60.00,1.0000 1.0000 1.0000 1.0000 1.0000 5.9909 5.9819 1.0000,0 0 0 0 0 5 6 0,0 0 0 0 0 0 0 0,1,,no (tile),,,,59.85,,0.1669,,4 6,yes,3_2 4_2,p2,2222,hand
8982,8,34,1,7,SSSSSJJS,not tested,180.00 180.00 180.00 180.00 180.00 43.01 93.98 43.01,1.0000 1.0000 1.0000 1.0000 1.0000 4.1025 4.1025 1.0000,0 0 0 0 0 5 5 0,0 0 0 0 0 0 2 0,"2,6",,no (tile),,,,43.01,,0.2438,,4 6,yes,3_2 4_2,p2,2222,hand
8986,8,0,0,2,SJJSSSSS,not tested,180.00 45.00 90.00 45.00 180.00 180.00 180.00 180.00,1.0000 4.2426 4.2426 1.0000 1.0000 1.0000 1.0000 1.0000,0 1 1 0 0 0 0 0,0 0 3 0 0 0 0 0,9,,no (tile),,,,45.00,,0.2357,,4 5,yes,3_2 4_2,p2,2222,L2
8986,8,0,1,2,SIISSSSS,not tested,180.00 44.88 90.00 45.12 180.00 180.00 180.00 180.00,1.0000 4.2515 4.2337 1.0000 1.0000 1.0000 1.0000 1.0000,0 1 2 0 0 0 0 0,0 0 0 0 0 0 0 0,1,,no (tile),,,,44.88,,0.2352,,4 5,yes,3_2 4_2,p2,2222,L2
8986,8,34,0,6,SSSSSJJS,not tested,180.00 180.00 180.00 180.00 180.00 45.00 90.00 45.00,1.0000 1.0000 1.0000 1.0000 1.0000 4.2426 4.2426 1.0000,0 0 0 0 0 5 5 0,0 0 0 0 0 0 3 0,9,,no (tile),,,,45.00,,0.2357,,4 5,yes,3_2 4_2,p2,2222,L2
8986,8,34,1,6,SSSSSIIS,not tested,180.00 180.00 180.00 180.00 180.00 44.88 90.00 45.12,1.0000 1.0000 1.0000 1.0000 1.0000 4.2515 4.2337 1.0000,0 0 0 0 0 5 6 0,0 0 0 0 0 0 0 0,1,,no (tile),,,,44.88,,0.2352,,4 5,yes,3_2 4_2,p2,2222,L2
9001,8,0,1,7,UUJJJJJJ,not tested,73.06 180.00 73.06 33.89 326.11 33.89 326.11 33.89,1.0000 1.0000 1.1437 1.1437 1.1437 1.1437 1.1437 1.1437,0 0 2 2 2 2 2 2,0 2 0 2 0 2 0 2,(not a tile),,"n/a (not a tile: rep 0 (U) must bulge opposite ways: to clear v4 on edge 1 (code 2) and to clear v6 on edge 0 (code 0) -- exact via the outside lemma (validated by John, 2026-09-13) [curve_sides])",,,,33.89,,0.8743,,,,3_2 4_2,pgg,22x,L2
9001,8,4,1,3,UUJJJJJJ,not tested,73.06 180.00 73.06 33.89 326.11 33.89 326.11 33.89,1.0000 1.0000 1.1437 1.1437 1.1437 1.1437 1.1437 1.1437,0 0 2 2 2 2 2 2,0 2 0 2 0 2 0 2,(not a tile),,"n/a (not a tile: rep 0 (U) must bulge opposite ways: to clear v4 on edge 1 (code 2) and to clear v6 on edge 0 (code 0) -- exact via the outside lemma (validated by John, 2026-09-13) [curve_sides])",,,,33.89,,0.8743,,,,3_2 4_2,pgg,22x,L2
9017,8,0,1,1,SSSSSSSS,not tested,291.58 180.00 -43.92 -67.66 291.58 68.42 291.58 68.42,1.0000 1.0000 4.0215 1.0000 1.0000 1.0000 1.0000 1.0000,0 0 2 0 0 0 0 0,0 0 0 1 0 1 0 1,"1,2,6",,no (tile),,,,43.92,,0.2487,,4 6,yes,3_2 4_2,pgg,22x,L2
9017,8,0,1,7,JJJJJJJJ,not tested,-70.53 180.00 289.47 -38.94 398.94 -38.94 398.94 -38.94,1.0000 1.0000 1.0000 1.0000 1.0000 1.0000 1.0000 1.0000,0 0 0 0 0 0 0 0,0 3 3 1 3 1 3 1,(not a tile),,"n/a (not a tile: rep 0 (J) must bulge opposite ways: to clear v4 on edge 1 (code 3) and to clear v6 on edge 0 (code 0) -- exact via the outside lemma (validated by John, 2026-09-13) [curve_sides])",,,,38.94,,1.0000,,,,3_2 4_2,pgg,22x,L2
9017,8,4,0,1,JJJJJJJJ,not tested,-70.53 180.00 289.47 -38.94 398.94 -38.94 398.94 -38.94,1.0000 1.0000 1.0000 1.0000 1.0000 1.0000 1.0000 1.0000,0 0 0 0 0 0 0 0,0 3 2 0 2 0 2 0,(not a tile),,"n/a (not a tile: rep 0 (J) must bulge opposite ways: to clear v4 on edge 1 (code 3) and to clear v6 on edge 0 (code 0) -- exact via the outside lemma (validated by John, 2026-09-13) [curve_sides])",,,,38.94,,1.0000,,,,3_2 4_2,pgg,22x,L2
9017,8,4,0,7,SSSSSSSS,not tested,36.32 180.00 15.84 344.16 15.84 344.16 15.84 127.84,1.0000 1.0000 1.0000 1.0000 1.0000 1.0000 1.0000 1.3825,0 0 0 0 0 0 0 7,0 0 1 0 1 0 1 0,"1,2,6",,no (tile),,,,15.84,,0.7233,,4 6,yes,3_2 4_2,pgg,22x,L2
9017,8,5,1,2,SUUSSUSU,not tested,248.50 111.50 180.00 248.50 -47.42 -21.09 111.50 248.50,1.0000 0.3285 0.3285 1.0000 2.5863 0.3285 1.0000 0.3285,0 1 1 0 4 1 0 1,0 0 2 0 0 0 1 2,"1,6",,no (tile),,,,21.09,,0.1270,,4 6,yes,3_2 4_2,pgg,22x,L2
13528,8,10,0,0,IIIIIIII,not tested,90.00 180.00 90.00 180.00 90.00 180.00 90.00 180.00,1.0000 1.0000 1.0000 1.0000 1.0000 1.0000 1.0000 1.0000,0 0 0 0 0 0 0 0,0 0 0 0 0 0 0 0,"1,2,3,4,5,6,9",,no (tile),,,,90.00,,1.0000,,3 4,yes,5_4 5_2,cmm,2*22,L3
13528,8,10,1,2,IIIIIIII,not tested,90.00 180.00 90.00 180.00 90.00 180.00 90.00 180.00,1.0000 1.0000 1.0000 1.0000 1.0000 1.0000 1.0000 1.0000,0 0 0 0 0 0 0 0,0 0 0 0 0 0 0 0,"1,2,3,4,5,6,9",,no (tile),,,,90.00,,1.0000,,3 4,yes,5_4 5_2,cmm,2*22,L3
23960,8,0,0,5,UIIIUIII,not tested,90.00 90.00 180.00 180.00 90.00 90.00 180.00 180.00,1.0000 1.0000 1.0000 1.0000 1.0000 1.0000 1.0000 1.0000,0 1 1 1 0 1 1 1,0 0 0 0 2 0 0 0,"1,4,5,6",,no (tile),,,,90.00,,1.0000,,3 4,yes,5_2 6_4,pm,1**,L2
23960,8,0,1,4,UIIIUIII,not tested,90.00 90.00 180.00 180.00 90.00 90.00 180.00 180.00,1.0000 1.0000 1.0000 1.0000 1.0000 1.0000 1.0000 1.0000,0 1 1 1 0 1 1 1,0 0 0 0 2 0 0 0,"1,4,5,6",,no (tile),,,,90.00,,1.0000,,3 4,yes,5_2 6_4,pm,1**,L2
23960,8,2,0,5,UIIIUIII,not tested,90.00 90.00 180.00 180.00 90.00 90.00 180.00 180.00,1.0000 1.0000 1.0000 1.0000 1.0000 1.0000 1.0000 1.0000,0 1 1 1 0 1 1 1,0 0 0 0 2 0 0 0,"1,4,5,6",,no (tile),,,,90.00,,1.0000,,3 4,yes,5_2 6_4,pm,1**,L2
23960,8,2,1,4,UIIIUIII,not tested,90.00 90.00 180.00 180.00 90.00 90.00 180.00 180.00,1.0000 1.0000 1.0000 1.0000 1.0000 1.0000 1.0000 1.0000,0 1 1 1 0 1 1 1,0 0 0 0 2 0 0 0,"1,4,5,6",,no (tile),,,,90.00,,1.0000,,3 4,yes,5_2 6_4,pm,1**,L2
23960,8,5,0,0,IIIIIIII,not tested,90.00 180.00 90.00 180.00 90.00 180.00 90.00 180.00,1.0000 1.0000 1.0000 1.0000 1.0000 1.0000 1.0000 1.0000,0 0 0 0 0 0 0 0,0 0 0 0 0 0 0 0,"1,2,3,4,5,6,9",,no (tile),,,,90.00,,1.0000,,3 4,yes,5_2 6_4,pm,1**,L2
23960,8,5,0,4,IIIIIIII,not tested,90.00 180.00 90.00 180.00 90.00 180.00 90.00 180.00,1.0000 1.0000 1.0000 1.0000 1.0000 1.0000 1.0000 1.0000,0 0 0 0 0 0 0 0,0 0 0 0 0 0 0 0,"1,2,3,4,5,6,9",,no (tile),,,,90.00,,1.0000,,3 4,yes,5_2 6_4,pm,1**,L2
23960,8,5,1,2,IIIIIIII,not tested,90.00 180.00 90.00 180.00 90.00 180.00 90.00 180.00,1.0000 1.0000 1.0000 1.0000 1.0000 1.0000 1.0000 1.0000,0 0 0 0 0 0 0 0,0 0 0 0 0 0 0 0,"1,2,3,4,5,6,9",,no (tile),,,,90.00,,1.0000,,3 4,yes,5_2 6_4,pm,1**,L2
23960,8,5,1,6,IIIIIIII,not tested,90.00 180.00 90.00 180.00 90.00 180.00 90.00 180.00,1.0000 1.0000 1.0000 1.0000 1.0000 1.0000 1.0000 1.0000,0 0 0 0 0 0 0 0,0 0 0 0 0 0 0 0,"1,2,3,4,5,6,9",,no (tile),,,,90.00,,1.0000,,3 4,yes,5_2 6_4,pm,1**,L2
23961,8,0,0,1,USSSUSSS,not tested,90.00 90.00 180.00 180.00 90.00 90.00 180.00 180.00,1.0000 1.0000 1.0000 1.0000 1.0000 1.0000 1.0000 1.0000,0 1 1 1 0 1 1 1,0 0 0 0 2 1 1 1,"1,5,6",,no (tile),,,,90.00,,1.0000,,3 4,yes,5_2 6_4,pmg,22*,L2
23961,8,0,0,5,UIIIUIII,not tested,90.00 90.00 180.00 180.00 90.00 90.00 180.00 180.00,1.0000 1.0000 1.0000 1.0000 1.0000 1.0000 1.0000 1.0000,0 1 1 1 0 1 1 1,0 0 0 0 2 0 0 0,"1,4,5,6",,no (tile),,,,90.00,,1.0000,,3 4,yes,5_2 6_4,pmg,22*,L2
23961,8,0,1,0,USSSUSSS,not tested,90.00 90.00 180.00 180.00 90.00 90.00 180.00 180.00,1.0000 1.0000 1.0000 1.0000 1.0000 1.0000 1.0000 1.0000,0 1 1 1 0 1 1 1,0 0 0 0 2 1 1 1,"1,5,6",,no (tile),,,,90.00,,1.0000,,3 4,yes,5_2 6_4,pmg,22*,L2
23961,8,0,1,4,UIIIUIII,not tested,90.00 90.00 180.00 180.00 90.00 90.00 180.00 180.00,1.0000 1.0000 1.0000 1.0000 1.0000 1.0000 1.0000 1.0000,0 1 1 1 0 1 1 1,0 0 0 0 2 0 0 0,"1,4,5,6",,no (tile),,,,90.00,,1.0000,,3 4,yes,5_2 6_4,pmg,22*,L2
23961,8,2,0,1,USSSUSSS,not tested,90.00 90.00 180.00 180.00 90.00 90.00 180.00 180.00,1.0000 1.0000 1.0000 1.0000 1.0000 1.0000 1.0000 1.0000,0 1 1 1 0 1 1 1,0 0 0 0 2 1 1 1,"1,5,6",,no (tile),,,,90.00,,1.0000,,3 4,yes,5_2 6_4,pmg,22*,L2
23961,8,2,0,5,UIIIUIII,not tested,90.00 90.00 180.00 180.00 90.00 90.00 180.00 180.00,1.0000 1.0000 1.0000 1.0000 1.0000 1.0000 1.0000 1.0000,0 1 1 1 0 1 1 1,0 0 0 0 2 0 0 0,"1,4,5,6",,no (tile),,,,90.00,,1.0000,,3 4,yes,5_2 6_4,pmg,22*,L2
23961,8,2,1,0,USSSUSSS,not tested,90.00 90.00 180.00 180.00 90.00 90.00 180.00 180.00,1.0000 1.0000 1.0000 1.0000 1.0000 1.0000 1.0000 1.0000,0 1 1 1 0 1 1 1,0 0 0 0 2 1 1 1,"1,5,6",,no (tile),,,,90.00,,1.0000,,3 4,yes,5_2 6_4,pmg,22*,L2
23961,8,2,1,4,UIIIUIII,not tested,90.00 90.00 180.00 180.00 90.00 90.00 180.00 180.00,1.0000 1.0000 1.0000 1.0000 1.0000 1.0000 1.0000 1.0000,0 1 1 1 0 1 1 1,0 0 0 0 2 0 0 0,"1,4,5,6",,no (tile),,,,90.00,,1.0000,,3 4,yes,5_2 6_4,pmg,22*,L2
23961,8,5,0,0,IIIIIIII,not tested,90.00 180.00 90.00 180.00 90.00 180.00 90.00 180.00,1.0000 1.0000 1.0000 1.0000 1.0000 1.0000 1.0000 1.0000,0 0 0 0 0 0 0 0,0 0 0 0 0 0 0 0,"1,2,3,4,5,6,9",,no (tile),,,,90.00,,1.0000,,3 4,yes,5_2 6_4,pmg,22*,L2
23961,8,5,0,4,IIIIIIII,not tested,90.00 180.00 90.00 180.00 90.00 180.00 90.00 180.00,1.0000 1.0000 1.0000 1.0000 1.0000 1.0000 1.0000 1.0000,0 0 0 0 0 0 0 0,0 0 0 0 0 0 0 0,"1,2,3,4,5,6,9",,no (tile),,,,90.00,,1.0000,,3 4,yes,5_2 6_4,pmg,22*,L2
23961,8,5,1,2,IIIIIIII,not tested,90.00 180.00 90.00 180.00 90.00 180.00 90.00 180.00,1.0000 1.0000 1.0000 1.0000 1.0000 1.0000 1.0000 1.0000,0 0 0 0 0 0 0 0,0 0 0 0 0 0 0 0,"1,2,3,4,5,6,9",,no (tile),,,,90.00,,1.0000,,3 4,yes,5_2 6_4,pmg,22*,L2
23961,8,5,1,6,IIIIIIII,not tested,90.00 180.00 90.00 180.00 90.00 180.00 90.00 180.00,1.0000 1.0000 1.0000 1.0000 1.0000 1.0000 1.0000 1.0000,0 0 0 0 0 0 0 0,0 0 0 0 0 0 0 0,"1,2,3,4,5,6,9",,no (tile),,,,90.00,,1.0000,,3 4,yes,5_2 6_4,pmg,22*,L2
24645,8,1,0,6,IIIIIIII,not tested,180.00 90.00 90.00 180.00 180.00 180.00 90.00 90.00,1.0000 0.5000 0.5000 0.5000 0.5000 0.5000 0.5000 1.0000,0 1 1 1 1 1 1 0,0 0 0 0 0 0 0 0,"1,2,3,6",,no (tile),,,,90.00,,0.5000,,3 4,yes,4_2 8_4,pmg,22*,L3
24645,8,1,1,2,IIIIIIII,not tested,180.00 90.00 90.00 180.00 180.00 180.00 90.00 90.00,1.0000 0.5000 0.5000 0.5000 0.5000 0.5000 0.5000 1.0000,0 1 1 1 1 1 1 0,0 0 0 0 0 0 0 0,"1,2,3,6",,no (tile),,,,90.00,,0.5000,,3 4,yes,4_2 8_4,pmg,22*,L3
24645,8,3,0,1,IIIIIIII,not tested,180.00 90.00 90.00 180.00 180.00 180.00 90.00 90.00,1.0000 0.5000 0.5000 0.5000 0.5000 0.5000 0.5000 1.0000,0 1 1 1 1 1 1 0,0 0 0 0 0 0 0 0,"1,2,3,6",,no (tile),,,,90.00,,0.5000,,3 4,yes,4_2 8_4,pmg,22*,L3
24645,8,3,1,7,IIIIIIII,not tested,180.00 90.00 90.00 180.00 180.00 180.00 90.00 90.00,1.0000 0.5000 0.5000 0.5000 0.5000 0.5000 0.5000 1.0000,0 1 1 1 1 1 1 0,0 0 0 0 0 0 0 0,"1,2,3,6",,no (tile),,,,90.00,,0.5000,,3 4,yes,4_2 8_4,pmg,22*,L3
25151,8,11,0,2,IIIIIIII,not tested,180.00 90.00 180.00 90.00 180.00 90.00 180.00 90.00,1.0000 1.0000 1.0000 1.0000 1.0000 1.0000 1.0000 1.0000,0 0 0 0 0 0 0 0,0 0 0 0 0 0 0 0,"1,2,3,4,5,6,9",,no (tile),,,,90.00,,1.0000,,3 4,yes,5_2 6_4,cmm,2*22,L3
25151,8,11,0,6,IIIIIIII,not tested,180.00 90.00 180.00 90.00 180.00 90.00 180.00 90.00,1.0000 1.0000 1.0000 1.0000 1.0000 1.0000 1.0000 1.0000,0 0 0 0 0 0 0 0,0 0 0 0 0 0 0 0,"1,2,3,4,5,6,9",,no (tile),,,,90.00,,1.0000,,3 4,yes,5_2 6_4,cmm,2*22,L3
25151,8,11,1,2,IIIIIIII,not tested,180.00 90.00 180.00 90.00 180.00 90.00 180.00 90.00,1.0000 1.0000 1.0000 1.0000 1.0000 1.0000 1.0000 1.0000,0 0 0 0 0 0 0 0,0 0 0 0 0 0 0 0,"1,2,3,4,5,6,9",,no (tile),,,,90.00,,1.0000,,3 4,yes,5_2 6_4,cmm,2*22,L3
25151,8,11,1,6,IIIIIIII,not tested,180.00 90.00 180.00 90.00 180.00 90.00 180.00 90.00,1.0000 1.0000 1.0000 1.0000 1.0000 1.0000 1.0000 1.0000,0 0 0 0 0 0 0 0,0 0 0 0 0 0 0 0,"1,2,3,4,5,6,9",,no (tile),,,,90.00,,1.0000,,3 4,yes,5_2 6_4,cmm,2*22,L3
25152,8,2,0,7,IIIIIIII,not tested,120.00 60.00 240.00 120.00 120.00 120.00 240.00 60.00,1.0000 0.5000 0.5000 0.5000 0.5000 0.5000 0.5000 1.0000,0 1 1 1 1 1 1 0,0 0 0 0 0 0 0 0,"1,2,3,5,6",,no (tile),,,,60.00,,0.5000,,3 4,yes,5_2 6_4,pmg,22*,L3
25152,8,2,1,1,IIIIIIII,not tested,120.00 60.00 240.00 120.00 120.00 120.00 240.00 60.00,1.0000 0.5000 0.5000 0.5000 0.5000 0.5000 0.5000 1.0000,0 1 1 1 1 1 1 0,0 0 0 0 0 0 0 0,"1,2,3,5,6",,no (tile),,,,60.00,,0.5000,,3 4,yes,5_2 6_4,pmg,22*,L3
25152,8,11,0,2,IIIIIIII,not tested,180.00 90.00 180.00 90.00 180.00 90.00 180.00 90.00,1.0000 1.0000 1.0000 1.0000 1.0000 1.0000 1.0000 1.0000,0 0 0 0 0 0 0 0,0 0 0 0 0 0 0 0,"1,2,3,4,5,6,9",,no (tile),,,,90.00,,1.0000,,3 4,yes,5_2 6_4,pmg,22*,L3
25152,8,11,0,6,IIIIIIII,not tested,180.00 90.00 180.00 90.00 180.00 90.00 180.00 90.00,1.0000 1.0000 1.0000 1.0000 1.0000 1.0000 1.0000 1.0000,0 0 0 0 0 0 0 0,0 0 0 0 0 0 0 0,"1,2,3,4,5,6,9",,no (tile),,,,90.00,,1.0000,,3 4,yes,5_2 6_4,pmg,22*,L3
25152,8,11,1,2,IIIIIIII,not tested,180.00 90.00 180.00 90.00 180.00 90.00 180.00 90.00,1.0000 1.0000 1.0000 1.0000 1.0000 1.0000 1.0000 1.0000,0 0 0 0 0 0 0 0,0 0 0 0 0 0 0 0,"1,2,3,4,5,6,9",,no (tile),,,,90.00,,1.0000,,3 4,yes,5_2 6_4,pmg,22*,L3
25152,8,11,1,6,IIIIIIII,not tested,180.00 90.00 180.00 90.00 180.00 90.00 180.00 90.00,1.0000 1.0000 1.0000 1.0000 1.0000 1.0000 1.0000 1.0000,0 0 0 0 0 0 0 0,0 0 0 0 0 0 0 0,"1,2,3,4,5,6,9",,no (tile),,,,90.00,,1.0000,,3 4,yes,5_2 6_4,pmg,22*,L3
25152,8,18,0,5,IIIIIIII,not tested,120.00 120.00 240.00 60.00 120.00 60.00 240.00 120.00,1.0000 1.0000 1.0000 2.0000 2.0000 1.0000 1.0000 1.0000,0 0 0 3 3 0 0 0,0 0 0 0 0 0 0 0,"1,2,3,5,6",,no (tile),,,,60.00,,0.5000,,3 4,yes,5_2 6_4,pmg,22*,L3
25152,8,18,1,3,IIIIIIII,not tested,120.00 120.00 240.00 60.00 120.00 60.00 240.00 120.00,1.0000 1.0000 1.0000 2.0000 2.0000 1.0000 1.0000 1.0000,0 0 0 3 3 0 0 0,0 0 0 0 0 0 0 0,"1,2,3,5,6",,no (tile),,,,60.00,,0.5000,,3 4,yes,5_2 6_4,pmg,22*,L3
25447,8,34,1,0,IIIIIIII,not tested,90.00 90.00 90.00 90.00 270.00 90.00 270.00 90.00,1.0000 1.0000 0.3333 0.3333 0.3333 0.3333 0.3333 0.3333,0 1 2 2 2 2 2 2,0 0 0 0 0 0 0 0,"1,2,3,5,6",,no (tile),,,,90.00,,0.3333,,4,yes,4_1 4_1,pmm,*2222,L3
25447,8,34,1,6,IIIIIIII,not tested,90.00 90.00 90.00 270.00 90.00 270.00 90.00 90.00,1.0000 0.3333 0.3333 0.3333 0.3333 0.3333 0.3333 1.0000,0 1 1 1 1 1 1 7,0 0 0 0 0 0 0 0,"1,2,3,5,6",,no (tile),,,,90.00,,0.3333,,4,yes,4_1 4_1,pmm,*2222,L3
25448,8,34,1,0,IIIIIIII,not tested,90.00 90.00 90.00 90.00 270.00 90.00 270.00 90.00,1.0000 1.0000 0.3333 0.3333 0.3333 0.3333 0.3333 0.3333,0 1 2 2 2 2 2 2,0 0 0 0 0 0 0 0,"1,2,3,5,6",,no (tile),,,,90.00,,0.3333,,4,yes,4_1 4_1,cmm,2*22,L3
25448,8,34,1,6,IIIIIIII,not tested,90.00 90.00 90.00 270.00 90.00 270.00 90.00 90.00,1.0000 0.3333 0.3333 0.3333 0.3333 0.3333 0.3333 1.0000,0 1 1 1 1 1 1 7,0 0 0 0 0 0 0 0,"1,2,3,5,6",,no (tile),,,,90.00,,0.3333,,4,yes,4_1 4_1,cmm,2*22,L3
25460,8,30,1,3,IIIIIIII,not tested,90.00 90.00 270.00 90.00 90.00 270.00 90.00 90.00,1.0000 1.0000 1.0000 1.0000 1.0000 1.0000 1.0000 3.0000,0 0 0 0 0 0 0 7,0 0 0 0 0 0 0 0,"1,6",,no (tile),,,,90.00,,0.3333,,4,yes,4_2 4_2,cmm,2*22,L3
25460,8,30,1,5,IIIIIIII,not tested,90.00 90.00 90.00 270.00 90.00 90.00 270.00 90.00,1.0000 0.3333 0.3333 0.3333 0.3333 0.3333 0.3333 0.3333,0 1 1 1 1 1 1 1,0 0 0 0 0 0 0 0,"1,6",,no (tile),,,,90.00,,0.3333,,4,yes,4_2 4_2,cmm,2*22,L3
25461,8,14,1,2,IIIIIIII,not tested,90.00 45.00 135.00 90.00 270.00 90.00 270.00 90.00,1.0000 0.7071 0.1667 0.1667 0.1667 0.1667 0.1667 0.1667,0 1 2 2 2 2 2 2,0 0 0 0 0 0 0 0,"1,2,6",,no (tile),,,,45.00,,0.1667,,3 4 8,yes,4_2 4_2,cmm,2*22,L3
25468,8,2,0,3,IIIIIIII,not tested,90.00 180.00 90.00 180.00 90.00 180.00 90.00 180.00,1.0000 1.0000 1.0000 1.0000 1.0000 1.0000 1.0000 1.0000,0 0 0 0 0 0 0 0,0 0 0 0 0 0 0 0,"1,2,3,4,5,6,9",,no (tile),,,,90.00,,1.0000,,3 4,yes,5_2 6_4,pmg,22*,L2
25468,8,2,0,7,IIIIIIII,not tested,90.00 180.00 90.00 180.00 90.00 180.00 90.00 180.00,1.0000 1.0000 1.0000 1.0000 1.0000 1.0000 1.0000 1.0000,0 0 0 0 0 0 0 0,0 0 0 0 0 0 0 0,"1,2,3,4,5,6,9",,no (tile),,,,90.00,,1.0000,,3 4,yes,5_2 6_4,pmg,22*,L2
25468,8,2,1,3,IIIIIIII,not tested,90.00 180.00 90.00 180.00 90.00 180.00 90.00 180.00,1.0000 1.0000 1.0000 1.0000 1.0000 1.0000 1.0000 1.0000,0 0 0 0 0 0 0 0,0 0 0 0 0 0 0 0,"1,2,3,4,5,6,9",,no (tile),,,,90.00,,1.0000,,3 4,yes,5_2 6_4,pmg,22*,L2
25468,8,2,1,7,IIIIIIII,not tested,90.00 180.00 90.00 180.00 90.00 180.00 90.00 180.00,1.0000 1.0000 1.0000 1.0000 1.0000 1.0000 1.0000 1.0000,0 0 0 0 0 0 0 0,0 0 0 0 0 0 0 0,"1,2,3,4,5,6,9",,no (tile),,,,90.00,,1.0000,,3 4,yes,5_2 6_4,pmg,22*,L2
25468,8,3,1,2,IIISIIIS,not tested,90.00 180.00 180.00 90.00 90.00 180.00 180.00 90.00,1.0000 1.0000 1.0000 1.0000 1.0000 1.0000 1.0000 1.0000,0 0 0 3 0 0 0 3,0 0 0 0 0 0 0 0,"1,4,5,6",,no (tile),,,,90.00,,1.0000,,3 4,yes,5_2 6_4,pmg,22*,L2
25468,8,3,1,6,IIISIIIS,not tested,90.00 180.00 180.00 90.00 90.00 180.00 180.00 90.00,1.0000 1.0000 1.0000 1.0000 1.0000 1.0000 1.0000 1.0000,0 0 0 3 0 0 0 3,0 0 0 0 0 0 0 0,"1,4,5,6",,no (tile),,,,90.00,,1.0000,,3 4,yes,5_2 6_4,pmg,22*,L2
25468,8,4,1,1,IIISIIIS,not tested,90.00 180.00 180.00 90.00 90.00 180.00 180.00 90.00,1.0000 1.0000 1.0000 1.0000 1.0000 1.0000 1.0000 1.0000,0 0 0 3 0 0 0 3,0 0 0 0 0 0 0 0,"1,4,5,6",,no (tile),,,,90.00,,1.0000,,3 4,yes,5_2 6_4,pmg,22*,L2
25468,8,4,1,5,IIISIIIS,not tested,90.00 180.00 180.00 90.00 90.00 180.00 180.00 90.00,1.0000 1.0000 1.0000 1.0000 1.0000 1.0000 1.0000 1.0000,0 0 0 3 0 0 0 3,0 0 0 0 0 0 0 0,"1,4,5,6",,no (tile),,,,90.00,,1.0000,,3 4,yes,5_2 6_4,pmg,22*,L2
25472,8,4,0,0,IIIIIIII,not tested,90.00 90.00 90.00 90.00 270.00 90.00 270.00 90.00,1.0000 1.0000 0.3333 0.3333 0.3333 0.3333 0.3333 0.3333,0 0 2 3 2 3 2 3,0 0 0 0 0 0 0 0,"1,2,3,5,6",,no (tile),,,,90.00,,0.3333,,4,yes,4_1 4_1,pmg,22*,L3
25472,8,4,0,2,IIIIIIII,not tested,90.00 90.00 90.00 90.00 90.00 270.00 90.00 270.00,1.0000 3.0000 3.0000 1.0000 1.0000 1.0000 1.0000 1.0000,0 1 1 3 0 3 0 3,0 0 0 0 0 0 0 0,"1,2,3,5,6",,no (tile),,,,90.00,,0.3333,,4,yes,4_1 4_1,pmg,22*,L3
25472,8,4,1,1,IIIIIIII,not tested,90.78 89.22 90.78 89.22 270.78 89.22 270.78 89.22,1.0000 1.0000 0.3333 0.3333 0.3333 0.3333 0.3333 0.3333,0 0 2 3 2 3 2 3,0 0 0 0 0 0 0 0,"1,2,3,5,6",,no (tile),,,,89.22,,0.3333,,4,yes,4_1 4_1,pmg,22*,L3
25472,8,4,1,3,IIIIIIII,not tested,270.84 -90.84 270.84 -90.84 270.84 89.16 270.84 89.16,1.0000 3.0000 3.0000 1.0000 1.0000 1.0000 1.0000 1.0000,0 1 1 3 0 3 0 3,0 0 0 0 0 0 0 0,"1,2,3,5,6",,no (tile),,,,89.16,,0.3333,,4,yes,4_1 4_1,pmg,22*,L3
25472,8,117,1,1,IIIIIIII,not tested,270.78 -90.78 270.78 89.22 270.78 -90.78 270.78 89.22,1.0000 0.7827 0.8913 1.0000 0.8913 0.8913 0.7827 0.8913,0 1 2 0 2 2 1 2,0 0 0 0 0 0 0 0,"1,2,3,5,6",,no (tile),,,,89.22,,0.7827,,4,yes,4_1 4_1,pmg,22*,L3
25472,8,117,1,7,IIIIIIII,not tested,90.78 89.22 270.78 89.22 90.78 89.22 270.78 89.22,1.0000 0.9979 1.0000 1.0021 0.9979 1.0000 1.0021 1.0000,0 1 0 3 1 0 3 0,0 0 0 0 0 0 0 0,"1,2,3,5,6",,no (tile),,,,89.22,,0.9958,,4,yes,4_1 4_1,pmg,22*,L3
25472,8,139,1,5,IIIIIIII,not tested,90.86 89.14 270.86 89.14 270.86 89.14 90.86 89.14,1.0000 1.0000 1.0000 1.0000 1.0000 1.0000 3.0000 3.0000,0 0 0 0 0 0 6 7,0 0 0 0 0 0 0 0,"1,2,3,5,6",,no (tile),,,,89.14,,0.3333,,4,yes,4_1 4_1,pmg,22*,L3
25472,8,139,1,7,IIIIIIII,not tested,90.78 89.22 90.78 269.22 90.78 269.22 90.78 89.22,1.0000 0.3333 0.3333 0.3333 0.3333 0.3333 0.3333 1.0000,0 1 1 1 1 1 1 7,0 0 0 0 0 0 0 0,"1,2,3,5,6",,no (tile),,,,89.22,,0.3333,,4,yes,4_1 4_1,pmg,22*,L3
25473,8,30,0,4,IIIIIIII,not tested,77.14 154.29 154.29 154.29 102.86 205.71 205.71 25.71,1.0000 1.0000 1.0000 1.0000 1.0000 1.0000 1.0000 4.4940,0 0 0 0 0 0 0 7,0 0 0 0 0 0 0 0,"2,6",,no (tile),,,,25.71,,0.2225,,3 4 6,yes,4_2 4_2,pmg,22*,L2
25473,8,34,1,5,IIIIIIII,not tested,90.81 89.19 270.81 89.19 270.81 89.19 135.41 44.59,1.0000 1.0000 1.0000 1.0000 1.0000 1.0000 4.2725 6.0000,0 0 0 0 0 0 6 7,0 0 0 0 0 0 0 0,"1,2,6",,no (tile),,,,44.59,,0.1667,,3 4 6,yes,4_2 4_2,pmg,22*,L2
25495,8,0,1,1,IIIIIIII,not tested,270.80 -90.80 270.80 -90.80 270.80 89.20 270.80 89.20,1.0000 3.0000 3.0000 1.0000 1.0000 1.0000 1.0000 1.0000,0 1 1 0 0 0 0 0,0 0 0 0 0 0 0 0,"1,2,3,5,6",,no (tile),,,,89.20,,0.3333,,4,yes,4_2 4_2,pm,1**,L2
25495,8,0,1,7,IIIIIIII,not tested,90.78 89.22 90.78 89.22 270.78 89.22 270.78 89.22,1.0000 1.0000 0.3333 0.3333 0.3333 0.3333 0.3333 0.3333,0 0 2 2 2 2 2 2,0 0 0 0 0 0 0 0,"1,2,3,5,6",,no (tile),,,,89.22,,0.3333,,4,yes,4_2 4_2,pm,1**,L2
25495,8,34,1,1,IIIIIIII,not tested,90.78 89.22 90.78 269.22 90.78 269.22 90.78 89.22,1.0000 0.3333 0.3333 0.3333 0.3333 0.3333 0.3333 1.0000,0 1 1 1 1 1 1 0,0 0 0 0 0 0 0 0,"1,2,3,5,6",,no (tile),,,,89.22,,0.3333,,4,yes,4_2 4_2,pm,1**,L2
25495,8,34,1,7,IIIIIIII,not tested,90.80 89.20 270.80 89.20 270.80 89.20 90.80 89.20,1.0000 1.0000 1.0000 1.0000 1.0000 1.0000 3.0000 3.0000,0 0 0 0 0 0 6 6,0 0 0 0 0 0 0 0,"1,2,3,5,6",,no (tile),,,,89.20,,0.3333,,4,yes,4_2 4_2,pm,1**,L2
25496,8,0,1,1,IIIIIIII,not tested,90.00 90.00 90.00 90.00 90.00 270.00 90.00 270.00,1.0000 3.0000 3.0000 1.0000 1.0000 1.0000 1.0000 1.0000,0 1 1 0 0 0 0 0,0 0 0 0 0 0 0 0,"1,2,3,5,6",,no (tile),,,,90.00,,0.3333,,4,yes,4_2 4_2,cm,1*x,L3
25496,8,0,1,7,IIIIIIII,not tested,90.00 90.00 90.00 90.00 270.00 90.00 270.00 90.00,1.0000 1.0000 0.3333 0.3333 0.3333 0.3333 0.3333 0.3333,0 0 2 2 2 2 2 2,0 0 0 0 0 0 0 0,"1,2,3,5,6",,no (tile),,,,90.00,,0.3333,,4,yes,4_2 4_2,cm,1*x,L3
25496,8,34,0,0,IIIIIIII,not tested,90.00 90.00 90.00 270.00 90.00 270.00 90.00 90.00,1.0000 0.3333 0.3333 0.3333 0.3333 0.3333 0.3333 1.0000,0 1 1 1 1 1 1 0,0 0 0 0 0 0 0 0,"1,2,3,5,6",,no (tile),,,,90.00,,0.3333,,4,yes,4_2 4_2,cm,1*x,L3
25496,8,34,0,6,IIIIIIII,not tested,90.00 90.00 270.00 90.00 270.00 90.00 90.00 90.00,1.0000 1.0000 1.0000 1.0000 1.0000 1.0000 3.0000 3.0000,0 0 0 0 0 0 6 6,0 0 0 0 0 0 0 0,"1,2,3,5,6",,no (tile),,,,90.00,,0.3333,,4,yes,4_2 4_2,cm,1*x,L3
25497,8,0,1,1,IIIIIIII,not tested,270.80 -90.80 270.80 -90.80 270.80 89.20 270.80 89.20,1.0000 3.0000 3.0000 1.0000 1.0000 1.0000 1.0000 1.0000,0 1 1 0 0 0 0 0,0 0 0 0 0 0 0 0,"1,2,3,5,6",,no (tile),,,,89.20,,0.3333,,4,yes,4_2 4_2,pmg,22*,L2
25497,8,0,1,7,IIIIIIII,not tested,90.78 89.22 90.78 89.22 270.78 89.22 270.78 89.22,1.0000 1.0000 0.3333 0.3333 0.3333 0.3333 0.3333 0.3333,0 0 2 2 2 2 2 2,0 0 0 0 0 0 0 0,"1,2,3,5,6",,no (tile),,,,89.22,,0.3333,,4,yes,4_2 4_2,pmg,22*,L2
25497,8,14,0,0,ISSSSSSI,not tested,90.00 90.00 90.00 270.00 90.00 270.00 90.00 90.00,1.0000 0.3333 0.3333 0.3333 0.3333 0.3333 0.3333 1.0000,0 1 1 1 1 1 1 0,0 0 0 0 0 0 0 0,"1,2,6",,no (tile),,,,90.00,,0.3333,,4,yes,4_2 4_2,pmg,22*,L2
25497,8,14,0,2,IISSSSSS,not tested,90.00 90.00 90.00 90.00 270.00 90.00 270.00 90.00,1.0000 1.0000 0.3333 0.3333 0.3333 0.3333 0.3333 0.3333,0 0 2 2 2 2 2 2,0 0 0 0 0 0 0 0,"1,2,6",,no (tile),,,,90.00,,0.3333,,4,yes,4_2 4_2,pmg,22*,L2
25497,8,34,1,1,IIIIIIII,not tested,90.78 89.22 90.78 269.22 90.78 269.22 90.78 89.22,1.0000 0.3333 0.3333 0.3333 0.3333 0.3333 0.3333 1.0000,0 1 1 1 1 1 1 0,0 0 0 0 0 0 0 0,"1,2,3,5,6",,no (tile),,,,89.22,,0.3333,,4,yes,4_2 4_2,pmg,22*,L2
25497,8,34,1,7,IIIIIIII,not tested,90.80 89.20 270.80 89.20 270.80 89.20 90.80 89.20,1.0000 1.0000 1.0000 1.0000 1.0000 1.0000 3.0000 3.0000,0 0 0 0 0 0 6 6,0 0 0 0 0 0 0 0,"1,2,3,5,6",,no (tile),,,,89.20,,0.3333,,4,yes,4_2 4_2,pmg,22*,L2
25499,8,4,0,0,IUUUUUUI,not tested,90.00 90.00 90.00 270.00 90.00 270.00 90.00 90.00,1.0000 0.3333 0.3333 0.3333 0.3333 0.3333 0.3333 1.0000,0 1 1 1 1 1 1 0,0 0 2 0 2 0 2 0,"2,3,5,6",,no (tile),,,,90.00,,0.3333,,4,yes,4_3 4_3,cm,1*x,L2
25499,8,4,0,2,IIUUUUUU,not tested,90.00 90.00 90.00 90.00 270.00 90.00 270.00 90.00,1.0000 1.0000 0.3333 0.3333 0.3333 0.3333 0.3333 0.3333,0 0 2 2 2 2 2 2,0 0 0 2 0 2 0 2,"2,3,5,6",,no (tile),,,,90.00,,0.3333,,4,yes,4_3 4_3,cm,1*x,L2
25510,8,2,0,3,JJJJJJJJ,not tested,90.00 180.00 90.00 180.00 90.00 180.00 90.00 180.00,1.0000 1.0000 1.0000 1.0000 1.0000 1.0000 1.0000 1.0000,0 0 0 0 0 0 0 0,0 3 3 0 0 3 3 0,"1,4",,no (tile),,,,90.00,,1.0000,,3 4,yes,5_2 6_4,p2,2222,L2
25510,8,2,0,7,JJJJJJJJ,not tested,90.00 180.00 90.00 180.00 90.00 180.00 90.00 180.00,1.0000 1.0000 1.0000 1.0000 1.0000 1.0000 1.0000 1.0000,0 0 0 0 0 0 0 0,0 3 3 0 0 3 3 0,"1,4",,no (tile),,,,90.00,,1.0000,,3 4,yes,5_2 6_4,p2,2222,L2
25510,8,2,1,3,JJJJJJJJ,not tested,90.00 180.00 90.00 180.00 90.00 180.00 90.00 180.00,1.0000 1.0000 1.0000 1.0000 1.0000 1.0000 1.0000 1.0000,0 0 0 0 0 0 0 0,0 3 1 2 0 3 1 2,"1,4",,no (tile),,,,90.00,,1.0000,,3 4,yes,5_2 6_4,p2,2222,L2
25510,8,2,1,7,JJJJJJJJ,not tested,90.00 180.00 90.00 180.00 90.00 180.00 90.00 180.00,1.0000 1.0000 1.0000 1.0000 1.0000 1.0000 1.0000 1.0000,0 0 0 0 0 0 0 0,0 3 1 2 0 3 1 2,"1,4",,no (tile),,,,90.00,,1.0000,,3 4,yes,5_2 6_4,p2,2222,L2
25510,8,3,0,1,SSSSSSSS,not tested,90.00 180.00 180.00 90.00 90.00 180.00 180.00 90.00,1.0000 1.0000 1.0000 1.0000 1.0000 1.0000 1.0000 1.0000,0 0 0 3 0 0 0 3,0 0 0 0 0 0 0 0,"1,4",,no (tile),,,,90.00,,1.0000,,3 4,yes,5_2 6_4,p2,2222,L2
25510,8,3,0,5,SSSSSSSS,not tested,90.00 180.00 180.00 90.00 90.00 180.00 180.00 90.00,1.0000 1.0000 1.0000 1.0000 1.0000 1.0000 1.0000 1.0000,0 0 0 3 0 0 0 3,0 0 0 0 0 0 0 0,"1,4",,no (tile),,,,90.00,,1.0000,,3 4,yes,5_2 6_4,p2,2222,L2
25510,8,3,1,2,IIISIIIS,not tested,90.00 180.00 180.00 90.00 90.00 180.00 180.00 90.00,1.0000 1.0000 1.0000 1.0000 1.0000 1.0000 1.0000 1.0000,0 0 0 3 0 0 0 3,0 0 0 0 0 0 0 0,"1,4,5,6",,no (tile),,,,90.00,,1.0000,,3 4,yes,5_2 6_4,p2,2222,L2
25510,8,3,1,6,IIISIIIS,not tested,90.00 180.00 180.00 90.00 90.00 180.00 180.00 90.00,1.0000 1.0000 1.0000 1.0000 1.0000 1.0000 1.0000 1.0000,0 0 0 3 0 0 0 3,0 0 0 0 0 0 0 0,"1,4,5,6",,no (tile),,,,90.00,,1.0000,,3 4,yes,5_2 6_4,p2,2222,L2
25510,8,4,0,2,SSSSSSSS,not tested,90.00 180.00 180.00 90.00 90.00 180.00 180.00 90.00,1.0000 1.0000 1.0000 1.0000 1.0000 1.0000 1.0000 1.0000,0 0 0 3 0 0 0 3,0 0 0 0 0 0 0 0,"1,4",,no (tile),,,,90.00,,1.0000,,3 4,yes,5_2 6_4,p2,2222,L2
25510,8,4,0,6,SSSSSSSS,not tested,90.00 180.00 180.00 90.00 90.00 180.00 180.00 90.00,1.0000 1.0000 1.0000 1.0000 1.0000 1.0000 1.0000 1.0000,0 0 0 3 0 0 0 3,0 0 0 0 0 0 0 0,"1,4",,no (tile),,,,90.00,,1.0000,,3 4,yes,5_2 6_4,p2,2222,L2
25510,8,4,1,1,IIISIIIS,not tested,90.00 180.00 180.00 90.00 90.00 180.00 180.00 90.00,1.0000 1.0000 1.0000 1.0000 1.0000 1.0000 1.0000 1.0000,0 0 0 3 0 0 0 3,0 0 0 0 0 0 0 0,"1,4,5,6",,no (tile),,,,90.00,,1.0000,,3 4,yes,5_2 6_4,p2,2222,L2
25510,8,4,1,5,IIISIIIS,not tested,90.00 180.00 180.00 90.00 90.00 180.00 180.00 90.00,1.0000 1.0000 1.0000 1.0000 1.0000 1.0000 1.0000 1.0000,0 0 0 3 0 0 0 3,0 0 0 0 0 0 0 0,"1,4,5,6",,no (tile),,,,90.00,,1.0000,,3 4,yes,5_2 6_4,p2,2222,L2
25518,8,2,0,0,SIUISUIS,not tested,-75.37 217.69 240.00 240.00 142.31 -22.31 120.00 217.69,1.0000 0.2675 1.0000 0.2675 1.0000 1.0000 0.2675 1.0000,0 1 2 1 0 2 1 0,0 0 0 0 0 2 0 1,"1,2,6",,no (tile),,,,22.31,,0.2675,,3 5,yes,3_1 5_1,pgg,22x,L2
25518,8,2,0,6,SIUSIUIS,not tested,110.23 124.89 240.00 4.89 235.11 120.00 120.00 124.89,1.0000 0.8488 0.4591 1.0000 0.8488 0.4591 0.8488 1.0000,0 1 2 0 1 2 1 0,0 0 0 1 0 2 0 1,"1,2,6",,no (tile),,,,4.89,,0.4591,,3 5,yes,3_1 5_1,pgg,22x,L2
25518,8,2,1,0,SSUSSUSS,not tested,120.00 120.00 240.00 0.00 240.00 120.00 120.00 120.00,1.0000 1.0000 0.8745 1.0000 1.0000 0.8745 1.0000 1.0000,0 0 2 0 0 2 0 0,0 0 0 1 1 2 0 0,"1,2,5,6",,no (tile),,,,0.00,,0.8745,,3 5,yes,3_1 5_1,pgg,22x,L2
25518,8,2,1,2,SSUSSUSS,not tested,-120.00 240.00 240.00 240.00 120.00 -0.00 120.00 240.00,1.0000 1.0000 1.4043 1.0000 1.0000 1.4043 1.0000 1.0000,0 0 2 0 0 2 0 0,0 0 0 1 1 2 0 0,"1,2,5,6",,no (tile),,,,0.00,,0.7121,,3 5,yes,3_1 5_1,pgg,22x,L2
25520,8,0,0,1,SSSSSSSS,not tested,197.97 47.00 84.32 30.71 197.97 162.03 197.97 162.03,1.0000 2.3412 2.3415 0.0500 1.0000 0.0500 1.0000 0.0500,0 1 2 3 0 3 0 3,0 0 0 0 0 0 0 0,1,,no (tile),,,,30.71,,0.0214,YES,4,yes,4_2 4_2,p2,2222,hand
25520,8,0,0,2,SSSSSSSS,not tested,291.57 291.57 -111.57 -111.57 291.57 291.57 68.43 68.43,1.0000 1.2143 1.2143 1.2143 1.0000 1.2143 1.0000 1.2143,0 1 1 1 0 1 0 1,0 0 0 0 0 0 0 0,(not a tile),,"n/a (not a tile: all 1301 sampled members of the family, on every solution branch reached, fail exactly -- e.g. the midpoint of S edge 6 and the midpoint of S edge 2 are at the same point (John's fixed-point / no-mirror rules, 2026-09-13) [curve_sides])",,,,68.43,,0.8235,,,,4_2 4_2,p2,2222,hand
25520,8,0,0,6,SSSSSSSS,not tested,117.41 117.41 62.59 62.59 297.41 297.41 62.59 62.59,1.0000 0.8631 0.8631 0.8631 0.8631 0.8631 0.8631 0.8631,0 1 1 1 1 1 1 1,0 0 0 0 0 0 0 0,(not a tile),,"n/a (not a tile: all 1301 sampled members of the family, on every solution branch reached, fail exactly -- e.g. the midpoint of S edge 4 and the midpoint of S edge 0 are at the same point (John's fixed-point / no-mirror rules, 2026-09-13) [curve_sides])",,,,62.59,,0.8631,,,,4_2 4_2,p2,2222,hand
25520,8,0,0,7,SSSSSSSS,not tested,105.62 115.93 105.62 32.83 327.17 32.83 327.17 32.83,1.0000 1.0000 1.0000 1.0000 1.0000 1.0000 1.0000 1.0000,0 1 0 1 0 1 0 1,0 0 0 0 0 0 0 0,1,,no (tile),,,,32.83,,1.0000,,4,yes,4_2 4_2,p2,2222,hand
25520,8,0,1,2,SISSSSSS,not tested,153.08 87.96 87.96 30.99 329.01 30.99 329.01 30.99,1.0000 1.2480 1.0000 0.7614 1.0000 0.7614 1.0000 0.7614,0 1 0 3 0 3 0 3,0 0 1 0 1 0 1 0,"1,6",,no (tile),,,,30.99,,0.6101,,4,yes,4_2 4_2,p2,2222,hand
25520,8,0,1,4,SSISSSSS,not tested,377.45 -307.17 144.86 144.86 377.45 -17.45 377.45 -17.45,1.0000 0.7920 0.2675 0.7920 1.0000 0.7920 1.0000 0.7920,0 1 2 1 0 1 0 1,0 0 0 1 0 1 0 1,"1,6",,no (tile),,,,17.45,,0.2675,,4,yes,4_2 4_2,p2,2222,hand
25520,8,1,1,3,SJJSSSSS,not tested,180.00 43.01 93.98 43.01 180.00 180.00 180.00 180.00,1.0000 4.1025 4.1025 1.0000 1.0000 1.0000 1.0000 1.0000,0 1 1 0 0 0 0 0,0 0 2 0 0 0 0 0,"2,6",,no (tile),,,,43.01,,0.2438,,4,yes,4_2 4_2,p2,2222,hand
25520,8,2,0,0,SSSSSSSS,not tested,117.55 105.46 105.46 31.53 328.47 31.53 328.47 31.53,1.0000 1.0000 1.0000 0.9419 1.0000 0.9419 1.0000 0.9419,0 0 0 3 0 3 0 3,0 0 0 0 0 0 0 0,1,,no (tile),,,,31.53,,0.9419,,4,yes,4_2 4_2,p2,2222,hand
25520,8,2,0,1,SSSSSSSS,not tested,197.97 47.00 84.32 30.71 197.97 162.03 197.97 162.03,1.0000 2.3412 2.3415 0.0500 1.0000 0.0500 1.0000 0.0500,0 1 2 3 0 3 0 3,0 0 0 0 0 0 0 0,1,,no (tile),,,,30.71,,0.0214,YES,4,yes,4_2 4_2,p2,2222,hand
25520,8,2,1,2,SISSSSSS,not tested,153.08 87.96 87.96 30.99 329.01 30.99 329.01 30.99,1.0000 1.2480 1.0000 0.7614 1.0000 0.7614 1.0000 0.7614,0 1 0 3 0 3 0 3,0 0 1 0 1 0 1 0,"1,6",,no (tile),,,,30.99,,0.6101,,4,yes,4_2 4_2,p2,2222,hand
25520,8,2,1,3,SJJSSSSS,not tested,225.30 31.74 72.09 30.87 225.30 134.70 225.30 134.70,1.0000 4.6212 4.6212 0.9642 1.0000 0.9642 1.0000 0.9642,0 1 1 3 0 3 0 3,0 0 2 0 0 0 0 0,"2,6",,no (tile),,,,30.87,,0.2087,,4,yes,4_2 4_2,p2,2222,hand
25520,8,3,0,1,SSSSSSSS,not tested,180.00 59.85 60.15 60.00 180.00 180.00 180.00 180.00,1.0000 5.9909 5.9819 1.0000 1.0000 1.0000 1.0000 1.0000,0 1 2 0 0 0 0 0,0 0 0 0 0 0 0 0,1,,no (tile),,,,59.85,,0.1669,,4,yes,4_2 4_2,p2,2222,hand
25520,8,4,0,0,SSSSSSSS,not tested,117.55 105.46 105.46 31.53 328.47 31.53 328.47 31.53,1.0000 1.0000 1.0000 0.9419 1.0000 0.9419 1.0000 0.9419,0 0 0 3 0 3 0 3,0 0 0 0 0 0 0 0,1,,no (tile),,,,31.53,,0.9419,,4,yes,4_2 4_2,p2,2222,hand
25520,8,4,0,2,SSSSSSSS,not tested,391.58 -250.88 109.65 109.65 391.58 -31.58 391.58 -31.58,1.0000 0.9974 0.9974 0.9974 1.0000 0.9974 1.0000 0.9974,0 1 1 1 0 1 0 1,0 0 0 0 0 0 0 0,1,,no (tile),,,,31.58,,0.9974,,4,yes,4_2 4_2,p2,2222,hand
25520,8,4,1,0,SSISISIS,not tested,121.01 121.01 58.99 58.99 301.01 301.01 58.99 58.99,1.0000 0.9667 0.9974 0.9667 0.9974 0.9667 0.9974 0.9667,0 1 2 1 2 1 2 1,0 0 0 1 0 0 0 1,(not a tile),,"n/a (not a tile: all 2301 sampled members of the family, on every solution branch reached, fail exactly -- e.g. the midpoint of S edge 0 lies inside straight edge 4 (John's fixed-point / no-mirror rules, 2026-09-13) [curve_sides])",,,,58.99,,0.9667,,,,4_2 4_2,p2,2222,hand
25520,8,4,1,1,SSSSSSSS,not tested,108.38 99.97 108.38 43.27 316.73 43.27 316.73 43.27,1.0000 1.0000 0.6925 0.6925 0.6925 0.6925 0.6925 0.6925,0 0 2 2 2 2 2 2,0 1 0 1 0 1 0 1,"1,2,3,5,6",,no (tile),,,,43.27,,0.6925,,4,yes,4_2 4_2,p2,2222,hand
25520,8,4,1,3,SJJSSSSS,not tested,225.30 31.74 72.09 30.87 225.30 134.70 225.30 134.70,1.0000 4.6212 4.6212 0.9642 1.0000 0.9642 1.0000 0.9642,0 1 1 3 0 3 0 3,0 0 2 0 0 0 0 0,"2,6",,no (tile),,,,30.87,,0.2087,,4,yes,4_2 4_2,p2,2222,hand
25520,8,9,0,4,SSSSSSSS,not tested,117.41 117.41 62.59 297.41 62.59 62.59 297.41 62.59,1.0000 0.8631 0.8631 0.8631 0.8631 0.8631 0.8631 0.8631,0 1 1 1 1 1 1 1,0 0 0 0 0 0 0 0,1,,no (tile),,,,62.59,,0.8631,,4,yes,4_2 4_2,p2,2222,hand
25520,8,9,1,2,SISSSSSS,not tested,-18617.97 -282.03 -282.03 -18617.97 18977.97 19542.03 -18617.97 18977.97,1.0000 0.9834 1.0000 0.0500 1.0000 0.0500 1.0000 0.0500,0 1 0 3 0 3 0 3,0 0 1 0 1 1 0 1,"1,6",,no (tile),,,,77.97,,0.0500,YES,4,yes,4_2 4_2,p2,2222,hand
25520,8,11,1,0,SJSJSJSJ,not tested,78.72 109.13 61.59 298.41 110.57 61.59 249.43 110.57,1.0000 2.7873 0.6329 2.7873 0.6329 2.7873 0.6329 2.7873,0 1 2 1 2 1 2 1,0 0 0 3 1 1 0 2,1,,no (tile),,,,61.59,,0.2270,,4,yes,4_2 4_2,p2,2222,hand
25520,8,14,1,1,SSSSSSSS,not tested,108.38 99.97 108.38 43.27 316.73 43.27 316.73 43.27,1.0000 1.0000 0.6925 0.6925 0.6925 0.6925 0.6925 0.6925,0 0 2 2 2 2 2 2,0 1 0 1 0 1 0 1,"1,2,3,5,6",,no (tile),,,,43.27,,0.6925,,4,yes,4_2 4_2,p2,2222,hand
25520,8,14,1,6,SISISISS,not tested,78.99 101.01 101.01 258.99 258.99 101.01 101.01 78.99,1.0000 0.0500 1.0000 0.0500 1.0000 0.0500 1.0000 0.9137,0 1 0 1 0 1 0 7,0 0 1 0 0 0 1 0,(not a tile),,"n/a (not a tile: all 1551 sampled members of the family, on every solution branch reached, fail exactly -- e.g. the midpoint of S edge 7 lies inside straight edge 3 (John's fixed-point / no-mirror rules, 2026-09-13) [curve_sides])",,,,78.99,,0.0500,YES,,,4_2 4_2,p2,2222,hand
25520,8,14,1,7,SJJJJJJS,not tested,76.89 109.86 62.32 297.68 62.32 297.68 62.32 110.93,1.0000 0.3976 0.3976 0.3976 0.3976 0.3976 0.3976 0.9852,0 1 1 1 1 1 1 7,0 0 2 0 2 0 2 0,"2,6",,no (tile),,,,62.32,,0.3976,,4,yes,4_2 4_2,p2,2222,hand
25520,8,19,0,3,SSSSSSSS,not tested,48.06 166.25 193.75 72.85 166.25 72.85 193.75 166.25,1.0000 1.0000 1.0000 1.0000 1.0000 1.0000 1.0000 1.0000,0 1 0 0 1 1 0 1,0 0 0 0 0 0 0 0,1,,no (tile),,,,48.06,,1.0000,,4,yes,4_2 4_2,p2,2222,hand
25520,8,19,0,4,SJSJSJSJ,not tested,59.98 59.50 336.75 23.25 217.27 23.25 217.27 142.73,1.0000 0.4964 0.2675 0.4964 0.2675 0.4964 0.2675 0.4964,0 1 2 1 2 1 2 1,0 0 0 3 0 3 0 0,1,,no (tile),,,,23.25,,0.2675,,4,yes,4_2 4_2,p2,2222,hand
25520,8,19,0,7,SSSSSSSS,not needed (covering theorem),160.23 73.89 199.77 73.89 160.23 51.99 308.01 51.99,1.0000 1.0000 1.0000 1.0000 1.0000 1.0000 1.0000 1.0000,0 0 2 2 0 2 0 2,0 0 0 0 0 0 0 0,,,YES,2,1,2,51.99,,1.0000,,4,yes,4_2 4_2,p2,2222,hand
25520,8,19,1,1,SJSJSJSJ,not tested,152.09 36.39 207.91 152.09 79.81 91.71 280.19 79.81,1.0000 0.8015 1.0000 0.8015 0.6542 0.8015 0.6542 0.8015,0 1 0 1 4 1 4 1,0 0 1 3 0 1 1 2,"1,3,5",,no (tile),,,,36.39,,0.6542,,4,yes,4_2 4_2,p2,2222,hand
25520,8,21,0,4,SSSSSSSS,not tested,60.89 58.25 301.75 58.25 182.61 58.25 182.61 177.39,1.0000 0.4874 1.0000 0.4874 1.0000 0.4874 1.0000 0.4874,0 1 0 1 0 1 0 1,0 0 0 0 0 0 0 0,1,,no (tile),,,,58.25,,0.4874,,4,yes,4_2 4_2,p2,2222,hand
25520,8,25,0,4,SSSSSSSS,not tested,117.41 117.41 62.59 297.41 62.59 62.59 297.41 62.59,1.0000 0.8631 0.8631 0.8631 0.8631 0.8631 0.8631 0.8631,0 1 1 1 1 1 1 1,0 0 0 0 0 0 0 0,1,,no (tile),,,,62.59,,0.8631,,4,yes,4_2 4_2,p2,2222,hand
25520,8,30,0,6,SSSSSSSS,not needed (covering theorem),222.87 -42.87 137.13 137.13 -42.87 222.87 222.87 222.87,1.0000 1.0000 0.6808 1.0000 1.0000 0.6808 1.0000 0.6808,0 0 2 0 0 2 0 2,0 0 0 0 0 0 0 0,,,YES,2,1,2,42.87,,0.6808,,4,yes,4_2 4_2,p2,2222,hand
25520,8,30,1,0,SSISISIS,not tested,121.01 121.01 58.99 301.01 58.99 58.99 301.01 58.99,1.0000 0.9667 0.9974 0.9667 0.9974 0.9667 0.9974 0.9667,0 1 2 1 2 1 2 1,0 0 0 0 0 1 0 1,"1,6",,no (tile),,,,58.99,,0.9667,,4,yes,4_2 4_2,p2,2222,hand
25520,8,30,1,6,SISISISS,not tested,78.99 101.01 258.99 101.01 101.01 258.99 101.01 78.99,1.0000 0.0500 1.0000 0.0500 1.0000 0.0500 1.0000 0.9137,0 1 0 1 0 1 0 7,0 0 0 0 1 0 1 0,"1,6",,no (tile),,,,78.99,,0.0500,YES,4,yes,4_2 4_2,p2,2222,hand
25520,8,34,1,0,SSISISIS,not tested,121.01 121.01 58.99 58.99 301.01 301.01 58.99 58.99,1.0000 0.9667 0.9974 0.9667 0.9974 0.9667 0.9974 0.9667,0 1 2 1 2 1 2 1,0 0 0 1 0 0 0 1,(not a tile),,"n/a (not a tile: all 2301 sampled members of the family, on every solution branch reached, fail exactly -- e.g. the midpoint of S edge 0 lies inside straight edge 4 (John's fixed-point / no-mirror rules, 2026-09-13) [curve_sides])",,,,58.99,,0.9667,,,,4_2 4_2,p2,2222,hand
25520,8,34,1,5,SSSSSSSS,not tested,97.64 36.90 323.10 36.90 323.10 36.90 97.64 127.83,1.0000 1.0000 1.0000 1.0000 1.0000 1.0000 1.0570 1.0570,0 0 0 0 0 0 6 6,0 1 0 1 0 1 0 1,"1,2,3,5,6",,no (tile),,,,36.90,,0.9461,,4,yes,4_2 4_2,p2,2222,hand
25520,8,34,1,7,SJJJJJJS,not tested,76.89 109.86 62.32 297.68 62.32 297.68 62.32 110.93,1.0000 0.3976 0.3976 0.3976 0.3976 0.3976 0.3976 0.9852,0 1 1 1 1 1 1 7,0 0 2 0 2 0 2 0,"2,6",,no (tile),,,,62.32,,0.3976,,4,yes,4_2 4_2,p2,2222,hand
25520,8,35,1,4,SSJJSSSS,not tested,180.00 180.00 43.01 93.98 43.01 180.00 180.00 180.00,1.0000 1.0000 4.1025 4.1025 1.0000 1.0000 1.0000 1.0000,0 0 2 2 0 0 0 0,0 0 0 2 0 0 0 0,"2,6",,no (tile),,,,43.01,,0.2438,,4,yes,4_2 4_2,p2,2222,hand
25520,8,37,0,2,SSSSSSSS,not tested,180.00 180.00 59.85 60.15 60.00 180.00 180.00 180.00,1.0000 1.0000 5.9909 5.9819 1.0000 1.0000 1.0000 1.0000,0 0 2 3 0 0 0 0,0 0 0 0 0 0 0 0,1,,no (tile),,,,59.85,,0.1669,,4,yes,4_2 4_2,p2,2222,hand
25520,8,37,1,4,SSJJSSSS,not tested,180.00 180.00 43.01 93.98 43.01 180.00 180.00 180.00,1.0000 1.0000 4.1025 4.1025 1.0000 1.0000 1.0000 1.0000,0 0 2 2 0 0 0 0,0 0 0 2 0 0 0 0,"2,6",,no (tile),,,,43.01,,0.2438,,4,yes,4_2 4_2,p2,2222,hand
25520,8,39,0,2,SSSSSSSS,not tested,180.00 180.00 59.85 60.15 60.00 180.00 180.00 180.00,1.0000 1.0000 5.9909 5.9819 1.0000 1.0000 1.0000 1.0000,0 0 2 3 0 0 0 0,0 0 0 0 0 0 0 0,1,,no (tile),,,,59.85,,0.1669,,4,yes,4_2 4_2,p2,2222,hand
25520,8,41,1,2,JJJSJSSS,not tested,319.80 180.00 -99.60 319.80 40.20 -40.20 180.00 180.00,1.0000 1.0000 1.0000 0.7638 1.0000 0.7638 0.7638 0.7638,0 0 0 3 0 3 3 3,0 3 1 0 2 1 1 1,1,,no (tile),,,,40.20,,0.7638,,4,yes,4_2 4_2,p2,2222,hand
25520,8,50,1,0,SSSJJJSJ,not tested,-318.71 180.00 180.00 401.29 180.00 97.42 401.29 -41.29,1.0000 1.0000 1.0000 1.3309 1.3309 1.3309 1.0000 1.3309,0 0 0 3 3 3 0 3,0 0 0 0 3 1 1 2,1,,no (tile),,,,41.29,,0.7514,,4,yes,4_2 4_2,p2,2222,hand
25520,8,51,0,5,SSSJJJSJ,not tested,84.22 180.00 180.00 49.44 180.00 46.34 310.56 49.44,1.0000 1.0000 1.0000 1.5377 1.5377 1.5377 1.0000 1.5377,0 0 0 3 3 3 0 3,0 0 0 0 3 3 0 0,1,,no (tile),,,,46.34,,0.6503,,4,yes,4_2 4_2,p2,2222,hand
25520,8,51,0,7,JJJSJSSS,not tested,58.76 180.00 33.75 301.24 58.76 87.50 180.00 180.00,1.0000 1.0000 1.0000 0.5187 1.0000 0.5187 0.5187 0.5187,0 0 0 3 0 3 3 3,0 3 3 0 0 0 0 0,1,,no (tile),,,,33.75,,0.5187,,4,yes,4_2 4_2,p2,2222,hand
25520,8,65,0,2,SSSSSSSS,not tested,340.20 19.80 340.20 -81.08 -81.08 181.97 340.20 19.80,1.0000 0.6707 1.0000 1.0000 1.0000 0.6707 1.0000 0.6707,0 1 0 0 0 1 0 1,0 0 0 0 0 0 0 0,1,,no (tile),,,,19.80,,0.6707,,4,yes,4_2 4_2,p2,2222,hand
25520,8,65,0,3,SSSSSSSS,not tested,197.83 162.17 197.83 46.79 84.68 30.70 197.83 162.17,1.0000 0.0500 1.0000 2.3344 2.3323 0.0500 1.0000 0.0500,0 1 0 3 4 1 0 1,0 0 0 0 0 0 0 0,1,,no (tile),,,,30.70,,0.0214,YES,4,yes,4_2 4_2,p2,2222,hand
25520,8,65,1,5,SSSJJSSS,not tested,225.42 134.58 225.42 31.61 72.09 30.88 225.42 134.58,1.0000 0.9699 1.0000 4.6323 4.6323 0.9699 1.0000 0.9699,0 1 0 3 3 1 0 1,0 0 0 0 2 0 0 0,"2,6",,no (tile),,,,30.88,,0.2094,,4,yes,4_2 4_2,p2,2222,hand
25520,8,65,1,6,SSSSISSS,not tested,377.45 -17.45 377.45 -307.17 144.86 144.86 377.45 -17.45,1.0000 0.7920 1.0000 0.7920 0.2675 0.7920 1.0000 0.7920,0 1 0 1 4 1 0 1,0 0 0 1 0 0 0 0,"1,6",,no (tile),,,,17.45,,0.2675,,4,yes,4_2 4_2,p2,2222,hand
25520,8,66,0,3,SSSSSSSS,not tested,180.00 180.00 180.00 59.85 60.15 60.00 180.00 180.00,1.0000 1.0000 1.0000 5.9909 5.9819 1.0000 1.0000 1.0000,0 0 0 3 4 0 0 0,0 0 0 0 0 0 0 0,1,,no (tile),,,,59.85,,0.1669,,4,yes,4_2 4_2,p2,2222,hand
25520,8,66,1,5,SSSJJSSS,not tested,180.00 180.00 180.00 43.01 93.98 43.01 180.00 180.00,1.0000 1.0000 1.0000 4.1025 4.1025 1.0000 1.0000 1.0000,0 0 0 3 3 0 0 0,0 0 0 0 2 0 0 0,"2,6",,no (tile),,,,43.01,,0.2438,,4,yes,4_2 4_2,p2,2222,hand
25520,8,67,0,2,SSSSSSSS,not tested,69.38 290.62 69.38 110.62 110.62 69.38 290.62 69.38,1.0000 0.8029 1.0000 1.0000 1.0000 0.8029 1.0000 0.8029,0 1 0 0 0 1 0 1,0 0 0 0 0 0 0 0,1,,no (tile),,,,69.38,,0.8029,,4,yes,4_2 4_2,p2,2222,hand
25520,8,67,1,4,SSSISSSS,not tested,101.09 258.91 101.09 78.91 78.91 101.09 258.91 101.09,1.0000 0.0500 1.0000 0.9195 1.0000 0.0500 1.0000 0.0500,0 1 0 3 0 1 0 1,0 0 0 0 1 0 1 0,1,,no (tile),,,,78.91,,0.0500,YES,4,yes,4_2 4_2,p2,2222,hand
25520,8,68,0,3,SSSSSSSS,not tested,180.00 180.00 180.00 59.85 60.15 60.00 180.00 180.00,1.0000 1.0000 1.0000 5.9909 5.9819 1.0000 1.0000 1.0000,0 0 0 3 4 0 0 0,0 0 0 0 0 0 0 0,1,,no (tile),,,,59.85,,0.1669,,4,yes,4_2 4_2,p2,2222,hand
25520,8,68,1,5,SSSJJSSS,not tested,180.00 180.00 180.00 43.01 93.98 43.01 180.00 180.00,1.0000 1.0000 1.0000 4.1025 4.1025 1.0000 1.0000 1.0000,0 0 0 3 3 0 0 0,0 0 0 0 2 0 0 0,"2,6",,no (tile),,,,43.01,,0.2438,,4,yes,4_2 4_2,p2,2222,hand
25520,8,69,0,3,SSSSSSSS,not tested,197.83 162.17 197.83 46.79 84.68 30.70 197.83 162.17,1.0000 0.0500 1.0000 2.3344 2.3323 0.0500 1.0000 0.0500,0 1 0 3 4 1 0 1,0 0 0 0 0 0 0 0,1,,no (tile),,,,30.70,,0.0214,YES,4,yes,4_2 4_2,p2,2222,hand
25520,8,69,0,4,SSSSSSSS,not tested,391.58 -31.58 391.58 -250.88 109.65 109.65 391.58 -31.58,1.0000 0.9974 1.0000 0.9974 0.9974 0.9974 1.0000 0.9974,0 1 0 1 1 1 0 1,0 0 0 0 0 0 0 0,1,,no (tile),,,,31.58,,0.9974,,4,yes,4_2 4_2,p2,2222,hand
25520,8,69,1,4,SSSISSSS,not tested,324.95 35.05 324.95 -48.90 -48.90 132.86 324.95 35.05,1.0000 0.5052 1.0000 2.4698 1.0000 0.5052 1.0000 0.5052,0 1 0 3 0 1 0 1,0 0 0 0 1 0 0 0,"1,6",,no (tile),,,,35.05,,0.2045,,4,yes,4_2 4_2,p2,2222,hand
25520,8,69,1,5,SSSJJSSS,not tested,225.42 134.58 225.42 31.61 72.09 30.88 225.42 134.58,1.0000 0.9699 1.0000 4.6323 4.6323 0.9699 1.0000 0.9699,0 1 0 3 3 1 0 1,0 0 0 0 2 0 0 0,"2,6",,no (tile),,,,30.88,,0.2094,,4,yes,4_2 4_2,p2,2222,hand
25520,8,71,0,0,JSJJJSSS,not tested,76.30 37.47 322.53 66.23 180.00 37.47 180.00 180.00,1.0000 0.7936 1.0000 1.0000 1.0000 0.7936 0.7936 0.7936,0 1 0 0 0 1 1 1,0 0 3 3 0 0 0 0,1,,no (tile),,,,37.47,,0.7936,,4,yes,4_2 4_2,p2,2222,hand
25520,8,71,0,6,SSSJSJJJ,not tested,389.24 180.00 180.00 -292.78 389.24 -29.24 83.54 180.00,1.0000 1.0000 1.0000 1.1460 1.0000 1.1460 1.1460 1.1460,0 0 0 3 0 3 3 3,0 0 0 0 0 3 3 0,1,,no (tile),,,,29.24,,0.8726,,4,yes,4_2 4_2,p2,2222,hand
25520,8,72,1,3,JSJJJSSS,not tested,42.95 317.05 42.95 94.11 180.00 42.95 180.00 180.00,1.0000 0.7320 1.0000 1.0000 1.0000 0.7320 0.7320 0.7320,0 1 0 0 0 1 1 1,0 0 3 1 2 1 1 1,1,,no (tile),,,,42.95,,0.7320,,4,yes,4_2 4_2,p2,2222,hand
25520,8,74,1,3,JSJJSJSS,not tested,145.76 281.17 78.83 -323.75 145.76 214.24 78.83 459.16,1.0000 0.2479 1.0000 1.0000 1.3547 1.0000 0.2479 1.3547,0 1 0 0 4 0 1 4,0 0 3 1 0 2 1 1,"1,3,5",,no (tile),,,,36.25,,0.1830,,4,yes,4_2 4_2,p2,2222,hand
25520,8,76,0,0,SSSSSSSS,not tested,85.21 94.79 265.21 94.79 94.79 265.21 94.79 85.21,1.0000 1.0000 1.0000 1.0000 1.0000 1.0000 1.0000 3.3338,0 0 0 0 0 0 0 7,0 0 0 0 0 0 0 0,1,,no (tile),,,,85.21,,0.3000,,4,yes,4_2 4_2,p2,2222,hand
25520,8,76,1,4,SSSISSSS,not tested,101.03 258.97 101.03 78.97 78.97 101.03 258.97 101.03,1.0000 0.0500 1.0000 0.9156 1.0000 0.0500 1.0000 0.0500,0 1 0 3 0 1 0 1,0 0 0 0 1 1 1 1,"1,6",,no (tile),,,,78.97,,0.0500,YES,4,yes,4_2 4_2,p2,2222,hand
25520,8,79,1,1,SSSJSJJJ,not tested,47.06 180.00 180.00 47.06 312.94 47.06 85.88 180.00,1.0000 1.0000 1.0000 1.4680 1.0000 1.4680 1.4680 1.4680,0 0 0 3 0 3 3 3,0 0 0 0 1 3 1 2,1,,no (tile),,,,47.06,,0.6812,,4,yes,4_2 4_2,p2,2222,hand
25520,8,81,0,0,SSSSSSSS,not tested,55.46 219.98 140.02 82.26 140.02 82.26 277.74 82.26,1.0000 1.0356 1.0000 1.0356 1.0000 1.0356 1.0000 1.0356,0 1 0 1 0 1 0 1,0 0 0 0 0 0 0 0,1,,no (tile),,,,55.46,,0.9656,,4,yes,4_2 4_2,p2,2222,hand
25520,8,81,0,6,SSSSSSSS,not tested,70.10 289.90 70.10 55.74 195.94 164.06 70.10 164.06,1.0000 0.6089 1.0000 0.6089 1.0000 0.6089 1.0000 0.6089,0 1 0 1 0 1 0 1,0 0 0 0 0 0 0 0,1,,no (tile),,,,55.74,,0.6089,,4,yes,4_2 4_2,p2,2222,hand
25520,8,83,0,0,JSJSJSJS,not tested,1.96 312.31 47.69 226.44 47.69 226.44 133.56 83.92,1.0000 2.2456 1.0000 2.2456 1.0000 2.2456 1.0000 3.9161,0 1 0 1 0 1 0 7,0 0 3 0 3 0 0 0,1,,no (tile),,,,1.96,,0.2554,,4,yes,4_2 4_2,p2,2222,hand
25520,8,83,0,1,SSSSSSSS,not tested,48.06 166.25 193.75 72.85 166.25 72.85 193.75 166.25,1.0000 1.0000 1.0000 1.0000 1.0000 1.0000 1.0000 1.0000,0 1 0 0 1 1 0 1,0 0 0 0 0 0 0 0,1,,no (tile),,,,48.06,,1.0000,,4,yes,4_2 4_2,p2,2222,hand
25520,8,83,0,5,SSSSSSSS,not needed (covering theorem),160.26 51.98 308.02 51.98 160.26 73.88 199.74 73.88,1.0000 1.0000 1.0000 1.0000 1.0000 1.0000 1.0000 1.0000,0 1 0 1 0 0 1 1,0 0 0 0 0 0 0 0,,,YES,2,1,2,51.98,,1.0000,,4,yes,4_2 4_2,p2,2222,hand
25520,8,83,1,3,JSJSJSJS,not tested,226.42 47.79 312.21 1.82 47.79 226.42 133.58 83.97,1.0000 2.2671 1.0000 2.2671 1.0000 0.8438 1.0000 0.8438,0 1 0 1 0 5 0 5,0 0 3 1 1 0 2 1,"1,3,5",,no (tile),,,,1.82,,0.3722,,4,yes,4_2 4_2,p2,2222,hand
25520,8,84,1,2,ISISISIS,not tested,69.46 298.50 61.50 69.46 290.54 61.50 118.50 110.54,1.0000 1.1289 1.0000 1.1207 1.0000 1.1289 1.1360 1.1207,0 1 0 3 0 1 6 3,0 0 0 0 0 1 0 1,6,,no (tile),,,,61.50,,0.8803,,4,yes,4_2 4_2,p2,2222,hand
25520,8,84,1,4,JSJSJSJS,not tested,115.91 70.60 289.40 34.53 70.60 325.47 34.53 138.97,1.0000 1.8212 1.0000 1.8212 1.0000 1.8212 1.0000 2.8207,0 1 0 1 0 1 0 7,0 0 3 1 1 0 2 0,1,,no (tile),,,,34.53,,0.3545,,4,yes,4_2 4_2,p2,2222,hand
25520,8,86,0,0,SSSSSSSS,not tested,85.21 94.79 265.21 94.79 94.79 265.21 94.79 85.21,1.0000 1.0000 1.0000 1.0000 1.0000 1.0000 1.0000 3.3338,0 0 0 0 0 0 0 7,0 0 0 0 0 0 0 0,1,,no (tile),,,,85.21,,0.3000,,4,yes,4_2 4_2,p2,2222,hand
25520,8,86,1,2,SSSSSSIS,not tested,80.10 279.90 80.10 80.10 279.90 80.10 99.90 99.90,1.0000 1.6845 1.0000 1.6845 1.0000 1.6845 1.8411 1.6845,0 1 0 1 0 1 6 1,0 0 0 1 1 1 0 0,"1,6",,no (tile),,,,80.10,,0.5431,,4,yes,4_2 4_2,p2,2222,hand
25520,8,87,0,4,SSSSSSSS,not tested,180.00 180.00 180.00 180.00 59.85 60.15 60.00 180.00,1.0000 1.0000 1.0000 1.0000 5.9909 5.9819 1.0000 1.0000,0 0 0 0 4 5 0 0,0 0 0 0 0 0 0 0,1,,no (tile),,,,59.85,,0.1669,,4,yes,4_2 4_2,p2,2222,hand
25520,8,89,0,4,SSSSSSSS,not tested,180.00 180.00 180.00 180.00 59.85 60.15 60.00 180.00,1.0000 1.0000 1.0000 1.0000 5.9909 5.9819 1.0000 1.0000,0 0 0 0 4 5 0 0,0 0 0 0 0 0 0 0,1,,no (tile),,,,59.85,,0.1669,,4,yes,4_2 4_2,p2,2222,hand
25520,8,89,1,6,SSSSJJSS,not tested,180.00 180.00 180.00 180.00 43.01 93.98 43.01 180.00,1.0000 1.0000 1.0000 1.0000 4.1025 4.1025 1.0000 1.0000,0 0 0 0 4 4 0 0,0 0 0 0 0 2 0 0,"2,6",,no (tile),,,,43.01,,0.2438,,4,yes,4_2 4_2,p2,2222,hand
25520,8,91,1,6,SSSSJJSS,not tested,180.00 180.00 180.00 180.00 43.01 93.98 43.01 180.00,1.0000 1.0000 1.0000 1.0000 4.1025 4.1025 1.0000 1.0000,0 0 0 0 4 4 0 0,0 0 0 0 0 2 0 0,"2,6",,no (tile),,,,43.01,,0.2438,,4,yes,4_2 4_2,p2,2222,hand
25520,8,100,0,4,SSSSSSSS,not tested,31.19 328.81 31.19 328.81 31.19 102.44 102.44 123.94,1.0000 0.8994 1.0000 0.8994 1.0000 1.0000 1.0000 0.8994,0 1 0 1 0 0 0 1,0 0 0 0 0 0 0 0,1,,no (tile),,,,31.19,,0.8994,,4,yes,4_2 4_2,p2,2222,hand
25520,8,100,0,6,SSSSSSSS,not tested,108.92 31.57 328.43 31.57 328.43 31.57 109.75 109.75,1.0000 0.9959 1.0000 0.9959 1.0000 0.9959 0.9959 0.9959,0 1 0 1 0 1 1 1,0 0 0 0 0 0 0 0,1,,no (tile),,,,31.57,,0.9959,,4,yes,4_2 4_2,p2,2222,hand
25520,8,100,1,1,SSSSSSSS,not tested,97.64 36.90 323.10 36.90 323.10 36.90 97.64 127.83,1.0000 1.0000 1.0000 1.0000 1.0000 1.0000 1.0570 1.0570,0 0 0 0 0 0 6 6,0 1 0 1 0 1 0 1,"1,2,3,5,6",,no (tile),,,,36.90,,0.9461,,4,yes,4_2 4_2,p2,2222,hand
25520,8,100,1,2,SISISISS,not tested,78.99 101.01 101.01 258.99 258.99 101.01 101.01 78.99,1.0000 0.0500 1.0000 0.0500 1.0000 0.0500 1.0000 0.9137,0 1 0 1 0 1 0 7,0 0 1 0 0 0 1 0,(not a tile),,"n/a (not a tile: all 1551 sampled members of the family, on every solution branch reached, fail exactly -- e.g. the midpoint of S edge 7 lies inside straight edge 3 (John's fixed-point / no-mirror rules, 2026-09-13) [curve_sides])",,,,78.99,,0.0500,YES,,,4_2 4_2,p2,2222,hand
25520,8,100,1,7,SSSSSJJS,not tested,36.19 323.81 36.19 323.81 36.19 152.14 91.78 79.89,1.0000 1.6263 1.0000 1.6263 1.0000 2.1094 2.1094 1.6263,0 1 0 1 0 5 5 1,0 0 0 0 0 0 2 0,"2,6",,no (tile),,,,36.19,,0.4741,,4,yes,4_2 4_2,p2,2222,hand
25520,8,101,0,5,SSSSSSSS,not tested,180.00 180.00 180.00 180.00 180.00 59.85 60.15 60.00,1.0000 1.0000 1.0000 1.0000 1.0000 5.9909 5.9819 1.0000,0 0 0 0 0 5 6 0,0 0 0 0 0 0 0 0,1,,no (tile),,,,59.85,,0.1669,,4,yes,4_2 4_2,p2,2222,hand
25520,8,102,0,5,SSSSSSSS,not tested,94.35 265.65 94.35 265.65 94.35 47.89 133.68 84.08,1.0000 0.5307 1.0000 0.5307 1.0000 2.0764 1.7290 0.5307,0 1 0 1 0 5 6 1,0 0 0 0 0 0 0 0,1,,no (tile),,,,47.89,,0.2556,,4,yes,4_2 4_2,p2,2222,hand
25520,8,102,0,6,SSSSSSSS,not tested,108.92 31.57 328.43 31.57 328.43 31.57 109.75 109.75,1.0000 0.9959 1.0000 0.9959 1.0000 0.9959 0.9959 0.9959,0 1 0 1 0 1 1 1,0 0 0 0 0 0 0 0,1,,no (tile),,,,31.57,,0.9959,,4,yes,4_2 4_2,p2,2222,hand
25520,8,102,1,0,SSSSSSIS,not tested,95.37 20.29 339.71 20.29 339.71 20.29 122.17 122.17,1.0000 1.0797 1.0000 1.0797 1.0000 1.0797 0.0795 1.0797,0 1 0 1 0 1 6 1,0 0 0 0 0 0 0 1,"1,6",,no (tile),,,,20.29,,0.0736,,4,yes,4_2 4_2,p2,2222,hand
25520,8,102,1,7,SSSSSJJS,not tested,36.19 323.81 36.19 323.81 36.19 152.14 91.78 79.89,1.0000 1.6263 1.0000 1.6263 1.0000 2.1094 2.1094 1.6263,0 1 0 1 0 5 5 1,0 0 0 0 0 0 2 0,"2,6",,no (tile),,,,36.19,,0.4741,,4,yes,4_2 4_2,p2,2222,hand
25520,8,103,1,7,SSSSSJJS,not tested,180.00 180.00 180.00 180.00 180.00 43.01 93.98 43.01,1.0000 1.0000 1.0000 1.0000 1.0000 4.1025 4.1025 1.0000,0 0 0 0 0 5 5 0,0 0 0 0 0 0 2 0,"2,6",,no (tile),,,,43.01,,0.2438,,4,yes,4_2 4_2,p2,2222,hand
25520,8,104,0,0,SSSSSSSS,not tested,85.21 94.79 94.79 265.21 265.21 94.79 94.79 85.21,1.0000 1.0000 1.0000 1.0000 1.0000 1.0000 1.0000 3.3338,0 0 0 0 0 0 0 7,0 0 0 0 0 0 0 0,(not a tile),,"n/a (not a tile: rep 7 (S) must bulge opposite ways: to clear v3 on edge 7 (code 0) and to clear v4 on edge 7 (code 0) -- exact via the outside lemma (validated by John, 2026-09-13) [curve_sides])",,,,85.21,,0.3000,,,,4_2 4_2,p2,2222,hand
25520,8,104,0,4,SSSSSSSS,not tested,69.38 290.62 290.62 69.38 69.38 110.62 110.62 69.38,1.0000 0.8029 1.0000 0.8029 1.0000 1.0000 1.0000 0.8029,0 1 0 1 0 0 0 1,0 0 0 0 0 0 0 0,(not a tile),,"n/a (not a tile: all 1287 sampled members of the family, on every solution branch reached, fail exactly -- e.g. the midpoint of S edge 5 and the midpoint of S edge 1 are at the same point (John's fixed-point / no-mirror rules, 2026-09-13) [curve_sides])",,,,69.38,,0.8029,,,,4_2 4_2,p2,2222,hand
25520,8,104,0,5,SSSSSSSS,not tested,94.35 265.65 94.35 265.65 94.35 47.89 133.68 84.08,1.0000 0.5307 1.0000 0.5307 1.0000 2.0764 1.7290 0.5307,0 1 0 1 0 5 6 1,0 0 0 0 0 0 0 0,1,,no (tile),,,,47.89,,0.2556,,4,yes,4_2 4_2,p2,2222,hand
25520,8,104,0,7,SSSSSSSS,not tested,105.24 32.95 327.05 32.95 327.05 32.95 105.24 116.57,1.0000 1.0000 1.0000 1.0000 1.0000 1.0000 1.0000 1.0000,0 1 0 1 0 1 0 1,0 0 0 0 0 0 0 0,1,,no (tile),,,,32.95,,1.0000,,4,yes,4_2 4_2,p2,2222,hand
25520,8,104,1,0,SSSSSSIS,not tested,95.37 20.29 339.71 20.29 339.71 20.29 122.17 122.17,1.0000 1.0797 1.0000 1.0797 1.0000 1.0797 0.0795 1.0797,0 1 0 1 0 1 6 1,0 0 0 0 0 0 0 1,"1,6",,no (tile),,,,20.29,,0.0736,,4,yes,4_2 4_2,p2,2222,hand
25520,8,104,1,6,SSSSSISS,not tested,22.58 337.42 22.58 337.42 22.58 105.85 105.85 125.72,1.0000 0.8187 1.0000 0.8187 1.0000 0.4343 1.0000 0.8187,0 1 0 1 0 5 0 1,0 0 0 0 0 0 1 0,"1,6",,no (tile),,,,22.58,,0.4343,,4,yes,4_2 4_2,p2,2222,hand
25521,8,1,1,0,SUSUSUSU,not tested,137.60 90.00 90.00 270.00 42.40 90.00 317.60 42.40,1.0000 1.1338 1.0000 1.1338 1.0000 1.1338 1.0000 1.1338,0 1 0 1 0 1 0 1,0 0 1 2 0 0 1 2,"1,2,6",,no (tile),,,,42.40,,0.8820,,4,yes,4_2 4_2,pgg,22x,L2
25521,8,1,1,5,SJJJJUSU,not needed (covering theorem),115.79 120.08 68.27 291.73 68.27 55.87 244.21 115.79,1.0000 0.7754 0.7754 0.7754 0.7754 0.4351 1.0000 0.4351,0 1 1 1 1 5 0 5,0 0 2 0 2 0 1 2,,,YES,2,5,2,55.87,,0.4351,,4,yes,4_2 4_2,pgg,22x,L2
25521,8,2,1,1,SSSSSSSS,not tested,106.14 115.05 106.14 32.66 327.34 32.66 327.34 32.66,1.0000 1.0000 1.0000 1.0000 1.0000 1.0000 1.0000 1.0000,0 0 0 0 0 0 0 0,0 1 0 1 0 1 0 1,"1,2,3,5,6",,no (tile),,,,32.66,,1.0000,,4,yes,4_2 4_2,pgg,22x,L2
25521,8,2,1,6,SISISISS,not tested,87.17 92.83 92.83 267.17 267.17 92.83 92.83 87.17,1.0000 0.2675 1.0000 0.2675 1.0000 0.2675 1.0000 1.0000,0 1 0 1 0 1 0 0,0 0 1 0 0 0 1 0,(not a tile),,"n/a (not a tile: all 1301 sampled members of the family, on every solution branch reached, fail exactly -- e.g. the midpoint of S edge 7 lies inside straight edge 3 (John's fixed-point / no-mirror rules, 2026-09-13) [curve_sides])",,,,87.17,,0.2675,,,,4_2 4_2,pgg,22x,L2
25521,8,2,1,7,SJJJJJJS,not tested,111.36 102.42 43.81 316.19 43.81 316.19 43.81 102.42,1.0000 0.7379 0.7379 0.7379 0.7379 0.7379 0.7379 1.0000,0 1 1 1 1 1 1 0,0 0 2 0 2 0 2 1,"2,3,5,6",,no (tile),,,,43.81,,0.7379,,4,yes,4_2 4_2,pgg,22x,L2
25521,8,3,0,3,SUSSUUSU,not needed (covering theorem),108.86 71.14 251.14 90.00 108.86 90.00 251.14 108.86,1.0000 0.6230 1.0000 1.0000 0.6230 0.6230 1.0000 0.6230,0 1 0 0 1 1 0 1,0 0 1 1 2 0 1 2,,,YES,2,"2,3",2,71.14,,0.6230,,4,yes,4_2 4_2,pgg,22x,L2
25521,8,3,0,7,SSUUSUSU,not needed (covering theorem),111.63 90.00 248.37 90.00 111.63 68.37 248.37 111.63,1.0000 1.0000 0.5610 0.5610 1.0000 0.5610 1.0000 0.5610,0 0 2 2 0 2 0 2,0 0 0 2 0 0 1 2,,,YES,2,"2,3",2,68.37,,0.5610,,4,yes,4_2 4_2,pgg,22x,L2
25521,8,3,1,1,SUSUSUSU,not tested,132.89 47.11 227.11 132.89 132.89 47.11 227.11 132.89,1.0000 0.6529 1.0000 0.6529 1.0000 0.6529 1.0000 0.6529,0 1 0 1 0 1 0 1,0 0 1 2 0 0 1 2,"1,2,3,4,5,6",,no (tile),,,,47.11,,0.6529,,4,yes,4_2 4_2,pgg,22x,L2
25521,8,5,0,5,SUSUSUSU,not tested,132.89 47.11 227.11 132.89 132.89 47.11 227.11 132.89,1.0000 0.6529 1.0000 0.6529 1.0000 0.6529 1.0000 0.6529,0 1 0 1 0 1 0 1,0 0 1 2 0 0 1 2,"1,2,3,4,5,6",,no (tile),,,,47.11,,0.6529,,4,yes,4_2 4_2,pgg,22x,L2
25521,8,5,1,0,SUSUIUSU,not tested,124.32 124.32 124.32 235.68 55.68 55.68 235.68 124.32,1.0000 0.2183 1.0000 0.2183 0.7635 0.2183 1.0000 0.2183,0 1 0 1 4 1 0 1,0 0 1 2 0 2 0 0,"1,2,6",,no (tile),,,,55.68,,0.2183,,4,yes,4_2 4_2,pgg,22x,L2
25521,8,5,1,5,SJJJJUSU,not needed (covering theorem),115.79 120.08 68.27 291.73 68.27 55.87 244.21 115.79,1.0000 0.7754 0.7754 0.7754 0.7754 0.4351 1.0000 0.4351,0 1 1 1 1 5 0 5,0 0 2 0 2 0 1 2,,,YES,2,5,2,55.87,,0.4351,,4,yes,4_2 4_2,pgg,22x,L2
25521,8,6,0,4,SSSSSSSS,not tested,135.00 135.00 135.00 135.00 45.00 225.00 225.00 45.00,1.0000 1.0000 1.0000 1.0000 1.0000 1.0000 1.0000 1.0000,0 0 0 0 0 0 0 0,0 1 0 1 1 0 1 1,"5,6",,no (tile),,,,45.00,,1.0000,,4,yes,4_2 4_2,pgg,22x,L2
25521,8,6,0,6,SSSSSSSS,not tested,135.00 45.00 225.00 225.00 45.00 135.00 135.00 135.00,1.0000 1.0000 1.0000 1.0000 1.0000 1.0000 1.0000 1.0000,0 0 0 0 0 0 0 0,0 0 1 0 0 1 0 1,"5,6",,no (tile),,,,45.00,,1.0000,,4,yes,4_2 4_2,pgg,22x,L2
25521,8,6,1,0,SSISISIS,not tested,118.48 118.48 61.52 298.48 61.52 61.52 298.48 61.52,1.0000 1.0000 0.9690 1.0000 0.9690 1.0000 0.9690 1.0000,0 0 2 0 2 0 2 0,0 1 0 1 0 0 0 0,"1,2,6",,no (tile),,,,61.52,,0.9690,,4,yes,4_2 4_2,pgg,22x,L2
25521,8,6,1,6,SISISISS,not tested,106.12 73.88 286.12 73.88 73.88 286.12 73.88 106.12,1.0000 0.7036 1.0000 0.7036 1.0000 0.7036 1.0000 1.0000,0 1 0 1 0 1 0 0,0 0 0 0 1 0 1 0,"1,2,6",,no (tile),,,,73.88,,0.7036,,4,yes,4_2 4_2,pgg,22x,L2
25521,8,8,1,0,SSISISIS,not tested,117.39 117.39 62.61 62.61 297.39 297.39 62.61 62.61,1.0000 1.0000 0.9468 1.0000 0.9468 1.0000 0.9468 1.0000,0 0 2 0 2 0 2 0,0 1 0 0 0 1 0 0,(not a tile),,"n/a (not a tile: all 1301 sampled members of the family, on every solution branch reached, fail exactly -- e.g. the midpoint of S edge 0 lies inside straight edge 4 (John's fixed-point / no-mirror rules, 2026-09-13) [curve_sides])",,,,62.61,,0.9468,,,,4_2 4_2,pgg,22x,L2
25521,8,8,1,5,SSSSSSSS,not tested,103.54 33.46 326.54 33.46 326.54 33.46 103.54 119.45,1.0000 1.0000 1.0000 1.0000 1.0000 1.0000 1.0000 1.0000,0 0 0 0 0 0 0 0,0 1 0 1 0 1 0 1,"1,2,3,5,6",,no (tile),,,,33.46,,1.0000,,4,yes,4_2 4_2,pgg,22x,L2
25521,8,8,1,7,SJJJJJJS,not tested,111.36 102.42 43.81 316.19 43.81 316.19 43.81 102.42,1.0000 0.7379 0.7379 0.7379 0.7379 0.7379 0.7379 1.0000,0 1 1 1 1 1 1 0,0 0 2 0 2 0 2 1,"2,3,5,6",,no (tile),,,,43.81,,0.7379,,4,yes,4_2 4_2,pgg,22x,L2
25521,8,9,0,0,JJJJUJJU,not tested,0.00 180.00 -68.52 180.00 248.52 248.52 180.00 111.48,1.0000 1.0000 1.0000 1.0000 0.2675 1.0000 1.0000 0.2675,0 0 0 0 4 0 0 4,0 3 3 0 0 1 2 2,"1,2,6",,no (tile),,,,0.00,,0.2675,,4,yes,4_2 4_2,pgg,22x,L2
25521,8,9,1,2,JJJJUJJU,not tested,0.00 180.00 -68.52 180.00 248.52 248.52 180.00 111.48,1.0000 1.0000 1.0000 1.0000 0.2675 1.0000 1.0000 0.2675,0 0 0 0 4 0 0 4,0 3 1 2 0 3 0 2,"1,2,6",,no (tile),,,,0.00,,0.2675,,4,yes,4_2 4_2,pgg,22x,L2
25521,8,10,1,0,JJJJJJJJ,not needed (covering theorem),-70.53 180.00 289.47 180.00 -38.94 398.94 -38.94 180.00,1.0000 1.0000 1.0000 1.0000 1.0000 1.0000 1.0000 1.0000,0 0 0 0 0 0 0 0,0 3 2 1 3 1 3 0,,,YES,2,"1,2",2,38.94,,1.0000,,4,yes,4_2 4_2,pgg,22x,L2
25521,8,10,1,4,JJJJJJJJ,not tested,70.53 180.00 180.00 38.94 180.00 180.00 70.53 180.00,1.0000 1.0000 1.0000 1.0000 1.0000 1.0000 1.0000 1.0000,0 0 0 0 0 0 0 0,0 3 0 2 1 2 3 0,"2,6",,no (tile),,,,38.94,,1.0000,,4,yes,4_2 4_2,pgg,22x,L2
25521,8,12,1,0,JJJJJJJJ,not tested,-70.53 180.00 289.47 180.00 180.00 -38.94 180.00 180.00,1.0000 1.0000 1.0000 1.0000 1.0000 1.0000 1.0000 1.0000,0 0 0 0 0 0 0 0,0 3 2 1 2 0 3 0,"2,6",,no (tile),,,,38.94,,1.0000,,4,yes,4_2 4_2,pgg,22x,L2
25521,8,12,1,4,JJJJJJJJ,not needed (covering theorem),-790.53 180.00 -398.94 758.94 -398.94 180.00 1369.47 180.00,1.0000 1.0000 1.0000 1.0000 1.0000 1.0000 1.0000 1.0000,0 0 0 0 0 0 0 0,0 3 1 3 1 2 3 0,,,YES,2,"1,2",2,38.94,,1.0000,,4,yes,4_2 4_2,pgg,22x,L2
25521,8,13,0,7,SSSSSSSS,not tested,95.43 84.59 275.41 84.55 95.43 84.59 275.45 84.55,1.0000 1.0000 1.0000 1.0000 1.0000 1.0000 1.0000 1.0000,0 0 0 0 0 0 0 0,0 1 0 1 0 1 0 1,"1,2,3,5,6",,no (tile),,,,84.55,,1.0000,,4,yes,4_2 4_2,pgg,22x,L2
25521,8,13,1,1,SSSSSSSS,not tested,95.43 84.59 275.41 84.55 95.43 84.59 275.45 84.55,1.0000 1.0000 1.0000 1.0000 1.0000 1.0000 1.0000 1.0000,0 0 0 0 0 0 0 0,0 1 0 1 0 1 0 1,"1,2,3,5,6",,no (tile),,,,84.55,,1.0000,,4,yes,4_2 4_2,pgg,22x,L2
25521,8,14,0,7,USUSUSUS,not tested,141.12 141.12 218.88 38.88 141.12 141.12 218.88 38.88,1.0000 0.2675 1.0000 0.2675 1.0000 0.2675 1.0000 0.2675,0 1 0 1 0 1 0 1,0 0 2 1 0 0 2 1,"1,2,3,4,5,6",,no (tile),,,,38.88,,0.2675,,4,yes,4_2 4_2,pgg,22x,L2
25521,8,14,1,4,USUIUSUS,not tested,104.95 104.95 255.05 75.05 75.05 255.05 104.95 104.95,1.0000 0.0500 1.0000 0.9950 1.0000 0.0500 1.0000 0.0500,0 1 0 3 0 1 0 1,0 0 2 0 2 1 0 0,"1,2,6",,no (tile),,,,75.05,,0.0500,YES,4,yes,4_2 4_2,pgg,22x,L2
25521,8,14,1,7,USUJJJJS,not needed (covering theorem),124.32 124.32 235.68 62.04 55.93 304.07 55.93 117.72,1.0000 1.8965 1.0000 2.2065 2.2065 2.2065 2.2065 1.8965,0 1 0 3 3 3 3 1,0 0 2 0 2 0 2 1,,,YES,2,5,2,55.93,,0.4532,,4,yes,4_2 4_2,pgg,22x,L2
25521,8,15,1,3,USUSUSUS,not tested,141.12 141.12 218.88 38.88 141.12 141.12 218.88 38.88,1.0000 0.2675 1.0000 0.2675 1.0000 0.2675 1.0000 0.2675,0 1 0 1 0 1 0 1,0 0 2 1 0 0 2 1,"1,2,3,4,5,6",,no (tile),,,,38.88,,0.2675,,4,yes,4_2 4_2,pgg,22x,L2
25521,8,16,1,4,USUSUSUS,not tested,143.90 36.10 323.90 90.00 36.10 270.00 90.00 90.00,1.0000 1.0167 1.0000 1.0167 1.0000 1.0167 1.0000 1.0167,0 1 0 1 0 1 0 1,0 0 2 1 0 0 2 1,"1,2,6",,no (tile),,,,36.10,,0.9835,,4,yes,4_2 4_2,pgg,22x,L2
25521,8,16,1,7,USUJJJJS,not needed (covering theorem),124.32 124.32 235.68 62.04 55.93 304.07 55.93 117.72,1.0000 1.8965 1.0000 2.2065 2.2065 2.2065 2.2065 1.8965,0 1 0 3 3 3 3 1,0 0 2 0 2 0 2 1,,,YES,2,5,2,55.93,,0.4532,,4,yes,4_2 4_2,pgg,22x,L2
25521,8,17,0,6,UJJUJJJJ,not tested,-0.00 276.99 180.00 83.01 83.01 180.00 96.99 180.00,1.0000 0.8044 0.8044 1.0000 0.8044 0.8044 0.8044 0.8044,0 1 1 0 1 1 1 1,0 0 3 2 2 1 1 2,"1,2,6",,no (tile),,,,0.00,,0.8044,,4,yes,4_2 4_2,pgg,22x,L2
25521,8,17,1,0,UJJUJJJJ,not tested,-0.00 250.92 180.00 109.08 109.08 180.00 70.92 180.00,1.0000 2.8879 2.8879 1.0000 2.8879 2.8879 2.8879 2.8879,0 1 1 0 1 1 1 1,0 0 3 2 2 1 3 0,"1,2,6",,no (tile),,,,0.00,,0.3463,,4,yes,4_2 4_2,pgg,22x,L2
25523,8,0,0,7,SSSSSSSS,not tested,104.95 58.97 163.92 32.17 327.83 32.17 327.83 32.17,1.0000 0.5155 0.5155 0.5155 0.5155 0.5155 0.5155 0.5155,0 1 1 1 1 1 1 1,0 0 0 0 0 0 0 0,1,,no (tile),,,,32.17,,0.5155,,3 5,yes,4_2 4_2,p2,2222,L2
25523,8,0,1,2,SISSSSSS,not tested,79.60 84.44 164.04 31.92 328.08 31.92 328.08 31.92,1.0000 0.0969 0.6034 0.6034 0.6034 0.6034 0.6034 0.6034,0 1 2 2 2 2 2 2,0 0 0 1 0 1 0 1,"1,2,6",,no (tile),,,,31.92,,0.0969,,3 5,yes,4_2 4_2,p2,2222,L2
25523,8,3,0,4,SJJJJSJJ,not needed (covering theorem),371.31 -281.31 90.00 180.00 180.00 371.31 -11.31 180.00,1.0000 0.3922 0.3922 0.3922 0.3922 1.0000 0.3922 0.3922,0 1 1 1 1 0 1 1,0 0 3 0 3 0 0 3,,,YES,2,1,2,11.31,,0.3922,,3 5,yes,4_2 4_2,p2,2222,L2
25523,8,3,1,2,SIIIISII,not tested,367.69 -277.69 90.00 180.00 180.00 367.69 -7.69 180.00,1.0000 0.2675 0.3964 0.3964 0.3964 1.0000 0.3964 0.3964,0 1 2 2 2 0 2 2,0 0 0 0 0 0 0 0,1,,no (tile),,,,7.69,,0.2675,,3 5,yes,4_2 4_2,p2,2222,L2
25523,8,4,0,3,SSSSSSSS,not tested,394.63 -264.73 129.90 100.19 394.63 -34.63 394.63 -34.63,1.0000 0.9735 0.9735 0.9735 1.0000 0.9735 1.0000 0.9735,0 1 1 1 0 1 0 1,0 0 0 0 0 0 0 0,1,,no (tile),,,,34.63,,0.9735,,3 5,yes,4_2 4_2,p2,2222,L2
25523,8,4,1,2,SISSSSSS,not tested,383.14 -247.31 135.84 88.32 383.14 -23.14 383.14 -23.14,1.0000 0.2675 0.9932 0.9932 1.0000 0.9932 1.0000 0.9932,0 1 2 2 0 2 0 2,0 0 0 1 0 1 0 1,"1,2,6",,no (tile),,,,23.14,,0.2675,,3 5,yes,4_2 4_2,p2,2222,L2
25523,8,11,1,2,SISSSSSS,not tested,67.54 54.07 121.61 116.78 243.22 116.78 67.54 292.46,1.0000 1.3729 0.3803 0.3803 0.3803 0.3803 1.0000 0.3803,0 1 2 2 2 2 0 2,0 0 0 1 0 1 0 1,1,,no (tile),,,,54.07,,0.2770,,3 5,yes,4_2 4_2,p2,2222,L2
25523,8,14,1,2,SISSSSSS,not tested,79.60 84.44 164.04 31.92 328.08 31.92 328.08 31.92,1.0000 0.0969 0.6034 0.6034 0.6034 0.6034 0.6034 0.6034,0 1 2 2 2 2 2 2,0 0 0 1 0 1 0 1,"1,2,6",,no (tile),,,,31.92,,0.0969,,3 5,yes,4_2 4_2,p2,2222,L2
25523,8,19,0,6,SSSSSSSS,not needed (covering theorem),24.72 106.24 98.09 130.96 261.91 98.09 98.09 261.91,1.0000 0.2768 0.2768 0.2768 0.2768 0.2768 0.2768 0.2768,0 1 1 1 1 1 1 1,0 0 0 0 0 0 0 0,,,YES,2,1,2,24.72,,0.2768,,3 5,yes,4_2 4_2,p2,2222,L2
25523,8,21,0,4,SSSSSSSS,not needed (covering theorem),68.12 46.04 228.33 114.16 131.67 131.67 68.12 291.88,1.0000 0.6284 0.6284 0.6284 0.6284 0.6284 1.0000 0.6284,0 1 1 1 1 1 0 1,0 0 0 0 0 0 0 0,,,YES,2,1,2,46.04,,0.6284,,3 5,yes,4_2 4_2,p2,2222,L2
25523,8,25,0,4,SSSSSSSS,not tested,86.55 131.16 27.87 332.13 114.42 27.87 332.13 27.87,1.0000 1.0000 1.4131 1.0000 1.0000 1.4131 1.0000 1.4131,0 0 2 0 0 2 0 2,0 0 0 0 0 0 0 0,1,,no (tile),,,,27.87,,0.7077,,3 5,yes,4_2 4_2,p2,2222,L2
25523,8,25,0,5,SSSSSSSS,not tested,170.61 7.50 178.11 181.89 178.11 3.77 178.11 181.89,1.0000 0.9914 0.9914 0.9914 0.9914 0.9914 0.9914 0.9914,0 1 1 1 1 1 1 1,0 0 0 0 0 0 0 0,1,,no (tile),,,,3.77,,0.9914,,3 5,yes,4_2 4_2,p2,2222,L2
25523,8,27,0,5,SSSSSSSS,not tested,125.49 28.38 331.62 28.38 153.87 52.26 331.62 28.38,1.0000 0.6898 1.0000 0.6898 0.6898 0.6898 1.0000 0.6898,0 1 0 1 1 1 0 1,0 0 0 0 0 0 0 0,1,,no (tile),,,,28.38,,0.6898,,3 5,yes,4_2 4_2,p2,2222,L2
25523,8,30,0,4,SSSSSSSS,not needed (covering theorem),47.20 173.19 173.19 173.19 93.40 186.81 186.81 46.21,1.0000 1.0000 1.0000 1.0000 1.0000 1.0000 1.0000 4.9634,0 0 0 0 0 0 0 7,0 0 0 0 0 0 0 0,,,YES,2,1,2,46.21,,0.2015,,3 5,yes,4_2 4_2,p2,2222,L2
25523,8,30,0,5,SSSSSSSS,not needed (covering theorem),68.37 31.78 200.31 200.31 100.15 159.69 159.69 159.69,1.0000 0.2137 0.2137 0.2137 0.2137 0.2137 0.2137 0.2137,0 1 1 1 1 1 1 1,0 0 0 0 0 0 0 0,,,YES,2,1,2,31.78,,0.2137,,3 5,yes,4_2 4_2,p2,2222,L2
25523,8,34,1,5,SSSSSSIS,not tested,100.92 26.19 333.81 26.19 333.81 26.19 166.91 65.99,1.0000 1.0000 1.0000 1.0000 1.0000 1.0000 0.6054 1.4880,0 0 0 0 0 0 6 7,0 1 0 1 0 1 0 0,"1,2,6",,no (tile),,,,26.19,,0.4069,,3 5,yes,4_2 4_2,p2,2222,L2
25523,8,37,0,6,SSJJSJJS,not needed (covering theorem),180.00 180.00 71.57 90.00 18.43 341.57 180.00 18.43,1.0000 1.0000 1.2649 1.2649 1.0000 1.2649 1.2649 1.0000,0 0 2 2 0 2 2 0,0 0 0 3 0 0 3 0,,,YES,2,1,2,18.43,,0.7906,,3 5,yes,4_2 4_2,p2,2222,L2
25523,8,37,1,3,SSIISIIS,not tested,180.00 180.00 69.73 90.00 20.27 339.73 180.00 20.27,1.0000 1.0000 1.3857 1.2508 1.0000 1.2508 1.2508 1.0000,0 0 2 3 0 3 3 0,0 0 0 0 0 0 0 0,1,,no (tile),,,,20.27,,0.7216,,3 5,yes,4_2 4_2,p2,2222,L2
25523,8,50,0,4,JJSJJSSS,not needed (covering theorem),36.87 180.00 53.13 306.87 90.00 53.13 180.00 180.00,1.0000 1.0000 1.0000 1.0000 1.0000 1.0000 1.0000 1.0000,0 0 2 0 0 2 2 2,0 3 0 0 3 0 0 0,,,YES,2,1,2,36.87,,1.0000,,3 5,yes,4_2 4_2,p2,2222,L2
25523,8,50,1,1,IISIISSS,not tested,32.68 180.00 32.68 327.32 90.00 57.32 180.00 180.00,1.0000 1.0000 0.8910 1.0000 0.9621 0.8910 0.8910 0.8910,0 0 2 0 4 2 2 2,0 0 0 0 0 1 1 1,1,,no (tile),,,,32.68,,0.8910,,3 5,yes,4_2 4_2,p2,2222,L2
25523,8,69,0,4,SSSSSSSS,not tested,361.38 -1.38 361.38 -487.06 423.53 62.16 361.38 -1.38,1.0000 1.3499 1.0000 1.0000 1.0000 1.3499 1.0000 1.3499,0 1 0 0 0 1 0 1,0 0 0 0 0 0 0 0,1,,no (tile),,,,1.38,,0.7408,,3 5,yes,4_2 4_2,p2,2222,L2
25523,8,69,0,5,SSSSSSSS,not tested,394.63 -34.63 394.63 -264.73 129.90 100.19 394.63 -34.63,1.0000 0.9735 1.0000 0.9735 0.9735 0.9735 1.0000 0.9735,0 1 0 1 1 1 0 1,0 0 0 0 0 0 0 0,1,,no (tile),,,,34.63,,0.9735,,3 5,yes,4_2 4_2,p2,2222,L2
25523,8,69,1,3,SSSSISSS,not tested,384.03 -24.03 384.03 -636.88 498.44 114.41 384.03 -24.03,1.0000 0.9714 1.0000 1.0000 0.2921 0.9714 1.0000 0.9714,0 1 0 0 4 1 0 1,0 0 0 1 0 0 0 0,"1,2,6",,no (tile),,,,24.03,,0.2921,,3 5,yes,4_2 4_2,p2,2222,L2
25523,8,69,1,4,SSSISSSS,not tested,383.15 -23.15 383.15 -247.30 135.85 88.30 383.15 -23.15,1.0000 0.9933 1.0000 0.2675 0.9933 0.9933 1.0000 0.9933,0 1 0 3 1 1 0 1,0 0 0 0 1 0 0 0,"1,2,6",,no (tile),,,,23.15,,0.2675,,3 5,yes,4_2 4_2,p2,2222,L2
25523,8,71,0,7,SSSJJSJJ,not needed (covering theorem),36.87 180.00 180.00 53.13 90.00 306.87 53.13 180.00,1.0000 1.0000 1.0000 1.0000 1.0000 1.0000 1.0000 1.0000,0 0 0 3 3 0 3 3,0 0 0 0 3 0 0 3,,,YES,2,1,2,36.87,,1.0000,,3 5,yes,4_2 4_2,p2,2222,L2
25523,8,71,1,4,SSSIISII,not tested,34.22 180.00 180.00 55.78 90.00 325.78 34.22 180.00,1.0000 1.0000 1.0000 1.1246 1.1026 1.0000 1.1026 1.1026,0 0 0 3 4 0 4 4,0 0 0 0 0 1 0 0,1,,no (tile),,,,34.22,,0.8892,,3 5,yes,4_2 4_2,p2,2222,L2
25523,8,74,0,6,SSSSSSSS,not tested,120.30 194.55 165.45 29.11 165.45 194.55 165.45 45.15,1.0000 1.0000 1.0000 1.0000 1.0000 1.0000 1.0000 1.4178,0 0 0 0 0 0 0 7,0 0 0 0 0 0 0 0,1,,no (tile),,,,29.11,,0.7053,,3 5,yes,4_2 4_2,p2,2222,L2
25523,8,74,0,7,SSSSSSSS,not tested,99.12 26.00 334.00 26.00 125.12 334.00 26.00 109.76,1.0000 0.7596 1.0000 0.7596 0.7596 1.0000 0.7596 0.7596,0 1 0 1 1 0 1 1,0 0 0 0 0 0 0 0,1,,no (tile),,,,26.00,,0.7596,,3 5,yes,4_2 4_2,p2,2222,L2
25523,8,76,0,4,SSSSSSSS,not tested,134.88 25.82 334.18 38.61 160.70 25.82 334.18 25.82,1.0000 1.3091 1.0000 1.0000 1.0000 1.3091 1.0000 1.3091,0 1 0 0 0 1 0 1,0 0 0 0 0 0 0 0,1,,no (tile),,,,25.82,,0.7639,,3 5,yes,4_2 4_2,p2,2222,L2
25523,8,81,0,5,SSSSSSSS,not needed (covering theorem),-26.19 433.80 -73.80 -73.80 433.80 216.90 -73.80 243.09,1.0000 1.0000 1.0000 1.0000 1.0000 1.0000 1.0000 2.7213,0 0 0 0 0 0 0 7,0 0 0 0 0 0 0 0,,,YES,2,1,2,26.19,,0.3675,,3 5,yes,4_2 4_2,p2,2222,L2
25523,8,83,0,5,SSSSSSSS,not needed (covering theorem),48.64 311.36 48.64 153.52 153.52 103.24 206.48 54.60,1.0000 1.9895 1.0000 1.0000 1.0000 1.0000 1.0000 1.9895,0 1 0 0 0 0 0 1,0 0 0 0 0 0 0 0,,,YES,2,1,2,48.64,,0.5026,,3 5,yes,4_2 4_2,p2,2222,L2
25523,8,86,1,5,SSSSSSIS,not tested,62.09 297.91 62.09 104.15 255.85 104.15 127.93 65.84,1.0000 2.1614 1.0000 1.0000 1.0000 1.0000 2.3839 2.1614,0 1 0 0 0 0 6 1,0 0 0 1 0 1 0 0,1,,no (tile),,,,62.09,,0.4195,,3 5,yes,4_2 4_2,p2,2222,L2
25523,8,89,0,5,SJJSJJSS,not needed (covering theorem),180.00 18.43 180.00 341.57 18.43 90.00 71.57 180.00,1.0000 1.2649 1.2649 1.0000 1.2649 1.2649 1.0000 1.0000,0 1 1 0 1 1 0 0,0 0 3 0 0 3 0 0,,,YES,2,1,2,18.43,,0.7906,,3 5,yes,4_2 4_2,p2,2222,L2
25523,8,89,1,2,SIISIISS,not tested,180.00 15.42 180.00 344.58 15.42 90.00 74.58 180.00,1.0000 1.2854 1.2854 1.0000 1.2854 1.0634 1.0000 1.0000,0 1 1 0 1 5 0 0,0 0 0 0 0 0 0 0,1,,no (tile),,,,15.42,,0.7780,,3 5,yes,4_2 4_2,p2,2222,L2
25523,8,100,0,6,SSSSSSSS,not tested,125.06 19.36 340.64 19.36 340.64 19.36 170.32 45.26,1.0000 1.0000 1.0000 1.0000 1.0000 1.0000 1.0000 1.4206,0 0 0 0 0 0 0 7,0 0 0 0 0 0 0 0,1,,no (tile),,,,19.36,,0.7039,,3 5,yes,4_2 4_2,p2,2222,L2
25523,8,100,1,1,SSSSSSIS,not tested,100.92 26.19 333.81 26.19 333.81 26.19 166.91 65.99,1.0000 1.0000 1.0000 1.0000 1.0000 1.0000 0.6054 1.4880,0 0 0 0 0 0 6 7,0 1 0 1 0 1 0 0,"1,2,6",,no (tile),,,,26.19,,0.4069,,3 5,yes,4_2 4_2,p2,2222,L2
25523,8,103,0,6,JJSJJJJS,not needed (covering theorem),11.31 180.00 348.69 11.31 180.00 180.00 90.00 78.69,1.0000 1.0000 2.5495 1.0000 1.0000 1.0000 1.0000 2.5495,0 0 2 0 0 0 0 2,0 3 0 0 3 0 3 0,,,YES,2,1,2,11.31,,0.3922,,3 5,yes,4_2 4_2,p2,2222,L2
25523,8,103,1,4,IISIIIIS,not tested,28.09 180.00 331.91 28.09 180.00 180.00 90.00 61.91,1.0000 1.0000 2.8337 1.0000 1.0000 1.0000 2.6681 2.8337,0 0 2 0 0 0 6 2,0 0 0 0 0 0 0 0,1,,no (tile),,,,28.09,,0.3529,,3 5,yes,4_2 4_2,p2,2222,L2
25523,8,104,0,6,SSSSSSSS,not tested,34.53 325.47 34.53 325.47 34.53 100.66 129.67 95.14,1.0000 1.0304 1.0000 1.0304 1.0000 1.0000 1.0000 1.0304,0 1 0 1 0 0 0 1,0 0 0 0 0 0 0 0,1,,no (tile),,,,34.53,,0.9705,,3 5,yes,4_2 4_2,p2,2222,L2
25523,8,104,1,5,SSSSSSIS,not tested,24.30 335.70 24.30 335.70 24.30 167.16 96.42 72.12,1.0000 1.3922 1.0000 1.3922 1.0000 1.0000 1.5060 1.3922,0 1 0 1 0 0 6 1,0 0 0 0 0 1 0 0,"1,2,6",,no (tile),,,,24.30,,0.6640,,3 5,yes,4_2 4_2,p2,2222,L2
25524,8,5,0,4,SSISSISI,not needed (covering theorem),62.81 208.84 12.77 297.19 75.58 62.81 347.23 12.77,1.0000 1.0000 1.4895 1.0000 1.0000 1.4895 1.0000 1.4895,0 0 2 0 0 2 0 2,0 0 0 1 1 0 0 0,,,YES,2,"2,6",2,12.77,,0.6714,,3 5,yes,4_2 4_2,pgg,22x,L2
25524,8,5,0,6,SSISSISI,not needed (covering theorem),107.94 31.21 252.06 139.15 81.69 107.94 139.15 220.85,1.0000 1.0000 0.3230 1.0000 1.0000 0.3230 1.0000 0.3230,0 0 2 0 0 2 0 2,0 0 0 0 1 0 0 0,,,YES,2,"2,6",2,31.21,,0.3230,,3 5,yes,4_2 4_2,pgg,22x,L2
25524,8,5,1,3,SSSSIISI,not tested,-64.15 -43.62 403.62 -43.62 201.81 265.96 201.81 158.19,1.0000 1.0000 1.0000 1.0000 0.2675 0.2675 1.0000 0.2675,0 0 0 0 4 4 0 4,0 1 0 1 0 0 0 0,"1,6",,no (tile),,,,43.62,,0.2675,,3 5,yes,4_2 4_2,pgg,22x,L2
25524,8,9,0,7,IIIIIIII,not tested,41.41 180.00 180.00 90.00 48.59 180.00 180.00 180.00,1.0000 1.0000 1.0000 2.6458 1.0000 1.0000 1.0000 1.0000,0 0 0 3 0 0 0 0,0 0 0 0 0 0 0 0,"1,2,6",,no (tile),,,,41.41,,0.3780,,3 5,yes,4_2 4_2,pgg,22x,L2
25524,8,13,0,4,SSSSSSSS,not tested,-82.82 318.59 41.41 318.59 221.41 -97.18 318.59 41.41,1.0000 1.0000 1.0000 1.0000 1.0000 1.0000 1.0000 1.0000,0 0 0 0 0 0 0 0,0 1 0 1 1 0 1 0,"1,6",,no (tile),,,,41.41,,1.0000,,3 5,yes,4_2 4_2,pgg,22x,L2
25524,8,13,1,0,SSSSSSSS,not tested,82.82 318.59 41.41 97.18 138.59 41.41 318.59 41.41,1.0000 1.0000 1.0000 1.0000 1.0000 1.0000 1.0000 1.0000,0 0 0 0 0 0 0 0,0 1 0 1 1 0 1 0,"1,6",,no (tile),,,,41.41,,1.0000,,3 5,yes,4_2 4_2,pgg,22x,L2
25524,8,13,1,4,SSSISSSS,not tested,98.73 318.59 41.41 89.23 130.64 41.41 318.59 41.41,1.0000 1.0000 1.0000 1.3565 1.0000 1.0000 1.0000 1.0000,0 0 0 3 0 0 0 0,0 0 0 0 1 1 1 1,"1,6",,no (tile),,,,41.41,,0.7372,,3 5,yes,4_2 4_2,pgg,22x,L2
25524,8,14,0,2,ISIISSSS,not tested,53.61 224.57 135.43 81.83 135.43 89.13 270.87 89.13,1.0000 0.8993 1.0000 1.0000 0.8993 0.8993 0.8993 0.8993,0 1 0 0 1 1 1 1,0 0 0 0 1 0 1 0,"1,6",,no (tile),,,,53.61,,0.8993,,3 5,yes,4_2 4_2,pgg,22x,L2
25524,8,14,1,7,ISISSISS,not needed (covering theorem),62.64 12.86 347.14 62.64 75.50 297.36 12.86 209.00,1.0000 0.6703 1.0000 0.6703 0.6703 1.0000 0.6703 0.6703,0 1 0 1 1 0 1 1,0 0 0 1 1 0 0 0,,,YES,2,"2,6",2,12.86,,0.6703,,3 5,yes,4_2 4_2,pgg,22x,L2
25524,8,17,1,5,IIIIIIII,not tested,41.41 180.00 180.00 180.00 48.59 90.00 180.00 180.00,1.0000 1.0000 1.0000 1.0000 2.6458 1.0000 1.0000 1.0000,0 0 0 0 4 0 0 0,0 0 0 0 0 0 0 0,"1,2,6",,no (tile),,,,41.41,,0.3780,,3 5,yes,4_2 4_2,pgg,22x,L2
25537,8,1,1,7,JSJSJJJJ,not needed (covering theorem),-675.45 240.83 119.17 818.28 119.17 98.01 261.99 98.01,1.0000 1.6047 1.0000 1.6047 1.0000 1.0000 1.0000 1.0000,0 1 0 1 0 0 0 0,0 0 3 0 3 1 3 1,,,YES,2,5,2,44.55,,0.6232,,4,yes,3_2 5_2,pgg,22x,L2
25537,8,2,0,3,JSJUJSJU,not tested,90.00 315.01 44.99 90.00 270.00 44.99 135.01 90.00,1.0000 1.4140 1.0000 1.0000 1.0000 1.4140 1.0000 1.0000,0 1 0 3 0 1 0 3,0 0 3 0 2 1 1 2,"1,6",,no (tile),,,,44.99,,0.7072,,4,yes,3_2 5_2,pgg,22x,L2
25537,8,2,0,4,SSSSSSSS,not tested,73.60 198.12 161.88 50.92 161.88 198.12 73.60 161.88,1.0000 1.0000 1.0000 1.0000 1.0000 1.0000 1.0000 1.0000,0 0 0 0 0 0 0 0,0 1 0 1 0 1 1 0,"1,2,3,5,6",,no (tile),,,,50.92,,1.0000,,4,yes,3_2 5_2,pgg,22x,L2
25537,8,6,0,7,SSSSSSSS,not tested,22.01 180.00 180.00 180.00 47.51 312.49 47.51 110.48,1.0000 1.0000 1.0000 1.0000 1.0000 1.0000 1.0000 3.9359,0 0 0 0 0 0 0 7,0 0 0 0 1 0 1 0,1,,no (tile),,,,22.01,,0.2541,,4,yes,3_2 5_2,pgg,22x,L2
25537,8,7,1,3,SSSSSSSS,not tested,3.22 183.68 176.32 183.68 176.32 1.92 171.18 183.68,1.0000 0.0500 1.0000 0.0500 1.0000 2.0529 0.0500 1.0000,0 1 0 1 0 5 1 0,0 0 0 0 0 0 1 1,"1,6",,no (tile),,,,1.92,,0.0244,YES,4,yes,3_2 5_2,pgg,22x,L2
25537,8,8,1,4,SISISSSI,not tested,66.00 294.00 66.00 294.00 66.00 61.03 166.97 66.00,1.0000 1.0017 1.0000 1.0017 1.0000 2.2887 1.0000 1.0017,0 1 0 1 0 5 0 1,0 0 0 0 0 0 1 0,"1,2,6",,no (tile),,,,61.03,,0.4369,,4,yes,3_2 5_2,pgg,22x,L2
25537,8,9,0,7,SSSSSSSS,not tested,86.74 74.56 285.44 74.56 285.44 32.02 74.56 166.68,1.0000 1.8216 1.0000 1.8216 1.0000 1.8216 1.0000 3.5247,0 1 0 1 0 1 0 7,0 0 0 0 0 1 1 0,"1,2,6",,no (tile),,,,32.02,,0.2837,,4,yes,3_2 5_2,pgg,22x,L2
25537,8,9,1,0,UISIUISI,not tested,61.05 241.05 69.14 290.86 118.95 118.95 69.14 110.86,1.0000 1.0005 4.6574 1.0005 1.0000 1.0005 4.6574 3.8152,0 1 2 1 0 1 2 7,0 0 0 0 2 0 0 0,1,,no (tile),,,,61.05,,0.2147,,4,yes,3_2 5_2,pgg,22x,L2
25537,8,12,0,7,SSSSSSSS,not tested,9.45 180.00 180.00 180.00 180.00 180.00 70.58 99.97,1.0000 1.0000 1.0000 1.0000 1.0000 1.0000 1.0000 5.7454,0 0 0 0 0 0 0 7,0 0 0 0 0 0 1 0,"1,2,6",,no (tile),,,,9.45,,0.1741,,4,yes,3_2 5_2,pgg,22x,L2
25537,8,12,1,5,SSSSSSSS,not tested,66.07 180.00 180.00 180.00 180.00 180.00 9.28 104.65,1.0000 1.0000 1.0000 1.0000 1.0000 1.0000 5.6685 1.0000,0 0 0 0 0 0 6 0,0 0 0 0 0 0 0 1,"1,2,6",,no (tile),,,,9.28,,0.1764,,4,yes,3_2 5_2,pgg,22x,L2
25538,8,1,1,4,SSSUSSSU,not tested,-6.82 263.18 96.82 270.00 270.00 -166.36 263.18 90.00,1.0000 1.0000 1.0000 0.2675 1.0000 1.0000 1.0000 0.2675,0 0 0 3 0 0 0 3,0 0 0 0 1 1 1 2,6,,no (tile),,,,6.82,,0.2675,,3 5,yes,3_2 5_2,pgg,22x,L2
25538,8,1,1,7,ISIISSSS,not tested,79.88 134.64 225.36 54.76 134.64 90.73 269.27 90.73,1.0000 0.8773 1.0000 1.0000 0.8773 0.8773 0.8773 0.8773,0 1 0 0 1 1 1 1,0 0 0 0 0 1 0 1,"1,6",,no (tile),,,,54.76,,0.8773,,3 5,yes,3_2 5_2,pgg,22x,L2
25538,8,4,0,0,IIIIIIII,not tested,41.41 180.00 180.00 180.00 48.59 90.00 180.00 180.00,1.0000 1.0000 1.0000 1.0000 2.6458 1.0000 1.0000 1.0000,0 0 0 0 4 0 0 0,0 0 0 0 0 0 0 0,"1,2,6",,no (tile),,,,41.41,,0.3780,,3 5,yes,3_2 5_2,pgg,22x,L2
25538,8,5,0,4,JJJJUJJU,not tested,63.43 180.00 180.00 180.00 26.57 296.57 90.00 63.43,1.0000 1.0000 1.0000 1.0000 3.1305 1.0000 1.0000 3.1305,0 0 0 0 4 0 0 4,0 3 0 3 0 2 1 2,9,,no (tile),,,,26.57,,0.3194,,3 5,yes,3_2 5_2,pgg,22x,L2
25538,8,6,1,6,IIIIIIII,not tested,61.04 90.00 180.00 270.00 28.96 90.00 180.00 180.00,1.0000 0.7746 0.7746 1.0000 1.0000 0.7746 0.7746 0.7746,0 1 1 0 0 1 1 1,0 0 0 0 0 0 0 0,"1,6",,no (tile),,,,28.96,,0.7746,,3 5,yes,3_2 5_2,pgg,22x,L2
25538,8,7,0,2,SSSSSISS,not tested,38.65 321.35 73.98 286.02 38.65 86.70 160.67 73.98,1.0000 1.0000 1.0000 1.0000 1.0000 1.5315 1.0000 1.0000,0 0 0 0 0 5 0 0,0 1 1 1 0 0 1 1,1,,no (tile),,,,38.65,,0.6530,,3 5,yes,3_2 5_2,pgg,22x,L2
25538,8,8,0,1,SSSSSISS,not tested,110.47 130.83 229.17 130.83 229.17 4.12 114.59 130.83,1.0000 1.0000 1.0000 1.0000 1.0000 4.1878 1.0000 1.0000,0 0 0 0 0 5 0 0,0 1 0 1 0 0 0 1,"1,2,6",,no (tile),,,,4.12,,0.2388,,3 5,yes,3_2 5_2,pgg,22x,L2
25538,8,10,1,0,SSSSSSSI,not tested,63.41 55.08 304.92 55.08 304.92 89.05 55.08 152.46,1.0000 1.0000 1.0000 1.0000 1.0000 1.0000 1.0000 2.2970,0 0 0 0 0 0 0 7,0 1 0 1 0 0 1 0,"1,2,6",,no (tile),,,,55.08,,0.4354,,3 5,yes,3_2 5_2,pgg,22x,L2
25538,8,10,1,7,UISIUISS,not tested,10.27 252.99 117.28 242.72 107.01 107.01 117.28 125.44,1.0000 1.7762 4.9716 1.7762 1.0000 1.7762 4.9716 4.9716,0 1 2 1 0 1 2 2,0 0 0 0 2 0 0 1,"1,2,6",,no (tile),,,,10.27,,0.2011,,3 5,yes,3_2 5_2,pgg,22x,L2
25538,8,11,0,4,IIIIIIII,not tested,80.41 180.00 180.00 180.00 180.00 180.00 9.59 90.00,1.0000 1.0000 1.0000 1.0000 1.0000 1.0000 5.9161 1.0000,0 0 0 0 0 0 6 0,0 0 0 0 0 0 0 0,"1,2,6",,no (tile),,,,9.59,,0.1690,,3 5,yes,3_2 5_2,pgg,22x,L2
25538,8,11,1,0,IIIIIIII,not tested,9.59 180.00 180.00 180.00 180.00 180.00 80.41 90.00,1.0000 1.0000 1.0000 1.0000 1.0000 1.0000 1.0000 5.9161,0 0 0 0 0 0 0 7,0 0 0 0 0 0 0 0,"1,2,6",,no (tile),,,,9.59,,0.1690,,3 5,yes,3_2 5_2,pgg,22x,L2
25540,8,1,1,1,SIUSUSSS,not tested,238.00 61.00 40.66 339.66 20.34 20.34 238.00 122.00,1.0000 3.5399 2.9512 1.0000 2.9512 1.0000 1.0000 1.0000,0 1 2 0 2 0 0 0,0 0 0 0 2 1 0 1,"1,2,6",,no (tile),,,,20.34,,0.2825,,3 5,yes,4_2 4_2,pgg,22x,L2
25540,8,4,0,0,SSSUSUSS,not needed (covering theorem),99.24 161.51 161.51 68.11 68.11 291.89 31.13 198.49,1.0000 1.0000 1.0000 1.8766 1.0000 1.8766 1.0000 1.0000,0 0 0 3 0 3 0 0,0 0 0 0 1 2 0 0,,,YES,2,"1,2,6",2,31.13,,0.5329,,3 5,yes,4_2 4_2,pgg,22x,L2
25540,8,4,0,1,SSSUSUSS,not needed (covering theorem),172.50 93.75 187.50 39.37 305.62 54.38 54.38 172.50,1.0000 1.0000 1.0000 2.0390 1.0000 2.0390 1.0000 1.0000,0 0 0 3 0 3 0 0,0 0 0 0 1 2 0 0,,,YES,2,"1,2,6",2,39.37,,0.4904,,3 5,yes,4_2 4_2,pgg,22x,L2
25540,8,6,1,0,SSSSUSUI,not tested,199.41 -38.83 398.83 -38.83 238.89 238.89 121.11 -39.48,1.0000 1.0000 1.0000 1.0000 0.2675 1.0000 0.2675 0.2675,0 0 0 0 4 0 4 7,0 1 0 1 0 0 2 0,"1,2,6",,no (tile),,,,38.83,,0.2675,,3 5,yes,4_2 4_2,pgg,22x,L2
25540,8,8,1,0,SSSSSSSI,not tested,172.01 15.98 344.02 15.98 344.02 15.98 115.49 56.52,1.0000 1.0000 1.0000 1.0000 1.0000 1.0000 1.0000 0.5516,0 0 0 0 0 0 0 7,0 1 0 1 0 1 0 0,"1,2,6",,no (tile),,,,15.98,,0.5516,,3 5,yes,4_2 4_2,pgg,22x,L2
25540,8,10,1,0,IIIUIIUI,not tested,90.00 180.00 180.00 62.74 62.74 180.00 297.26 27.26,1.0000 1.0000 1.0000 2.0077 1.0000 1.0000 2.0077 1.9409,0 0 0 3 0 0 3 7,0 0 0 0 0 0 2 0,"1,2,6",,no (tile),,,,27.26,,0.4981,,3 5,yes,4_2 4_2,pgg,22x,L2
25540,8,10,1,2,IIIUIIUI,not tested,180.00 180.00 90.00 28.16 298.16 180.00 61.84 61.84,1.0000 1.0000 1.8682 2.0033 1.0000 1.0000 2.0033 1.0000,0 0 2 3 0 0 3 0,0 0 0 0 0 0 2 0,"1,2,6",,no (tile),,,,28.16,,0.4992,,3 5,yes,4_2 4_2,pgg,22x,L2
25543,8,4,0,0,SSSSSSSS,not tested,131.81 96.38 35.43 324.57 35.43 324.57 35.43 96.38,1.0000 1.0000 1.0000 1.0000 1.0000 1.0000 1.0000 1.0000,0 0 0 0 0 0 0 0,0 0 1 0 1 0 1 0,"1,2,6",,no (tile),,,,35.43,,1.0000,,3 5,yes,4_3 4_3,pgg,22x,L2
25543,8,9,0,1,SSSSISSS,not needed (covering theorem),173.45 93.27 186.55 186.55 46.48 46.80 173.45 173.45,1.0000 1.0000 1.0000 1.0000 4.9661 1.0000 1.0000 1.0000,0 0 0 0 4 0 0 0,0 0 0 0 0 0 0 0,,,YES,2,"1,6",2,46.48,,0.2014,,3 5,yes,4_3 4_3,pgg,22x,L2
25543,8,14,1,0,SSSSSSSI,not tested,168.61 22.78 337.22 22.78 337.22 22.78 96.46 72.15,1.0000 1.0000 1.0000 1.0000 1.0000 1.0000 1.2447 0.3814,0 0 0 0 0 0 6 7,0 1 0 1 0 1 0 0,"1,2,6",,no (tile),,,,22.78,,0.3065,,3 5,yes,4_3 4_3,pgg,22x,L2
25543,8,25,0,1,SSSSISSS,not tested,22.74 168.63 191.37 168.63 38.26 130.37 191.37 168.63,1.0000 1.0000 1.0000 1.0000 1.2735 1.0000 1.0000 1.0000,0 0 0 0 4 0 0 0,0 0 0 0 0 0 0 0,1,,no (tile),,,,22.74,,0.7852,,3 5,yes,4_3 4_3,pgg,22x,L2
25543,8,26,0,0,SSSSSSSS,not tested,107.06 301.49 58.51 145.88 48.55 214.12 145.88 58.51,1.0000 1.0000 1.0000 1.0000 1.0000 1.0000 1.0000 1.0000,0 0 0 0 0 0 0 0,0 1 0 0 1 1 1 0,"1,3,5",,no (tile),,,,48.55,,1.0000,,3 5,yes,4_3 4_3,pgg,22x,L2
25543,8,26,1,3,SSSISSSS,not tested,159.65 56.89 303.11 100.17 43.28 200.35 159.65 56.89,1.0000 1.0000 1.0000 0.9954 1.0000 1.0000 1.0000 1.0000,0 0 0 3 0 0 0 0,0 1 0 0 0 1 0 1,1,,no (tile),,,,43.28,,0.9954,,3 5,yes,4_3 4_3,pgg,22x,L2
25543,8,28,0,3,SSSSSISS,not tested,207.82 207.82 152.18 76.09 207.82 53.94 22.15 152.18,1.0000 1.0000 1.0000 1.0000 1.0000 5.1489 1.0000 1.0000,0 0 0 0 0 5 0 0,0 0 0 0 0 0 0 0,,closing m-gon self-intersects (not a simple polygon) — not p,n/a (tile degenerate at high precision),,,,22.15,,0.1942,,3 5,yes,4_3 4_3,pgg,22x,L2
25543,8,34,0,5,SSSSSSIS,not tested,18.78 341.22 18.78 341.22 18.78 170.61 44.39 126.22,1.0000 1.0000 1.0000 1.0000 1.0000 1.0000 1.3994 1.0000,0 0 0 0 0 0 6 0,0 0 0 0 0 0 0 0,1,,no (tile),,,,18.78,,0.7146,,3 5,yes,4_3 4_3,pgg,22x,L2
25543,8,34,1,0,SSSSSSSI,not tested,168.61 22.78 337.22 22.78 337.22 22.78 96.46 72.15,1.0000 1.0000 1.0000 1.0000 1.0000 1.0000 1.2447 0.3814,0 0 0 0 0 0 6 7,0 1 0 1 0 1 0 0,"1,2,6",,no (tile),,,,22.78,,0.3065,,3 5,yes,4_3 4_3,pgg,22x,L2
25548,8,0,1,1,SSSSSSSS,not tested,211.63 34.12 80.13 34.12 211.63 148.37 211.63 148.37,1.0000 4.4844 4.4844 1.0000 1.0000 1.0000 1.0000 1.0000,0 1 1 0 0 0 0 0,0 0 1 1 0 1 0 1,"1,2,3,5,6",,no (tile),,,,34.12,,0.2230,,4,yes,4_2 4_2,p2,2222,L2
25548,8,0,1,7,SSSSSSSS,not tested,108.38 99.97 108.38 43.27 316.73 43.27 316.73 43.27,1.0000 1.0000 0.6925 0.6925 0.6925 0.6925 0.6925 0.6925,0 0 2 2 2 2 2 2,0 1 0 1 0 1 0 1,"1,2,3,5,6",,no (tile),,,,43.27,,0.6925,,4,yes,4_2 4_2,p2,2222,L2
25548,8,3,1,4,SSISISIS,not tested,121.01 121.01 58.99 301.01 58.99 58.99 301.01 58.99,1.0000 0.9667 0.9974 0.9667 0.9974 0.9667 0.9974 0.9667,0 1 2 1 2 1 2 1,0 0 0 0 0 1 0 1,"1,6",,no (tile),,,,58.99,,0.9667,,4,yes,4_2 4_2,p2,2222,L2
25548,8,3,1,6,SISSSSSS,not tested,-15942.03 -77.97 -77.97 16457.97 -16097.97 -15942.03 16457.97 16302.03,1.0000 0.9834 1.0000 0.0500 1.0000 0.0500 1.0000 0.0500,0 1 0 3 0 3 0 3,0 0 1 0 1 1 0 0,1,,no (tile),,,,77.97,,0.0500,YES,4,yes,4_2 4_2,p2,2222,L2
25548,8,10,0,0,SSSSSSSS,not tested,105.68 115.82 105.68 32.81 327.19 32.81 327.19 32.81,1.0000 1.0000 1.0000 1.0000 1.0000 1.0000 1.0000 1.0000,0 1 1 0 1 0 1 0,0 0 0 0 0 0 0 0,1,,no (tile),,,,32.81,,1.0000,,4,yes,4_2 4_2,p2,2222,L2
25548,8,10,0,6,SSSSSSSS,not tested,106.37 111.34 30.96 329.04 30.96 329.04 30.96 111.34,1.0000 1.0000 1.0000 1.0000 1.0000 1.0000 1.0000 1.0000,0 0 2 0 2 0 2 2,0 0 0 0 0 0 0 0,1,,no (tile),,,,30.96,,1.0000,,4,yes,4_2 4_2,p2,2222,L2
25548,8,10,1,1,SSSSSSSS,not tested,113.60 109.58 27.23 332.77 27.23 332.77 27.23 109.58,1.0000 1.1847 1.1847 1.1847 1.1847 1.1847 1.1847 1.0000,0 1 1 1 1 1 1 0,0 0 1 0 1 0 1 1,"1,2,3,5,6",,no (tile),,,,27.23,,0.8441,,4,yes,4_2 4_2,p2,2222,L2
25548,8,10,1,3,SSSSSSSS,not tested,108.38 99.97 108.38 43.27 316.73 43.27 316.73 43.27,1.0000 1.0000 0.6925 0.6925 0.6925 0.6925 0.6925 0.6925,0 0 2 2 2 2 2 2,0 1 0 1 0 1 0 1,"1,2,3,5,6",,no (tile),,,,43.27,,0.6925,,4,yes,4_2 4_2,p2,2222,L2
25548,8,14,0,0,SSSSSSSS,not tested,104.10 75.90 104.10 255.90 104.10 255.90 104.10 75.90,1.0000 0.3333 0.3333 0.3333 0.3333 0.3333 0.3333 1.0000,0 1 1 1 1 1 1 0,0 0 0 0 0 0 0 0,1,,no (tile),,,,75.90,,0.3333,,4,yes,4_2 4_2,p2,2222,L2
25548,8,14,0,2,SSSSSSSS,not tested,76.58 103.42 76.58 103.42 256.58 103.42 256.58 103.42,1.0000 1.0000 0.3333 0.3333 0.3333 0.3333 0.3333 0.3333,0 0 2 2 2 2 2 2,0 0 0 0 0 0 0 0,1,,no (tile),,,,76.58,,0.3333,,4,yes,4_2 4_2,p2,2222,L2
25548,8,18,0,1,SSSSSSSS,not tested,201.32 52.84 201.32 52.84 201.32 158.68 53.00 158.68,1.0000 1.0000 1.0000 1.0000 1.0000 1.0000 1.0000 1.0000,0 1 0 1 0 1 0 1,0 0 0 0 0 0 0 0,1,,no (tile),,,,52.84,,1.0000,,4,yes,4_2 4_2,p2,2222,L2
25548,8,18,0,3,SSSSSSSS,not tested,78.88 169.98 190.02 32.25 190.02 169.98 78.88 169.98,1.0000 1.0000 1.0000 1.0000 1.0000 1.0000 1.0000 1.0000,0 1 0 1 0 1 0 1,0 0 0 0 0 0 0 0,1,,no (tile),,,,32.25,,1.0000,,4,yes,4_2 4_2,p2,2222,L2
25548,8,18,0,4,SSSSSSSS,not needed (covering theorem),-269.99 89.99 629.99 -269.99 450.01 -90.01 89.99 450.01,1.0000 1.0000 3.0004 1.0000 3.0004 1.0000 1.0000 3.0004,0 0 2 0 2 0 0 2,0 0 0 0 0 0 0 0,,,YES,2,1,2,89.99,,0.3333,,4,yes,4_2 4_2,p2,2222,L2
25548,8,28,1,0,SSSSSSSI,not tested,77.96 102.04 257.96 102.04 102.04 257.96 102.04 77.96,1.0000 0.9411 1.0000 0.9411 1.0000 0.9411 1.0000 3.6576,0 1 0 1 0 1 0 7,0 0 0 1 1 0 1 0,1,,no (tile),,,,77.96,,0.2573,,4,yes,4_2 4_2,p2,2222,L2
25548,8,28,1,2,SSISISIS,not tested,121.01 121.01 58.99 301.01 58.99 58.99 301.01 58.99,1.0000 0.9667 0.9974 0.9667 0.9974 0.9667 0.9974 0.9667,0 1 2 1 2 1 2 1,0 0 0 0 0 1 0 1,"1,6",,no (tile),,,,58.99,,0.9667,,4,yes,4_2 4_2,p2,2222,L2
25548,8,34,1,1,SSSSSSSS,not tested,113.60 109.58 27.23 332.77 27.23 332.77 27.23 109.58,1.0000 1.1847 1.1847 1.1847 1.1847 1.1847 1.1847 1.0000,0 1 1 1 1 1 1 0,0 0 1 0 1 0 1 1,"1,2,3,5,6",,no (tile),,,,27.23,,0.8441,,4,yes,4_2 4_2,p2,2222,L2
25548,8,34,1,7,SSSSSSSS,not tested,97.64 36.90 323.10 36.90 323.10 36.90 97.64 127.83,1.0000 1.0000 1.0000 1.0000 1.0000 1.0000 1.0570 1.0570,0 0 0 0 0 0 6 6,0 1 0 1 0 1 0 1,"1,2,3,5,6",,no (tile),,,,36.90,,0.9461,,4,yes,4_2 4_2,p2,2222,L2
25548,8,67,1,2,SSSISSSS,not tested,-36617.99 -35742.01 36102.01 437.99 437.99 -36617.99 36977.99 36102.01,1.0000 0.0500 1.0000 0.9825 1.0000 0.0500 1.0000 0.0500,0 1 0 3 0 1 0 1,0 0 0 0 1 0 1 1,1,,no (tile),,,,77.99,,0.0500,YES,4,yes,4_2 4_2,p2,2222,L2
25548,8,79,0,0,SSSSSSSS,not needed (covering theorem),89.99 269.99 90.01 90.01 269.99 89.99 90.01 90.01,1.0000 3.0007 1.0000 3.0007 1.0000 1.0000 3.0007 1.0000,0 1 0 1 0 0 1 0,0 0 0 0 0 0 0 0,,,YES,2,1,2,89.99,,0.3333,,4,yes,4_2 4_2,p2,2222,L2
25548,8,79,0,1,SSSSSSSS,not tested,78.88 169.98 190.02 32.25 190.02 169.98 78.88 169.98,1.0000 1.0000 1.0000 1.0000 1.0000 1.0000 1.0000 1.0000,0 1 0 1 0 1 0 1,0 0 0 0 0 0 0 0,1,,no (tile),,,,32.25,,1.0000,,4,yes,4_2 4_2,p2,2222,L2
25548,8,79,0,3,SSSSSSSS,not tested,43.10 173.75 186.25 65.33 186.25 65.33 186.25 173.75,1.0000 1.0000 1.0000 1.0000 1.0000 1.0000 1.0000 1.0000,0 1 0 1 0 1 0 1,0 0 0 0 0 0 0 0,1,,no (tile),,,,43.10,,1.0000,,4,yes,4_2 4_2,p2,2222,L2
25548,8,86,1,0,SSSSSSSI,not tested,77.96 102.04 257.96 102.04 102.04 257.96 102.04 77.96,1.0000 0.9411 1.0000 0.9411 1.0000 0.9411 1.0000 3.6576,0 1 0 1 0 1 0 7,0 0 0 1 1 0 1 0,1,,no (tile),,,,77.96,,0.2573,,4,yes,4_2 4_2,p2,2222,L2
25548,8,86,1,6,ISISISSS,not tested,93.73 266.27 93.73 93.73 266.27 93.73 86.27 86.27,1.0000 0.8183 1.0000 0.8183 1.0000 0.8183 3.2130 0.8183,0 1 0 1 0 1 6 1,0 0 0 1 0 1 0 0,"1,6",,no (tile),,,,86.27,,0.2547,,4,yes,4_2 4_2,p2,2222,L2
25548,8,100,0,4,SSSSSSSS,not tested,103.96 256.04 103.96 256.04 103.96 76.04 103.96 76.04,1.0000 1.0000 1.0000 1.0000 1.0000 3.0000 3.0000 1.0000,0 0 0 0 0 5 5 0,0 0 0 0 0 0 0 0,1,,no (tile),,,,76.04,,0.3333,,4,yes,4_2 4_2,p2,2222,L2
25548,8,100,0,6,SSSSSSSS,not tested,100.92 79.08 280.92 79.08 280.92 79.08 100.92 79.08,1.0000 1.0000 1.0000 1.0000 1.0000 1.0000 3.0000 3.0000,0 0 0 0 0 0 6 6,0 0 0 0 0 0 0 0,1,,no (tile),,,,79.08,,0.3333,,4,yes,4_2 4_2,p2,2222,L2
25548,8,104,0,0,SSSSSSSS,not tested,104.69 33.11 326.89 33.11 326.89 33.11 104.69 117.50,1.0000 1.0000 1.0000 1.0000 1.0000 1.0000 1.0000 1.0000,0 1 0 1 0 1 1 0,0 0 0 0 0 0 0 0,1,,no (tile),,,,33.11,,1.0000,,4,yes,4_2 4_2,p2,2222,L2
25548,8,104,0,6,SSSSSSSS,not tested,33.11 326.89 33.11 326.89 33.11 104.69 117.50 104.69,1.0000 1.0000 1.0000 1.0000 1.0000 1.0000 1.0000 1.0000,0 1 0 1 0 0 1 1,0 0 0 0 0 0 0 0,1,,no (tile),,,,33.11,,1.0000,,4,yes,4_2 4_2,p2,2222,L2
25548,8,104,1,5,SSSSSSSS,not tested,38.32 321.68 38.32 321.68 38.32 88.97 143.74 88.97,1.0000 1.0000 1.0000 1.0000 1.0000 1.0362 1.0362 1.0000,0 0 0 0 0 5 5 0,0 1 0 1 0 0 1 1,"1,2,3,5,6",,no (tile),,,,38.32,,0.9651,,4,yes,4_2 4_2,p2,2222,L2
25548,8,104,1,7,SSSSSSSS,not tested,97.64 36.90 323.10 36.90 323.10 36.90 97.64 127.83,1.0000 1.0000 1.0000 1.0000 1.0000 1.0000 1.0570 1.0570,0 0 0 0 0 0 6 6,0 1 0 1 0 1 0 1,"1,2,3,5,6",,no (tile),,,,36.90,,0.9461,,4,yes,4_2 4_2,p2,2222,L2
25550,8,0,1,1,SSSSSSSS,not tested,328.41 -109.47 -109.47 250.53 328.41 31.59 328.41 31.59,1.0000 1.0000 1.0000 1.0000 1.0000 1.0000 1.0000 1.0000,0 0 0 0 0 0 0 0,0 0 0 1 0 1 0 1,"1,2,6",,no (tile),,,,31.59,,1.0000,,4,yes,4_2 4_2,pgg,22x,L2
25550,8,0,1,7,SSSSSSSS,not tested,109.47 109.47 109.47 31.59 328.41 31.59 328.41 31.59,1.0000 1.0000 1.0000 1.0000 1.0000 1.0000 1.0000 1.0000,0 0 0 0 0 0 0 0,0 0 0 1 0 1 0 1,"1,2,6",,no (tile),,,,31.59,,1.0000,,4,yes,4_2 4_2,pgg,22x,L2
25550,8,1,1,5,SSSSSSSS,not tested,84.21 163.59 84.21 163.59 196.41 27.99 196.41 163.59,1.0000 1.0000 1.0000 1.0000 1.0000 1.0000 1.0000 1.0000,0 0 0 0 0 0 0 0,0 1 0 1 0 1 0 1,"1,2,3,5,6",,no (tile),,,,27.99,,1.0000,,4,yes,4_2 4_2,pgg,22x,L2
25550,8,1,1,6,SSSSSSSS,not tested,-81.79 240.00 240.00 -38.21 398.21 240.00 -38.21 120.00,1.0000 1.0000 1.0000 1.0000 1.0000 1.0000 1.0000 1.0000,0 0 0 0 0 0 0 0,0 0 0 1 0 0 1 1,"1,2,6",,no (tile),,,,38.21,,1.0000,,4,yes,4_2 4_2,pgg,22x,L2
25550,8,1,1,7,SSSSSSSS,not tested,68.38 210.60 30.50 291.62 68.38 50.53 309.47 50.53,1.0000 3.9852 2.4793 1.0000 2.4793 2.4793 2.4793 2.4793,0 1 2 0 2 2 2 2,0 0 0 1 0 1 0 1,"1,6",,no (tile),,,,30.50,,0.2509,,4,yes,4_2 4_2,pgg,22x,L2
25550,8,4,0,1,SJUJSJUJ,not tested,75.12 104.88 180.00 0.00 284.88 75.12 180.00 180.00,1.0000 0.2568 0.6596 0.2568 1.0000 0.2568 0.6596 0.2568,0 1 2 1 0 1 2 1,0 0 0 1 1 2 2 3,"1,6",,no (tile),,,,0.00,,0.2568,,4,yes,4_2 4_2,pgg,22x,L2
25550,8,4,0,3,SJSJSJSJ,not tested,117.65 82.99 242.35 22.83 223.47 136.53 117.65 136.53,1.0000 0.4324 1.0000 0.4324 1.0000 0.4324 1.0000 0.4324,0 1 0 1 0 1 0 1,0 0 1 1 0 2 0 2,"2,6",,no (tile),,,,22.83,,0.4324,,4,yes,4_2 4_2,pgg,22x,L2
25550,8,4,1,4,SJUJSJUJ,not tested,-104.88 284.88 180.00 180.00 284.88 75.12 -0.00 180.00,1.0000 0.2568 0.6596 0.2568 1.0000 0.2568 0.6596 0.2568,0 1 2 1 0 1 2 1,0 0 0 1 1 2 2 3,"1,6",,no (tile),,,,0.00,,0.2568,,4,yes,4_2 4_2,pgg,22x,L2
25550,8,6,0,0,SSSSSSSS,not tested,120.00 81.79 240.00 38.21 120.00 321.79 38.21 120.00,1.0000 1.0000 1.0000 1.0000 1.0000 1.0000 1.0000 1.0000,0 0 0 0 0 0 0 0,0 1 1 0 0 1 0 0,"1,2,6",,no (tile),,,,38.21,,1.0000,,4,yes,4_2 4_2,pgg,22x,L2
25550,8,6,0,1,SSSSSSSS,not tested,159.46 87.65 159.46 200.54 25.24 200.54 159.46 87.65,1.0000 1.0000 1.0000 1.0000 1.0000 1.0000 1.0000 1.0000,0 0 0 0 0 0 0 0,0 1 0 1 0 1 0 1,"1,2,3,5,6",,no (tile),,,,25.24,,1.0000,,4,yes,4_2 4_2,pgg,22x,L2
25550,8,6,0,7,SSSSSSSS,not tested,209.84 229.85 -46.90 406.90 -46.90 229.85 130.15 -32.80,1.0000 1.4417 1.4417 1.4417 1.4417 1.0000 1.4417 2.3803,0 1 1 1 1 0 1 7,0 0 1 0 1 1 1 0,"1,6",,no (tile),,,,32.80,,0.4201,,4,yes,4_2 4_2,pgg,22x,L2
25550,8,8,0,0,SSSSSSSS,not tested,109.47 109.47 31.59 328.41 31.59 328.41 31.59 109.47,1.0000 1.0000 1.0000 1.0000 1.0000 1.0000 1.0000 1.0000,0 0 0 0 0 0 0 0,0 1 0 1 0 1 0 0,"1,2,6",,no (tile),,,,31.59,,1.0000,,4,yes,4_2 4_2,pgg,22x,L2
25550,8,8,0,6,SSSSSSSS,not tested,109.47 31.59 328.41 31.59 328.41 31.59 109.47 109.47,1.0000 1.0000 1.0000 1.0000 1.0000 1.0000 1.0000 1.0000,0 0 0 0 0 0 0 0,0 1 0 1 0 1 0 0,"1,2,6",,no (tile),,,,31.59,,1.0000,,4,yes,4_2 4_2,pgg,22x,L2
25550,8,13,1,2,SSSSSSSS,not tested,120.00 321.79 38.21 120.00 120.00 81.79 240.00 38.21,1.0000 1.0000 1.0000 1.0000 1.0000 1.0000 1.0000 1.0000,0 0 0 0 0 0 0 0,0 1 0 0 0 1 1 0,"1,2,6",,no (tile),,,,38.21,,1.0000,,4,yes,4_2 4_2,pgg,22x,L2
25550,8,13,1,3,SSSSSSSS,not tested,22.26 205.05 154.95 91.40 154.95 91.40 154.95 205.05,1.0000 1.0000 1.0000 1.0000 1.0000 1.0000 1.0000 1.0000,0 0 0 0 0 0 0 0,0 1 0 1 0 1 0 1,"1,2,3,5,6",,no (tile),,,,22.26,,1.0000,,4,yes,4_2 4_2,pgg,22x,L2
25550,8,15,0,1,JSJSJSJS,not tested,145.40 99.40 260.60 13.54 214.60 101.66 145.40 99.40,1.0000 1.0669 1.0000 1.0669 1.0000 1.0669 1.0000 1.0669,0 1 0 1 0 1 0 1,0 0 3 1 2 0 0 0,"2,6",,no (tile),,,,13.54,,0.9373,,4,yes,4_2 4_2,pgg,22x,L2
25550,8,15,0,3,JSJUJSJU,not tested,180.00 47.79 312.21 0.00 180.00 132.21 47.79 180.00,1.0000 1.4885 1.0000 1.5698 1.0000 1.4885 1.0000 1.5698,0 1 0 3 0 1 0 3,0 0 3 0 2 1 1 2,"1,6",,no (tile),,,,0.00,,0.6370,,4,yes,4_2 4_2,pgg,22x,L2
25550,8,15,1,4,JSJUJSJU,not tested,-0.00 324.12 35.88 180.00 180.00 35.88 144.12 180.00,1.0000 1.2341 1.0000 1.6274 1.0000 1.2341 1.0000 1.6274,0 1 0 3 0 1 0 3,0 0 3 0 2 1 1 2,"1,6",,no (tile),,,,0.00,,0.6145,,4,yes,4_2 4_2,pgg,22x,L2
25550,8,15,1,6,JSJSJSJS,not tested,42.48 327.40 32.60 212.17 32.60 212.17 72.75 147.83,1.0000 0.9628 1.0000 0.9628 1.0000 0.9628 1.0000 0.9628,0 1 0 1 0 1 0 1,0 0 3 0 3 0 1 1,"2,6",,no (tile),,,,32.60,,0.9628,,4,yes,4_2 4_2,pgg,22x,L2
25550,8,16,0,5,SSSSSSSS,not tested,87.03 160.21 199.79 25.74 199.79 160.21 87.03 160.21,1.0000 1.0000 1.0000 1.0000 1.0000 1.0000 1.0000 1.0000,0 0 0 0 0 0 0 0,0 1 0 1 0 1 0 1,"1,2,3,5,6",,no (tile),,,,25.74,,1.0000,,4,yes,4_2 4_2,pgg,22x,L2
25550,8,16,0,6,SSSSSSSS,not tested,120.00 38.21 321.79 120.00 38.21 240.00 81.79 120.00,1.0000 1.0000 1.0000 1.0000 1.0000 1.0000 1.0000 1.0000,0 0 0 0 0 0 0 0,0 1 0 0 1 1 0 0,"1,2,6",,no (tile),,,,38.21,,1.0000,,4,yes,4_2 4_2,pgg,22x,L2
25550,8,16,0,7,SSSSSSSS,not tested,13.88 216.13 143.87 44.84 315.16 44.84 143.87 157.41,1.0000 2.5905 1.0000 1.0000 1.0000 1.0000 2.5905 1.1470,0 1 0 0 0 0 1 7,0 0 0 1 0 1 1 0,"1,6",,no (tile),,,,13.88,,0.3860,,4,yes,4_2 4_2,pgg,22x,L2
25551,8,34,0,3,SSSSSSSS,not tested,95.86 264.14 275.86 84.14 95.86 84.14 95.86 84.14,1.0000 0.2675 1.0000 0.2675 1.0000 0.8025 1.0000 0.2675,0 1 0 1 0 5 0 1,0 0 0 0 0 0 0 0,(not a tile),,"n/a (not a tile: all 2301 sampled members of the family, on every solution branch reached, fail exactly -- e.g. the midpoint of S edge 5 and the midpoint of S edge 1 are at the same point (John's fixed-point / no-mirror rules, 2026-09-13) [curve_sides])",,,,84.14,,0.2675,,,,4_3 4_3,p2,2222,L2
25551,8,34,0,4,SSSSSJJS,not needed (covering theorem),90.00 270.00 90.00 270.00 90.00 90.00 90.00 90.00,1.0000 1.0000 1.0000 1.0000 1.0000 3.0000 3.0000 1.0000,0 0 0 0 0 5 5 0,0 0 0 0 0 0 3 0,,,YES,2,1,2,90.00,,0.3333,,4,yes,4_3 4_3,p2,2222,L2
25551,8,34,0,6,SSSSSSJJ,not needed (covering theorem),90.00 90.00 270.00 90.00 270.00 90.00 90.00 90.00,1.0000 1.0000 1.0000 1.0000 1.0000 1.0000 3.0000 3.0000,0 0 0 0 0 0 6 6,0 0 0 0 0 0 0 3,,,YES,2,1,2,90.00,,0.3333,,4,yes,4_3 4_3,p2,2222,L2
25551,8,34,0,7,SSSSSSSS,not tested,96.04 83.96 96.04 263.96 276.04 83.96 96.04 83.96,1.0000 0.2675 1.0000 0.2675 1.0000 0.2675 1.0000 0.8025,0 1 0 1 0 1 0 7,0 0 0 0 0 0 0 0,(not a tile),,"n/a (not a tile: all 2301 sampled members of the family, on every solution branch reached, fail exactly -- e.g. the midpoint of S edge 7 and the midpoint of S edge 3 are at the same point (John's fixed-point / no-mirror rules, 2026-09-13) [curve_sides])",,,,83.96,,0.2675,,,,4_3 4_3,p2,2222,L2
25552,8,0,1,1,SSSSSSSS,not tested,389.64 115.07 -259.77 115.07 389.64 -29.64 389.64 -29.64,1.0000 1.0000 1.0000 1.0000 1.0000 1.0000 1.0000 1.0000,0 0 0 0 0 0 0 0,0 0 1 1 0 1 0 1,"1,2,3,5,6",,no (tile),,,,29.64,,1.0000,,4,yes,4_3 4_3,pgg,22x,hand
25552,8,0,1,7,SSSSSSSS,not tested,106.14 115.05 106.14 32.66 327.34 32.66 327.34 32.66,1.0000 1.0000 1.0000 1.0000 1.0000 1.0000 1.0000 1.0000,0 0 0 0 0 0 0 0,0 1 1 0 1 0 1 0,"1,2,3,5,6",,no (tile),,,,32.66,,1.0000,,4,yes,4_3 4_3,pgg,22x,hand
25552,8,2,1,3,SSUSSSSU,not tested,80.69 49.66 180.00 180.00 49.66 49.66 310.34 180.00,1.0000 1.0000 0.2947 1.0000 1.0000 1.0000 1.0000 0.2947,0 0 2 0 0 0 0 2,0 0 0 1 1 1 1 2,"2,6",,no (tile),,,,49.66,,0.2947,,4,yes,4_3 4_3,pgg,22x,hand
25552,8,2,1,5,SSSSUSSU,not tested,180.00 52.59 52.59 307.41 180.00 74.82 52.59 180.00,1.0000 1.0000 1.0000 1.0000 0.2150 1.0000 1.0000 0.2150,0 0 0 0 4 0 0 4,0 0 0 0 0 1 1 2,"2,6",,no (tile),,,,52.59,,0.2150,,4,yes,4_3 4_3,pgg,22x,hand
25552,8,4,0,0,SUUUUUUS,not tested,104.10 75.90 104.10 255.90 104.10 255.90 104.10 75.90,1.0000 0.3333 0.3333 0.3333 0.3333 0.3333 0.3333 1.0000,0 1 1 1 1 1 1 0,0 0 2 0 2 0 2 0,"2,6",,no (tile),,,,75.90,,0.3333,,4,yes,4_3 4_3,pgg,22x,hand
25552,8,4,0,2,SSUUUUUU,not tested,76.58 103.42 76.58 103.42 256.58 103.42 256.58 103.42,1.0000 1.0000 0.3333 0.3333 0.3333 0.3333 0.3333 0.3333,0 0 2 2 2 2 2 2,0 0 0 2 0 2 0 2,"2,6",,no (tile),,,,76.58,,0.3333,,4,yes,4_3 4_3,pgg,22x,hand
25552,8,14,1,1,SSSSSSSS,not tested,135.19 94.45 35.90 324.10 35.90 324.10 35.90 94.45,1.0000 1.0000 1.0000 1.0000 1.0000 1.0000 1.0000 1.0000,0 0 0 0 0 0 0 0,0 0 1 0 1 0 1 1,"1,2,3,5,6",,no (tile),,,,35.90,,1.0000,,4,yes,4_3 4_3,pgg,22x,hand
25552,8,14,1,7,SSSSSSSS,not tested,103.54 33.46 326.54 33.46 326.54 33.46 103.54 119.45,1.0000 1.0000 1.0000 1.0000 1.0000 1.0000 1.0000 1.0000,0 0 0 0 0 0 0 0,0 1 0 1 0 1 1 0,"1,2,3,5,6",,no (tile),,,,33.46,,1.0000,,4,yes,4_3 4_3,pgg,22x,hand
25552,8,16,1,3,JJJJJJJJ,not tested,38.94 180.00 180.00 70.53 180.00 70.53 180.00 180.00,1.0000 1.0000 1.0000 1.0000 1.0000 1.0000 1.0000 1.0000,0 0 0 0 0 0 0 0,0 3 0 1 2 2 1 2,"2,6",,no (tile),,,,38.94,,1.0000,,4,yes,4_3 4_3,pgg,22x,hand
25552,8,16,1,5,JJJJJJJJ,not tested,-70.53 180.00 289.47 180.00 180.00 -38.94 180.00 180.00,1.0000 1.0000 1.0000 1.0000 1.0000 1.0000 1.0000 1.0000,0 0 0 0 0 0 0 0,0 3 3 0 3 1 2 1,"2,6",,no (tile),,,,38.94,,1.0000,,4,yes,4_3 4_3,pgg,22x,hand
25552,8,23,1,3,JJJJJJJJ,not tested,-70.53 180.00 289.47 180.00 180.00 -38.94 180.00 180.00,1.0000 1.0000 1.0000 1.0000 1.0000 1.0000 1.0000 1.0000,0 0 0 0 0 0 0 0,0 3 2 1 2 0 3 0,"2,6",,no (tile),,,,38.94,,1.0000,,4,yes,4_3 4_3,pgg,22x,hand
25552,8,23,1,5,JJJJJJJJ,not tested,180.00 180.00 38.94 180.00 180.00 70.53 180.00 70.53,1.0000 1.0000 1.0000 1.0000 1.0000 1.0000 1.0000 1.0000,0 0 0 0 0 0 0 0,0 3 1 2 1 1 2 3,"2,6",,no (tile),,,,38.94,,1.0000,,4,yes,4_3 4_3,pgg,22x,hand
25552,8,27,0,0,USUSSUSU,not tested,105.82 89.22 270.78 59.14 105.82 89.22 300.86 59.14,1.0000 1.0355 1.0000 1.0355 1.0355 1.0000 1.0355 1.0000,0 1 0 1 1 0 1 0,0 0 2 1 1 0 0 2,"1,3,5",,no (tile),,,,59.14,,0.9657,,4,yes,4_3 4_3,pgg,22x,hand
25552,8,27,0,6,USUUSUSS,not tested,94.99 224.84 135.16 64.92 94.99 265.01 135.16 64.92,1.0000 1.0648 1.0000 1.0000 1.0648 1.0000 1.0648 1.0648,0 1 0 0 1 0 1 1,0 0 2 0 0 2 1 1,"1,3,5",,no (tile),,,,64.92,,0.9392,,4,yes,4_3 4_3,pgg,22x,hand
25552,8,34,0,4,SSSSSUUS,not tested,103.96 256.04 103.96 256.04 103.96 76.04 103.96 76.04,1.0000 1.0000 1.0000 1.0000 1.0000 3.0000 3.0000 1.0000,0 0 0 0 0 5 5 0,0 0 0 0 0 0 2 0,"2,6",,no (tile),,,,76.04,,0.3333,,4,yes,4_3 4_3,pgg,22x,hand
25552,8,34,0,6,SSSSSSUU,not tested,100.92 79.08 280.92 79.08 280.92 79.08 100.92 79.08,1.0000 1.0000 1.0000 1.0000 1.0000 1.0000 3.0000 3.0000,0 0 0 0 0 0 6 6,0 0 0 0 0 0 0 2,"2,6",,no (tile),,,,79.08,,0.3333,,4,yes,4_3 4_3,pgg,22x,hand
25576,8,8,0,3,SSSSSSSS,not tested,120.00 240.00 120.00 60.00 60.00 120.00 240.00 120.00,1.0000 1.0000 1.0000 5.0000 1.0000 1.0000 1.0000 1.0000,0 0 0 3 0 0 0 0,0 0 0 0 0 0 0 0,1,,no (tile),,,,60.00,,0.2000,,3 4 6,yes,4_2 4_2,p3,333,L2
25576,8,8,0,5,SSSSSSSS,not tested,120.00 120.00 240.00 120.00 60.00 60.00 120.00 240.00,1.0000 1.0000 1.0000 1.0000 5.0000 1.0000 1.0000 1.0000,0 0 0 0 4 0 0 0,0 0 0 0 0 0 0 0,1,,no (tile),,,,60.00,,0.2000,,3 4 6,yes,4_2 4_2,p3,333,L2
25577,8,8,0,3,SSSSSSSS,not tested,90.00 270.00 90.00 90.00 90.00 90.00 270.00 90.00,1.0000 1.0000 1.0000 3.0000 1.0000 1.0000 1.0000 1.0000,0 0 0 3 0 0 0 0,0 0 0 0 0 0 0 0,1,,no (tile),,,,90.00,,0.3333,,4,yes,4_2 4_2,p4,442,L2
25577,8,8,0,5,SSSSSSSS,not tested,90.00 90.00 270.00 90.00 90.00 90.00 90.00 270.00,1.0000 1.0000 1.0000 1.0000 3.0000 1.0000 1.0000 1.0000,0 0 0 0 4 0 0 0,0 0 0 0 0 0 0 0,1,,no (tile),,,,90.00,,0.3333,,4,yes,4_2 4_2,p4,442,L2
25578,8,8,0,3,SSSSSSSS,not needed (covering theorem),60.00 240.00 60.00 -220.89 400.89 120.00 300.00 120.00,1.0000 1.0000 1.0000 2.6458 1.0000 1.0000 1.0000 1.0000,0 0 0 3 0 0 0 0,0 0 0 0 0 0 0 0,,,YES,2,8,2,40.89,,0.3780,,3 4 6,yes,4_2 4_2,p6,632,hand
25578,8,8,0,5,SSSSSSSS,not needed (covering theorem),60.00 120.00 300.00 120.00 40.89 139.11 60.00 240.00,1.0000 1.0000 1.0000 1.0000 2.6458 1.0000 1.0000 1.0000,0 0 0 0 4 0 0 0,0 0 0 0 0 0 0 0,,,YES,2,8,2,40.89,,0.3780,,3 4 6,yes,4_2 4_2,p6,632,hand
25587,8,0,0,3,SSSSSSSS,not tested,90.00 180.00 180.00 90.00 90.00 180.00 180.00 90.00,1.0000 1.0000 1.0000 1.0000 1.0000 1.0000 1.0000 1.0000,0 0 0 0 0 0 0 0,0 0 0 0 0 0 0 0,"1,4",,no (tile),,,,90.00,,1.0000,,3 4,yes,4_4 6_2,p4,442,L3
25587,8,0,0,7,SSSSSSSS,not tested,90.00 180.00 180.00 90.00 90.00 180.00 180.00 90.00,1.0000 1.0000 1.0000 1.0000 1.0000 1.0000 1.0000 1.0000,0 0 0 0 0 0 0 0,0 0 0 0 0 0 0 0,"1,4",,no (tile),,,,90.00,,1.0000,,3 4,yes,4_4 6_2,p4,442,L3
25587,8,0,1,0,IIIIIIII,not tested,90.00 180.00 180.00 90.00 90.00 180.00 180.00 90.00,1.0000 1.0000 1.0000 1.0000 1.0000 1.0000 1.0000 1.0000,0 0 0 0 0 0 0 0,0 0 0 0 0 0 0 0,"1,2,3,4,5,6",,no (tile),,,,90.00,,1.0000,,3 4,yes,4_4 6_2,p4,442,L3
25587,8,0,1,4,IIIIIIII,not tested,90.00 180.00 180.00 90.00 90.00 180.00 180.00 90.00,1.0000 1.0000 1.0000 1.0000 1.0000 1.0000 1.0000 1.0000,0 0 0 0 0 0 0 0,0 0 0 0 0 0 0 0,"1,2,3,4,5,6",,no (tile),,,,90.00,,1.0000,,3 4,yes,4_4 6_2,p4,442,L3
25587,8,2,0,1,SSSSSSSS,not tested,90.00 90.00 180.00 180.00 90.00 90.00 180.00 180.00,1.0000 1.0000 1.0000 1.0000 1.0000 1.0000 1.0000 1.0000,0 0 0 0 0 0 0 0,0 0 0 0 0 0 0 0,"1,4",,no (tile),,,,90.00,,1.0000,,3 4,yes,4_4 6_2,p4,442,L3
25587,8,2,0,5,SSSSSSSS,not tested,90.00 90.00 180.00 180.00 90.00 90.00 180.00 180.00,1.0000 1.0000 1.0000 1.0000 1.0000 1.0000 1.0000 1.0000,0 0 0 0 0 0 0 0,0 0 0 0 0 0 0 0,"1,4",,no (tile),,,,90.00,,1.0000,,3 4,yes,4_4 6_2,p4,442,L3
25587,8,2,1,0,IIIIIIII,not tested,90.00 90.00 180.00 180.00 90.00 90.00 180.00 180.00,1.0000 1.0000 1.0000 1.0000 1.0000 1.0000 1.0000 1.0000,0 0 0 0 0 0 0 0,0 0 0 0 0 0 0 0,"1,2,3,4,5,6",,no (tile),,,,90.00,,1.0000,,3 4,yes,4_4 6_2,p4,442,L3
25587,8,2,1,4,IIIIIIII,not tested,90.00 90.00 180.00 180.00 90.00 90.00 180.00 180.00,1.0000 1.0000 1.0000 1.0000 1.0000 1.0000 1.0000 1.0000,0 0 0 0 0 0 0 0,0 0 0 0 0 0 0 0,"1,2,3,4,5,6",,no (tile),,,,90.00,,1.0000,,3 4,yes,4_4 6_2,p4,442,L3
25588,8,0,0,3,SSSSSSSS,not tested,60.00 180.00 180.00 120.00 60.00 180.00 180.00 120.00,1.0000 1.0000 1.0000 1.0000 1.0000 1.0000 1.0000 1.0000,0 0 0 0 0 0 0 0,0 0 0 0 0 0 0 0,"1,4",,no (tile),,,,60.00,,1.0000,,3 6,yes,4_4 6_2,p6,632,L3
25588,8,0,0,7,SSSSSSSS,not tested,60.00 180.00 180.00 120.00 60.00 180.00 180.00 120.00,1.0000 1.0000 1.0000 1.0000 1.0000 1.0000 1.0000 1.0000,0 0 0 0 0 0 0 0,0 0 0 0 0 0 0 0,"1,4",,no (tile),,,,60.00,,1.0000,,3 6,yes,4_4 6_2,p6,632,L3
25588,8,2,0,1,SSSSSSSS,not tested,60.00 120.00 180.00 180.00 60.00 120.00 180.00 180.00,1.0000 1.0000 1.0000 1.0000 1.0000 1.0000 1.0000 1.0000,0 0 0 0 0 0 0 0,0 0 0 0 0 0 0 0,"1,4",,no (tile),,,,60.00,,1.0000,,3 6,yes,4_4 6_2,p6,632,L3
25588,8,2,0,5,SSSSSSSS,not tested,60.00 120.00 180.00 180.00 60.00 120.00 180.00 180.00,1.0000 1.0000 1.0000 1.0000 1.0000 1.0000 1.0000 1.0000,0 0 0 0 0 0 0 0,0 0 0 0 0 0 0 0,"1,4",,no (tile),,,,60.00,,1.0000,,3 6,yes,4_4 6_2,p6,632,L3
25590,8,2,0,3,SIUSIUIS,not tested,110.23 124.89 240.00 4.89 235.11 120.00 120.00 124.89,1.0000 0.8488 0.4591 1.0000 0.8488 0.4591 0.8488 1.0000,0 1 2 0 1 2 1 0,0 0 0 1 0 2 0 1,"1,2,6",,no (tile),,,,4.89,,0.4591,,3 5,yes,3_1 5_1,pg,1xx,L2
25590,8,2,1,5,UUUUUUUU,not tested,120.00 120.00 240.00 0.00 240.00 120.00 120.00 120.00,1.0000 1.0000 0.8745 1.0000 1.0000 0.8745 1.0000 1.0000,0 0 2 0 0 2 0 0,0 2 0 2 0 2 0 2,"3,4,5",,no (tile),,,,0.00,,0.8745,,3 5,yes,3_1 5_1,pg,1xx,L2
25593,8,0,1,1,JJJJJJJJ,not tested,389.64 115.07 -259.77 115.07 389.64 -29.64 389.64 -29.64,1.0000 1.0000 1.0000 1.0000 1.0000 1.0000 1.0000 1.0000,0 0 0 0 0 0 0 0,0 2 0 2 0 2 0 2,"3,5",,no (tile),,,,29.64,,1.0000,,4,yes,4_2 4_2,pg,1xx,hand
25593,8,0,1,7,JJJJJJJJ,not tested,108.89 111.68 108.89 30.53 329.47 30.53 329.47 30.53,1.0000 1.0000 1.0477 1.0477 1.0477 1.0477 1.0477 1.0477,0 0 2 2 2 2 2 2,0 2 0 2 0 2 0 2,"3,5",,no (tile),,,,30.53,,0.9544,,4,yes,4_2 4_2,pg,1xx,hand
25593,8,2,0,0,JJJJJJJJ,not needed (covering theorem),-45.00 585.00 -135.00 585.00 -135.00 -45.00 495.00 -225.00,1.0000 1.0000 1.0000 1.0000 1.0000 1.0000 1.0000 1.0000,0 0 0 0 0 0 0 0,0 2 0 2 0 3 1 3,,,YES,2,3,2,45.00,,1.0000,,4,yes,4_2 4_2,pg,1xx,hand
25593,8,2,0,2,JJJJJJJJ,not needed (covering theorem),-495.00 945.00 -45.00 -585.00 855.00 -45.00 -495.00 945.00,1.0000 1.0000 1.0000 1.0000 1.0000 1.0000 1.0000 1.0000,0 0 0 0 0 0 0 0,0 2 1 3 1 2 0 2,,,YES,2,3,2,45.00,,1.0000,,4,yes,4_2 4_2,pg,1xx,hand
25593,8,2,1,4,IIIIIIII,not tested,118.48 118.48 61.52 298.48 61.52 61.52 298.48 61.52,1.0000 1.0000 0.9690 1.0000 0.9690 1.0000 0.9690 1.0000,0 0 2 0 2 0 2 0,0 0 0 0 0 0 0 0,"1,2,6",,no (tile),,,,61.52,,0.9690,,4,yes,4_2 4_2,pg,1xx,hand
25593,8,2,1,6,IIIIIIII,not tested,267.17 -87.17 -87.17 267.17 92.83 267.17 267.17 92.83,1.0000 1.0000 1.0000 0.2675 1.0000 0.2675 1.0000 0.2675,0 0 0 3 0 3 0 3,0 0 0 0 0 0 0 0,"1,2,6",,no (tile),,,,87.17,,0.2675,,4,yes,4_2 4_2,pg,1xx,hand
25593,8,4,1,1,JJJJJJJJ,not tested,135.19 94.45 35.90 324.10 35.90 324.10 35.90 94.45,1.0000 1.0000 1.0000 1.0000 1.0000 1.0000 1.0000 1.0000,0 0 0 0 0 0 0 0,0 2 0 2 0 2 0 2,"3,5",,no (tile),,,,35.90,,1.0000,,4,yes,4_2 4_2,pg,1xx,hand
25593,8,4,1,3,JJJJJJJJ,not tested,108.89 111.68 108.89 30.53 329.47 30.53 329.47 30.53,1.0000 1.0000 1.0477 1.0477 1.0477 1.0477 1.0477 1.0477,0 0 2 2 2 2 2 2,0 2 0 2 0 2 0 2,"3,5",,no (tile),,,,30.53,,0.9544,,4,yes,4_2 4_2,pg,1xx,hand
25593,8,5,0,0,JJJJJJJJ,not needed (covering theorem),-1035.00 -90.00 1215.00 450.00 1215.00 -270.00 -855.00 450.00,1.0000 1.0000 1.0000 1.0000 1.0000 1.0000 1.0000 1.0000,0 0 0 0 0 0 0 0,0 1 2 3 0 1 2 3,,,YES,2,3,2,45.00,,1.0000,,4,yes,4_2 4_2,pg,1xx,hand
25593,8,5,0,1,JJJJJJJJ,not tested,49.35 130.65 143.05 229.35 36.95 143.05 130.65 216.95,1.0000 0.2675 1.0000 0.2675 1.0000 0.2675 1.0000 0.2675,0 1 0 1 0 1 0 1,0 0 2 2 3 1 1 3,"3,4,5",,no (tile),,,,36.95,,0.2675,,4,yes,4_2 4_2,pg,1xx,hand
25593,8,5,0,2,JJJJJJJJ,not needed (covering theorem),-1350.00 -2025.00 1530.00 2385.00 -1350.00 2205.00 1710.00 -2025.00,1.0000 1.0000 1.0000 1.0000 1.0000 1.0000 1.0000 1.0000,0 0 0 0 0 0 0 0,0 3 2 1 0 3 2 1,,,YES,2,3,2,45.00,,1.0000,,4,yes,4_2 4_2,pg,1xx,hand
25593,8,5,1,1,JJJJJJJJ,not needed (covering theorem),-52.00 199.77 286.11 160.23 -73.89 199.77 -52.00 412.00,1.0000 1.0000 1.0000 1.0000 1.0000 1.0000 1.0000 1.0000,0 0 0 0 0 0 0 0,0 2 2 0 0 2 0 2,,,YES,2,3,2,52.00,,1.0000,,4,yes,4_2 4_2,pg,1xx,hand
25593,8,5,1,5,JJJJJJJJ,not tested,71.78 172.52 71.78 187.48 172.52 43.92 172.52 187.48,1.0000 1.0000 1.0000 1.0000 1.0000 1.0000 1.0000 1.0000,0 0 0 0 0 0 0 0,0 2 2 0 2 0 2 0,"3,5",,no (tile),,,,43.92,,1.0000,,4,yes,4_2 4_2,pg,1xx,hand
25593,8,7,0,2,JJJJJJJJ,not needed (covering theorem),1350.00 495.00 -1170.00 -135.00 1350.00 -135.00 -990.00 315.00,1.0000 1.0000 1.0000 1.0000 1.0000 1.0000 1.0000 1.0000,0 0 0 0 0 0 0 0,0 3 2 1 0 3 2 1,,,YES,2,3,2,45.00,,1.0000,,4,yes,4_2 4_2,pg,1xx,hand
25593,8,7,0,3,JJJJJJJJ,not tested,96.03 227.11 83.97 132.89 47.11 276.03 132.89 83.97,1.0000 1.3888 1.0000 1.3888 1.0000 1.3888 1.0000 1.3888,0 1 0 1 0 1 0 1,0 0 2 2 1 3 3 1,"3,4,5",,no (tile),,,,47.11,,0.7201,,4,yes,4_2 4_2,pg,1xx,hand
25593,8,7,0,4,JJJJJJJJ,not needed (covering theorem),135.00 90.00 135.00 270.00 45.00 90.00 225.00 90.00,1.0000 1.0000 1.0000 1.0000 1.0000 1.0000 1.0000 1.0000,0 0 0 0 0 0 0 0,0 1 2 3 0 1 2 3,,,YES,2,3,2,45.00,,1.0000,,4,yes,4_2 4_2,pg,1xx,hand
25593,8,7,1,3,JJJJJJJJ,not needed (covering theorem),-646.12 -520.26 73.88 880.26 51.98 308.02 51.98 880.26,1.0000 1.0000 1.0000 1.0000 1.0000 1.0000 1.0000 1.0000,0 0 0 0 0 0 0 0,0 2 2 0 2 0 2 0,,,YES,2,3,2,51.98,,1.0000,,4,yes,4_2 4_2,pg,1xx,hand
25593,8,7,1,7,JJJJJJJJ,not tested,160.80 199.20 73.79 160.80 73.79 199.20 160.80 51.62,1.0000 1.0000 1.0000 1.0000 1.0000 1.0000 1.0000 1.0000,0 0 0 0 0 0 0 0,0 2 2 0 0 2 0 2,"3,5",,no (tile),,,,51.62,,1.0000,,4,yes,4_2 4_2,pg,1xx,hand
25593,8,8,0,2,JJJJJJJJ,not needed (covering theorem),-135.00 -135.00 -135.00 1035.00 495.00 495.00 -405.00 -135.00,1.0000 1.0000 1.0000 1.0000 1.0000 1.0000 1.0000 1.0000,0 0 0 0 0 0 0 0,0 3 0 2 1 2 0 3,,,YES,2,3,2,45.00,,1.0000,,4,yes,4_2 4_2,pg,1xx,hand
25593,8,8,0,4,JJJJJJJJ,not needed (covering theorem),45.00 225.00 225.00 45.00 135.00 135.00 135.00 135.00,1.0000 1.0000 1.0000 1.0000 1.0000 1.0000 1.0000 1.0000,0 0 0 0 0 0 0 0,0 3 0 2 1 2 1 2,,,YES,2,3,2,45.00,,1.0000,,4,yes,4_2 4_2,pg,1xx,hand
25593,8,8,1,2,IIIIIIII,not tested,132.95 132.95 132.95 47.05 227.05 227.05 47.05 132.95,1.0000 1.3939 1.0000 1.0000 1.3939 1.0000 1.0000 1.3939,0 1 0 0 1 0 0 1,0 0 0 0 0 0 0 0,"2,6",,no (tile),,,,47.05,,0.7174,,4,yes,4_2 4_2,pg,1xx,hand
25593,8,8,1,4,IIIIIIII,not tested,47.06 227.06 227.06 47.06 132.94 132.94 132.94 132.94,1.0000 1.3956 1.0000 1.0000 1.3956 1.0000 1.3956 1.0000,0 1 0 0 1 0 1 0,0 0 0 0 0 0 0 0,"2,6",,no (tile),,,,47.06,,0.7166,,4,yes,4_2 4_2,pg,1xx,hand
25595,8,8,0,2,SSSSSSIS,not tested,128.57 128.57 128.57 45.43 231.43 231.43 28.71 157.28,1.0000 1.0000 1.0000 1.0000 1.0000 1.0000 0.7695 1.0000,0 0 0 0 0 0 6 0,0 0 0 1 1 1 0 0,"2,6",,no (tile),,,,28.71,,0.7695,,3 5,yes,4_2 4_2,pg,1xx,L2
25595,8,8,0,6,UUUUUUUU,not tested,128.57 128.57 128.57 51.43 231.43 231.43 25.71 154.29,1.0000 1.0000 1.0000 1.0000 1.0000 1.0000 1.0000 1.0000,0 0 0 0 0 0 0 0,0 0 0 2 2 2 2 0,"3,4,5,6",,no (tile),,,,25.71,,1.0000,,3 5,yes,4_2 4_2,pg,1xx,L2
25595,8,8,1,0,SSSSSSSI,not tested,22.27 231.43 231.43 58.32 128.57 128.57 128.57 150.84,1.0000 1.0000 1.0000 1.0000 1.0000 1.0000 1.0000 1.2617,0 0 0 0 0 0 0 7,0 0 0 1 1 1 1 0,"2,6",,no (tile),,,,22.27,,0.7926,,3 5,yes,4_2 4_2,pg,1xx,L2
25595,8,8,1,4,UUUUUUUU,not tested,25.71 231.43 231.43 51.43 128.57 128.57 128.57 154.29,1.0000 1.0000 1.0000 1.0000 1.0000 1.0000 1.0000 1.0000,0 0 0 0 0 0 0 0,0 0 0 2 2 2 2 0,"3,4,5,6",,no (tile),,,,25.71,,1.0000,,3 5,yes,4_2 4_2,pg,1xx,L2
25624,8,0,0,2,IIIIIIII,not tested,90.00 90.00 180.00 180.00 90.00 90.00 180.00 180.00,1.0000 1.0000 1.0000 1.0000 1.0000 1.0000 1.0000 1.0000,0 0 0 0 0 0 0 0,0 0 0 0 0 0 0 0,"1,2,3,4,5,6",,no (tile),,,,90.00,,1.0000,,3 4,yes,4_4 6_2,pgg,22x,L3
25624,8,0,0,6,IIIIIIII,not tested,90.00 90.00 180.00 180.00 90.00 90.00 180.00 180.00,1.0000 1.0000 1.0000 1.0000 1.0000 1.0000 1.0000 1.0000,0 0 0 0 0 0 0 0,0 0 0 0 0 0 0 0,"1,2,3,4,5,6",,no (tile),,,,90.00,,1.0000,,3 4,yes,4_4 6_2,pgg,22x,L3
25624,8,0,1,3,SSSSSSSS,not tested,90.00 90.00 180.00 180.00 90.00 90.00 180.00 180.00,1.0000 1.0000 1.0000 1.0000 1.0000 1.0000 1.0000 1.0000,0 0 0 0 0 0 0 0,0 1 1 1 0 1 1 1,"1,2,3,4,5,6",,no (tile),,,,90.00,,1.0000,,3 4,yes,4_4 6_2,pgg,22x,L3
25624,8,0,1,7,SSSSSSSS,not tested,90.00 90.00 180.00 180.00 90.00 90.00 180.00 180.00,1.0000 1.0000 1.0000 1.0000 1.0000 1.0000 1.0000 1.0000,0 0 0 0 0 0 0 0,0 1 1 1 0 1 1 1,"1,2,3,4,5,6",,no (tile),,,,90.00,,1.0000,,3 4,yes,4_4 6_2,pgg,22x,L3
25624,8,2,0,0,SSSSSSSS,not tested,90.00 180.00 180.00 90.00 90.00 180.00 180.00 90.00,1.0000 1.0000 1.0000 1.0000 1.0000 1.0000 1.0000 1.0000,0 0 0 0 0 0 0 0,0 0 0 1 0 0 0 1,"1,2,3,4,5,6",,no (tile),,,,90.00,,1.0000,,3 4,yes,4_4 6_2,pgg,22x,L3
25624,8,2,0,4,SSSSSSSS,not tested,90.00 180.00 180.00 90.00 90.00 180.00 180.00 90.00,1.0000 1.0000 1.0000 1.0000 1.0000 1.0000 1.0000 1.0000,0 0 0 0 0 0 0 0,0 0 0 1 0 0 0 1,"1,2,3,4,5,6",,no (tile),,,,90.00,,1.0000,,3 4,yes,4_4 6_2,pgg,22x,L3
25624,8,2,1,3,IIIIIIII,not tested,90.00 180.00 180.00 90.00 90.00 180.00 180.00 90.00,1.0000 1.0000 1.0000 1.0000 1.0000 1.0000 1.0000 1.0000,0 0 0 0 0 0 0 0,0 0 0 0 0 0 0 0,"1,2,3,4,5,6",,no (tile),,,,90.00,,1.0000,,3 4,yes,4_4 6_2,pgg,22x,L3
25624,8,2,1,7,IIIIIIII,not tested,90.00 180.00 180.00 90.00 90.00 180.00 180.00 90.00,1.0000 1.0000 1.0000 1.0000 1.0000 1.0000 1.0000 1.0000,0 0 0 0 0 0 0 0,0 0 0 0 0 0 0 0,"1,2,3,4,5,6",,no (tile),,,,90.00,,1.0000,,3 4,yes,4_4 6_2,pgg,22x,L3
25635,8,4,0,1,JJUUUUUU,not needed (covering theorem),90.00 90.00 90.00 90.00 270.00 90.00 270.00 90.00,1.0000 1.0000 0.3333 0.3333 0.3333 0.3333 0.3333 0.3333,0 0 2 2 2 2 2 2,0 3 0 2 0 2 0 2,,,YES,2,"2,6",2,90.00,,0.3333,,4,yes,4_4 4_4,pgg,22x,hand
25635,8,4,0,7,JUUUUUUJ,not needed (covering theorem),90.00 90.00 90.00 270.00 90.00 270.00 90.00 90.00,1.0000 0.3333 0.3333 0.3333 0.3333 0.3333 0.3333 1.0000,0 1 1 1 1 1 1 0,0 0 2 0 2 0 2 3,,,YES,2,"2,6",2,90.00,,0.3333,,4,yes,4_4 4_4,pgg,22x,hand
25639,8,0,1,0,SSSSSSSS,not tested,157.97 55.25 124.75 22.03 337.97 22.03 337.97 22.03,1.0000 1.3699 1.0000 1.0000 1.0000 1.0000 1.0000 1.0000,0 1 0 0 0 0 0 0,0 0 0 1 0 1 0 1,"1,2,6",,no (tile),,,,22.03,,0.7300,,4,yes,4_4 4_4,pgg,22x,L2
25639,8,0,1,2,SSSSSSSS,not tested,272.08 -92.08 237.75 -57.75 272.08 87.92 272.08 87.92,1.0000 1.0000 3.5447 1.0000 1.0000 1.0000 1.0000 1.0000,0 0 2 0 0 0 0 0,0 1 0 1 0 1 0 1,"1,2,6",,no (tile),,,,57.75,,0.2821,,4,yes,4_4 4_4,pgg,22x,L2
25639,8,4,0,0,SSSSSSSS,not tested,116.28 63.72 152.99 27.01 332.99 27.01 332.99 27.01,1.0000 0.6581 0.6581 0.6581 0.6581 0.6581 0.6581 0.6581,0 1 1 1 1 1 1 1,0 0 1 0 1 0 1 0,"1,2,6",,no (tile),,,,27.01,,0.6581,,4,yes,4_4 4_4,pgg,22x,L2
25639,8,4,0,6,SSSSSSSS,not tested,56.28 157.40 22.60 337.40 22.60 337.40 22.60 123.72,1.0000 1.0000 1.0000 1.0000 1.0000 1.0000 1.0000 1.3863,0 0 0 0 0 0 0 7,0 1 0 1 0 1 0 0,"1,2,6",,no (tile),,,,22.60,,0.7214,,4,yes,4_4 4_4,pgg,22x,L2
25639,8,7,0,0,SUSUSUSU,not tested,-15.51 195.51 271.88 -91.88 88.12 271.88 271.88 88.12,1.0000 0.4862 0.2675 0.4862 0.2675 0.4862 0.2675 0.4862,0 1 2 1 2 1 2 1,0 0 0 2 1 0 0 2,"1,2,6",,no (tile),,,,15.51,,0.2675,,4,yes,4_4 4_4,pgg,22x,L2
25639,8,10,0,0,SUSUSUSU,not tested,148.04 31.96 239.38 120.62 120.62 239.38 59.38 120.62,1.0000 0.2675 0.6152 0.2675 0.6152 0.2675 0.6152 0.2675,0 1 2 1 2 1 2 1,0 0 0 2 1 0 0 2,"1,2,6",,no (tile),,,,31.96,,0.2675,,4,yes,4_4 4_4,pgg,22x,L2
25639,8,11,0,0,SSSSSSSS,not tested,85.02 94.98 85.02 274.98 85.02 94.98 265.02 94.98,1.0000 0.3333 0.3333 0.3333 0.3333 0.3333 0.3333 0.3333,0 1 1 1 1 1 1 1,0 0 1 0 1 0 1 0,1,,no (tile),,,,85.02,,0.3333,,4,yes,4_4 4_4,pgg,22x,L2
25639,8,11,0,6,SSSSSSSS,not tested,97.41 82.59 277.41 82.59 97.41 262.59 97.41 82.59,1.0000 1.0000 1.0000 1.0000 1.0000 1.0000 1.0000 3.0000,0 0 0 0 0 0 0 7,0 1 0 1 0 1 0 0,1,,no (tile),,,,82.59,,0.3333,,4,yes,4_4 4_4,pgg,22x,L2
25639,8,14,0,0,SSSSSSSS,not tested,57.37 122.63 23.21 336.79 23.21 336.79 23.21 156.79,1.0000 0.7122 0.7122 0.7122 0.7122 0.7122 0.7122 0.7122,0 1 1 1 1 1 1 1,0 0 1 0 1 0 1 0,"1,2,6",,no (tile),,,,23.21,,0.7122,,4,yes,4_4 4_4,pgg,22x,L2
25639,8,14,0,6,SSSSSSSS,not tested,120.96 24.18 335.82 24.18 335.82 24.18 155.82 59.04,1.0000 1.0000 1.0000 1.0000 1.0000 1.0000 1.0000 1.4326,0 0 0 0 0 0 0 7,0 1 0 1 0 1 0 0,"1,2,6",,no (tile),,,,24.18,,0.6980,,4,yes,4_4 4_4,pgg,22x,L2
25639,8,19,1,4,SUSUSUSU,not tested,121.85 238.15 58.15 121.85 147.66 32.34 238.15 121.85,1.0000 0.4069 1.0000 0.4069 1.5877 0.4069 1.0000 0.4069,0 1 0 1 4 1 0 1,0 0 1 2 0 0 1 2,"1,2,6",,no (tile),,,,32.34,,0.2562,,4,yes,4_4 4_4,pgg,22x,L2
25639,8,21,0,5,USUSUSUS,not tested,195.09 270.50 -90.50 89.50 270.50 270.50 89.50 -15.09,1.0000 0.5381 1.0000 0.5381 1.0000 0.5381 1.0000 2.0666,0 1 0 1 0 1 0 7,0 0 2 1 0 0 2 0,"1,2,6",,no (tile),,,,15.09,,0.2604,,4,yes,4_4 4_4,pgg,22x,L2
25639,8,23,0,5,USUSUSUS,not tested,42.60 243.49 116.51 116.51 243.49 63.49 116.51 137.40,1.0000 3.7956 1.0000 3.7956 1.0000 3.7956 1.0000 5.0183,0 1 0 1 0 1 0 7,0 0 2 1 0 0 2 0,"1,2,6",,no (tile),,,,42.60,,0.1993,,4,yes,4_4 4_4,pgg,22x,L2
25639,8,25,1,2,SSSSSSSS,not tested,83.59 276.41 83.59 96.41 83.59 96.41 263.59 96.41,1.0000 1.0000 1.0000 3.0000 1.0000 1.0000 1.0000 1.0000,0 0 0 3 0 0 0 0,0 1 0 0 0 1 0 1,1,,no (tile),,,,83.59,,0.3333,,4,yes,4_4 4_4,pgg,22x,L2
25639,8,25,1,4,SSSSSSSS,not tested,149.37 30.63 329.37 30.63 149.37 30.63 149.37 210.63,1.0000 1.0000 1.0000 1.0000 3.0000 1.0000 1.0000 1.0000,0 0 0 0 4 0 0 0,0 1 0 1 0 1 0 1,1,,no (tile),,,,30.63,,0.3333,,4,yes,4_4 4_4,pgg,22x,L2
25639,8,26,1,1,USUSUSUS,not tested,271.57 271.57 88.43 -15.16 195.16 271.57 -91.57 88.43,1.0000 0.5381 1.0000 2.0568 1.0000 0.5381 1.0000 0.5381,0 1 0 3 0 1 0 1,0 0 2 0 0 0 2 1,"1,2,6",,no (tile),,,,15.16,,0.2616,,4,yes,4_4 4_4,pgg,22x,L2
25639,8,28,1,5,USUSUSUS,not tested,60.37 240.37 119.63 119.63 240.37 29.48 150.52 119.63,1.0000 1.9175 1.0000 1.9175 1.0000 3.3866 1.0000 1.9175,0 1 0 1 0 5 0 1,0 0 2 1 0 0 2 1,"1,2,6",,no (tile),,,,29.48,,0.2953,,4,yes,4_4 4_4,pgg,22x,L2
25639,8,34,1,4,SSSSSSSS,not tested,23.22 336.78 23.22 336.78 23.22 122.61 57.39 156.78,1.0000 1.0000 1.0000 1.0000 1.0000 1.4044 1.0000 1.0000,0 0 0 0 0 5 0 0,0 1 0 1 0 0 0 1,"1,2,6",,no (tile),,,,23.22,,0.7121,,4,yes,4_4 4_4,pgg,22x,L2
25639,8,34,1,6,SSSSSSSS,not tested,162.46 17.54 342.46 17.54 342.46 17.54 133.58 46.42,1.0000 1.0000 1.0000 1.0000 1.0000 1.0000 1.2482 1.0000,0 0 0 0 0 0 6 0,0 1 0 1 0 1 0 1,"1,2,6",,no (tile),,,,17.54,,0.8012,,4,yes,4_4 4_4,pgg,22x,L2
25641,8,0,1,0,JJJJJJJJ,not tested,113.13 107.28 32.30 327.70 32.30 327.70 32.30 107.28,1.0000 1.0000 1.0000 1.0000 1.0000 1.0000 1.0000 1.0000,0 0 0 0 0 0 0 0,0 0 2 0 2 0 2 2,"3,5",,no (tile),,,,32.30,,1.0000,,4,yes,4_2 4_2,pg,1xx,L2
25641,8,0,1,2,JJJJJJJJ,not tested,103.72 119.16 103.72 33.41 326.59 33.41 326.59 33.41,1.0000 1.0000 1.0000 1.0000 1.0000 1.0000 1.0000 1.0000,0 0 0 0 0 0 0 0,0 2 2 0 2 0 2 0,"3,5",,no (tile),,,,33.41,,1.0000,,4,yes,4_2 4_2,pg,1xx,L2
25641,8,1,1,4,JJJJJJJJ,not tested,208.84 46.66 208.84 46.66 208.84 151.16 57.84 151.16,1.0000 1.0000 1.0000 1.0000 1.0000 1.0000 1.0000 1.0000,0 0 0 0 0 0 0 0,0 2 0 2 0 2 0 2,"3,5",,no (tile),,,,46.66,,1.0000,,4,yes,4_2 4_2,pg,1xx,L2
25641,8,1,1,6,JJJJJJJJ,not tested,87.03 160.21 199.79 25.74 199.79 160.21 87.03 160.21,1.0000 1.0000 1.0000 1.0000 1.0000 1.0000 1.0000 1.0000,0 0 0 0 0 0 0 0,0 2 0 2 0 2 0 2,"3,5",,no (tile),,,,25.74,,1.0000,,4,yes,4_2 4_2,pg,1xx,L2
25641,8,1,1,7,IIIIIIII,not tested,107.96 72.04 252.04 107.96 107.96 252.04 72.04 107.96,1.0000 1.0000 6.2163 1.0000 6.2163 1.0000 1.0000 6.2163,0 0 2 0 2 0 0 2,0 0 0 0 0 0 0 0,6,,no (tile),,,,72.04,,0.1609,,4,yes,4_2 4_2,pg,1xx,L2
25641,8,6,1,0,JJJJJJJJ,not tested,22.26 205.05 154.95 91.40 154.95 91.40 154.95 205.05,1.0000 1.0000 1.0000 1.0000 1.0000 1.0000 1.0000 1.0000,0 0 0 0 0 0 0 0,0 2 0 2 0 2 0 2,"3,5",,no (tile),,,,22.26,,1.0000,,4,yes,4_2 4_2,pg,1xx,L2
25641,8,6,1,5,IIIIIIII,not tested,84.89 264.89 95.11 95.11 264.89 84.89 95.11 95.11,1.0000 3.4339 1.0000 3.4339 1.0000 1.0000 3.4339 1.0000,0 1 0 1 0 0 1 0,0 0 0 0 0 0 0 0,6,,no (tile),,,,84.89,,0.2912,,4,yes,4_2 4_2,pg,1xx,L2
25641,8,6,1,6,JJJJJJJJ,not tested,87.03 160.21 199.79 25.74 199.79 160.21 87.03 160.21,1.0000 1.0000 1.0000 1.0000 1.0000 1.0000 1.0000 1.0000,0 0 0 0 0 0 0 0,0 2 0 2 0 2 0 2,"3,5",,no (tile),,,,25.74,,1.0000,,4,yes,4_2 4_2,pg,1xx,L2
25641,8,8,1,4,JJJJJJJJ,not tested,33.14 326.86 33.14 326.86 33.14 104.60 117.67 104.60,1.0000 1.0000 1.0000 1.0000 1.0000 1.0000 1.0000 1.0000,0 0 0 0 0 0 0 0,0 2 0 2 0 0 2 2,"3,5",,no (tile),,,,33.14,,1.0000,,4,yes,4_2 4_2,pg,1xx,L2
25641,8,8,1,6,JJJJJJJJ,not tested,105.25 32.94 327.06 32.94 327.06 32.94 105.25 116.56,1.0000 1.0000 1.0000 1.0000 1.0000 1.0000 1.0000 1.0000,0 0 0 0 0 0 0 0,0 2 0 2 0 2 2 0,"3,5",,no (tile),,,,32.94,,1.0000,,4,yes,4_2 4_2,pg,1xx,L2
25642,8,0,0,1,JJJJJJJJ,not tested,389.64 115.07 -259.77 115.07 389.64 -29.64 389.64 -29.64,1.0000 1.0000 1.0000 1.0000 1.0000 1.0000 1.0000 1.0000,0 0 0 0 0 0 0 0,0 3 1 2 0 2 0 2,"3,5",,no (tile),,,,29.64,,1.0000,,4,yes,4_4 4_4,pg,1xx,L2
25642,8,0,0,7,JJJJJJJJ,not tested,106.14 115.05 106.14 32.66 327.34 32.66 327.34 32.66,1.0000 1.0000 1.0000 1.0000 1.0000 1.0000 1.0000 1.0000,0 0 0 0 0 0 0 0,0 2 1 3 1 3 1 3,"3,5",,no (tile),,,,32.66,,1.0000,,4,yes,4_4 4_4,pg,1xx,L2
25642,8,2,0,3,UUUUUUUU,not tested,-582.97 291.48 360.00 360.00 291.48 291.48 68.52 -0.00,1.0000 1.0000 0.2675 1.0000 1.0000 1.0000 1.0000 0.2675,0 0 2 0 0 0 0 2,0 2 0 2 0 2 0 2,(not a tile),,"n/a (not a tile: all 1300 sampled members of the family, on every solution branch reached, fail exactly -- e.g. edge 1 (v1-v2) reflects onto edge 3 (v3-v4) with v1 and v2 on opposite sides of the mirror line (John's fixed-point / no-mirror rules, 2026-09-13) [curve_sides])",,,,0.00,,0.2675,,,,4_4 4_4,pg,1xx,L2
25642,8,2,0,5,UUUUUUUU,not tested,-0.00 68.52 68.52 291.48 360.00 222.97 68.52 -0.00,1.0000 1.0000 1.0000 1.0000 0.2675 1.0000 1.0000 0.2675,0 0 0 0 4 0 0 4,0 2 0 2 0 2 0 2,(not a tile),,"n/a (not a tile: all 1300 sampled members of the family, on every solution branch reached, fail exactly -- e.g. edge 0 (v0-v1) reflects onto edge 6 (v6-v7) with v0 and v1 on opposite sides of the mirror line (John's fixed-point / no-mirror rules, 2026-09-13) [curve_sides])",,,,0.00,,0.2675,,,,4_4 4_4,pg,1xx,L2
25642,8,4,1,0,UUUUUUUU,not tested,104.10 75.90 104.10 255.90 104.10 255.90 104.10 75.90,1.0000 0.3333 0.3333 0.3333 0.3333 0.3333 0.3333 1.0000,0 1 1 1 1 1 1 0,0 0 2 0 2 0 2 2,"3,5",,no (tile),,,,75.90,,0.3333,,4,yes,4_4 4_4,pg,1xx,L2
25642,8,4,1,2,UUUUUUUU,not tested,76.58 103.42 76.58 103.42 256.58 103.42 256.58 103.42,1.0000 1.0000 0.3333 0.3333 0.3333 0.3333 0.3333 0.3333,0 0 2 2 2 2 2 2,0 2 0 2 0 2 0 2,"3,5",,no (tile),,,,76.58,,0.3333,,4,yes,4_4 4_4,pg,1xx,L2
25642,8,14,0,1,JJJJJJJJ,not tested,135.19 94.45 35.90 324.10 35.90 324.10 35.90 94.45,1.0000 1.0000 1.0000 1.0000 1.0000 1.0000 1.0000 1.0000,0 0 0 0 0 0 0 0,0 3 1 3 1 3 1 2,"3,5",,no (tile),,,,35.90,,1.0000,,4,yes,4_4 4_4,pg,1xx,L2
25642,8,14,0,7,JJJJJJJJ,not tested,103.54 33.46 326.54 33.46 326.54 33.46 103.54 119.45,1.0000 1.0000 1.0000 1.0000 1.0000 1.0000 1.0000 1.0000,0 0 0 0 0 0 0 0,0 2 0 2 0 2 1 3,"3,5",,no (tile),,,,33.46,,1.0000,,4,yes,4_4 4_4,pg,1xx,L2
25642,8,16,0,2,IIIIIIII,not tested,262.25 97.75 -82.25 262.25 262.25 -82.25 97.75 262.25,1.0000 0.2675 0.2675 1.0000 0.2675 0.2675 1.0000 0.2675,0 1 1 0 1 1 0 1,0 0 0 0 0 0 0 0,6,,no (tile),,,,82.25,,0.2675,,4,yes,4_4 4_4,pg,1xx,L2
25642,8,16,0,3,JJJJJJJJ,not tested,24.29 201.97 158.03 88.84 158.03 88.84 158.03 201.97,1.0000 1.0000 1.0000 1.0000 1.0000 1.0000 1.0000 1.0000,0 0 0 0 0 0 0 0,0 2 0 1 3 2 0 2,"3,5",,no (tile),,,,24.29,,1.0000,,4,yes,4_4 4_4,pg,1xx,L2
25642,8,16,0,5,JJJJJJJJ,not tested,89.19 157.61 89.19 157.61 202.39 24.01 202.39 157.61,1.0000 1.0000 1.0000 1.0000 1.0000 1.0000 1.0000 1.0000,0 0 0 0 0 0 0 0,0 2 3 1 3 1 3 1,"3,5",,no (tile),,,,24.01,,1.0000,,4,yes,4_4 4_4,pg,1xx,L2
25642,8,23,0,2,IIIIIIII,not tested,97.75 97.75 82.25 262.25 97.75 97.75 262.25 82.25,1.0000 0.2675 0.2675 1.0000 0.2675 1.0000 0.2675 0.2675,0 1 1 0 1 0 1 1,0 0 0 0 0 0 0 0,6,,no (tile),,,,82.25,,0.2675,,4,yes,4_4 4_4,pg,1xx,L2
25642,8,23,0,3,JJJJJJJJ,not tested,89.19 157.61 89.19 157.61 202.39 24.01 202.39 157.61,1.0000 1.0000 1.0000 1.0000 1.0000 1.0000 1.0000 1.0000,0 0 0 0 0 0 0 0,0 2 3 1 3 1 3 1,"3,5",,no (tile),,,,24.01,,1.0000,,4,yes,4_4 4_4,pg,1xx,L2
25642,8,23,0,5,JJJJJJJJ,not tested,152.25 207.75 20.47 207.75 152.25 93.64 152.25 93.64,1.0000 1.0000 1.0000 1.0000 1.0000 1.0000 1.0000 1.0000,0 0 0 0 0 0 0 0,0 2 0 2 0 1 3 2,"3,5",,no (tile),,,,20.47,,1.0000,,4,yes,4_4 4_4,pg,1xx,L2
25642,8,23,0,6,IIIIIIII,not tested,83.57 263.57 96.43 96.43 263.57 83.57 96.43 96.43,1.0000 3.5771 1.0000 3.5771 1.0000 1.0000 3.5771 1.0000,0 1 0 1 0 0 1 0,0 0 0 0 0 0 0 0,6,,no (tile),,,,83.57,,0.2796,,4,yes,4_4 4_4,pg,1xx,L2
25642,8,34,1,4,UUUUUUUU,not tested,103.96 256.04 103.96 256.04 103.96 76.04 103.96 76.04,1.0000 1.0000 1.0000 1.0000 1.0000 3.0000 3.0000 1.0000,0 0 0 0 0 5 5 0,0 2 0 2 0 0 2 2,"3,5",,no (tile),,,,76.04,,0.3333,,4,yes,4_4 4_4,pg,1xx,L2
25642,8,34,1,6,UUUUUUUU,not tested,100.92 79.08 280.92 79.08 280.92 79.08 100.92 79.08,1.0000 1.0000 1.0000 1.0000 1.0000 1.0000 3.0000 3.0000,0 0 0 0 0 0 6 6,0 2 0 2 0 2 0 2,"3,5",,no (tile),,,,79.08,,0.3333,,4,yes,4_4 4_4,pg,1xx,L2
25643,8,0,1,2,JJJJJJJJ,not tested,108.89 111.68 108.89 30.53 329.47 30.53 329.47 30.53,1.0000 1.0000 1.0477 1.0477 1.0477 1.0477 1.0477 1.0477,0 0 2 2 2 2 2 2,0 2 0 2 0 2 0 2,"3,5",,no (tile),,,,30.53,,0.9544,,4,yes,4_4 4_4,p1,o1,hand
25643,8,0,1,4,JJJJJJJJ,not tested,232.38 27.77 72.09 27.77 232.38 127.62 232.38 127.62,1.0000 4.5752 4.5752 1.0000 1.0000 1.0000 1.0000 1.0000,0 1 1 0 0 0 0 0,0 0 2 2 0 2 0 2,"3,5",,no (tile),,,,27.77,,0.2186,,4,yes,4_4 4_4,p1,o1,hand
25643,8,2,0,3,JJJJJJJJ,not needed (covering theorem),-4995.00 -4185.00 5175.00 -4185.00 5175.00 4365.00 -4815.00 4545.00,1.0000 1.0000 1.0000 1.0000 1.0000 1.0000 1.0000 1.0000,0 0 0 0 0 0 0 0,0 3 0 3 0 3 0 3,,,YES,2,4,2,45.00,,1.0000,,4,yes,4_4 4_4,p1,o1,hand
25643,8,2,0,5,JJJJJJJJ,not needed (covering theorem),-855.00 225.00 1035.00 135.00 1215.00 -45.00 -855.00 225.00,1.0000 1.0000 1.0000 1.0000 1.0000 1.0000 1.0000 1.0000,0 0 0 0 0 0 0 0,0 3 0 3 0 3 0 3,,,YES,2,4,2,45.00,,1.0000,,4,yes,4_4 4_4,p1,o1,hand
25643,8,2,1,1,IJIJIJIJ,not tested,15.51 15.51 164.49 195.51 164.49 164.49 195.51 164.49,1.0000 0.1459 0.1458 0.1459 0.1458 0.1459 0.1458 0.1459,0 1 2 1 2 1 2 1,0 0 0 0 0 2 0 2,6,,no (tile),,,,15.51,,0.1458,,4,yes,4_4 4_4,p1,o1,hand
25643,8,2,1,3,JIJIJIJI,not tested,258.94 -78.94 -78.94 258.94 101.06 258.94 258.94 101.06,1.0000 0.9171 1.0000 0.0500 1.0000 0.0500 1.0000 0.0500,0 1 0 3 0 3 0 3,0 0 2 0 2 0 0 0,6,,no (tile),,,,78.94,,0.0500,YES,4,yes,4_4 4_4,p1,o1,hand
25643,8,4,1,0,JJJJJJJJ,not tested,111.36 102.42 43.81 316.19 43.81 316.19 43.81 102.42,1.0000 0.7379 0.7379 0.7379 0.7379 0.7379 0.7379 1.0000,0 1 1 1 1 1 1 0,0 0 2 0 2 0 2 2,"3,5",,no (tile),,,,43.81,,0.7379,,4,yes,4_4 4_4,p1,o1,hand
25643,8,4,1,2,JJJJJJJJ,not tested,108.89 111.68 108.89 30.53 329.47 30.53 329.47 30.53,1.0000 1.0000 1.0477 1.0477 1.0477 1.0477 1.0477 1.0477,0 0 2 2 2 2 2 2,0 2 0 2 0 2 0 2,"3,5",,no (tile),,,,30.53,,0.9544,,4,yes,4_4 4_4,p1,o1,hand
25643,8,11,0,3,JJJJJJJJ,not needed (covering theorem),-2655.00 -1575.00 -2655.00 -1575.00 2835.00 1935.00 3015.00 1755.00,1.0000 1.0000 1.0000 1.0000 1.0000 1.0000 1.0000 1.0000,0 0 0 0 0 0 0 0,0 3 0 3 0 3 0 3,,,YES,2,4,2,45.00,,1.0000,,4,yes,4_4 4_4,p1,o1,hand
25643,8,11,0,5,JJJJJJJJ,not needed (covering theorem),-4185.00 -1035.00 4545.00 -855.00 4365.00 1215.00 -4185.00 1215.00,1.0000 1.0000 1.0000 1.0000 1.0000 1.0000 1.0000 1.0000,0 0 0 0 0 0 0 0,0 3 0 3 0 3 0 3,,,YES,2,4,2,45.00,,1.0000,,4,yes,4_4 4_4,p1,o1,hand
25643,8,11,1,1,IJIJIJIJ,not tested,15.51 15.51 164.49 195.51 164.49 164.49 195.51 164.49,1.0000 0.1459 0.1458 0.1459 0.1458 0.1459 0.1458 0.1459,0 1 2 1 2 1 2 1,0 0 0 0 0 2 0 2,6,,no (tile),,,,15.51,,0.1458,,4,yes,4_4 4_4,p1,o1,hand
25643,8,11,1,7,JIJIJIJI,not tested,80.20 99.80 260.20 99.80 99.80 260.20 99.80 80.20,1.0000 0.7116 1.0000 0.7116 1.0000 0.7116 1.0000 2.8156,0 1 0 1 0 1 0 7,0 0 0 0 2 0 2 0,6,,no (tile),,,,80.20,,0.2527,,4,yes,4_4 4_4,p1,o1,hand
25643,8,14,1,0,JJJJJJJJ,not tested,111.36 102.42 43.81 316.19 43.81 316.19 43.81 102.42,1.0000 0.7379 0.7379 0.7379 0.7379 0.7379 0.7379 1.0000,0 1 1 1 1 1 1 0,0 0 2 0 2 0 2 2,"3,5",,no (tile),,,,43.81,,0.7379,,4,yes,4_4 4_4,p1,o1,hand
25643,8,14,1,6,JJJJJJJJ,not tested,106.51 43.84 316.16 43.84 316.16 43.84 106.51 103.14,1.0000 1.0000 1.0000 1.0000 1.0000 1.0000 1.4295 1.4295,0 0 0 0 0 0 6 6,0 2 0 2 0 2 0 2,"3,5",,no (tile),,,,43.84,,0.6995,,4,yes,4_4 4_4,p1,o1,hand
25643,8,25,0,3,JJJJJJJJ,not needed (covering theorem),315.00 -2385.00 495.00 -2565.00 -135.00 2745.00 -135.00 2745.00,1.0000 1.0000 1.0000 1.0000 1.0000 1.0000 1.0000 1.0000,0 0 0 0 0 0 0 0,0 3 0 3 0 3 0 3,,,YES,2,4,2,45.00,,1.0000,,4,yes,4_4 4_4,p1,o1,hand
25643,8,25,0,5,JJJJJJJJ,not needed (covering theorem),-4995.00 -4185.00 5175.00 -4185.00 5175.00 4365.00 -4815.00 4545.00,1.0000 1.0000 1.0000 1.0000 1.0000 1.0000 1.0000 1.0000,0 0 0 0 0 0 0 0,0 3 0 3 0 3 0 3,,,YES,2,4,2,45.00,,1.0000,,4,yes,4_4 4_4,p1,o1,hand
25643,8,25,1,7,JIJIJIJI,not tested,100.47 259.53 100.47 79.53 79.53 100.47 259.53 100.47,1.0000 0.0500 1.0000 0.8768 1.0000 0.0500 1.0000 0.0500,0 1 0 3 0 1 0 1,0 0 0 0 2 0 2 0,6,,no (tile),,,,79.53,,0.0500,YES,4,yes,4_4 4_4,p1,o1,hand
25643,8,30,0,3,JJJJJJJJ,not needed (covering theorem),135.00 135.00 135.00 45.00 225.00 225.00 45.00 135.00,1.0000 1.0000 1.0000 1.0000 1.0000 1.0000 1.0000 1.0000,0 0 0 0 0 0 0 0,0 3 0 3 0 3 0 3,,,YES,2,4,2,45.00,,1.0000,,4,yes,4_4 4_4,p1,o1,hand
25643,8,30,0,5,JJJJJJJJ,not needed (covering theorem),315.00 -2385.00 495.00 -2565.00 -135.00 2745.00 -135.00 2745.00,1.0000 1.0000 1.0000 1.0000 1.0000 1.0000 1.0000 1.0000,0 0 0 0 0 0 0 0,0 3 0 3 0 3 0 3,,,YES,2,4,2,45.00,,1.0000,,4,yes,4_4 4_4,p1,o1,hand
25643,8,30,1,5,IJIJIJIJ,not tested,93.48 266.52 93.48 93.48 266.52 93.48 86.52 86.52,1.0000 0.8183 1.0000 0.8183 1.0000 0.8183 3.1989 0.8183,0 1 0 1 0 1 6 1,0 0 0 2 0 2 0 0,6,,no (tile),,,,86.52,,0.2558,,4,yes,4_4 4_4,p1,o1,hand
25643,8,30,1,7,JIJIJIJI,not tested,80.20 99.80 260.20 99.80 99.80 260.20 99.80 80.20,1.0000 0.7116 1.0000 0.7116 1.0000 0.7116 1.0000 2.8156,0 1 0 1 0 1 0 7,0 0 0 0 2 0 2 0,6,,no (tile),,,,80.20,,0.2527,,4,yes,4_4 4_4,p1,o1,hand
25643,8,34,1,4,JJJJJJJJ,not tested,46.66 313.34 46.66 313.34 46.66 120.34 72.67 120.34,1.0000 1.0000 1.0000 1.0000 1.0000 2.0051 2.0051 1.0000,0 0 0 0 0 5 5 0,0 2 0 2 0 0 2 2,"3,5",,no (tile),,,,46.66,,0.4987,,4,yes,4_4 4_4,p1,o1,hand
25643,8,34,1,6,JJJJJJJJ,not tested,106.51 43.84 316.16 43.84 316.16 43.84 106.51 103.14,1.0000 1.0000 1.0000 1.0000 1.0000 1.0000 1.4295 1.4295,0 0 0 0 0 0 6 6,0 2 0 2 0 2 0 2,"3,5",,no (tile),,,,43.84,,0.6995,,4,yes,4_4 4_4,p1,o1,hand
25644,8,0,1,2,JJJJJJJJ,not tested,103.72 119.16 103.72 33.41 326.59 33.41 326.59 33.41,1.0000 1.0000 1.0000 1.0000 1.0000 1.0000 1.0000 1.0000,0 0 0 0 0 0 0 0,0 2 3 1 3 1 3 1,"3,5",,no (tile),,,,33.41,,1.0000,,4,yes,4_4 4_4,pg,1xx,L2
25644,8,0,1,4,JSSJJJJJ,not tested,225.16 31.50 72.26 31.09 225.16 134.84 225.16 134.84,1.0000 4.6859 4.7102 1.0000 1.0000 1.0000 1.0000 1.0000,0 1 2 0 0 0 0 0,0 0 0 2 0 2 0 2,"2,6",,no (tile),,,,31.09,,0.2123,,4,yes,4_4 4_4,pg,1xx,L2
25644,8,4,0,0,SJJJJJJS,not tested,76.89 109.86 62.32 297.68 62.32 297.68 62.32 110.93,1.0000 0.3976 0.3976 0.3976 0.3976 0.3976 0.3976 0.9852,0 1 1 1 1 1 1 7,0 0 2 0 2 0 2 0,"2,6",,no (tile),,,,62.32,,0.3976,,4,yes,4_4 4_4,pg,1xx,L2
25644,8,4,0,2,JJJJJJJJ,not tested,103.72 119.16 103.72 33.41 326.59 33.41 326.59 33.41,1.0000 1.0000 1.0000 1.0000 1.0000 1.0000 1.0000 1.0000,0 0 0 0 0 0 0 0,0 2 3 1 3 1 3 1,"3,5",,no (tile),,,,33.41,,1.0000,,4,yes,4_4 4_4,pg,1xx,L2
25644,8,6,1,0,JJJJJJJJ,not tested,50.92 161.88 198.12 73.60 161.88 73.60 198.12 161.88,1.0000 1.0000 1.0000 1.0000 1.0000 1.0000 1.0000 1.0000,0 0 0 0 0 0 0 0,0 2 0 3 1 2 0 2,"3,5",,no (tile),,,,50.92,,1.0000,,4,yes,4_4 4_4,pg,1xx,L2
25644,8,6,1,1,IUIUIUIU,not tested,-30.25 -30.25 149.75 210.25 210.25 210.25 210.25 149.75,1.0000 0.1840 0.1837 0.1837 0.1837 0.1840 0.1837 0.1837,0 1 2 3 2 1 2 3,0 0 0 0 0 2 0 2,6,,no (tile),,,,30.25,,0.1837,,4,yes,4_4 4_4,pg,1xx,L2
25644,8,6,1,4,JJJJJJJJ,not needed (covering theorem),160.23 73.89 199.77 73.89 160.23 51.99 308.01 51.99,1.0000 1.0000 1.0000 1.0000 1.0000 1.0000 1.0000 1.0000,0 0 0 0 0 0 0 0,0 3 1 2 0 2 0 2,,,YES,2,5,2,51.99,,1.0000,,4,yes,4_4 4_4,pg,1xx,L2
25644,8,7,0,3,JUJJJJJU,not needed (covering theorem),140.28 -3175.75 219.72 3340.57 54.90 305.10 54.90 140.28,1.0000 0.6312 1.0000 1.0000 1.0000 1.0000 1.0000 0.6312,0 1 0 0 0 0 0 1,0 0 2 3 1 3 1 2,,,YES,2,5,2,54.90,,0.6312,,4,yes,4_4 4_4,pg,1xx,L2
25644,8,10,0,5,JJJJUJUJ,not needed (covering theorem),113.96 47.08 312.92 47.08 506.98 506.98 -308.02 -146.98,1.0000 1.0000 1.0000 1.0000 0.7477 1.0000 0.7477 1.0000,0 0 0 0 4 0 4 0,0 2 0 2 0 3 2 1,,,YES,2,5,2,47.08,,0.7477,,4,yes,4_4 4_4,pg,1xx,L2
25644,8,11,0,1,IIIIIIII,not tested,-87.17 -87.17 267.17 92.83 267.17 267.17 92.83 267.17,1.0000 1.0000 0.2675 1.0000 0.2675 1.0000 0.2675 1.0000,0 0 2 0 2 0 2 0,0 0 0 0 0 0 0 0,"1,2,6",,no (tile),,,,87.17,,0.2675,,4,yes,4_4 4_4,pg,1xx,L2
25644,8,11,0,7,IIIIIIII,not tested,106.21 73.79 286.21 73.79 73.79 286.21 73.79 106.21,1.0000 0.7056 1.0000 0.7056 1.0000 0.7056 1.0000 1.0000,0 1 0 1 0 1 0 0,0 0 0 0 0 0 0 0,"1,2,6",,no (tile),,,,73.79,,0.7056,,4,yes,4_4 4_4,pg,1xx,L2
25644,8,11,1,3,IIIIIIII,not tested,233.04 -126.96 233.04 -126.96 -53.04 486.96 126.96 306.96,1.0000 0.2675 1.0000 0.2675 0.2675 1.0000 0.2675 0.2675,0 1 0 1 1 0 1 1,0 0 0 0 0 0 0 0,"2,6",,no (tile),,,,53.04,,0.2675,,4,yes,4_4 4_4,pg,1xx,L2
25644,8,11,1,5,IIIIIIII,not tested,135.00 45.00 225.00 225.00 45.00 135.00 135.00 135.00,1.0000 1.0000 1.0000 1.0000 1.0000 1.0000 1.0000 1.0000,0 0 2 0 0 2 0 2,0 0 0 0 0 0 0 0,"1,2,3,4,5,6",,no (tile),,,,45.00,,1.0000,,4,yes,4_4 4_4,pg,1xx,L2
25644,8,14,0,0,SJJJJJJS,not tested,76.89 109.86 62.32 297.68 62.32 297.68 62.32 110.93,1.0000 0.3976 0.3976 0.3976 0.3976 0.3976 0.3976 0.9852,0 1 1 1 1 1 1 7,0 0 2 0 2 0 2 0,"2,6",,no (tile),,,,62.32,,0.3976,,4,yes,4_4 4_4,pg,1xx,L2
25644,8,14,0,6,JJJJJJJJ,not tested,105.25 32.94 327.06 32.94 327.06 32.94 105.25 116.56,1.0000 1.0000 1.0000 1.0000 1.0000 1.0000 1.0000 1.0000,0 0 0 0 0 0 0 0,0 2 0 2 0 2 3 1,"3,5",,no (tile),,,,32.94,,1.0000,,4,yes,4_4 4_4,pg,1xx,L2
25644,8,16,1,4,JUJUJJJJ,not needed (covering theorem),-2048.66 214.33 2212.00 145.67 145.67 50.99 309.01 50.99,1.0000 1.1513 1.0000 1.1513 1.0000 1.0000 1.0000 1.0000,0 1 0 1 0 0 0 0,0 0 2 2 3 1 3 1,,,YES,2,"4,5",2,50.99,,0.8686,,4,yes,4_4 4_4,pg,1xx,L2
25644,8,17,0,2,JJJJJJJJ,not needed (covering theorem),73.88 199.75 73.88 160.25 51.98 308.02 51.98 160.25,1.0000 1.0000 1.0000 1.0000 1.0000 1.0000 1.0000 1.0000,0 0 0 0 0 0 0 0,0 2 1 3 1 3 1 3,,,YES,2,5,2,51.98,,1.0000,,4,yes,4_4 4_4,pg,1xx,L2
25644,8,17,0,5,IUIUIUIU,not tested,111.51 248.49 68.49 68.49 248.49 111.51 111.51 111.51,1.0000 0.7276 0.2675 0.2675 1.0000 0.7276 1.0000 0.2675,0 1 2 3 0 1 0 3,0 0 0 0 0 2 0 2,6,,no (tile),,,,68.49,,0.2675,,4,yes,4_4 4_4,pg,1xx,L2
25644,8,17,0,6,JJJJJJJJ,not tested,73.60 198.12 161.88 50.92 161.88 198.12 73.60 161.88,1.0000 1.0000 1.0000 1.0000 1.0000 1.0000 1.0000 1.0000,0 0 0 0 0 0 0 0,0 2 0 2 0 2 1 3,"3,5",,no (tile),,,,50.92,,1.0000,,4,yes,4_4 4_4,pg,1xx,L2
25644,8,17,1,4,JUJUJUJU,not tested,131.90 228.10 48.10 131.90 131.90 228.10 48.10 131.90,1.0000 0.2675 1.0000 0.2675 1.0000 0.2675 1.0000 0.2675,0 1 0 1 0 5 0 5,0 0 2 2 3 0 1 2,"3,4,5",,no (tile),,,,48.10,,0.2675,,4,yes,4_4 4_4,pg,1xx,L2
25644,8,21,0,3,JUJUJJJJ,not needed (covering theorem),-2048.66 214.33 2212.00 145.67 145.67 50.99 309.01 50.99,1.0000 1.1513 1.0000 1.1513 1.0000 1.0000 1.0000 1.0000,0 1 0 1 0 0 0 0,0 0 2 2 3 1 3 1,,,YES,2,5,2,50.99,,0.8686,,4,yes,4_4 4_4,pg,1xx,L2
25644,8,22,0,2,JJJJJJJJ,not tested,73.34 163.38 73.34 196.62 163.38 49.94 163.38 196.62,1.0000 1.0000 1.0000 1.0000 1.0000 1.0000 1.0000 1.0000,0 0 0 0 0 0 0 0,0 2 1 3 1 3 1 3,"3,5",,no (tile),,,,49.94,,1.0000,,4,yes,4_4 4_4,pg,1xx,L2
25644,8,22,0,4,JUUJUJJU,not tested,130.12 229.88 0.00 229.88 130.12 130.12 99.76 130.12,1.0000 0.5381 2.0897 1.0000 0.5381 1.0000 1.0000 2.0897,0 1 2 0 1 0 0 2,0 0 0 2 2 3 1 2,"3,4,5",,no (tile),,,,0.00,,0.2575,,4,yes,4_4 4_4,pg,1xx,L2
25644,8,22,0,6,JJJJJJJJ,not needed (covering theorem),73.89 -3079.77 3291.99 -2931.99 3291.99 -3079.77 73.89 3439.77,1.0000 1.0000 1.0000 1.0000 1.0000 1.0000 1.0000 1.0000,0 0 0 0 0 0 0 0,0 2 0 2 0 2 1 3,,,YES,2,5,2,51.99,,1.0000,,4,yes,4_4 4_4,pg,1xx,L2
25644,8,23,0,5,UJJJJJUJ,not needed (covering theorem),219.83 219.83 -415.01 775.01 -415.01 259.65 140.17 295.53,1.0000 1.5917 1.5917 1.5917 1.5917 1.5917 1.0000 1.5917,0 1 1 1 1 1 0 1,0 0 2 0 2 3 2 1,,,YES,2,5,2,55.01,,0.6282,,4,yes,4_4 4_4,pg,1xx,L2
25644,8,25,0,3,IIIIIIII,not tested,45.00 225.00 225.00 45.00 135.00 135.00 135.00 135.00,1.0000 1.0000 1.0000 1.0000 1.0000 1.0000 1.0000 1.0000,0 1 0 0 1 0 1 0,0 0 0 0 0 0 0 0,"1,2,3,4,5,6",,no (tile),,,,45.00,,1.0000,,4,yes,4_4 4_4,pg,1xx,L2
25644,8,25,0,5,IIIIIIII,not tested,-45.00 225.00 225.00 225.00 225.00 -45.00 135.00 135.00,1.0000 1.0000 1.0000 1.0000 1.0000 1.0000 1.0000 1.0000,0 1 0 1 0 0 1 0,0 0 0 0 0 0 0 0,"1,2,3,4,5,6",,no (tile),,,,45.00,,1.0000,,4,yes,4_4 4_4,pg,1xx,L2
25644,8,25,1,7,IIIIIIII,not tested,267.17 92.83 267.17 -87.17 -87.17 267.17 92.83 267.17,1.0000 0.2675 1.0000 1.0000 1.0000 0.2675 1.0000 0.2675,0 1 0 0 0 1 0 1,0 0 0 0 0 0 0 0,"1,2,6",,no (tile),,,,87.17,,0.2675,,4,yes,4_4 4_4,pg,1xx,L2
25644,8,26,1,4,JJJJJUJU,not needed (covering theorem),136.72 -3181.53 3541.53 -3181.53 3333.44 223.28 71.37 136.72,1.0000 1.0000 1.0000 1.0000 1.0000 0.5565 1.0000 0.5565,0 0 0 0 0 5 0 5,0 2 0 2 3 0 1 2,,,YES,2,"3,4,5",2,58.47,,0.5565,,4,yes,4_4 4_4,pg,1xx,L2
25644,8,28,1,4,JJJJUJUJ,not needed (covering theorem),113.96 47.08 312.92 47.08 506.98 506.98 -308.02 -146.98,1.0000 1.0000 1.0000 1.0000 0.7477 1.0000 0.7477 1.0000,0 0 0 0 4 0 4 0,0 2 0 2 0 3 2 1,,,YES,2,"3,4,5",2,47.08,,0.7477,,4,yes,4_4 4_4,pg,1xx,L2
25644,8,29,1,0,JJJJJJJJ,not tested,50.92 161.88 198.12 73.60 161.88 73.60 198.12 161.88,1.0000 1.0000 1.0000 1.0000 1.0000 1.0000 1.0000 1.0000,0 0 0 0 0 0 0 0,0 2 0 3 1 2 0 2,"3,5",,no (tile),,,,50.92,,1.0000,,4,yes,4_4 4_4,pg,1xx,L2
25644,8,29,1,4,JJJJJJJJ,not needed (covering theorem),160.22 52.00 308.00 52.00 160.22 73.89 199.78 73.89,1.0000 1.0000 1.0000 1.0000 1.0000 1.0000 1.0000 1.0000,0 0 0 0 0 0 0 0,0 2 0 2 0 3 1 2,,,YES,2,5,2,52.00,,1.0000,,4,yes,4_4 4_4,pg,1xx,L2
25644,8,29,1,7,UIUIUIUI,not tested,66.85 246.85 113.15 113.15 113.15 113.15 246.85 66.85,1.0000 0.2675 0.2675 0.2675 1.0000 0.2675 0.2675 0.8944,0 1 2 1 0 1 2 7,0 0 0 0 2 0 2 0,6,,no (tile),,,,66.85,,0.2675,,4,yes,4_4 4_4,pg,1xx,L2
25644,8,34,1,4,JJJJJSSJ,not tested,76.44 283.56 76.44 283.56 76.44 109.89 62.56 111.11,1.0000 1.0000 1.0000 1.0000 1.0000 3.5979 3.5515 1.0000,0 0 0 0 0 5 6 0,0 2 0 2 0 0 0 2,"2,6",,no (tile),,,,62.56,,0.2779,,4,yes,4_4 4_4,pg,1xx,L2
25644,8,34,1,6,JJJJJJJJ,not tested,105.25 32.94 327.06 32.94 327.06 32.94 105.25 116.56,1.0000 1.0000 1.0000 1.0000 1.0000 1.0000 1.0000 1.0000,0 0 0 0 0 0 0 0,0 2 0 2 0 2 3 1,"3,5",,no (tile),,,,32.94,,1.0000,,4,yes,4_4 4_4,pg,1xx,L2
69293,8,0,0,1,USSSUSSS,not tested,90.00 90.00 180.00 180.00 90.00 90.00 180.00 180.00,1.0000 1.0000 1.0000 1.0000 1.0000 1.0000 1.0000 1.0000,0 1 1 1 0 1 1 1,0 0 0 0 2 1 1 1,"1,5,6",,no (tile),,,,90.00,,1.0000,,3,yes,6_4 6_2,pmg,22*,L3
69293,8,0,0,5,UIIIUIII,not tested,90.00 90.00 180.00 180.00 90.00 90.00 180.00 180.00,1.0000 1.0000 1.0000 1.0000 1.0000 1.0000 1.0000 1.0000,0 1 1 1 0 1 1 1,0 0 0 0 2 0 0 0,"1,4,5,6",,no (tile),,,,90.00,,1.0000,,3,yes,6_4 6_2,pmg,22*,L3
69293,8,0,1,0,USSSUSSS,not tested,90.00 90.00 180.00 180.00 90.00 90.00 180.00 180.00,1.0000 1.0000 1.0000 1.0000 1.0000 1.0000 1.0000 1.0000,0 1 1 1 0 1 1 1,0 0 0 0 2 1 1 1,"1,5,6",,no (tile),,,,90.00,,1.0000,,3,yes,6_4 6_2,pmg,22*,L3
69293,8,0,1,4,UIIIUIII,not tested,90.00 90.00 180.00 180.00 90.00 90.00 180.00 180.00,1.0000 1.0000 1.0000 1.0000 1.0000 1.0000 1.0000 1.0000,0 1 1 1 0 1 1 1,0 0 0 0 2 0 0 0,"1,4,5,6",,no (tile),,,,90.00,,1.0000,,3,yes,6_4 6_2,pmg,22*,L3
69293,8,1,0,5,UIIIUIII,not tested,90.00 90.00 180.00 180.00 90.00 90.00 180.00 180.00,1.0000 1.0000 1.0000 1.0000 1.0000 1.0000 1.0000 1.0000,0 1 1 1 0 1 1 1,0 0 0 0 2 0 0 0,"1,4,5,6",,no (tile),,,,90.00,,1.0000,,3,yes,6_4 6_2,pmg,22*,L3
69293,8,1,1,4,UIIIUIII,not tested,90.00 90.00 180.00 180.00 90.00 90.00 180.00 180.00,1.0000 1.0000 1.0000 1.0000 1.0000 1.0000 1.0000 1.0000,0 1 1 1 0 1 1 1,0 0 0 0 2 0 0 0,"1,4,5,6",,no (tile),,,,90.00,,1.0000,,3,yes,6_4 6_2,pmg,22*,L3
69293,8,2,0,5,UIIIUIII,not tested,90.00 90.00 180.00 180.00 90.00 90.00 180.00 180.00,1.0000 1.0000 1.0000 1.0000 1.0000 1.0000 1.0000 1.0000,0 1 1 1 0 1 1 1,0 0 0 0 2 0 0 0,"1,4,5,6",,no (tile),,,,90.00,,1.0000,,3,yes,6_4 6_2,pmg,22*,L3
69293,8,2,1,4,UIIIUIII,not tested,90.00 90.00 180.00 180.00 90.00 90.00 180.00 180.00,1.0000 1.0000 1.0000 1.0000 1.0000 1.0000 1.0000 1.0000,0 1 1 1 0 1 1 1,0 0 0 0 2 0 0 0,"1,4,5,6",,no (tile),,,,90.00,,1.0000,,3,yes,6_4 6_2,pmg,22*,L3
69293,8,3,0,1,USSSUSSS,not tested,90.00 90.00 180.00 180.00 90.00 90.00 180.00 180.00,1.0000 1.0000 1.0000 1.0000 1.0000 1.0000 1.0000 1.0000,0 1 1 1 0 1 1 1,0 0 0 0 2 1 1 1,"1,5,6",,no (tile),,,,90.00,,1.0000,,3,yes,6_4 6_2,pmg,22*,L3
69293,8,3,0,5,UIIIUIII,not tested,90.00 90.00 180.00 180.00 90.00 90.00 180.00 180.00,1.0000 1.0000 1.0000 1.0000 1.0000 1.0000 1.0000 1.0000,0 1 1 1 0 1 1 1,0 0 0 0 2 0 0 0,"1,4,5,6",,no (tile),,,,90.00,,1.0000,,3,yes,6_4 6_2,pmg,22*,L3
69293,8,3,1,0,USSSUSSS,not tested,90.00 90.00 180.00 180.00 90.00 90.00 180.00 180.00,1.0000 1.0000 1.0000 1.0000 1.0000 1.0000 1.0000 1.0000,0 1 1 1 0 1 1 1,0 0 0 0 2 1 1 1,"1,5,6",,no (tile),,,,90.00,,1.0000,,3,yes,6_4 6_2,pmg,22*,L3
69293,8,3,1,4,UIIIUIII,not tested,90.00 90.00 180.00 180.00 90.00 90.00 180.00 180.00,1.0000 1.0000 1.0000 1.0000 1.0000 1.0000 1.0000 1.0000,0 1 1 1 0 1 1 1,0 0 0 0 2 0 0 0,"1,4,5,6",,no (tile),,,,90.00,,1.0000,,3,yes,6_4 6_2,pmg,22*,L3
69293,8,7,0,0,IIIIIIII,not tested,90.00 180.00 90.00 180.00 90.00 180.00 90.00 180.00,1.0000 1.0000 1.0000 1.0000 1.0000 1.0000 1.0000 1.0000,0 0 0 0 0 0 0 0,0 0 0 0 0 0 0 0,"1,2,3,4,5,6,9",,no (tile),,,,90.00,,1.0000,,3,yes,6_4 6_2,pmg,22*,L3
69293,8,7,0,4,IIIIIIII,not tested,90.00 180.00 90.00 180.00 90.00 180.00 90.00 180.00,1.0000 1.0000 1.0000 1.0000 1.0000 1.0000 1.0000 1.0000,0 0 0 0 0 0 0 0,0 0 0 0 0 0 0 0,"1,2,3,4,5,6,9",,no (tile),,,,90.00,,1.0000,,3,yes,6_4 6_2,pmg,22*,L3
69293,8,7,1,2,IIIIIIII,not tested,90.00 180.00 90.00 180.00 90.00 180.00 90.00 180.00,1.0000 1.0000 1.0000 1.0000 1.0000 1.0000 1.0000 1.0000,0 0 0 0 0 0 0 0,0 0 0 0 0 0 0 0,"1,2,3,4,5,6,9",,no (tile),,,,90.00,,1.0000,,3,yes,6_4 6_2,pmg,22*,L3
69293,8,7,1,6,IIIIIIII,not tested,90.00 180.00 90.00 180.00 90.00 180.00 90.00 180.00,1.0000 1.0000 1.0000 1.0000 1.0000 1.0000 1.0000 1.0000,0 0 0 0 0 0 0 0,0 0 0 0 0 0 0 0,"1,2,3,4,5,6,9",,no (tile),,,,90.00,,1.0000,,3,yes,6_4 6_2,pmg,22*,L3
69294,8,1,0,0,IIIIIIII,not tested,90.00 180.00 90.00 180.00 90.00 180.00 90.00 180.00,1.0000 1.0000 1.0000 1.0000 1.0000 1.0000 1.0000 1.0000,0 0 0 0 0 0 0 0,0 0 0 0 0 0 0 0,"1,2,3,4,5,6,9",,no (tile),,,,90.00,,1.0000,,3,yes,6_4 6_2,cm,1*x,L3
69294,8,1,0,4,IIIIIIII,not tested,90.00 180.00 90.00 180.00 90.00 180.00 90.00 180.00,1.0000 1.0000 1.0000 1.0000 1.0000 1.0000 1.0000 1.0000,0 0 0 0 0 0 0 0,0 0 0 0 0 0 0 0,"1,2,3,4,5,6,9",,no (tile),,,,90.00,,1.0000,,3,yes,6_4 6_2,cm,1*x,L3
69294,8,1,1,2,IIIIIIII,not tested,90.00 180.00 90.00 180.00 90.00 180.00 90.00 180.00,1.0000 1.0000 1.0000 1.0000 1.0000 1.0000 1.0000 1.0000,0 0 0 0 0 0 0 0,0 0 0 0 0 0 0 0,"1,2,3,4,5,6,9",,no (tile),,,,90.00,,1.0000,,3,yes,6_4 6_2,cm,1*x,L3
69294,8,1,1,6,IIIIIIII,not tested,90.00 180.00 90.00 180.00 90.00 180.00 90.00 180.00,1.0000 1.0000 1.0000 1.0000 1.0000 1.0000 1.0000 1.0000,0 0 0 0 0 0 0 0,0 0 0 0 0 0 0 0,"1,2,3,4,5,6,9",,no (tile),,,,90.00,,1.0000,,3,yes,6_4 6_2,cm,1*x,L3
72459,8,5,0,2,IIIIIIII,not tested,180.00 90.00 180.00 90.00 180.00 90.00 180.00 90.00,1.0000 1.0000 1.0000 1.0000 1.0000 1.0000 1.0000 1.0000,0 0 0 0 0 0 0 0,0 0 0 0 0 0 0 0,"1,2,3,4,5,6,9",,no (tile),,,,90.00,,1.0000,,3,yes,6_6 6_3,pmg,22*,L2
72459,8,5,0,6,IIIIIIII,not tested,180.00 90.00 180.00 90.00 180.00 90.00 180.00 90.00,1.0000 1.0000 1.0000 1.0000 1.0000 1.0000 1.0000 1.0000,0 0 0 0 0 0 0 0,0 0 0 0 0 0 0 0,"1,2,3,4,5,6,9",,no (tile),,,,90.00,,1.0000,,3,yes,6_6 6_3,pmg,22*,L2
72459,8,5,1,2,IIIIIIII,not tested,180.00 90.00 180.00 90.00 180.00 90.00 180.00 90.00,1.0000 1.0000 1.0000 1.0000 1.0000 1.0000 1.0000 1.0000,0 0 0 0 0 0 0 0,0 0 0 0 0 0 0 0,"1,2,3,4,5,6,9",,no (tile),,,,90.00,,1.0000,,3,yes,6_6 6_3,pmg,22*,L2
72459,8,5,1,6,IIIIIIII,not tested,180.00 90.00 180.00 90.00 180.00 90.00 180.00 90.00,1.0000 1.0000 1.0000 1.0000 1.0000 1.0000 1.0000 1.0000,0 0 0 0 0 0 0 0,0 0 0 0 0 0 0 0,"1,2,3,4,5,6,9",,no (tile),,,,90.00,,1.0000,,3,yes,6_6 6_3,pmg,22*,L2
72474,8,1,0,2,IIIIIIII,not tested,180.00 90.00 180.00 90.00 180.00 90.00 180.00 90.00,1.0000 1.0000 1.0000 1.0000 1.0000 1.0000 1.0000 1.0000,0 0 0 0 0 0 0 0,0 0 0 0 0 0 0 0,"1,2,3,4,5,6,9",,no (tile),,,,90.00,,1.0000,,3,yes,6_6 6_3,cm,1*x,L2
72474,8,1,0,6,IIIIIIII,not tested,180.00 90.00 180.00 90.00 180.00 90.00 180.00 90.00,1.0000 1.0000 1.0000 1.0000 1.0000 1.0000 1.0000 1.0000,0 0 0 0 0 0 0 0,0 0 0 0 0 0 0 0,"1,2,3,4,5,6,9",,no (tile),,,,90.00,,1.0000,,3,yes,6_6 6_3,cm,1*x,L2
72474,8,1,1,2,IIIIIIII,not tested,180.00 90.00 180.00 90.00 180.00 90.00 180.00 90.00,1.0000 1.0000 1.0000 1.0000 1.0000 1.0000 1.0000 1.0000,0 0 0 0 0 0 0 0,0 0 0 0 0 0 0 0,"1,2,3,4,5,6,9",,no (tile),,,,90.00,,1.0000,,3,yes,6_6 6_3,cm,1*x,L2
72474,8,1,1,6,IIIIIIII,not tested,180.00 90.00 180.00 90.00 180.00 90.00 180.00 90.00,1.0000 1.0000 1.0000 1.0000 1.0000 1.0000 1.0000 1.0000,0 0 0 0 0 0 0 0,0 0 0 0 0 0 0 0,"1,2,3,4,5,6,9",,no (tile),,,,90.00,,1.0000,,3,yes,6_6 6_3,cm,1*x,L2
72675,8,33,1,5,IIIIIIII,not tested,90.00 90.00 90.00 270.00 90.00 180.00 90.00 180.00,1.0000 0.3333 0.3333 0.3333 0.3333 0.3333 0.3333 0.3333,0 1 1 1 1 5 1 5,0 0 0 0 0 0 0 0,"1,2,6",,no (tile),,,,90.00,,0.3333,,3 4,yes,4_2 5_2,cmm,2*22,L2
72675,8,64,1,2,IIIIIIII,not tested,90.00 180.00 90.00 180.00 90.00 270.00 90.00 90.00,1.0000 1.0000 1.0000 1.0000 1.0000 1.0000 1.0000 3.0000,0 1 0 1 1 1 1 7,0 0 0 0 0 0 0 0,"1,2,6",,no (tile),,,,90.00,,0.3333,,3 4,yes,4_2 5_2,cmm,2*22,L2
72678,8,12,0,2,IIIIIIII,not tested,90.00 180.00 90.00 180.00 90.00 180.00 90.00 180.00,1.0000 1.0000 1.0000 1.0000 1.0000 1.0000 1.0000 1.0000,0 1 0 1 1 0 1 0,0 0 0 0 0 0 0 0,"1,2,3,4,5,6,9",,no (tile),,,,90.00,,1.0000,,3 4,yes,4_1 5_1,pmg,22*,L2
72678,8,12,0,6,IIIIIIII,not tested,90.00 180.00 90.00 180.00 90.00 180.00 90.00 180.00,1.0000 1.0000 1.0000 1.0000 1.0000 1.0000 1.0000 1.0000,0 1 1 0 1 0 0 1,0 0 0 0 0 0 0 0,"1,2,3,4,5,6,9",,no (tile),,,,90.00,,1.0000,,3 4,yes,4_1 5_1,pmg,22*,L2
72678,8,12,1,0,IIIIIIII,not tested,90.00 180.00 90.00 180.00 90.00 180.00 90.00 180.00,1.0000 1.0000 1.0000 1.0000 1.0000 1.0000 1.0000 1.0000,0 1 0 1 1 0 1 0,0 0 0 0 0 0 0 0,"1,2,3,4,5,6,9",,no (tile),,,,90.00,,1.0000,,3 4,yes,4_1 5_1,pmg,22*,L2
72678,8,12,1,4,IIIIIIII,not tested,90.00 180.00 90.00 180.00 90.00 180.00 90.00 180.00,1.0000 1.0000 1.0000 1.0000 1.0000 1.0000 1.0000 1.0000,0 1 1 0 1 0 0 1,0 0 0 0 0 0 0 0,"1,2,3,4,5,6,9",,no (tile),,,,90.00,,1.0000,,3 4,yes,4_1 5_1,pmg,22*,L2
72679,8,2,0,2,IIIIIIII,not tested,90.00 180.00 90.00 180.00 90.00 180.00 90.00 180.00,1.0000 1.0000 1.0000 1.0000 1.0000 1.0000 1.0000 1.0000,0 0 0 0 0 0 0 0,0 0 0 0 0 0 0 0,"1,2,3,4,5,6,9",,no (tile),,,,90.00,,1.0000,,3 4,yes,4_1 5_1,cm,1*x,L2
72679,8,2,0,6,IIIIIIII,not tested,90.00 180.00 90.00 180.00 90.00 180.00 90.00 180.00,1.0000 1.0000 1.0000 1.0000 1.0000 1.0000 1.0000 1.0000,0 0 0 0 0 0 0 0,0 0 0 0 0 0 0 0,"1,2,3,4,5,6,9",,no (tile),,,,90.00,,1.0000,,3 4,yes,4_1 5_1,cm,1*x,L2
72679,8,2,1,0,IIIIIIII,not tested,90.00 180.00 90.00 180.00 90.00 180.00 90.00 180.00,1.0000 1.0000 1.0000 1.0000 1.0000 1.0000 1.0000 1.0000,0 0 0 0 0 0 0 0,0 0 0 0 0 0 0 0,"1,2,3,4,5,6,9",,no (tile),,,,90.00,,1.0000,,3 4,yes,4_1 5_1,cm,1*x,L2
72679,8,2,1,4,IIIIIIII,not tested,90.00 180.00 90.00 180.00 90.00 180.00 90.00 180.00,1.0000 1.0000 1.0000 1.0000 1.0000 1.0000 1.0000 1.0000,0 0 0 0 0 0 0 0,0 0 0 0 0 0 0 0,"1,2,3,4,5,6,9",,no (tile),,,,90.00,,1.0000,,3 4,yes,4_1 5_1,cm,1*x,L2
72684,8,9,0,7,IJJJIJJJ,not tested,285.52 -105.52 180.00 211.03 285.52 74.48 -31.03 180.00,1.0000 0.2675 0.2675 0.2675 1.0000 0.2675 0.2675 0.2675,0 1 1 1 0 1 1 1,0 0 3 3 0 0 0 3,1,,no (tile),,,,31.03,,0.2675,,3 4,yes,4_2 5_2,pmg,22*,L2
72684,8,14,0,2,IJJJIJJJ,not tested,134.54 45.46 180.00 89.09 314.54 45.46 90.91 180.00,1.0000 0.7015 0.7015 0.7015 1.0000 0.7015 0.7015 0.7015,0 1 1 1 0 1 1 1,0 0 3 3 0 0 0 3,1,,no (tile),,,,45.46,,0.7015,,3 4,yes,4_2 5_2,pmg,22*,L2
72684,8,19,0,2,IIIIIIII,not tested,90.00 180.00 90.00 135.00 180.00 45.00 225.00 135.00,1.0000 0.7071 0.7071 0.7071 1.0000 0.7071 0.7071 0.7071,0 1 1 1 0 1 1 1,0 0 0 0 0 0 0 0,"1,6",,no (tile),,,,45.00,,0.7071,,3 4,yes,4_2 5_2,pmg,22*,L2
72684,8,19,0,7,IIIIIIII,not tested,144.00 180.00 36.00 216.00 144.00 72.00 216.00 72.00,1.0000 1.2361 1.0000 1.0000 1.0000 1.0000 1.0000 1.0000,0 1 0 0 0 0 0 0,0 0 0 0 0 0 0 0,"2,6",,no (tile),,,,36.00,,0.8090,,3 4,yes,4_2 5_2,pmg,22*,L2
72684,8,21,0,0,IIIIIIII,not tested,90.00 180.00 90.00 135.00 225.00 45.00 180.00 135.00,1.0000 1.4142 1.0000 1.0000 1.0000 1.4142 1.0000 1.0000,0 1 0 0 0 1 0 0,0 0 0 0 0 0 0 0,"1,6",,no (tile),,,,45.00,,0.7071,,3 4,yes,4_2 5_2,pmg,22*,L2
72684,8,21,0,3,IIIIIIII,not tested,36.00 180.00 144.00 72.00 216.00 72.00 144.00 216.00,1.0000 0.8090 0.8090 0.8090 0.8090 0.8090 0.8090 0.8090,0 1 1 1 1 1 1 1,0 0 0 0 0 0 0 0,"2,6",,no (tile),,,,36.00,,0.8090,,3 4,yes,4_2 5_2,pmg,22*,L2
72685,8,3,1,6,IIUIIIIU,not tested,150.00 180.00 30.00 210.00 180.00 90.00 90.00 150.00,1.0000 1.0000 1.6597 1.0000 1.0000 1.7321 1.0000 1.6597,0 0 2 0 0 5 0 2,0 0 0 0 0 0 0 2,"1,2,6",,no (tile),,,,30.00,,0.5774,,3 4,yes,4_2 5_2,cm,1*x,L2
72686,8,21,0,1,IIJJIJIJ,not tested,18.22 180.00 161.78 8.89 207.11 152.89 198.22 152.89,1.0000 0.2675 0.3793 0.3793 0.2675 0.3793 0.2675 0.3793,0 1 2 2 1 2 1 2,0 0 0 0 0 3 0 3,1,,no (tile),,,,8.89,,0.2675,,3 4,yes,4_2 5_2,pmg,22*,L2
72686,8,21,0,2,IIJIJIJJ,not tested,243.55 180.00 -63.55 254.49 116.45 254.49 105.51 -10.94,1.0000 1.3395 0.3538 1.0000 0.3538 1.0000 0.3538 0.3538,0 1 2 0 2 0 2 2,0 0 0 0 0 0 3 3,1,,no (tile),,,,10.94,,0.2641,,3 4,yes,4_2 5_2,pmg,22*,L2
72686,8,24,1,0,IIJIJIJJ,not tested,110.23 180.00 69.77 9.41 290.23 350.59 9.41 60.36,1.0000 0.2675 0.8034 0.2675 0.8034 0.2675 0.8034 0.8034,0 1 2 1 2 1 2 2,0 0 0 0 2 0 1 3,1,,no (tile),,,,9.41,,0.2675,,3 4,yes,4_2 5_2,pmg,22*,L2
72703,8,55,0,5,IIIIIIII,not tested,104.66 104.66 180.00 104.66 255.34 75.34 180.00 75.34,1.0000 0.8183 1.0000 0.8183 1.0000 1.0000 0.8183 3.2326,0 1 0 1 0 0 1 7,0 0 0 0 0 0 0 0,1,,no (tile),,,,75.34,,0.2531,,3 4,yes,4_2 5_2,pmg,22*,L2
72703,8,104,0,5,IIIIIIII,not tested,80.62 180.00 80.62 260.62 99.38 180.00 99.38 99.38,1.0000 2.4041 2.4041 1.0000 2.4041 1.0000 2.4041 6.1342,0 1 1 0 1 0 1 7,0 0 0 0 0 0 0 0,1,,no (tile),,,,80.62,,0.1630,,3 4,yes,4_2 5_2,pmg,22*,L2
72755,8,1,0,2,IIIIIIII,not tested,25.71 180.00 77.14 154.29 154.29 77.14 205.71 205.71,1.0000 0.4010 0.4010 0.4010 0.4010 0.4010 0.4010 0.4010,0 1 1 1 1 1 1 1,0 0 0 0 0 0 0 0,"2,6",,no (tile),,,,25.71,,0.4010,,3 6,yes,4_3 5_3,pmg,22*,L2
72755,8,3,1,0,IIIIIIII,not tested,50.78 180.00 78.44 101.56 258.44 101.56 258.44 50.78,1.0000 4.0000 1.0000 1.0000 1.0000 1.0000 1.0000 3.7939,0 1 0 0 0 0 0 7,0 0 0 0 0 0 0 0,"1,6",,no (tile),,,,50.78,,0.2500,,3 6,yes,4_3 5_3,pmg,22*,L2
72755,8,3,1,2,IIIIIIII,not tested,82.38 180.00 48.81 48.81 262.38 97.62 262.38 97.62,1.0000 0.2500 0.9879 0.2500 0.2500 0.2500 0.2500 0.2500,0 1 2 1 1 1 1 1,0 0 0 0 0 0 0 0,"1,6",,no (tile),,,,48.81,,0.2500,,3 6,yes,4_3 5_3,pmg,22*,L2
72755,8,8,0,0,IIIIIIII,not tested,77.14 180.00 25.71 205.71 205.71 77.14 154.29 154.29,1.0000 2.4940 1.0000 1.0000 1.0000 1.0000 1.0000 1.0000,0 1 0 0 0 0 0 0,0 0 0 0 0 0 0 0,"2,6",,no (tile),,,,25.71,,0.4010,,3 6,yes,4_3 5_3,pmg,22*,L2
72756,8,4,1,6,IIIIIIII,not tested,30.00 180.00 60.00 90.00 270.00 90.00 90.00 270.00,1.0000 1.0000 1.0000 0.5774 1.0000 0.5774 1.0000 0.5774,0 0 0 3 0 3 0 3,0 0 0 0 0 0 0 0,"1,2,6",,no (tile),,,,30.00,,0.5774,,3 6,yes,4_3 5_3,cm,1*x,L2
72756,8,7,0,2,IIIIIIII,not tested,128.57 180.00 25.71 180.00 231.43 90.00 64.29 180.00,1.0000 1.0000 1.0000 1.0000 1.0000 1.2540 1.0000 1.0000,0 0 0 0 0 5 0 0,0 0 0 0 0 0 0 0,6,,no (tile),,,,25.71,,0.7975,,3 6,yes,4_3 5_3,cm,1*x,L2
72756,8,7,1,4,IIIIIIII,not tested,60.00 180.00 30.00 270.00 90.00 90.00 270.00 90.00,1.0000 1.0000 0.5774 1.0000 0.5774 1.0000 0.5774 1.0000,0 0 2 0 2 0 2 0,0 0 0 0 0 0 0 0,"1,2,6",,no (tile),,,,30.00,,0.5774,,3 6,yes,4_3 5_3,cm,1*x,L2
72760,8,4,1,7,IIIIIIII,not tested,90.78 180.00 89.22 180.00 90.78 89.22 270.78 89.22,1.0000 1.0000 1.0000 1.0000 1.0000 1.0000 1.0000 1.0000,0 1 0 1 1 1 1 1,0 0 0 0 0 0 0 0,"1,2,3,4,5,6",,no (tile),,,,89.22,,1.0000,,3 4,yes,4_3 5_3,pmg,22*,L2
72760,8,7,1,2,IIIIIIII,not tested,90.78 180.00 89.22 90.78 269.22 90.78 89.22 180.00,1.0000 1.0000 1.0000 1.0000 1.0000 1.0000 1.0000 1.0000,0 1 1 1 1 1 0 1,0 0 0 0 0 0 0 0,"1,2,3,4,5,6",,no (tile),,,,89.22,,1.0000,,3 4,yes,4_3 5_3,pmg,22*,L2
72781,8,12,0,2,SSSSSSSS,not tested,90.00 180.00 90.00 180.00 90.00 180.00 90.00 180.00,1.0000 1.0000 1.0000 1.0000 1.0000 1.0000 1.0000 1.0000,0 0 0 0 0 0 0 0,0 0 0 0 0 0 0 0,"1,4,9",,no (tile),,,,90.00,,1.0000,,3 4,yes,4_1 5_1,p2,2222,L2
72781,8,12,0,6,SSSSSSSS,not tested,90.00 180.00 90.00 180.00 90.00 180.00 90.00 180.00,1.0000 1.0000 1.0000 1.0000 1.0000 1.0000 1.0000 1.0000,0 0 0 0 0 0 0 0,0 0 0 0 0 0 0 0,"1,4,9",,no (tile),,,,90.00,,1.0000,,3 4,yes,4_1 5_1,p2,2222,L2
72781,8,12,1,0,SSSSSSSS,not tested,90.00 180.00 90.00 180.00 90.00 180.00 90.00 180.00,1.0000 1.0000 1.0000 1.0000 1.0000 1.0000 1.0000 1.0000,0 0 0 0 0 0 0 0,0 0 1 1 0 0 1 1,"1,2,3,4,5,6",,no (tile),,,,90.00,,1.0000,,3 4,yes,4_1 5_1,p2,2222,L2
72781,8,12,1,4,SSSSSSSS,not tested,90.00 180.00 90.00 180.00 90.00 180.00 90.00 180.00,1.0000 1.0000 1.0000 1.0000 1.0000 1.0000 1.0000 1.0000,0 0 0 0 0 0 0 0,0 0 1 1 0 0 1 1,"1,2,3,4,5,6",,no (tile),,,,90.00,,1.0000,,3 4,yes,4_1 5_1,p2,2222,L2
72781,8,13,0,0,SSSJSSSJ,not tested,90.00 180.00 180.00 90.00 90.00 180.00 180.00 90.00,1.0000 1.0000 1.0000 1.0000 1.0000 1.0000 1.0000 1.0000,0 0 0 3 0 0 0 3,0 0 0 0 0 0 0 3,"1,4",,no (tile),,,,90.00,,1.0000,,3 4,yes,4_1 5_1,p2,2222,L2
72781,8,13,1,3,SSSJSSSJ,not tested,90.00 180.00 180.00 90.00 90.00 180.00 180.00 90.00,1.0000 1.0000 1.0000 1.0000 1.0000 1.0000 1.0000 1.0000,0 0 0 3 0 0 0 3,0 0 0 0 1 1 1 3,"1,5",,no (tile),,,,90.00,,1.0000,,3 4,yes,4_1 5_1,p2,2222,L2
72781,8,14,0,0,SSSJSSSJ,not tested,90.00 180.00 180.00 90.00 90.00 180.00 180.00 90.00,1.0000 1.0000 1.0000 1.0000 1.0000 1.0000 1.0000 1.0000,0 0 0 3 0 0 0 3,0 0 0 0 0 0 0 3,"1,4",,no (tile),,,,90.00,,1.0000,,3 4,yes,4_1 5_1,p2,2222,L2
72781,8,14,1,3,SSSJSSSJ,not tested,90.00 180.00 180.00 90.00 90.00 180.00 180.00 90.00,1.0000 1.0000 1.0000 1.0000 1.0000 1.0000 1.0000 1.0000,0 0 0 3 0 0 0 3,0 0 0 0 1 1 1 3,"1,5",,no (tile),,,,90.00,,1.0000,,3 4,yes,4_1 5_1,p2,2222,L2
72781,8,25,0,6,SSSSSJSJ,not tested,80.52 180.00 180.00 180.00 180.00 99.48 80.52 99.48,1.0000 1.0000 1.0000 1.0000 1.0000 1.9311 5.0000 1.9311,0 0 0 0 0 5 6 5,0 0 0 0 0 0 0 3,1,,no (tile),,,,80.52,,0.2000,,3 4,yes,4_1 5_1,p2,2222,L2
72781,8,25,1,7,SSSSSJIJ,not tested,80.52 180.00 180.00 180.00 180.00 99.48 80.52 99.48,1.0000 1.0000 1.0000 1.0000 1.0000 1.9311 5.0000 1.9311,0 0 0 0 0 5 6 5,0 0 0 0 0 0 0 3,1,,no (tile),,,,80.52,,0.2000,,3 4,yes,4_1 5_1,p2,2222,L2
72781,8,26,0,6,SSSSSJSJ,not tested,80.52 180.00 180.00 180.00 180.00 99.48 80.52 99.48,1.0000 1.0000 1.0000 1.0000 1.0000 1.9311 5.0000 1.9311,0 0 0 0 0 5 6 5,0 0 0 0 0 0 0 3,1,,no (tile),,,,80.52,,0.2000,,3 4,yes,4_1 5_1,p2,2222,L2
72781,8,26,1,7,SSSSSJIJ,not tested,80.52 180.00 180.00 180.00 180.00 99.48 80.52 99.48,1.0000 1.0000 1.0000 1.0000 1.0000 1.9311 5.0000 1.9311,0 0 0 0 0 5 6 5,0 0 0 0 0 0 0 3,1,,no (tile),,,,80.52,,0.2000,,3 4,yes,4_1 5_1,p2,2222,L2
72781,8,27,0,6,SSSSSJSJ,not tested,80.52 180.00 180.00 180.00 180.00 99.48 80.52 99.48,1.0000 1.0000 1.0000 1.0000 1.0000 1.9311 5.0000 1.9311,0 0 0 0 0 5 6 5,0 0 0 0 0 0 0 3,1,,no (tile),,,,80.52,,0.2000,,3 4,yes,4_1 5_1,p2,2222,L2
72781,8,27,1,7,SSSSSJIJ,not tested,80.52 180.00 180.00 180.00 180.00 99.48 80.52 99.48,1.0000 1.0000 1.0000 1.0000 1.0000 1.9311 5.0000 1.9311,0 0 0 0 0 5 6 5,0 0 0 0 0 0 0 3,1,,no (tile),,,,80.52,,0.2000,,3 4,yes,4_1 5_1,p2,2222,L2
72781,8,28,0,6,SSSSSJSJ,not tested,80.52 180.00 180.00 180.00 180.00 99.48 80.52 99.48,1.0000 1.0000 1.0000 1.0000 1.0000 1.9311 5.0000 1.9311,0 0 0 0 0 5 6 5,0 0 0 0 0 0 0 3,1,,no (tile),,,,80.52,,0.2000,,3 4,yes,4_1 5_1,p2,2222,L2
72781,8,28,1,7,SSSSSJIJ,not tested,80.52 180.00 180.00 180.00 180.00 99.48 80.52 99.48,1.0000 1.0000 1.0000 1.0000 1.0000 1.9311 5.0000 1.9311,0 0 0 0 0 5 6 5,0 0 0 0 0 0 0 3,1,,no (tile),,,,80.52,,0.2000,,3 4,yes,4_1 5_1,p2,2222,L2
72782,8,2,0,2,UUUUUUUU,not tested,90.00 180.00 90.00 180.00 90.00 180.00 90.00 180.00,1.0000 1.0000 1.0000 1.0000 1.0000 1.0000 1.0000 1.0000,0 0 0 0 0 0 0 0,0 2 0 2 0 2 0 2,"1,2,3,4,5,9",,no (tile),,,,90.00,,1.0000,,3 4,yes,4_1 5_1,pgg,22x,L2
72782,8,2,0,6,UUUUUUUU,not tested,90.00 180.00 90.00 180.00 90.00 180.00 90.00 180.00,1.0000 1.0000 1.0000 1.0000 1.0000 1.0000 1.0000 1.0000,0 0 0 0 0 0 0 0,0 2 0 2 0 2 0 2,"1,2,3,4,5,9",,no (tile),,,,90.00,,1.0000,,3 4,yes,4_1 5_1,pgg,22x,L2
72782,8,2,1,0,UUUUUUUU,not tested,90.00 180.00 90.00 180.00 90.00 180.00 90.00 180.00,1.0000 1.0000 1.0000 1.0000 1.0000 1.0000 1.0000 1.0000,0 0 0 0 0 0 0 0,0 2 2 0 0 2 2 0,"1,2,3,4,5,6",,no (tile),,,,90.00,,1.0000,,3 4,yes,4_1 5_1,pgg,22x,L2
72782,8,2,1,4,UUUUUUUU,not tested,90.00 180.00 90.00 180.00 90.00 180.00 90.00 180.00,1.0000 1.0000 1.0000 1.0000 1.0000 1.0000 1.0000 1.0000,0 0 0 0 0 0 0 0,0 2 2 0 0 2 2 0,"1,2,3,4,5,6",,no (tile),,,,90.00,,1.0000,,3 4,yes,4_1 5_1,pgg,22x,L2
72788,8,9,0,7,SJJJSJJJ,not tested,285.52 -105.52 180.00 211.03 285.52 74.48 -31.03 180.00,1.0000 0.2675 0.2675 0.2675 1.0000 0.2675 0.2675 0.2675,0 1 1 1 0 1 1 1,0 0 3 3 0 0 0 3,1,,no (tile),,,,31.03,,0.2675,,3 4,yes,4_2 5_2,p2,2222,L2
72788,8,14,0,2,SJJJSJJJ,not tested,134.54 45.46 180.00 89.09 314.54 45.46 90.91 180.00,1.0000 0.7015 0.7015 0.7015 1.0000 0.7015 0.7015 0.7015,0 1 1 1 0 1 1 1,0 0 3 3 0 0 0 3,1,,no (tile),,,,45.46,,0.7015,,3 4,yes,4_2 5_2,p2,2222,L2
72788,8,31,0,3,SSSSSSSS,not tested,90.00 270.00 90.00 90.00 180.00 90.00 180.00 90.00,1.0000 1.0000 1.0000 1.0000 1.0000 1.0000 1.0000 1.0000,0 0 0 0 0 0 0 0,0 0 0 0 0 0 0 0,"1,4",,no (tile),,,,90.00,,1.0000,,3 4,yes,4_2 5_2,p2,2222,L2
72788,8,36,0,0,SSSSSSSS,not tested,90.00 90.00 270.00 90.00 90.00 180.00 90.00 180.00,1.0000 1.0000 1.0000 1.0000 1.0000 1.0000 1.0000 1.0000,0 0 0 0 0 0 0 0,0 0 0 0 0 0 0 0,"1,4",,no (tile),,,,90.00,,1.0000,,3 4,yes,4_2 5_2,p2,2222,L2
72788,8,38,0,7,SJJSJJJJ,not needed (covering theorem),161.57 18.43 180.00 341.57 18.43 180.00 90.00 90.00,1.0000 0.6325 0.6325 1.0000 0.6325 0.6325 0.6325 0.6325,0 1 1 0 1 1 1 1,0 0 3 0 0 3 0 3,,,YES,2,1,2,18.43,,0.6325,,3 4,yes,4_2 5_2,p2,2222,L2
72788,8,38,1,5,SIISIIII,not tested,26.45 333.55 180.00 26.45 153.55 90.00 90.00 180.00,1.0000 0.5969 0.5969 1.0000 0.5969 0.8908 0.5969 0.5969,0 1 1 0 1 5 1 1,0 0 0 0 0 0 0 0,1,,no (tile),,,,26.45,,0.5969,,3 4,yes,4_2 5_2,p2,2222,L2
72788,8,42,0,5,SJJSJJJJ,not needed (covering theorem),18.43 341.57 180.00 18.43 161.57 90.00 90.00 180.00,1.0000 0.6325 0.6325 1.0000 0.6325 0.6325 0.6325 0.6325,0 1 1 0 1 1 1 1,0 0 3 0 0 3 0 3,,,YES,2,1,2,18.43,,0.6325,,3 4,yes,4_2 5_2,p2,2222,L2
72788,8,42,1,7,SIISIIII,not tested,148.87 31.13 180.00 328.87 31.13 180.00 90.00 90.00,1.0000 0.5706 0.5706 1.0000 0.5706 0.5706 1.0341 0.5706,0 1 1 0 1 1 6 1,0 0 0 0 0 0 0 0,1,,no (tile),,,,31.13,,0.5519,,3 4,yes,4_2 5_2,p2,2222,L2
72789,8,3,1,6,IIUIIIIU,not tested,150.00 180.00 30.00 210.00 180.00 90.00 90.00 150.00,1.0000 1.0000 1.6597 1.0000 1.0000 1.7321 1.0000 1.6597,0 0 2 0 0 5 0 2,0 0 0 0 0 0 0 2,"1,2,6",,no (tile),,,,30.00,,0.5774,,3 4,yes,4_2 5_2,pgg,22x,L2
72789,8,4,1,5,UIIUIIII,not tested,115.48 115.48 180.00 244.52 64.52 90.00 90.00 180.00,1.0000 3.3133 3.3133 1.0000 3.3133 6.9524 3.3133 3.3133,0 1 1 0 1 5 1 1,0 0 0 2 0 0 0 0,"1,2,6",,no (tile),,,,64.52,,0.1438,,3 4,yes,4_2 5_2,pgg,22x,L2
72789,8,4,1,7,UIIUIIII,not tested,71.82 251.82 180.00 108.18 108.18 180.00 90.00 90.00,1.0000 1.0217 1.0217 1.0000 1.0217 1.0217 3.1115 1.0217,0 1 1 0 1 1 6 1,0 0 0 2 0 0 0 0,"1,2,6",,no (tile),,,,71.82,,0.3214,,3 4,yes,4_2 5_2,pgg,22x,L2
72790,8,18,1,1,SSJJSJSJ,not tested,242.33 180.00 -62.33 259.50 -17.17 377.17 117.67 -17.17,1.0000 1.0000 1.2010 1.2010 1.0000 1.2010 1.0000 1.2010,0 0 2 2 0 2 0 2,0 0 0 2 0 1 1 3,1,,no (tile),,,,17.17,,0.8327,,3 4,yes,4_2 5_2,p2,2222,hand
72790,8,24,1,0,SSJSJSJJ,not tested,78.50 180.00 101.50 19.06 258.50 340.94 19.06 82.44,1.0000 1.0000 1.3180 1.0000 1.3180 1.0000 1.3180 1.3180,0 0 2 0 2 0 2 2,0 0 0 1 2 0 1 3,1,,no (tile),,,,19.06,,0.7587,,3 4,yes,4_2 5_2,p2,2222,hand
72790,8,31,0,7,SSSJJSJJ,not tested,396.78 180.00 180.00 -216.78 48.29 396.78 -36.78 131.71,1.0000 1.0000 1.0000 1.8703 1.8703 1.0000 1.8703 1.8703,0 0 0 3 3 0 3 3,0 0 0 0 3 0 0 3,1,,no (tile),,,,36.78,,0.5347,,3 4,yes,4_2 5_2,p2,2222,hand
72790,8,31,1,4,SSSJJSJJ,not tested,-144.08 180.00 180.00 324.08 204.64 324.08 35.92 -24.64,1.0000 1.0000 1.0000 1.8760 1.8760 1.0000 1.8760 1.8760,0 0 0 3 3 0 3 3,0 0 0 0 1 1 2 3,"1,6",,no (tile),,,,24.64,,0.5331,,3 4,yes,4_2 5_2,p2,2222,hand
72790,8,35,0,7,SSSJJSJJ,not tested,68.35 180.00 180.00 111.65 50.30 248.35 111.65 129.70,1.0000 1.0000 1.0000 1.2417 1.2417 1.0000 1.2417 1.2417,0 0 0 3 3 0 3 3,0 0 0 0 3 0 0 3,1,,no (tile),,,,50.30,,0.8053,,3 4,yes,4_2 5_2,p2,2222,hand
72790,8,35,1,4,SSSJJSJJ,not tested,113.39 180.00 180.00 66.61 95.58 246.61 113.39 84.42,1.0000 1.0000 1.0000 1.2296 1.2296 1.0000 1.2296 1.2296,0 0 0 3 3 0 3 3,0 0 0 0 1 1 2 3,"1,6",,no (tile),,,,66.61,,0.8133,,3 4,yes,4_2 5_2,p2,2222,hand
72807,8,1,0,2,SSSSSSSS,not tested,180.00 90.00 90.00 180.00 180.00 90.00 90.00 180.00,1.0000 1.0000 1.0000 1.0000 1.0000 1.0000 1.0000 1.0000,0 1 0 0 0 1 0 0,0 0 0 0 0 0 0 0,"1,4",,no (tile),,,,90.00,,1.0000,,3,yes,6_2 6_4,p2,2222,L2
72807,8,1,0,6,SSSSSSSS,not tested,180.00 90.00 90.00 180.00 180.00 90.00 90.00 180.00,1.0000 1.0000 1.0000 1.0000 1.0000 1.0000 1.0000 1.0000,0 1 0 0 0 1 0 0,0 0 0 0 0 0 0 0,"1,4",,no (tile),,,,90.00,,1.0000,,3,yes,6_2 6_4,p2,2222,L2
72807,8,1,1,1,ISIIISII,not tested,180.00 90.00 90.00 180.00 180.00 90.00 90.00 180.00,1.0000 1.0000 1.0000 1.0000 1.0000 1.0000 1.0000 1.0000,0 1 0 0 0 1 0 0,0 0 0 0 0 0 0 0,"1,4,5,6",,no (tile),,,,90.00,,1.0000,,3,yes,6_2 6_4,p2,2222,L2
72807,8,1,1,5,ISIIISII,not tested,180.00 90.00 90.00 180.00 180.00 90.00 90.00 180.00,1.0000 1.0000 1.0000 1.0000 1.0000 1.0000 1.0000 1.0000,0 1 0 0 0 1 0 0,0 0 0 0 0 0 0 0,"1,4,5,6",,no (tile),,,,90.00,,1.0000,,3,yes,6_2 6_4,p2,2222,L2
72807,8,2,0,0,SSSSSSSS,not tested,90.00 180.00 90.00 180.00 90.00 180.00 90.00 180.00,1.0000 1.0000 1.0000 1.0000 1.0000 1.0000 1.0000 1.0000,0 0 0 0 0 0 0 0,0 0 0 0 0 0 0 0,"1,4,9",,no (tile),,,,90.00,,1.0000,,3,yes,6_2 6_4,p2,2222,L2
72807,8,2,0,4,SSSSSSSS,not tested,90.00 180.00 90.00 180.00 90.00 180.00 90.00 180.00,1.0000 1.0000 1.0000 1.0000 1.0000 1.0000 1.0000 1.0000,0 0 0 0 0 0 0 0,0 0 0 0 0 0 0 0,"1,4,9",,no (tile),,,,90.00,,1.0000,,3,yes,6_2 6_4,p2,2222,L2
72807,8,2,1,1,ISIIISII,not tested,180.00 90.00 90.00 180.00 180.00 90.00 90.00 180.00,1.0000 1.0000 1.0000 1.0000 1.0000 1.0000 1.0000 1.0000,0 1 0 0 0 1 0 0,0 0 0 0 0 0 0 0,"1,4,5,6",,no (tile),,,,90.00,,1.0000,,3,yes,6_2 6_4,p2,2222,L2
72807,8,2,1,2,SSSSSSSS,not tested,90.00 180.00 90.00 180.00 90.00 180.00 90.00 180.00,1.0000 1.0000 1.0000 1.0000 1.0000 1.0000 1.0000 1.0000,0 0 0 0 0 0 0 0,0 0 1 1 0 0 1 1,"1,2,3,4,5,6",,no (tile),,,,90.00,,1.0000,,3,yes,6_2 6_4,p2,2222,L2
72807,8,2,1,3,IIIIIIII,not tested,90.00 90.00 180.00 180.00 90.00 90.00 180.00 180.00,1.0000 1.0000 1.0000 1.0000 1.0000 1.0000 1.0000 1.0000,0 1 1 1 0 1 1 1,0 0 0 0 0 0 0 0,"1,2,3,4,5,6",,no (tile),,,,90.00,,1.0000,,3,yes,6_2 6_4,p2,2222,L2
72807,8,2,1,5,ISIIISII,not tested,180.00 90.00 90.00 180.00 180.00 90.00 90.00 180.00,1.0000 1.0000 1.0000 1.0000 1.0000 1.0000 1.0000 1.0000,0 1 0 0 0 1 0 0,0 0 0 0 0 0 0 0,"1,4,5,6",,no (tile),,,,90.00,,1.0000,,3,yes,6_2 6_4,p2,2222,L2
72807,8,2,1,6,SSSSSSSS,not tested,90.00 180.00 90.00 180.00 90.00 180.00 90.00 180.00,1.0000 1.0000 1.0000 1.0000 1.0000 1.0000 1.0000 1.0000,0 0 0 0 0 0 0 0,0 0 1 1 0 0 1 1,"1,2,3,4,5,6",,no (tile),,,,90.00,,1.0000,,3,yes,6_2 6_4,p2,2222,L2
72807,8,2,1,7,IIIIIIII,not tested,90.00 90.00 180.00 180.00 90.00 90.00 180.00 180.00,1.0000 1.0000 1.0000 1.0000 1.0000 1.0000 1.0000 1.0000,0 1 1 1 0 1 1 1,0 0 0 0 0 0 0 0,"1,2,3,4,5,6",,no (tile),,,,90.00,,1.0000,,3,yes,6_2 6_4,p2,2222,L2
72807,8,3,0,0,SSSSSSSS,not tested,90.00 90.00 180.00 180.00 90.00 90.00 180.00 180.00,1.0000 1.0000 1.0000 1.0000 1.0000 1.0000 1.0000 1.0000,0 0 0 0 0 0 0 0,0 0 0 0 0 0 0 0,"1,4",,no (tile),,,,90.00,,1.0000,,3,yes,6_2 6_4,p2,2222,L2
72807,8,3,0,1,SSSSSSSS,not tested,180.00 90.00 180.00 90.00 180.00 90.00 180.00 90.00,1.0000 1.0000 1.0000 1.0000 1.0000 1.0000 1.0000 1.0000,0 0 0 0 0 0 0 0,0 0 0 0 0 0 0 0,"1,4,9",,no (tile),,,,90.00,,1.0000,,3,yes,6_2 6_4,p2,2222,L2
72807,8,3,0,2,SSSSSSSS,not tested,90.00 180.00 180.00 90.00 90.00 180.00 180.00 90.00,1.0000 1.0000 1.0000 1.0000 1.0000 1.0000 1.0000 1.0000,0 0 0 0 0 0 0 0,0 0 0 0 0 0 0 0,"1,4",,no (tile),,,,90.00,,1.0000,,3,yes,6_2 6_4,p2,2222,L2
72807,8,3,0,4,SSSSSSSS,not tested,90.00 90.00 180.00 180.00 90.00 90.00 180.00 180.00,1.0000 1.0000 1.0000 1.0000 1.0000 1.0000 1.0000 1.0000,0 0 0 0 0 0 0 0,0 0 0 0 0 0 0 0,"1,4",,no (tile),,,,90.00,,1.0000,,3,yes,6_2 6_4,p2,2222,L2
72807,8,3,0,5,SSSSSSSS,not tested,180.00 90.00 180.00 90.00 180.00 90.00 180.00 90.00,1.0000 1.0000 1.0000 1.0000 1.0000 1.0000 1.0000 1.0000,0 0 0 0 0 0 0 0,0 0 0 0 0 0 0 0,"1,4,9",,no (tile),,,,90.00,,1.0000,,3,yes,6_2 6_4,p2,2222,L2
72807,8,3,0,6,SSSSSSSS,not tested,90.00 180.00 180.00 90.00 90.00 180.00 180.00 90.00,1.0000 1.0000 1.0000 1.0000 1.0000 1.0000 1.0000 1.0000,0 0 0 0 0 0 0 0,0 0 0 0 0 0 0 0,"1,4",,no (tile),,,,90.00,,1.0000,,3,yes,6_2 6_4,p2,2222,L2
72807,8,3,1,0,IIIIIIII,not tested,90.00 180.00 180.00 90.00 90.00 180.00 180.00 90.00,1.0000 1.0000 1.0000 1.0000 1.0000 1.0000 1.0000 1.0000,0 0 0 3 0 0 0 3,0 0 0 0 0 0 0 0,"1,2,3,4,5,6",,no (tile),,,,90.00,,1.0000,,3,yes,6_2 6_4,p2,2222,L2
72807,8,3,1,2,IIIIIIII,not tested,90.00 90.00 180.00 180.00 90.00 90.00 180.00 180.00,1.0000 1.0000 1.0000 1.0000 1.0000 1.0000 1.0000 1.0000,0 1 1 1 0 1 1 1,0 0 0 0 0 0 0 0,"1,2,3,4,5,6",,no (tile),,,,90.00,,1.0000,,3,yes,6_2 6_4,p2,2222,L2
72807,8,3,1,3,SSSSSSSS,not tested,180.00 90.00 180.00 90.00 180.00 90.00 180.00 90.00,1.0000 1.0000 1.0000 1.0000 1.0000 1.0000 1.0000 1.0000,0 0 0 0 0 0 0 0,0 1 1 0 0 1 1 0,"1,2,3,4,5,6",,no (tile),,,,90.00,,1.0000,,3,yes,6_2 6_4,p2,2222,L2
72807,8,3,1,4,IIIIIIII,not tested,90.00 180.00 180.00 90.00 90.00 180.00 180.00 90.00,1.0000 1.0000 1.0000 1.0000 1.0000 1.0000 1.0000 1.0000,0 0 0 3 0 0 0 3,0 0 0 0 0 0 0 0,"1,2,3,4,5,6",,no (tile),,,,90.00,,1.0000,,3,yes,6_2 6_4,p2,2222,L2
72807,8,3,1,6,IIIIIIII,not tested,90.00 90.00 180.00 180.00 90.00 90.00 180.00 180.00,1.0000 1.0000 1.0000 1.0000 1.0000 1.0000 1.0000 1.0000,0 1 1 1 0 1 1 1,0 0 0 0 0 0 0 0,"1,2,3,4,5,6",,no (tile),,,,90.00,,1.0000,,3,yes,6_2 6_4,p2,2222,L2
72807,8,3,1,7,SSSSSSSS,not tested,180.00 90.00 180.00 90.00 180.00 90.00 180.00 90.00,1.0000 1.0000 1.0000 1.0000 1.0000 1.0000 1.0000 1.0000,0 0 0 0 0 0 0 0,0 1 1 0 0 1 1 0,"1,2,3,4,5,6",,no (tile),,,,90.00,,1.0000,,3,yes,6_2 6_4,p2,2222,L2
72807,8,5,0,1,SSSSSSSS,not tested,90.00 180.00 90.00 180.00 90.00 180.00 90.00 180.00,1.0000 1.0000 1.0000 1.0000 1.0000 1.0000 1.0000 1.0000,0 0 0 0 0 0 0 0,0 0 0 0 0 0 0 0,"1,4,9",,no (tile),,,,90.00,,1.0000,,3,yes,6_2 6_4,p2,2222,L2
72807,8,5,0,5,SSSSSSSS,not tested,90.00 180.00 90.00 180.00 90.00 180.00 90.00 180.00,1.0000 1.0000 1.0000 1.0000 1.0000 1.0000 1.0000 1.0000,0 0 0 0 0 0 0 0,0 0 0 0 0 0 0 0,"1,4,9",,no (tile),,,,90.00,,1.0000,,3,yes,6_2 6_4,p2,2222,L2
72807,8,5,1,0,IIIIIIII,not tested,90.00 180.00 180.00 90.00 90.00 180.00 180.00 90.00,1.0000 1.0000 1.0000 1.0000 1.0000 1.0000 1.0000 1.0000,0 0 0 3 0 0 0 3,0 0 0 0 0 0 0 0,"1,2,3,4,5,6",,no (tile),,,,90.00,,1.0000,,3,yes,6_2 6_4,p2,2222,L2
72807,8,5,1,1,SSSSSSSS,not tested,90.00 180.00 90.00 180.00 90.00 180.00 90.00 180.00,1.0000 1.0000 1.0000 1.0000 1.0000 1.0000 1.0000 1.0000,0 0 0 0 0 0 0 0,0 0 1 1 0 0 1 1,"1,2,3,4,5,6",,no (tile),,,,90.00,,1.0000,,3,yes,6_2 6_4,p2,2222,L2
72807,8,5,1,2,IISIIISI,not tested,180.00 180.00 90.00 90.00 180.00 180.00 90.00 90.00,1.0000 1.0000 1.0000 1.0000 1.0000 1.0000 1.0000 1.0000,0 0 2 0 0 0 2 0,0 0 0 0 0 0 0 0,"1,4,5,6",,no (tile),,,,90.00,,1.0000,,3,yes,6_2 6_4,p2,2222,L2
72807,8,5,1,4,IIIIIIII,not tested,90.00 180.00 180.00 90.00 90.00 180.00 180.00 90.00,1.0000 1.0000 1.0000 1.0000 1.0000 1.0000 1.0000 1.0000,0 0 0 3 0 0 0 3,0 0 0 0 0 0 0 0,"1,2,3,4,5,6",,no (tile),,,,90.00,,1.0000,,3,yes,6_2 6_4,p2,2222,L2
72807,8,5,1,5,SSSSSSSS,not tested,90.00 180.00 90.00 180.00 90.00 180.00 90.00 180.00,1.0000 1.0000 1.0000 1.0000 1.0000 1.0000 1.0000 1.0000,0 0 0 0 0 0 0 0,0 0 1 1 0 0 1 1,"1,2,3,4,5,6",,no (tile),,,,90.00,,1.0000,,3,yes,6_2 6_4,p2,2222,L2
72807,8,5,1,6,IISIIISI,not tested,180.00 180.00 90.00 90.00 180.00 180.00 90.00 90.00,1.0000 1.0000 1.0000 1.0000 1.0000 1.0000 1.0000 1.0000,0 0 2 0 0 0 2 0,0 0 0 0 0 0 0 0,"1,4,5,6",,no (tile),,,,90.00,,1.0000,,3,yes,6_2 6_4,p2,2222,L2
72807,8,6,0,3,SSSSSSSS,not tested,180.00 180.00 90.00 90.00 180.00 180.00 90.00 90.00,1.0000 1.0000 1.0000 1.0000 1.0000 1.0000 1.0000 1.0000,0 0 2 0 0 0 2 0,0 0 0 0 0 0 0 0,"1,4",,no (tile),,,,90.00,,1.0000,,3,yes,6_2 6_4,p2,2222,L2
72807,8,6,0,7,SSSSSSSS,not tested,180.00 180.00 90.00 90.00 180.00 180.00 90.00 90.00,1.0000 1.0000 1.0000 1.0000 1.0000 1.0000 1.0000 1.0000,0 0 2 0 0 0 2 0,0 0 0 0 0 0 0 0,"1,4",,no (tile),,,,90.00,,1.0000,,3,yes,6_2 6_4,p2,2222,L2
72807,8,6,1,2,IISIIISI,not tested,180.00 180.00 90.00 90.00 180.00 180.00 90.00 90.00,1.0000 1.0000 1.0000 1.0000 1.0000 1.0000 1.0000 1.0000,0 0 2 0 0 0 2 0,0 0 0 0 0 0 0 0,"1,4,5,6",,no (tile),,,,90.00,,1.0000,,3,yes,6_2 6_4,p2,2222,L2
72807,8,6,1,6,IISIIISI,not tested,180.00 180.00 90.00 90.00 180.00 180.00 90.00 90.00,1.0000 1.0000 1.0000 1.0000 1.0000 1.0000 1.0000 1.0000,0 0 2 0 0 0 2 0,0 0 0 0 0 0 0 0,"1,4,5,6",,no (tile),,,,90.00,,1.0000,,3,yes,6_2 6_4,p2,2222,L2
72809,8,2,0,1,SJJSSJJS,not tested,180.00 109.89 140.23 70.11 180.00 289.89 39.77 70.11,1.0000 0.6803 0.6803 1.0000 1.0000 0.6803 0.6803 1.0000,0 1 1 0 0 1 1 0,0 0 3 0 0 0 3 0,1,,no (tile),,,,39.77,,0.6803,,3 4,yes,3_2 6_2,p2,2222,L2
72809,8,5,0,7,SJJSSJJS,not tested,180.00 64.62 50.76 295.38 180.00 64.62 129.24 115.38,1.0000 0.8572 0.8572 1.0000 1.0000 0.8572 0.8572 1.0000,0 1 1 0 0 1 1 0,0 0 3 0 0 0 3 0,1,,no (tile),,,,50.76,,0.8572,,3 4,yes,3_2 6_2,p2,2222,L2
72814,8,17,1,6,SIIIIIIS,not tested,180.00 28.13 270.00 90.00 90.00 270.00 90.00 61.87,1.0000 0.5879 0.9431 0.5879 0.9431 0.5879 0.9431 1.0000,0 1 2 1 2 1 2 0,0 0 0 0 0 0 0 0,1,,no (tile),,,,28.13,,0.5879,,3 4,yes,4_3 5_3,p2,2222,L2
72814,8,18,1,5,SJJJJJJS,not needed (covering theorem),180.00 278.08 -78.81 438.81 -78.81 258.81 101.19 -19.27,1.0000 0.6728 0.6728 0.6728 0.6728 0.6728 0.6728 1.0000,0 1 1 1 1 1 1 0,0 0 2 0 2 0 2 0,,,YES,2,1,2,19.27,,0.6728,,3 4,yes,4_3 5_3,p2,2222,L2
72814,8,28,0,0,JJJJSJJS,not tested,116.57 180.00 90.00 180.00 63.43 296.57 90.00 63.43,1.0000 1.0000 1.0000 1.0000 2.2361 1.0000 1.0000 2.2361,0 0 0 0 4 0 0 4,0 3 0 3 0 0 3 0,9,,no (tile),,,,63.43,,0.4472,,3 4,yes,4_3 5_3,p2,2222,L2
72842,8,1,0,0,UUUUUUUU,not tested,90.00 180.00 180.00 90.00 90.00 180.00 180.00 90.00,1.0000 1.0000 1.0000 1.0000 1.0000 1.0000 1.0000 1.0000,0 0 0 0 0 0 0 0,0 2 0 2 0 2 0 2,"3,5",,no (tile),,,,90.00,,1.0000,,3,yes,6_4 6_2,pgg,22x,L2
72842,8,1,0,1,UUUUUUUU,not tested,90.00 180.00 90.00 180.00 90.00 180.00 90.00 180.00,1.0000 1.0000 1.0000 1.0000 1.0000 1.0000 1.0000 1.0000,0 0 0 0 0 0 0 0,0 2 2 0 0 2 2 0,"1,2,3,4,5,6",,no (tile),,,,90.00,,1.0000,,3,yes,6_4 6_2,pgg,22x,L2
72842,8,1,0,2,UUUUUUUU,not tested,180.00 180.00 90.00 90.00 180.00 180.00 90.00 90.00,1.0000 1.0000 1.0000 1.0000 1.0000 1.0000 1.0000 1.0000,0 0 0 0 0 0 0 0,0 2 0 2 0 2 0 2,"3,5",,no (tile),,,,90.00,,1.0000,,3,yes,6_4 6_2,pgg,22x,L2
72842,8,1,0,4,UUUUUUUU,not tested,90.00 180.00 180.00 90.00 90.00 180.00 180.00 90.00,1.0000 1.0000 1.0000 1.0000 1.0000 1.0000 1.0000 1.0000,0 0 0 0 0 0 0 0,0 2 0 2 0 2 0 2,"3,5",,no (tile),,,,90.00,,1.0000,,3,yes,6_4 6_2,pgg,22x,L2
72842,8,1,0,5,UUUUUUUU,not tested,90.00 180.00 90.00 180.00 90.00 180.00 90.00 180.00,1.0000 1.0000 1.0000 1.0000 1.0000 1.0000 1.0000 1.0000,0 0 0 0 0 0 0 0,0 2 2 0 0 2 2 0,"1,2,3,4,5,6",,no (tile),,,,90.00,,1.0000,,3,yes,6_4 6_2,pgg,22x,L2
72842,8,1,0,6,UUUUUUUU,not tested,180.00 180.00 90.00 90.00 180.00 180.00 90.00 90.00,1.0000 1.0000 1.0000 1.0000 1.0000 1.0000 1.0000 1.0000,0 0 0 0 0 0 0 0,0 2 0 2 0 2 0 2,"3,5",,no (tile),,,,90.00,,1.0000,,3,yes,6_4 6_2,pgg,22x,L2
72842,8,1,1,0,IIIIIIII,not tested,90.00 180.00 180.00 90.00 90.00 180.00 180.00 90.00,1.0000 1.0000 1.0000 1.0000 1.0000 1.0000 1.0000 1.0000,0 0 0 0 0 0 0 0,0 0 0 0 0 0 0 0,"1,2,3,4,5,6",,no (tile),,,,90.00,,1.0000,,3,yes,6_4 6_2,pgg,22x,L2
72842,8,1,1,1,UUUUUUUU,not tested,90.00 180.00 90.00 180.00 90.00 180.00 90.00 180.00,1.0000 1.0000 1.0000 1.0000 1.0000 1.0000 1.0000 1.0000,0 0 0 0 0 0 0 0,0 2 0 2 0 2 0 2,"1,2,3,4,5,9",,no (tile),,,,90.00,,1.0000,,3,yes,6_4 6_2,pgg,22x,L2
72842,8,1,1,2,IIIIIIII,not tested,180.00 180.00 90.00 90.00 180.00 180.00 90.00 90.00,1.0000 1.0000 1.0000 1.0000 1.0000 1.0000 1.0000 1.0000,0 0 0 0 0 0 0 0,0 0 0 0 0 0 0 0,"1,2,3,4,5,6",,no (tile),,,,90.00,,1.0000,,3,yes,6_4 6_2,pgg,22x,L2
72842,8,1,1,4,IIIIIIII,not tested,90.00 180.00 180.00 90.00 90.00 180.00 180.00 90.00,1.0000 1.0000 1.0000 1.0000 1.0000 1.0000 1.0000 1.0000,0 0 0 0 0 0 0 0,0 0 0 0 0 0 0 0,"1,2,3,4,5,6",,no (tile),,,,90.00,,1.0000,,3,yes,6_4 6_2,pgg,22x,L2
72842,8,1,1,5,UUUUUUUU,not tested,90.00 180.00 90.00 180.00 90.00 180.00 90.00 180.00,1.0000 1.0000 1.0000 1.0000 1.0000 1.0000 1.0000 1.0000,0 0 0 0 0 0 0 0,0 2 0 2 0 2 0 2,"1,2,3,4,5,9",,no (tile),,,,90.00,,1.0000,,3,yes,6_4 6_2,pgg,22x,L2
72842,8,1,1,6,IIIIIIII,not tested,180.00 180.00 90.00 90.00 180.00 180.00 90.00 90.00,1.0000 1.0000 1.0000 1.0000 1.0000 1.0000 1.0000 1.0000,0 0 0 0 0 0 0 0,0 0 0 0 0 0 0 0,"1,2,3,4,5,6",,no (tile),,,,90.00,,1.0000,,3,yes,6_4 6_2,pgg,22x,L2
72858,8,0,0,0,JUUJJUUJ,not tested,50.77 295.38 180.00 64.62 129.23 115.38 180.00 64.62,1.0000 1.1663 1.1663 1.0000 1.0000 1.1663 1.1663 1.0000,0 1 1 0 0 1 1 0,0 0 2 3 0 0 2 3,"1,2",,no (tile),,,,50.77,,0.8574,,3 4,yes,3_2 6_2,pgg,22x,L2
72858,8,2,0,0,JUUJJUUJ,not tested,120.97 60.48 180.00 299.52 59.03 60.48 180.00 119.52,1.0000 1.0149 1.0149 1.0000 1.0000 1.0149 1.0149 1.0000,0 1 1 0 0 1 1 0,0 0 2 3 0 0 2 3,"1,2",,no (tile),,,,59.03,,0.9853,,3 4,yes,3_2 6_2,pgg,22x,L2
72873,8,4,0,1,SSSSSSSS,not tested,60.00 180.00 240.00 180.00 120.00 180.00 30.00 90.00,1.0000 1.0000 1.0000 1.0000 1.0000 1.0000 5.1962 1.0000,0 0 0 0 0 0 6 0,0 0 0 0 0 0 0 0,1,,no (tile),,,,30.00,,0.1925,,3 4 6,yes,3_2 6_2,p6,632,L2
72873,8,4,0,7,SSSSSSSS,not tested,30.00 180.00 120.00 180.00 240.00 180.00 60.00 90.00,1.0000 1.0000 1.0000 1.0000 1.0000 1.0000 1.0000 5.1962,0 0 0 0 0 0 0 7,0 0 0 0 0 0 0 0,1,,no (tile),,,,30.00,,0.1925,,3 4 6,yes,3_2 6_2,p6,632,L2
72916,8,1,1,0,JJJJJJJJ,not needed (covering theorem),120.00 180.00 60.00 180.00 60.00 300.00 60.00 120.00,1.0000 1.0000 1.0000 1.0000 1.0000 1.0000 1.0000 1.0000,0 0 0 0 0 0 0 0,0 3 0 3 1 3 1 2,,,YES,2,8,2,60.00,,1.0000,,3 4 6,yes,4_2 5_2,p6,632,L2
72916,8,1,1,4,JJJJJJJJ,not needed (covering theorem),120.00 180.00 120.00 60.00 180.00 240.00 60.00 120.00,1.0000 1.0000 1.0000 1.0000 1.0000 1.0000 1.0000 1.0000,0 0 0 0 0 0 0 0,0 3 0 2 1 2 1 2,,,YES,2,8,2,60.00,,1.0000,,3 4 6,yes,4_2 5_2,p6,632,L2
72923,8,6,0,7,SSSSSSSS,not tested,19.11 180.00 240.00 180.00 60.00 120.00 180.00 100.89,1.0000 1.0000 1.0000 1.0000 1.0000 1.0000 1.0000 2.6458,0 0 0 0 0 0 0 7,0 0 0 0 0 0 0 0,1,,no (tile),,,,19.11,,0.3780,,3 6,yes,4_3 5_3,p6,632,L2
72924,8,4,0,1,SSSSSSSS,not tested,90.00 180.00 90.00 270.00 14.04 75.96 90.00 270.00,1.0000 1.0000 1.0000 1.0000 4.1231 1.0000 1.0000 1.0000,0 0 0 0 4 0 0 0,0 0 0 0 0 0 0 0,1,,no (tile),,,,14.04,,0.2425,,3 4 8,yes,4_3 5_3,p4,442,L3
72924,8,6,0,7,SSSSSSSS,not tested,-0.00 180.00 270.00 180.00 90.00 90.00 180.00 90.00,1.0000 1.0000 1.0000 1.0000 1.0000 1.0000 1.0000 3.0000,0 0 0 0 0 0 0 7,0 0 0 0 0 0 0 0,(not a tile),,"n/a (not a tile: all 301 sampled members of the family, on every solution branch reached, fail exactly -- e.g. the midpoint of S edge 7 and the midpoint of S edge 1 are at the same point (John's fixed-point / no-mirror rules, 2026-09-13) [curve_sides])",,,,0.00,,0.3333,,,,4_3 5_3,p4,442,L3
72926,8,2,1,7,UUJJJJJJ,not needed (covering theorem),19.27 180.00 81.84 78.89 281.11 78.89 101.11 258.89,1.0000 1.0000 0.6725 0.6725 0.6725 0.6725 0.6725 0.6725,0 0 2 2 2 2 2 2,0 2 0 2 0 2 0 2,,,YES,2,"1,2",2,19.27,,0.6725,,3 4,yes,4_3 5_3,pgg,22x,L2
72926,8,6,1,6,UUIIIIII,not tested,58.87 180.00 31.13 270.00 90.00 90.00 270.00 90.00,1.0000 1.0000 0.5706 1.0341 0.5706 1.0341 0.5706 1.0341,0 0 2 3 2 3 2 3,0 2 0 0 0 0 0 0,"1,2,6",,no (tile),,,,31.13,,0.5519,,3 4,yes,4_3 5_3,pgg,22x,L2
72948,8,16,0,0,SSSSSSSS,not tested,-60.00 240.00 120.00 300.00 240.00 180.00 -60.00 120.00,1.0000 1.0000 1.0000 1.0000 1.0000 1.0000 1.0000 1.0000,0 0 0 0 0 0 0 0,0 0 0 0 0 0 0 0,1,,no (tile),,,,60.00,,1.0000,,3 6,yes,4_3 5_3,p2,2222,L2
72948,8,17,0,3,SSSSSSSS,not tested,60.00 240.00 120.00 60.00 240.00 60.00 180.00 120.00,1.0000 1.0000 1.0000 1.0000 1.0000 1.0000 1.0000 1.0000,0 0 0 0 0 0 0 0,0 0 0 0 0 0 0 0,1,,no (tile),,,,60.00,,1.0000,,3 6,yes,4_3 5_3,p2,2222,L2
72950,8,1,0,0,SSSSSSSS,not tested,90.00 180.00 180.00 90.00 90.00 180.00 180.00 90.00,1.0000 1.0000 1.0000 1.0000 1.0000 1.0000 1.0000 1.0000,0 0 0 0 0 0 0 0,0 0 0 0 0 0 0 0,"1,4",,no (tile),,,,90.00,,1.0000,,3,yes,5_3 8_6,p2,2222,L3
72950,8,1,0,4,SSSSSSSS,not tested,90.00 180.00 180.00 90.00 90.00 180.00 180.00 90.00,1.0000 1.0000 1.0000 1.0000 1.0000 1.0000 1.0000 1.0000,0 0 0 0 0 0 0 0,0 0 0 0 0 0 0 0,"1,4",,no (tile),,,,90.00,,1.0000,,3,yes,5_3 8_6,p2,2222,L3
72950,8,1,1,3,SSSSSSSS,not tested,90.00 180.00 180.00 90.00 90.00 180.00 180.00 90.00,1.0000 1.0000 1.0000 1.0000 1.0000 1.0000 1.0000 1.0000,0 0 0 0 0 0 0 0,0 0 0 1 0 0 0 1,"1,2,3,4,5,6",,no (tile),,,,90.00,,1.0000,,3,yes,5_3 8_6,p2,2222,L3
72950,8,1,1,7,SSSSSSSS,not tested,90.00 180.00 180.00 90.00 90.00 180.00 180.00 90.00,1.0000 1.0000 1.0000 1.0000 1.0000 1.0000 1.0000 1.0000,0 0 0 0 0 0 0 0,0 0 0 1 0 0 0 1,"1,2,3,4,5,6",,no (tile),,,,90.00,,1.0000,,3,yes,5_3 8_6,p2,2222,L3
72950,8,2,0,1,SSSSSSSS,not tested,180.00 90.00 90.00 180.00 180.00 90.00 90.00 180.00,1.0000 1.0000 1.0000 1.0000 1.0000 1.0000 1.0000 1.0000,0 0 0 0 0 0 0 0,0 0 0 0 0 0 0 0,"1,4",,no (tile),,,,90.00,,1.0000,,3,yes,5_3 8_6,p2,2222,L3
72950,8,2,0,5,SSSSSSSS,not tested,180.00 90.00 90.00 180.00 180.00 90.00 90.00 180.00,1.0000 1.0000 1.0000 1.0000 1.0000 1.0000 1.0000 1.0000,0 0 0 0 0 0 0 0,0 0 0 0 0 0 0 0,"1,4",,no (tile),,,,90.00,,1.0000,,3,yes,5_3 8_6,p2,2222,L3
72950,8,2,1,2,SSSSSSSS,not tested,180.00 90.00 90.00 180.00 180.00 90.00 90.00 180.00,1.0000 1.0000 1.0000 1.0000 1.0000 1.0000 1.0000 1.0000,0 0 0 0 0 0 0 0,0 1 0 0 0 1 0 0,"1,2,3,4,5,6",,no (tile),,,,90.00,,1.0000,,3,yes,5_3 8_6,p2,2222,L3
72950,8,2,1,6,SSSSSSSS,not tested,180.00 90.00 90.00 180.00 180.00 90.00 90.00 180.00,1.0000 1.0000 1.0000 1.0000 1.0000 1.0000 1.0000 1.0000,0 0 0 0 0 0 0 0,0 1 0 0 0 1 0 0,"1,2,3,4,5,6",,no (tile),,,,90.00,,1.0000,,3,yes,5_3 8_6,p2,2222,L3
72951,8,4,1,1,SSSSSSSS,not tested,248.28 180.00 -68.28 428.28 -12.00 -56.28 248.28 111.72,1.0000 1.0000 1.0000 1.0000 4.4677 1.0000 1.0000 1.0000,0 0 0 0 4 0 0 0,0 0 1 0 0 1 0 1,1,,no (tile),,,,12.00,,0.2238,,3 6,yes,4_3 5_3,pgg,22x,L2
72951,8,6,0,1,JJJJJJJJ,not needed (covering theorem),570.00 180.00 -390.00 -210.00 1020.00 -660.00 1020.00 -450.00,1.0000 1.0000 1.0000 1.0000 1.0000 1.0000 1.0000 1.0000,0 0 0 0 0 0 0 0,0 3 3 3 1 3 1 0,,,YES,2,5,2,30.00,,1.0000,,3 6,yes,4_3 5_3,pgg,22x,L2
72951,8,7,0,2,IIIIIIII,not tested,221.80 180.00 69.10 180.00 138.20 90.00 20.90 180.00,1.0000 1.0000 1.0000 1.0000 1.0000 4.1187 1.0000 1.0000,0 0 0 0 0 5 0 0,0 0 0 0 0 0 0 0,6,,no (tile),,,,20.90,,0.2428,,3 6,yes,4_3 5_3,pgg,22x,L2
72951,8,10,0,2,JUUJUJJU,not tested,176.99 58.57 180.00 301.43 3.01 183.01 118.42 58.57,1.0000 0.4218 0.4218 1.0000 0.4218 1.0000 1.0000 0.4218,0 1 1 0 1 0 0 1,0 0 2 3 2 2 0 0,2,,no (tile),,,,3.01,,0.4218,,3 6,yes,4_3 5_3,pgg,22x,L2
72951,8,10,1,2,SUUSUSSU,not tested,-126.26 306.26 180.00 53.74 306.26 -41.53 347.80 53.74,1.0000 1.6613 1.6613 1.0000 1.6613 3.6482 1.0000 1.6613,0 1 1 0 1 5 0 1,0 0 2 0 0 0 1 2,"1,2,6",,no (tile),,,,12.20,,0.2741,,3 6,yes,4_3 5_3,pgg,22x,L2
72952,8,4,1,6,IIIIIIII,not tested,30.00 180.00 60.00 90.00 270.00 90.00 90.00 270.00,1.0000 1.0000 1.0000 0.5774 1.0000 0.5774 1.0000 0.5774,0 0 0 3 0 3 0 3,0 0 0 0 0 0 0 0,"1,2,6",,no (tile),,,,30.00,,0.5774,,3 6,yes,4_3 5_3,pgg,22x,L2
72952,8,5,1,7,JJUJJUUU,not tested,90.00 180.00 0.00 270.00 90.00 90.00 270.00 90.00,1.0000 1.0000 0.5000 1.0000 1.0000 0.5000 0.5000 0.5000,0 0 2 0 0 2 2 2,0 3 0 2 1 2 0 2,9,,no (tile),,,,0.00,,0.5000,,3 6,yes,4_3 5_3,pgg,22x,L2
72952,8,7,0,2,IIIIIIII,not tested,128.57 180.00 25.71 180.00 231.43 90.00 64.29 180.00,1.0000 1.0000 1.0000 1.0000 1.0000 1.2540 1.0000 1.0000,0 0 0 0 0 5 0 0,0 0 0 0 0 0 0 0,6,,no (tile),,,,25.71,,0.7975,,3 6,yes,4_3 5_3,pgg,22x,L2
72952,8,7,1,4,IIIIIIII,not tested,60.00 180.00 30.00 270.00 90.00 90.00 270.00 90.00,1.0000 1.0000 0.5774 1.0000 0.5774 1.0000 0.5774 1.0000,0 0 2 0 2 0 2 0,0 0 0 0 0 0 0 0,"1,2,6",,no (tile),,,,30.00,,0.5774,,3 6,yes,4_3 5_3,pgg,22x,L2
72960,8,2,0,0,SSSSSSSS,not tested,90.00 180.00 90.00 180.00 90.00 180.00 90.00 180.00,1.0000 1.0000 1.0000 1.0000 1.0000 1.0000 1.0000 1.0000,0 0 0 0 0 0 0 0,0 0 0 0 0 0 0 0,"1,4,9",,no (tile),,,,90.00,,1.0000,,3,yes,6_3 6_6,p2,2222,L3
72960,8,2,0,4,SSSSSSSS,not tested,90.00 180.00 90.00 180.00 90.00 180.00 90.00 180.00,1.0000 1.0000 1.0000 1.0000 1.0000 1.0000 1.0000 1.0000,0 0 0 0 0 0 0 0,0 0 0 0 0 0 0 0,"1,4,9",,no (tile),,,,90.00,,1.0000,,3,yes,6_3 6_6,p2,2222,L3
72960,8,2,1,1,IIIIIIII,not tested,180.00 90.00 90.00 180.00 180.00 90.00 90.00 180.00,1.0000 1.0000 1.0000 1.0000 1.0000 1.0000 1.0000 1.0000,0 1 0 0 0 1 0 0,0 0 0 0 0 0 0 0,"1,2,3,4,5,6",,no (tile),,,,90.00,,1.0000,,3,yes,6_3 6_6,p2,2222,L3
72960,8,2,1,2,SSSSSSSS,not tested,90.00 180.00 90.00 180.00 90.00 180.00 90.00 180.00,1.0000 1.0000 1.0000 1.0000 1.0000 1.0000 1.0000 1.0000,0 0 0 0 0 0 0 0,0 0 1 1 0 0 1 1,"1,2,3,4,5,6",,no (tile),,,,90.00,,1.0000,,3,yes,6_3 6_6,p2,2222,L3
72960,8,2,1,3,IIIIIIII,not tested,90.00 90.00 180.00 180.00 90.00 90.00 180.00 180.00,1.0000 1.0000 1.0000 1.0000 1.0000 1.0000 1.0000 1.0000,0 1 1 1 0 1 1 1,0 0 0 0 0 0 0 0,"1,2,3,4,5,6",,no (tile),,,,90.00,,1.0000,,3,yes,6_3 6_6,p2,2222,L3
72960,8,2,1,5,IIIIIIII,not tested,180.00 90.00 90.00 180.00 180.00 90.00 90.00 180.00,1.0000 1.0000 1.0000 1.0000 1.0000 1.0000 1.0000 1.0000,0 1 0 0 0 1 0 0,0 0 0 0 0 0 0 0,"1,2,3,4,5,6",,no (tile),,,,90.00,,1.0000,,3,yes,6_3 6_6,p2,2222,L3
72960,8,2,1,6,SSSSSSSS,not tested,90.00 180.00 90.00 180.00 90.00 180.00 90.00 180.00,1.0000 1.0000 1.0000 1.0000 1.0000 1.0000 1.0000 1.0000,0 0 0 0 0 0 0 0,0 0 1 1 0 0 1 1,"1,2,3,4,5,6",,no (tile),,,,90.00,,1.0000,,3,yes,6_3 6_6,p2,2222,L3
72960,8,2,1,7,IIIIIIII,not tested,90.00 90.00 180.00 180.00 90.00 90.00 180.00 180.00,1.0000 1.0000 1.0000 1.0000 1.0000 1.0000 1.0000 1.0000,0 1 1 1 0 1 1 1,0 0 0 0 0 0 0 0,"1,2,3,4,5,6",,no (tile),,,,90.00,,1.0000,,3,yes,6_3 6_6,p2,2222,L3
72960,8,4,0,1,SSSSSSSS,not tested,180.00 90.00 180.00 90.00 180.00 90.00 180.00 90.00,1.0000 1.0000 1.0000 1.0000 1.0000 1.0000 1.0000 1.0000,0 0 0 0 0 0 0 0,0 0 0 0 0 0 0 0,"1,4,9",,no (tile),,,,90.00,,1.0000,,3,yes,6_3 6_6,p2,2222,L3
72960,8,4,0,5,SSSSSSSS,not tested,180.00 90.00 180.00 90.00 180.00 90.00 180.00 90.00,1.0000 1.0000 1.0000 1.0000 1.0000 1.0000 1.0000 1.0000,0 0 0 0 0 0 0 0,0 0 0 0 0 0 0 0,"1,4,9",,no (tile),,,,90.00,,1.0000,,3,yes,6_3 6_6,p2,2222,L3
72960,8,4,1,0,IIIIIIII,not tested,90.00 180.00 180.00 90.00 90.00 180.00 180.00 90.00,1.0000 1.0000 1.0000 1.0000 1.0000 1.0000 1.0000 1.0000,0 0 0 3 0 0 0 3,0 0 0 0 0 0 0 0,"1,2,3,4,5,6",,no (tile),,,,90.00,,1.0000,,3,yes,6_3 6_6,p2,2222,L3
72960,8,4,1,2,IIIIIIII,not tested,90.00 90.00 180.00 180.00 90.00 90.00 180.00 180.00,1.0000 1.0000 1.0000 1.0000 1.0000 1.0000 1.0000 1.0000,0 1 1 1 0 1 1 1,0 0 0 0 0 0 0 0,"1,2,3,4,5,6",,no (tile),,,,90.00,,1.0000,,3,yes,6_3 6_6,p2,2222,L3
72960,8,4,1,3,SSSSSSSS,not tested,180.00 90.00 180.00 90.00 180.00 90.00 180.00 90.00,1.0000 1.0000 1.0000 1.0000 1.0000 1.0000 1.0000 1.0000,0 0 0 0 0 0 0 0,0 1 1 0 0 1 1 0,"1,2,3,4,5,6",,no (tile),,,,90.00,,1.0000,,3,yes,6_3 6_6,p2,2222,L3
72960,8,4,1,4,IIIIIIII,not tested,90.00 180.00 180.00 90.00 90.00 180.00 180.00 90.00,1.0000 1.0000 1.0000 1.0000 1.0000 1.0000 1.0000 1.0000,0 0 0 3 0 0 0 3,0 0 0 0 0 0 0 0,"1,2,3,4,5,6",,no (tile),,,,90.00,,1.0000,,3,yes,6_3 6_6,p2,2222,L3
72960,8,4,1,6,IIIIIIII,not tested,90.00 90.00 180.00 180.00 90.00 90.00 180.00 180.00,1.0000 1.0000 1.0000 1.0000 1.0000 1.0000 1.0000 1.0000,0 1 1 1 0 1 1 1,0 0 0 0 0 0 0 0,"1,2,3,4,5,6",,no (tile),,,,90.00,,1.0000,,3,yes,6_3 6_6,p2,2222,L3
72960,8,4,1,7,SSSSSSSS,not tested,180.00 90.00 180.00 90.00 180.00 90.00 180.00 90.00,1.0000 1.0000 1.0000 1.0000 1.0000 1.0000 1.0000 1.0000,0 0 0 0 0 0 0 0,0 1 1 0 0 1 1 0,"1,2,3,4,5,6",,no (tile),,,,90.00,,1.0000,,3,yes,6_3 6_6,p2,2222,L3
72960,8,7,0,1,SSSSSSSS,not tested,90.00 180.00 90.00 180.00 90.00 180.00 90.00 180.00,1.0000 1.0000 1.0000 1.0000 1.0000 1.0000 1.0000 1.0000,0 0 0 0 0 0 0 0,0 0 0 0 0 0 0 0,"1,4,9",,no (tile),,,,90.00,,1.0000,,3,yes,6_3 6_6,p2,2222,L3
72960,8,7,0,5,SSSSSSSS,not tested,90.00 180.00 90.00 180.00 90.00 180.00 90.00 180.00,1.0000 1.0000 1.0000 1.0000 1.0000 1.0000 1.0000 1.0000,0 0 0 0 0 0 0 0,0 0 0 0 0 0 0 0,"1,4,9",,no (tile),,,,90.00,,1.0000,,3,yes,6_3 6_6,p2,2222,L3
72960,8,7,1,0,IIIIIIII,not tested,90.00 180.00 180.00 90.00 90.00 180.00 180.00 90.00,1.0000 1.0000 1.0000 1.0000 1.0000 1.0000 1.0000 1.0000,0 0 0 3 0 0 0 3,0 0 0 0 0 0 0 0,"1,2,3,4,5,6",,no (tile),,,,90.00,,1.0000,,3,yes,6_3 6_6,p2,2222,L3
72960,8,7,1,1,SSSSSSSS,not tested,90.00 180.00 90.00 180.00 90.00 180.00 90.00 180.00,1.0000 1.0000 1.0000 1.0000 1.0000 1.0000 1.0000 1.0000,0 0 0 0 0 0 0 0,0 0 1 1 0 0 1 1,"1,2,3,4,5,6",,no (tile),,,,90.00,,1.0000,,3,yes,6_3 6_6,p2,2222,L3
72960,8,7,1,2,IIIIIIII,not tested,180.00 180.00 90.00 90.00 180.00 180.00 90.00 90.00,1.0000 1.0000 1.0000 1.0000 1.0000 1.0000 1.0000 1.0000,0 0 2 0 0 0 2 0,0 0 0 0 0 0 0 0,"1,2,3,4,5,6",,no (tile),,,,90.00,,1.0000,,3,yes,6_3 6_6,p2,2222,L3
72960,8,7,1,4,IIIIIIII,not tested,90.00 180.00 180.00 90.00 90.00 180.00 180.00 90.00,1.0000 1.0000 1.0000 1.0000 1.0000 1.0000 1.0000 1.0000,0 0 0 3 0 0 0 3,0 0 0 0 0 0 0 0,"1,2,3,4,5,6",,no (tile),,,,90.00,,1.0000,,3,yes,6_3 6_6,p2,2222,L3
72960,8,7,1,5,SSSSSSSS,not tested,90.00 180.00 90.00 180.00 90.00 180.00 90.00 180.00,1.0000 1.0000 1.0000 1.0000 1.0000 1.0000 1.0000 1.0000,0 0 0 0 0 0 0 0,0 0 1 1 0 0 1 1,"1,2,3,4,5,6",,no (tile),,,,90.00,,1.0000,,3,yes,6_3 6_6,p2,2222,L3
72960,8,7,1,6,IIIIIIII,not tested,180.00 180.00 90.00 90.00 180.00 180.00 90.00 90.00,1.0000 1.0000 1.0000 1.0000 1.0000 1.0000 1.0000 1.0000,0 0 2 0 0 0 2 0,0 0 0 0 0 0 0 0,"1,2,3,4,5,6",,no (tile),,,,90.00,,1.0000,,3,yes,6_3 6_6,p2,2222,L3
72962,8,0,1,1,SIISSSSS,not tested,325.84 17.08 90.00 72.92 180.00 34.16 325.84 34.16,1.0000 1.9118 1.7624 1.0000 1.0000 1.0000 1.0000 1.0000,0 1 2 0 0 0 0 0,0 0 0 0 0 1 0 1,1,,no (tile),,,,17.08,,0.5231,,3 4,yes,4_3 5_3,p2,2222,hand
72962,8,2,0,3,SJJSSSSS,not needed (covering theorem),270.00 2898.43 90.00 -2808.43 180.00 180.00 90.00 180.00,1.0000 3.1623 3.1623 1.0000 1.0000 1.0000 1.0000 1.0000,0 1 1 0 0 0 0 0,0 0 3 0 0 0 0 0,,,YES,2,1,2,18.43,,0.3162,,3 4,yes,4_3 5_3,p2,2222,hand
72962,8,2,1,1,SIISSSSS,not tested,298.14 30.93 90.00 59.07 180.00 180.00 180.00 61.86,1.0000 3.4313 3.0838 1.0000 1.0000 1.0000 1.0000 1.0000,0 1 2 0 0 0 0 0,0 0 0 0 0 0 0 1,1,,no (tile),,,,30.93,,0.2914,,3 4,yes,4_3 5_3,p2,2222,hand
72962,8,3,0,3,SJJSSSSS,not needed (covering theorem),180.00 71.57 90.00 108.43 90.00 180.00 270.00 90.00,1.0000 3.1623 3.1623 1.0000 1.0000 1.0000 1.0000 1.0000,0 1 1 0 0 0 0 0,0 0 3 0 0 0 0 0,,,YES,2,1,2,71.57,,0.3162,,3 4,yes,4_3 5_3,p2,2222,hand
72962,8,3,1,1,SIISSSSS,not tested,65.11 147.45 90.00 57.45 180.00 180.00 180.00 180.00,1.0000 3.3715 3.2286 1.0000 1.0000 1.0000 1.0000 1.0000,0 1 2 0 0 0 0 0,0 0 0 1 1 1 1 1,1,,no (tile),,,,57.45,,0.2966,,3 4,yes,4_3 5_3,p2,2222,hand
72962,8,4,1,7,SSSSSSSS,not tested,89.00 180.00 91.00 180.00 89.00 91.00 269.00 91.00,1.0000 1.0000 1.0000 1.0000 1.0000 1.0000 1.0000 1.0000,0 0 0 0 0 0 0 0,0 0 1 1 0 1 0 1,"1,2,3,4,5,6",,no (tile),,,,89.00,,1.0000,,3 4,yes,4_3 5_3,p2,2222,hand
72962,8,7,1,2,SSSSSSSS,not tested,89.00 180.00 91.00 89.00 271.00 89.00 91.00 180.00,1.0000 1.0000 1.0000 1.0000 1.0000 1.0000 1.0000 1.0000,0 0 0 0 0 0 0 0,0 0 1 0 1 0 1 1,"1,2,3,4,5,6",,no (tile),,,,89.00,,1.0000,,3 4,yes,4_3 5_3,p2,2222,hand
72962,8,22,0,4,SSJJSSSS,not needed (covering theorem),270.00 180.00 33.69 90.00 56.31 180.00 180.00 90.00,1.0000 1.0000 3.6056 3.6056 1.0000 1.0000 1.0000 1.0000,0 0 2 2 0 0 0 0,0 0 0 3 0 0 0 0,,,YES,2,1,2,33.69,,0.2774,,3 4,yes,4_3 5_3,p2,2222,hand
72962,8,31,0,5,SSSJJSSS,not needed (covering theorem),270.00 90.00 270.00 2898.43 90.00 -2808.43 180.00 90.00,1.0000 1.0000 1.0000 3.1623 3.1623 1.0000 1.0000 1.0000,0 0 0 3 3 0 0 0,0 0 0 0 3 0 0 0,,,YES,2,1,2,18.43,,0.3162,,3 4,yes,4_3 5_3,p2,2222,hand
72962,8,31,1,3,SSSIISSS,not tested,298.14 180.00 180.00 30.93 90.00 59.07 180.00 61.86,1.0000 1.0000 1.0000 3.4313 3.0838 1.0000 1.0000 1.0000,0 0 0 3 4 0 0 0,0 0 0 0 0 0 0 1,1,,no (tile),,,,30.93,,0.2914,,3 4,yes,4_3 5_3,p2,2222,hand
72962,8,32,1,1,JSJSJSSJ,not tested,43.18 207.24 152.76 109.58 27.24 250.42 180.00 109.58,1.0000 0.9776 1.0000 0.9776 1.0000 0.9776 0.9776 1.0000,0 1 0 1 0 1 1 0,0 0 3 1 1 0 0 2,"1,3",,no (tile),,,,27.24,,0.9776,,3 4,yes,4_3 5_3,p2,2222,hand
72962,8,34,0,6,SSSSJJSS,not tested,180.00 180.00 180.00 180.00 56.31 90.00 123.69 90.00,1.0000 1.0000 1.0000 1.0000 3.6056 3.6056 1.0000 1.0000,0 0 0 0 4 4 0 0,0 0 0 0 0 3 0 0,9,,no (tile),,,,56.31,,0.2774,,3 4,yes,4_3 5_3,p2,2222,hand
72962,8,34,0,7,SSSSSSSS,not tested,46.58 180.00 180.00 180.00 180.00 46.58 133.42 133.42,1.0000 1.0000 1.0000 1.0000 1.0000 2.9099 1.0000 2.9099,0 0 0 0 0 5 0 7,0 0 0 0 0 0 0 0,1,,no (tile),,,,46.58,,0.3437,,3 4,yes,4_3 5_3,p2,2222,hand
72962,8,34,1,4,SSSSIISS,not tested,30.74 329.26 180.00 30.74 164.63 90.00 74.63 180.00,1.0000 1.0000 1.0000 1.0000 1.9285 1.5903 1.0000 1.0000,0 0 0 0 4 5 0 0,0 1 1 0 0 0 1 1,1,,no (tile),,,,30.74,,0.5185,,3 4,yes,4_3 5_3,p2,2222,hand
72962,8,34,1,6,SSSSSJSJ,not tested,46.60 180.00 180.00 180.00 180.00 46.60 133.40 133.40,1.0000 1.0000 1.0000 1.0000 1.0000 2.9108 1.0000 2.9108,0 0 0 0 0 5 0 5,0 0 0 0 0 0 1 2,6,,no (tile),,,,46.60,,0.3435,,3 4,yes,4_3 5_3,p2,2222,hand
72972,8,1,0,0,UUUUUUUU,not tested,90.00 180.00 180.00 90.00 90.00 180.00 180.00 90.00,1.0000 1.0000 1.0000 1.0000 1.0000 1.0000 1.0000 1.0000,0 0 0 0 0 0 0 0,0 2 0 2 0 2 0 2,"3,5",,no (tile),,,,90.00,,1.0000,,3,yes,6_3 6_6,pgg,22x,L2
72972,8,1,0,1,UUUUUUUU,not tested,90.00 180.00 90.00 180.00 90.00 180.00 90.00 180.00,1.0000 1.0000 1.0000 1.0000 1.0000 1.0000 1.0000 1.0000,0 0 0 0 0 0 0 0,0 2 2 0 0 2 2 0,"1,2,3,4,5,6",,no (tile),,,,90.00,,1.0000,,3,yes,6_3 6_6,pgg,22x,L2
72972,8,1,0,2,UUUUUUUU,not tested,180.00 180.00 90.00 90.00 180.00 180.00 90.00 90.00,1.0000 1.0000 1.0000 1.0000 1.0000 1.0000 1.0000 1.0000,0 0 0 0 0 0 0 0,0 2 0 2 0 2 0 2,"3,5",,no (tile),,,,90.00,,1.0000,,3,yes,6_3 6_6,pgg,22x,L2
72972,8,1,0,4,UUUUUUUU,not tested,90.00 180.00 180.00 90.00 90.00 180.00 180.00 90.00,1.0000 1.0000 1.0000 1.0000 1.0000 1.0000 1.0000 1.0000,0 0 0 0 0 0 0 0,0 2 0 2 0 2 0 2,"3,5",,no (tile),,,,90.00,,1.0000,,3,yes,6_3 6_6,pgg,22x,L2
72972,8,1,0,5,UUUUUUUU,not tested,90.00 180.00 90.00 180.00 90.00 180.00 90.00 180.00,1.0000 1.0000 1.0000 1.0000 1.0000 1.0000 1.0000 1.0000,0 0 0 0 0 0 0 0,0 2 2 0 0 2 2 0,"1,2,3,4,5,6",,no (tile),,,,90.00,,1.0000,,3,yes,6_3 6_6,pgg,22x,L2
72972,8,1,0,6,UUUUUUUU,not tested,180.00 180.00 90.00 90.00 180.00 180.00 90.00 90.00,1.0000 1.0000 1.0000 1.0000 1.0000 1.0000 1.0000 1.0000,0 0 0 0 0 0 0 0,0 2 0 2 0 2 0 2,"3,5",,no (tile),,,,90.00,,1.0000,,3,yes,6_3 6_6,pgg,22x,L2
72972,8,1,1,1,UUUUUUUU,not tested,90.00 180.00 90.00 180.00 90.00 180.00 90.00 180.00,1.0000 1.0000 1.0000 1.0000 1.0000 1.0000 1.0000 1.0000,0 0 0 0 0 0 0 0,0 2 0 2 0 2 0 2,"1,2,3,4,5,9",,no (tile),,,,90.00,,1.0000,,3,yes,6_3 6_6,pgg,22x,L2
72972,8,1,1,5,UUUUUUUU,not tested,90.00 180.00 90.00 180.00 90.00 180.00 90.00 180.00,1.0000 1.0000 1.0000 1.0000 1.0000 1.0000 1.0000 1.0000,0 0 0 0 0 0 0 0,0 2 0 2 0 2 0 2,"1,2,3,4,5,9",,no (tile),,,,90.00,,1.0000,,3,yes,6_3 6_6,pgg,22x,L2
72980,8,1,1,1,SSSSSSSS,not tested,344.19 180.00 -137.32 -26.87 524.19 -164.19 344.19 15.81,1.0000 1.0000 1.2058 1.0000 1.0000 1.0000 1.0000 1.0000,0 0 2 0 0 0 0 0,0 0 0 1 0 1 0 1,1,,no (tile),,,,15.81,,0.8293,,3 4,yes,4_3 5_3,pgg,22x,hand
72980,8,3,1,1,SSSSSSSS,not tested,83.38 180.00 96.62 0.00 263.38 96.62 263.38 96.62,1.0000 1.0000 3.0000 1.0000 1.0000 1.0000 1.0000 1.0000,0 0 2 0 0 0 0 0,0 0 0 1 0 1 0 1,"1,2,6",,no (tile),,,,0.00,,0.3333,,3 4,yes,4_3 5_3,pgg,22x,hand
72980,8,4,1,7,UUUUUUUU,not tested,90.00 180.00 90.00 180.00 90.00 90.00 270.00 90.00,1.0000 1.0000 1.0000 1.0000 1.0000 1.0000 1.0000 1.0000,0 0 0 0 0 0 0 0,0 2 0 2 0 2 0 2,"3,5",,no (tile),,,,90.00,,1.0000,,3 4,yes,4_3 5_3,pgg,22x,hand
72980,8,5,0,0,JJUJJUJJ,not tested,90.00 180.00 63.43 243.43 90.00 116.57 116.57 180.00,1.0000 1.0000 1.3416 1.0000 1.0000 1.3416 1.0000 1.0000,0 0 2 0 0 2 0 0,0 3 0 2 1 2 0 3,9,,no (tile),,,,63.43,,0.7454,,3 4,yes,4_3 5_3,pgg,22x,hand
72980,8,5,1,4,JJUJJJUJ,not tested,118.06 180.00 59.03 239.03 61.94 180.00 120.97 120.97,1.0000 1.0000 0.9143 1.0000 1.0000 1.0000 0.9143 1.0000,0 0 2 0 0 0 2 0,0 3 0 2 2 1 2 0,6,,no (tile),,,,59.03,,0.9143,,3 4,yes,4_3 5_3,pgg,22x,hand
72980,8,6,0,6,UUUUUUJJ,not tested,360.00 180.00 -90.00 90.00 270.00 180.00 0.00 90.00,1.0000 1.0000 1.0000 1.0000 1.0000 1.0000 3.0000 3.0000,0 0 0 0 0 0 6 6,0 2 0 2 0 2 0 3,(not a tile),,"n/a (not a tile: no curve choice found that clears zeroCorner@v0 zeroCorner@v6, on this shape or elsewhere in its family; best clearance 3.5e-11 -- search, not proof)",,,,0.00,,0.3333,,,,4_3 5_3,pgg,22x,hand
72980,8,6,0,7,SSUSUSSS,not tested,29.55 180.00 165.23 165.23 14.77 194.77 180.00 150.45,1.0000 1.0000 0.8793 1.0000 0.8793 1.0000 1.0000 1.0000,0 0 2 0 2 0 0 7,0 0 0 1 2 0 0 0,"1,2",,no (tile),,,,14.77,,0.8793,,3 4,yes,4_3 5_3,pgg,22x,hand
72980,8,6,1,4,JJUJJJUJ,not tested,95.95 180.00 132.03 132.03 84.05 180.00 227.97 47.97,1.0000 1.0000 0.3095 1.0000 1.0000 1.0000 0.3095 1.0000,0 0 2 0 0 0 2 0,0 3 0 2 2 1 2 0,6,,no (tile),,,,47.97,,0.3095,,3 4,yes,4_3 5_3,pgg,22x,hand
72980,8,6,1,7,UUUUUUUU,not needed (covering theorem),120.00 180.00 60.00 180.00 60.00 300.00 60.00 120.00,1.0000 1.0000 1.0000 1.0000 1.0000 1.0000 1.0000 1.0000,0 0 0 0 0 0 0 0,0 2 0 2 0 2 0 2,,,YES,2,5,2,60.00,,1.0000,,3 4,yes,4_3 5_3,pgg,22x,hand
72980,8,8,0,7,SSSSSSSS,not tested,62.44 180.00 143.87 36.13 323.87 36.13 180.00 117.56,1.0000 1.0000 1.0000 1.0000 1.0000 1.0000 1.0000 1.3301,0 0 0 0 0 0 0 7,0 0 1 0 1 0 0 0,1,,no (tile),,,,36.13,,0.7518,,3 4,yes,4_3 5_3,pgg,22x,hand
72980,8,8,1,6,JJJJJJJJ,not tested,141.33 180.00 38.67 180.00 218.67 64.00 141.33 116.00,1.0000 1.0000 1.0000 1.0000 1.0000 1.0000 1.0000 1.0000,0 0 0 0 0 0 0 0,0 3 0 3 0 1 2 3,2,,no (tile),,,,38.67,,1.0000,,3 4,yes,4_3 5_3,pgg,22x,hand
72980,8,9,0,6,UUUUUUJJ,not needed (covering theorem),71.57 180.00 90.00 270.00 90.00 270.00 18.43 90.00,1.0000 1.0000 1.0000 1.0000 1.0000 1.0000 3.1623 3.1623,0 0 0 0 0 0 6 6,0 2 0 2 0 2 0 3,,,YES,2,6,2,18.43,,0.3162,,3 4,yes,4_3 5_3,pgg,22x,hand
72980,8,10,1,2,SUUSSUSU,not tested,9.25 170.75 180.00 189.25 16.79 153.96 170.75 189.25,1.0000 0.7721 0.7721 1.0000 1.0985 0.7721 1.0000 0.7721,0 1 1 0 4 1 0 1,0 0 2 0 0 0 1 2,"1,2",,no (tile),,,,9.25,,0.7029,,3 4,yes,4_3 5_3,pgg,22x,hand
72989,8,1,0,1,SSSSSSSS,not needed (covering theorem),60.00 180.00 90.00 30.00 300.00 120.00 60.00 240.00,1.0000 1.0000 1.7321 1.0000 1.0000 1.0000 1.0000 1.0000,0 0 2 0 0 0 0 0,0 0 0 0 0 0 0 0,,,YES,2,8,2,30.00,,0.5774,,3 4 6,yes,4_2 5_2,p6,632,L3
72989,8,1,0,7,SSSSSSSS,not needed (covering theorem),90.00 180.00 60.00 240.00 60.00 120.00 300.00 30.00,1.0000 1.0000 1.0000 1.0000 1.0000 1.0000 1.0000 1.7321,0 0 0 0 0 0 0 7,0 0 0 0 0 0 0 0,,,YES,2,8,2,30.00,,0.5774,,3 4 6,yes,4_2 5_2,p6,632,L3
72990,8,1,0,1,SSSSSSSS,not tested,90.00 180.00 56.31 33.69 270.00 90.00 90.00 270.00,1.0000 1.0000 3.6056 1.0000 1.0000 1.0000 1.0000 1.0000,0 0 2 0 0 0 0 0,0 0 0 0 0 0 0 0,1,,no (tile),,,,33.69,,0.2774,,3 4,yes,4_2 5_2,p4,442,L2
72990,8,1,0,7,SSSSSSSS,not tested,56.31 180.00 90.00 270.00 90.00 90.00 270.00 33.69,1.0000 1.0000 1.0000 1.0000 1.0000 1.0000 1.0000 3.6056,0 0 0 0 0 0 0 7,0 0 0 0 0 0 0 0,1,,no (tile),,,,33.69,,0.2774,,3 4,yes,4_2 5_2,p4,442,L2
72991,8,1,0,1,SSSSSSSS,not needed (covering theorem),120.00 180.00 23.41 36.59 240.00 60.00 120.00 300.00,1.0000 1.0000 4.3589 1.0000 1.0000 1.0000 1.0000 1.0000,0 0 2 0 0 0 0 0,0 0 0 0 0 0 0 0,,,YES,2,8,2,23.41,,0.2294,,3 4 6,yes,4_2 5_2,p6,632,L2
72991,8,1,0,7,SSSSSSSS,not needed (covering theorem),23.41 180.00 120.00 300.00 120.00 60.00 240.00 36.59,1.0000 1.0000 1.0000 1.0000 1.0000 1.0000 1.0000 4.3589,0 0 0 0 0 0 0 7,0 0 0 0 0 0 0 0,,,YES,2,8,2,23.41,,0.2294,,3 4 6,yes,4_2 5_2,p6,632,L2
208907,8,0,1,0,IJIJJJJJ,not tested,78.09 101.91 159.74 20.26 237.83 122.17 237.83 122.17,1.0000 0.3734 1.0000 0.3734 0.3734 0.3734 0.3734 0.3734,0 1 0 1 1 1 1 1,0 0 0 3 1 3 1 3,5,,no (tile),,,,20.26,,0.3734,,3 4,yes,5_2 5_2,pm,1**,hand
208907,8,0,1,6,IJIIIIIJ,not tested,90.00 90.00 90.00 180.00 180.00 180.00 180.00 90.00,1.0000 1.0000 0.2000 0.2000 0.2000 0.2000 0.2000 1.0000,0 1 2 2 2 2 2 1,0 0 0 0 0 0 0 3,1,,no (tile),,,,90.00,,0.2000,,3 4,yes,5_2 5_2,pm,1**,hand
208907,8,1,1,5,IJIIIIIJ,not tested,90.00 90.00 90.00 180.00 180.00 180.00 180.00 90.00,1.0000 1.0000 0.2000 0.2000 0.2000 0.2000 0.2000 1.0000,0 1 2 2 2 2 2 1,0 0 0 0 0 0 0 3,1,,no (tile),,,,90.00,,0.2000,,3 4,yes,5_2 5_2,pm,1**,hand
208907,8,2,1,4,IJIIIIIJ,not tested,90.00 90.00 90.00 180.00 180.00 180.00 180.00 90.00,1.0000 1.0000 0.2000 0.2000 0.2000 0.2000 0.2000 1.0000,0 1 2 2 2 2 2 1,0 0 0 0 0 0 0 3,1,,no (tile),,,,90.00,,0.2000,,3 4,yes,5_2 5_2,pm,1**,hand
208907,8,3,1,1,IJJJJJIJ,not tested,132.82 47.18 204.70 155.30 204.70 155.30 71.89 108.11,1.0000 0.2595 0.2595 0.2595 0.2595 0.2595 1.0000 0.2595,0 1 1 1 1 1 0 1,0 0 2 0 2 0 0 3,5,,no (tile),,,,47.18,,0.2595,,3 4,yes,5_2 5_2,pm,1**,hand
208907,8,3,1,3,IJIIIIIJ,not tested,90.00 90.00 90.00 180.00 180.00 180.00 180.00 90.00,1.0000 1.0000 0.2000 0.2000 0.2000 0.2000 0.2000 1.0000,0 1 2 2 2 2 2 1,0 0 0 0 0 0 0 3,1,,no (tile),,,,90.00,,0.2000,,3 4,yes,5_2 5_2,pm,1**,hand
208907,8,8,1,0,IIIIIIII,not tested,90.78 180.00 89.22 180.00 90.78 89.22 270.78 89.22,1.0000 1.0000 1.0000 1.0000 1.0000 1.0000 1.0000 1.0000,0 1 1 0 1 1 1 1,0 0 0 0 0 0 0 0,"1,2,3,4,5,6",,no (tile),,,,89.22,,1.0000,,3 4,yes,5_2 5_2,pm,1**,hand
208907,8,9,0,0,IIIIIIII,not tested,60.00 180.00 120.00 120.00 180.00 60.00 180.00 180.00,1.0000 1.1471 1.1471 1.1471 1.0000 1.1471 1.0000 1.1471,0 1 1 1 0 1 0 1,0 0 0 0 0 0 0 0,2,,no (tile),,,,60.00,,0.8718,,3 4,yes,5_2 5_2,pm,1**,hand
208907,8,9,0,2,IIIIIIII,not tested,120.00 180.00 60.00 180.00 180.00 60.00 180.00 120.00,1.0000 0.2675 1.0000 0.2675 1.0000 0.2675 1.0000 1.0000,0 1 0 1 0 1 0 0,0 0 0 0 0 0 0 0,2,,no (tile),,,,60.00,,0.2675,,3 4,yes,5_2 5_2,pm,1**,hand
208907,8,9,0,3,IIIIIIII,not tested,90.00 180.00 90.00 90.00 270.00 90.00 90.00 180.00,1.0000 1.0000 1.0000 1.0000 1.0000 1.0000 1.0000 1.0000,0 0 2 2 0 0 2 2,0 0 0 0 0 0 0 0,"1,2,3,4,5,6",,no (tile),,,,90.00,,1.0000,,3 4,yes,5_2 5_2,pm,1**,hand
208907,8,10,1,2,IIIIIIII,not tested,90.78 180.00 89.22 90.78 269.22 90.78 89.22 180.00,1.0000 1.0000 1.0000 1.0000 1.0000 1.0000 1.0000 1.0000,0 1 0 0 0 0 1 0,0 0 0 0 0 0 0 0,"1,2,3,4,5,6",,no (tile),,,,89.22,,1.0000,,3 4,yes,5_2 5_2,pm,1**,hand
208907,8,12,0,3,IIIIIIII,not tested,90.00 180.00 90.00 180.00 90.00 180.00 90.00 180.00,1.0000 1.0000 1.0000 1.0000 1.0000 1.0000 1.0000 1.0000,0 1 1 0 1 0 0 1,0 0 0 0 0 0 0 0,"1,2,3,4,5,6,9",,no (tile),,,,90.00,,1.0000,,3 4,yes,5_2 5_2,pm,1**,hand
208907,8,12,0,7,IIIIIIII,not tested,90.00 180.00 90.00 180.00 90.00 180.00 90.00 180.00,1.0000 1.0000 1.0000 1.0000 1.0000 1.0000 1.0000 1.0000,0 1 0 1 1 0 1 0,0 0 0 0 0 0 0 0,"1,2,3,4,5,6,9",,no (tile),,,,90.00,,1.0000,,3 4,yes,5_2 5_2,pm,1**,hand
208907,8,12,1,3,IIIIIIII,not tested,90.00 180.00 90.00 180.00 90.00 180.00 90.00 180.00,1.0000 1.0000 1.0000 1.0000 1.0000 1.0000 1.0000 1.0000,0 1 0 1 1 0 1 0,0 0 0 0 0 0 0 0,"1,2,3,4,5,6,9",,no (tile),,,,90.00,,1.0000,,3 4,yes,5_2 5_2,pm,1**,hand
208907,8,12,1,7,IIIIIIII,not tested,90.00 180.00 90.00 180.00 90.00 180.00 90.00 180.00,1.0000 1.0000 1.0000 1.0000 1.0000 1.0000 1.0000 1.0000,0 1 1 0 1 0 0 1,0 0 0 0 0 0 0 0,"1,2,3,4,5,6,9",,no (tile),,,,90.00,,1.0000,,3 4,yes,5_2 5_2,pm,1**,hand
208908,8,0,1,0,IJIJJJJJ,not tested,78.09 101.91 159.74 20.26 237.83 122.17 237.83 122.17,1.0000 0.3734 1.0000 0.3734 0.3734 0.3734 0.3734 0.3734,0 1 0 1 1 1 1 1,0 0 0 3 1 3 1 3,5,,no (tile),,,,20.26,,0.3734,,3 4,yes,5_2 5_2,pmg,22*,hand
208908,8,0,1,6,IJIIIIIJ,not tested,90.00 90.00 90.00 180.00 180.00 180.00 180.00 90.00,1.0000 1.0000 0.2000 0.2000 0.2000 0.2000 0.2000 1.0000,0 1 2 2 2 2 2 1,0 0 0 0 0 0 0 3,1,,no (tile),,,,90.00,,0.2000,,3 4,yes,5_2 5_2,pmg,22*,hand
208908,8,1,1,5,IJIIIIIJ,not tested,90.00 90.00 90.00 180.00 180.00 180.00 180.00 90.00,1.0000 1.0000 0.2000 0.2000 0.2000 0.2000 0.2000 1.0000,0 1 2 2 2 2 2 1,0 0 0 0 0 0 0 3,1,,no (tile),,,,90.00,,0.2000,,3 4,yes,5_2 5_2,pmg,22*,hand
208908,8,2,1,4,IJIIIIIJ,not tested,90.00 90.00 90.00 180.00 180.00 180.00 180.00 90.00,1.0000 1.0000 0.2000 0.2000 0.2000 0.2000 0.2000 1.0000,0 1 2 2 2 2 2 1,0 0 0 0 0 0 0 3,1,,no (tile),,,,90.00,,0.2000,,3 4,yes,5_2 5_2,pmg,22*,hand
208908,8,3,1,1,IJJJJJIJ,not tested,132.82 47.18 204.70 155.30 204.70 155.30 71.89 108.11,1.0000 0.2595 0.2595 0.2595 0.2595 0.2595 1.0000 0.2595,0 1 1 1 1 1 0 1,0 0 2 0 2 0 0 3,5,,no (tile),,,,47.18,,0.2595,,3 4,yes,5_2 5_2,pmg,22*,hand
208908,8,3,1,3,IJIIIIIJ,not tested,90.00 90.00 90.00 180.00 180.00 180.00 180.00 90.00,1.0000 1.0000 0.2000 0.2000 0.2000 0.2000 0.2000 1.0000,0 1 2 2 2 2 2 1,0 0 0 0 0 0 0 3,1,,no (tile),,,,90.00,,0.2000,,3 4,yes,5_2 5_2,pmg,22*,hand
208908,8,8,1,0,IIIIIIII,not tested,89.00 180.00 91.00 180.00 89.00 91.00 269.00 91.00,1.0000 1.0000 1.0000 1.0000 1.0000 1.0000 1.0000 1.0000,0 0 0 0 0 0 0 0,0 0 0 0 0 0 0 0,"1,2,3,4,5,6",,no (tile),,,,89.00,,1.0000,,3 4,yes,5_2 5_2,pmg,22*,hand
208908,8,9,0,0,IIIIIIII,not tested,60.00 180.00 120.00 120.00 180.00 60.00 180.00 180.00,1.0000 1.0000 1.0000 1.0000 1.0000 1.0000 1.0000 1.0000,0 0 0 0 0 0 0 0,0 0 0 0 0 0 0 0,"1,2,3,5,6",,no (tile),,,,60.00,,1.0000,,3 4,yes,5_2 5_2,pmg,22*,hand
208908,8,9,0,2,IIIIIIII,not tested,120.00 180.00 60.00 180.00 180.00 60.00 180.00 120.00,1.0000 1.0000 1.0000 1.0000 1.0000 1.0000 1.0000 1.0000,0 0 0 0 0 0 0 0,0 0 0 0 0 0 0 0,"1,2,3,5,6",,no (tile),,,,60.00,,1.0000,,3 4,yes,5_2 5_2,pmg,22*,hand
208908,8,9,0,3,IIJJIIJJ,not needed (covering theorem),90.00 180.00 90.00 90.00 270.00 90.00 90.00 180.00,1.0000 1.0000 1.0000 1.0000 1.0000 1.0000 1.0000 1.0000,0 0 2 2 0 0 2 2,0 0 0 3 0 0 0 3,,,YES,2,"1,2",2,90.00,,1.0000,,3 4,yes,5_2 5_2,pmg,22*,hand
208908,8,10,1,2,IIIIIIII,not tested,89.00 180.00 91.00 89.00 271.00 89.00 91.00 180.00,1.0000 1.0000 1.0000 1.0000 1.0000 1.0000 1.0000 1.0000,0 0 0 0 0 0 0 0,0 0 0 0 0 0 0 0,"1,2,3,4,5,6",,no (tile),,,,89.00,,1.0000,,3 4,yes,5_2 5_2,pmg,22*,hand
208908,8,12,0,3,IIIIIIII,not tested,90.00 180.00 90.00 180.00 90.00 180.00 90.00 180.00,1.0000 1.0000 1.0000 1.0000 1.0000 1.0000 1.0000 1.0000,0 0 0 0 0 0 0 0,0 0 0 0 0 0 0 0,"1,2,3,4,5,6,9",,no (tile),,,,90.00,,1.0000,,3 4,yes,5_2 5_2,pmg,22*,hand
208908,8,12,0,7,IIIIIIII,not tested,90.00 180.00 90.00 180.00 90.00 180.00 90.00 180.00,1.0000 1.0000 1.0000 1.0000 1.0000 1.0000 1.0000 1.0000,0 0 0 0 0 0 0 0,0 0 0 0 0 0 0 0,"1,2,3,4,5,6,9",,no (tile),,,,90.00,,1.0000,,3 4,yes,5_2 5_2,pmg,22*,hand
208908,8,12,1,3,IIIIIIII,not tested,90.00 180.00 90.00 180.00 90.00 180.00 90.00 180.00,1.0000 1.0000 1.0000 1.0000 1.0000 1.0000 1.0000 1.0000,0 0 0 0 0 0 0 0,0 0 0 0 0 0 0 0,"1,2,3,4,5,6,9",,no (tile),,,,90.00,,1.0000,,3 4,yes,5_2 5_2,pmg,22*,hand
208908,8,12,1,7,IIIIIIII,not tested,90.00 180.00 90.00 180.00 90.00 180.00 90.00 180.00,1.0000 1.0000 1.0000 1.0000 1.0000 1.0000 1.0000 1.0000,0 0 0 0 0 0 0 0,0 0 0 0 0 0 0 0,"1,2,3,4,5,6,9",,no (tile),,,,90.00,,1.0000,,3 4,yes,5_2 5_2,pmg,22*,hand
208908,8,13,0,1,IIIJIIIJ,not tested,90.00 180.00 180.00 90.00 90.00 180.00 180.00 90.00,1.0000 1.0000 1.0000 1.0000 1.0000 1.0000 1.0000 1.0000,0 0 2 3 0 2 0 3,0 0 0 0 0 0 0 3,"1,4,5",,no (tile),,,,90.00,,1.0000,,3 4,yes,5_2 5_2,pmg,22*,hand
208908,8,13,1,2,IIIJIIIJ,not tested,90.00 180.00 180.00 90.00 90.00 180.00 180.00 90.00,1.0000 1.0000 1.0000 1.0000 1.0000 1.0000 1.0000 1.0000,0 1 1 3 1 0 1 3,0 0 0 0 0 0 0 3,"1,4,5",,no (tile),,,,90.00,,1.0000,,3 4,yes,5_2 5_2,pmg,22*,hand
208908,8,15,0,2,IIIJIIIJ,not tested,90.00 180.00 180.00 90.00 90.00 180.00 180.00 90.00,1.0000 1.0000 1.0000 1.0000 1.0000 1.0000 1.0000 1.0000,0 1 1 3 1 0 1 3,0 0 0 0 0 0 0 3,"1,4,5",,no (tile),,,,90.00,,1.0000,,3 4,yes,5_2 5_2,pmg,22*,hand
208908,8,15,1,1,IIIJIIIJ,not tested,90.00 180.00 180.00 90.00 90.00 180.00 180.00 90.00,1.0000 1.0000 1.0000 1.0000 1.0000 1.0000 1.0000 1.0000,0 0 2 3 0 2 0 3,0 0 0 0 0 0 0 3,"1,4,5",,no (tile),,,,90.00,,1.0000,,3 4,yes,5_2 5_2,pmg,22*,hand
209025,8,1,0,4,IIIIUIIU,not tested,90.00 180.00 180.00 90.00 90.00 270.00 90.00 90.00,1.0000 1.0000 0.3538 0.3538 1.3538 1.0000 1.0000 1.3538,0 0 2 2 4 0 0 4,0 0 0 0 0 0 0 2,9,,no (tile),,,,90.00,,0.2613,,3 4,yes,4_3 6_3,cm,1*x,L2
209025,8,4,0,0,IIIUIIUI,not tested,90.00 180.00 180.00 90.00 90.00 90.00 270.00 90.00,1.0000 0.3538 0.3538 1.3538 0.3538 0.3538 1.3538 1.0000,0 1 1 3 1 1 3 0,0 0 0 0 0 0 2 0,9,,no (tile),,,,90.00,,0.2613,,3 4,yes,4_3 6_3,cm,1*x,L2
209028,8,0,1,7,IIIIIIII,not tested,90.79 89.21 135.40 44.60 270.79 89.21 270.79 89.21,1.0000 1.0000 0.2848 0.4000 0.4000 0.4000 0.4000 0.4000,0 0 2 3 3 3 3 3,0 0 0 0 0 0 0 0,"1,2,6",,no (tile),,,,44.60,,0.2848,,3 4,yes,5_3 5_3,pmg,22*,hand
209028,8,2,0,2,IIJJJJJJ,not tested,90.00 90.00 90.00 180.00 180.00 90.00 180.00 180.00,1.0000 1.0000 0.3333 0.3333 0.3333 0.3333 0.3333 0.3333,0 0 2 2 2 2 2 2,0 0 0 3 0 3 0 3,9,,no (tile),,,,90.00,,0.3333,,3 4,yes,5_3 5_3,pmg,22*,hand
209028,8,3,0,4,IIIISIIS,not tested,120.04 90.00 180.00 180.00 59.96 300.04 90.00 59.96,1.0000 1.0000 0.4069 0.4069 1.6252 0.4069 0.4069 1.6252,0 0 2 2 4 2 2 4,0 0 0 0 0 0 0 0,9,,no (tile),,,,59.96,,0.2503,,3 4,yes,5_3 5_3,pmg,22*,hand
209028,8,5,0,2,IISSSSSS,not needed (covering theorem),45.00 90.00 135.00 90.00 180.00 180.00 90.00 270.00,1.0000 1.0000 0.3536 0.3536 0.3536 0.3536 0.3536 0.3536,0 0 2 2 2 2 2 2,0 0 0 0 0 0 0 0,,,YES,2,"1,2",2,45.00,,0.3536,,3 4,yes,5_3 5_3,pmg,22*,hand
209028,8,8,0,0,IJJIJJII,not tested,90.00 145.84 90.00 34.16 325.84 180.00 34.16 180.00,1.0000 1.1666 1.1666 1.2754 1.1666 1.1666 1.2754 1.0000,0 1 1 3 1 1 3 0,0 0 3 0 0 3 0 0,9,,no (tile),,,,34.16,,0.7840,,3 4,yes,5_3 5_3,pmg,22*,hand
209028,8,8,1,2,IJIIJJIJ,not tested,71.62 136.74 108.38 180.00 43.26 180.00 316.74 43.26,1.0000 0.8197 1.0000 0.4766 0.8197 0.8197 0.4766 0.8197,0 1 0 3 1 1 3 1,0 0 0 0 2 1 0 2,6,,no (tile),,,,43.26,,0.4766,,3 4,yes,5_3 5_3,pmg,22*,hand
209028,8,9,0,0,IJJJJJJI,not tested,90.00 123.69 90.00 180.00 180.00 180.00 180.00 56.31,1.0000 0.2774 0.2774 0.2774 0.2774 0.2774 0.2774 1.0000,0 1 1 1 1 1 1 0,0 0 3 0 3 0 3 0,9,,no (tile),,,,56.31,,0.2774,,3 4,yes,5_3 5_3,pmg,22*,hand
209028,8,9,0,2,IIJJJJJJ,not tested,56.31 90.00 123.69 90.00 180.00 180.00 180.00 180.00,1.0000 1.0000 0.2774 0.2774 0.2774 0.2774 0.2774 0.2774,0 0 2 2 2 2 2 2,0 0 0 3 0 3 0 3,9,,no (tile),,,,56.31,,0.2774,,3 4,yes,5_3 5_3,pmg,22*,hand
209028,8,9,1,0,IIIIIIII,not tested,90.00 90.00 90.00 180.00 180.00 180.00 180.00 90.00,1.0000 1.0000 0.2000 0.2000 0.2000 0.2000 0.2000 1.0000,0 1 2 2 2 2 2 7,0 0 0 0 0 0 0 0,"1,2,6",,no (tile),,,,90.00,,0.2000,,3 4,yes,5_3 5_3,pmg,22*,hand
209028,8,9,1,2,IJIJJJJJ,not tested,48.48 131.52 131.52 48.48 180.00 180.00 180.00 180.00,1.0000 0.3314 1.0000 0.3314 0.3314 0.3314 0.3314 0.3314,0 1 0 1 1 1 1 1,0 0 0 2 1 2 1 2,6,,no (tile),,,,48.48,,0.3314,,3 4,yes,5_3 5_3,pmg,22*,hand
209028,8,10,0,2,IISSSSSS,not tested,90.00 90.00 90.00 180.00 180.00 90.00 180.00 180.00,1.0000 1.0000 0.3333 0.3333 0.3333 0.3333 0.3333 0.3333,0 0 2 2 2 2 2 2,0 0 0 0 0 0 0 0,"1,2,6,9",,no (tile),,,,90.00,,0.3333,,3 4,yes,5_3 5_3,pmg,22*,hand
209028,8,14,0,3,IIIJJIJJ,not tested,105.48 90.00 180.00 74.52 90.00 285.48 74.52 180.00,1.0000 1.0000 0.9019 0.6022 0.6022 0.9019 0.6022 0.6022,0 0 2 3 3 2 3 3,0 0 0 0 3 0 0 3,9,,no (tile),,,,74.52,,0.6022,,3 4,yes,5_3 5_3,pmg,22*,hand
209028,8,15,1,0,IISSSSSI,not tested,90.00 90.00 90.78 178.43 181.57 178.43 181.57 89.22,1.0000 1.0214 0.2000 0.2000 0.2000 0.2000 0.2000 1.0241,0 1 2 2 2 2 2 7,0 0 0 1 0 1 0 0,1,,no (tile),,,,89.22,,0.1953,,3 4,yes,5_3 5_3,pmg,22*,hand
209028,8,18,1,0,IIIIIIII,not tested,90.00 90.00 90.00 180.00 180.00 180.00 180.00 90.00,1.0000 1.0000 0.2000 0.2000 0.2000 0.2000 0.2000 1.0000,0 1 2 2 2 2 2 7,0 0 0 0 0 0 0 0,"1,2,6",,no (tile),,,,90.00,,0.2000,,3 4,yes,5_3 5_3,pmg,22*,hand
209028,8,19,1,0,IISSSSSI,not tested,90.00 90.00 90.78 178.43 181.57 178.43 181.57 89.22,1.0000 1.0214 0.2000 0.2000 0.2000 0.2000 0.2000 1.0241,0 1 2 2 2 2 2 7,0 0 0 1 0 1 0 0,1,,no (tile),,,,89.22,,0.1953,,3 4,yes,5_3 5_3,pmg,22*,hand
209028,8,19,1,6,IJJJJJIJ,not tested,132.20 46.45 181.35 178.65 181.35 178.65 47.80 133.55,1.0000 0.3384 0.3384 0.3384 0.3384 0.3384 0.9891 0.3384,0 1 1 1 1 1 6 1,0 0 2 0 2 0 0 2,6,,no (tile),,,,46.45,,0.3384,,3 4,yes,5_3 5_3,pmg,22*,hand
209028,8,20,1,5,IIIIIIII,not tested,269.95 -44.98 224.98 135.02 224.98 -89.95 224.98 135.02,1.0000 0.7074 0.2500 0.7074 0.2500 0.2500 0.7074 0.2500,0 1 2 1 2 2 1 2,0 0 0 0 0 0 0 0,"1,2,6",,no (tile),,,,44.98,,0.2500,,3 4,yes,5_3 5_3,pmg,22*,hand
209028,8,20,1,7,IIIIIIII,not tested,90.78 89.22 270.78 44.61 135.39 89.22 270.78 89.22,1.0000 1.0000 1.0000 0.7119 0.7500 0.7500 0.7500 0.7500,0 0 0 3 4 4 4 4,0 0 0 0 0 0 0 0,1,,no (tile),,,,44.61,,0.7119,,3 4,yes,5_3 5_3,pmg,22*,hand
209028,8,24,1,2,IJIIJIJJ,not tested,57.80 159.72 122.20 180.00 20.28 237.80 122.20 180.00,1.0000 0.8203 0.8379 1.0000 0.8203 0.8379 0.8203 0.8203,0 1 2 0 1 2 1 1,0 0 0 0 2 0 1 2,6,,no (tile),,,,20.28,,0.8203,,3 4,yes,5_3 5_3,pmg,22*,hand
209028,8,25,0,0,ISSSSSSI,not needed (covering theorem),90.00 135.00 90.00 180.00 180.00 90.00 270.00 45.00,1.0000 0.3536 0.3536 0.3536 0.3536 0.3536 0.3536 1.0000,0 1 1 1 1 1 1 0,0 0 0 0 0 0 0 0,,,YES,2,"1,2",2,45.00,,0.3536,,3 4,yes,5_3 5_3,pmg,22*,hand
209028,8,30,1,5,IIIIIIII,not tested,224.70 -89.41 224.70 135.30 224.70 -44.70 269.41 135.30,1.0000 1.0000 2.8430 1.0000 2.8430 4.0000 1.0000 2.8430,0 0 2 0 2 5 0 2,0 0 0 0 0 0 0 0,"1,2,6",,no (tile),,,,44.70,,0.2500,,3 4,yes,5_3 5_3,pmg,22*,hand
209028,8,30,1,7,IIIIIIII,not tested,90.78 89.22 270.78 89.22 135.39 44.61 270.78 89.22,1.0000 1.0000 1.0000 1.0000 0.9492 1.3333 1.3333 1.3333,0 0 0 0 4 5 5 5,0 0 0 0 0 0 0 0,1,,no (tile),,,,44.61,,0.7119,,3 4,yes,5_3 5_3,pmg,22*,hand
209028,8,32,0,0,IJJJJJJI,not tested,90.00 90.00 180.00 180.00 90.00 180.00 180.00 90.00,1.0000 0.3333 0.3333 0.3333 0.3333 0.3333 0.3333 1.0000,0 1 1 1 1 1 1 0,0 0 3 0 3 0 3 0,9,,no (tile),,,,90.00,,0.3333,,3 4,yes,5_3 5_3,pmg,22*,hand
209028,8,33,0,0,ISSSSSSI,not tested,90.00 90.00 180.00 180.00 90.00 180.00 180.00 90.00,1.0000 0.3333 0.3333 0.3333 0.3333 0.3333 0.3333 1.0000,0 1 1 1 1 1 1 0,0 0 0 0 0 0 0 0,"1,2,6,9",,no (tile),,,,90.00,,0.3333,,3 4,yes,5_3 5_3,pmg,22*,hand
209028,8,34,1,7,IIIIIIII,not tested,90.80 89.20 270.80 89.20 270.80 44.60 135.40 89.20,1.0000 1.0000 1.0000 1.0000 1.0000 0.7121 2.5000 2.5000,0 0 0 0 0 5 6 6,0 0 0 0 0 0 0 0,"1,2,6",,no (tile),,,,44.60,,0.2848,,3 4,yes,5_3 5_3,pmg,22*,hand
209028,8,39,1,3,IIJIJJIJ,not tested,23.45 180.00 148.60 156.55 31.40 180.00 148.60 211.40,1.0000 0.2675 0.8897 1.0000 0.8897 0.8897 0.2675 0.8897,0 1 2 0 2 2 1 2,0 0 0 0 2 1 0 2,6,,no (tile),,,,23.45,,0.2675,,3 4,yes,5_3 5_3,pmg,22*,hand
209028,8,42,1,2,IIIIIIII,not tested,90.78 180.00 89.22 180.00 90.78 89.22 270.78 89.22,1.0000 1.0000 1.0000 1.0000 1.0000 1.0000 1.0000 1.0000,0 1 2 0 2 1 2 1,0 0 0 0 0 0 0 0,"1,2,3,4,5,6",,no (tile),,,,89.22,,1.0000,,3 4,yes,5_3 5_3,pmg,22*,hand
209028,8,48,0,0,IIJJIJJI,not tested,90.00 180.00 71.63 90.00 288.37 71.63 180.00 108.37,1.0000 0.9979 0.6318 0.6318 0.9979 0.6318 0.6318 1.0000,0 1 2 2 1 2 2 0,0 0 0 3 0 0 3 0,9,,no (tile),,,,71.63,,0.6318,,3 4,yes,5_3 5_3,pmg,22*,hand
209028,8,49,1,6,IIIIIIII,not tested,90.78 180.00 89.22 90.78 269.22 90.78 89.22 180.00,1.0000 1.0000 1.0000 1.0000 1.0000 1.0000 1.0000 1.0000,0 1 0 0 0 0 6 0,0 0 0 0 0 0 0 0,"1,2,3,4,5,6",,no (tile),,,,89.22,,1.0000,,3 4,yes,5_3 5_3,pmg,22*,hand
209028,8,51,1,2,IIIIIIII,not tested,90.00 180.00 90.00 180.00 90.00 180.00 90.00 180.00,1.0000 1.0000 1.0000 1.0000 1.0000 1.0000 1.0000 1.0000,0 1 1 3 1 3 0 1,0 0 0 0 0 0 0 0,"1,2,3,4,5,6,9",,no (tile),,,,90.00,,1.0000,,3 4,yes,5_3 5_3,pmg,22*,hand
209028,8,51,1,6,IIIIIIII,not tested,90.00 180.00 90.00 180.00 90.00 180.00 90.00 180.00,1.0000 1.0000 1.0000 1.0000 1.0000 1.0000 1.0000 1.0000,0 1 0 1 1 5 1 5,0 0 0 0 0 0 0 0,"1,2,3,4,5,6,9",,no (tile),,,,90.00,,1.0000,,3 4,yes,5_3 5_3,pmg,22*,hand
209028,8,72,0,0,IIISIISI,not tested,90.00 180.00 180.00 59.96 300.04 90.00 59.96 120.04,1.0000 0.4069 0.4069 1.6252 0.4069 0.4069 1.6252 1.0000,0 1 1 3 1 1 3 0,0 0 0 0 0 0 0 0,9,,no (tile),,,,59.96,,0.2503,,3 4,yes,5_3 5_3,pmg,22*,hand
209053,8,0,1,0,SJSJJJJJ,not tested,78.09 101.91 159.74 20.26 237.83 122.17 237.83 122.17,1.0000 0.3734 1.0000 0.3734 0.3734 0.3734 0.3734 0.3734,0 1 0 1 1 1 1 1,0 0 1 3 1 3 1 3,5,,no (tile),,,,20.26,,0.3734,,3 4,yes,5_2 5_2,p2,2222,hand
209053,8,0,1,6,SJIIIIIJ,not tested,90.00 90.00 90.00 180.00 180.00 180.00 180.00 90.00,1.0000 1.0000 0.2000 0.2000 0.2000 0.2000 0.2000 1.0000,0 1 2 2 2 2 2 1,0 0 0 0 0 0 0 3,1,,no (tile),,,,90.00,,0.2000,,3 4,yes,5_2 5_2,p2,2222,hand
209053,8,1,1,5,SJIIIIIJ,not tested,90.00 90.00 90.00 180.00 180.00 180.00 180.00 90.00,1.0000 1.0000 0.2000 0.2000 0.2000 0.2000 0.2000 1.0000,0 1 2 2 2 2 2 1,0 0 0 0 0 0 0 3,1,,no (tile),,,,90.00,,0.2000,,3 4,yes,5_2 5_2,p2,2222,hand
209053,8,2,1,4,SJIIIIIJ,not tested,90.00 90.00 90.00 180.00 180.00 180.00 180.00 90.00,1.0000 1.0000 0.2000 0.2000 0.2000 0.2000 0.2000 1.0000,0 1 2 2 2 2 2 1,0 0 0 0 0 0 0 3,1,,no (tile),,,,90.00,,0.2000,,3 4,yes,5_2 5_2,p2,2222,hand
209053,8,3,1,1,SJJJJJSJ,not tested,132.82 47.18 204.70 155.30 204.70 155.30 71.89 108.11,1.0000 0.2595 0.2595 0.2595 0.2595 0.2595 1.0000 0.2595,0 1 1 1 1 1 0 1,0 0 2 0 2 0 1 3,5,,no (tile),,,,47.18,,0.2595,,3 4,yes,5_2 5_2,p2,2222,hand
209053,8,3,1,3,SJIIIIIJ,not tested,90.00 90.00 90.00 180.00 180.00 180.00 180.00 90.00,1.0000 1.0000 0.2000 0.2000 0.2000 0.2000 0.2000 1.0000,0 1 2 2 2 2 2 1,0 0 0 0 0 0 0 3,1,,no (tile),,,,90.00,,0.2000,,3 4,yes,5_2 5_2,p2,2222,hand
209053,8,8,1,0,JJJJJJJJ,not tested,89.00 180.00 91.00 180.00 89.00 91.00 269.00 91.00,1.0000 1.0000 1.0000 1.0000 1.0000 1.0000 1.0000 1.0000,0 0 0 0 0 0 0 0,0 3 1 2 0 2 0 2,"3,5",,no (tile),,,,89.00,,1.0000,,3 4,yes,5_2 5_2,p2,2222,hand
209053,8,9,0,0,JJJJJJJJ,not tested,60.00 180.00 120.00 120.00 180.00 60.00 180.00 180.00,1.0000 1.0000 1.0000 1.0000 1.0000 1.0000 1.0000 1.0000,0 0 0 0 0 0 0 0,0 3 3 3 0 0 3 0,1,,no (tile),,,,60.00,,1.0000,,3 4,yes,5_2 5_2,p2,2222,hand
209053,8,9,0,2,JJJJJJJJ,not tested,120.00 180.00 60.00 180.00 180.00 60.00 180.00 120.00,1.0000 1.0000 1.0000 1.0000 1.0000 1.0000 1.0000 1.0000,0 0 0 0 0 0 0 0,0 3 3 0 3 3 0 0,1,,no (tile),,,,60.00,,1.0000,,3 4,yes,5_2 5_2,p2,2222,hand
209053,8,9,0,3,JJJJJJJJ,not needed (covering theorem),90.00 180.00 90.00 90.00 270.00 90.00 90.00 180.00,1.0000 1.0000 1.0000 1.0000 1.0000 1.0000 1.0000 1.0000,0 0 2 2 0 0 2 2,0 3 0 3 0 3 0 3,,,YES,2,1,2,90.00,,1.0000,,3 4,yes,5_2 5_2,p2,2222,hand
209053,8,10,1,2,JJJJJJJJ,not tested,89.00 180.00 91.00 89.00 271.00 89.00 91.00 180.00,1.0000 1.0000 1.0000 1.0000 1.0000 1.0000 1.0000 1.0000,0 0 0 0 0 0 0 0,0 3 1 3 1 3 1 2,"3,5",,no (tile),,,,89.00,,1.0000,,3 4,yes,5_2 5_2,p2,2222,hand
209053,8,12,0,3,JJJJJJJJ,not tested,90.00 180.00 90.00 180.00 90.00 180.00 90.00 180.00,1.0000 1.0000 1.0000 1.0000 1.0000 1.0000 1.0000 1.0000,0 0 0 0 0 0 0 0,0 3 3 0 0 3 3 0,"1,4",,no (tile),,,,90.00,,1.0000,,3 4,yes,5_2 5_2,p2,2222,hand
209053,8,12,0,7,JJJJJJJJ,not tested,90.00 180.00 90.00 180.00 90.00 180.00 90.00 180.00,1.0000 1.0000 1.0000 1.0000 1.0000 1.0000 1.0000 1.0000,0 0 0 0 0 0 0 0,0 3 3 0 0 3 3 0,"1,4",,no (tile),,,,90.00,,1.0000,,3 4,yes,5_2 5_2,p2,2222,hand
209053,8,12,1,3,JJJJJJJJ,not tested,90.00 180.00 90.00 180.00 90.00 180.00 90.00 180.00,1.0000 1.0000 1.0000 1.0000 1.0000 1.0000 1.0000 1.0000,0 0 0 0 0 0 0 0,0 3 1 2 0 3 1 2,"1,4",,no (tile),,,,90.00,,1.0000,,3 4,yes,5_2 5_2,p2,2222,hand
209053,8,12,1,7,JJJJJJJJ,not tested,90.00 180.00 90.00 180.00 90.00 180.00 90.00 180.00,1.0000 1.0000 1.0000 1.0000 1.0000 1.0000 1.0000 1.0000,0 0 0 0 0 0 0 0,0 3 1 2 0 3 1 2,"1,4",,no (tile),,,,90.00,,1.0000,,3 4,yes,5_2 5_2,p2,2222,hand
209053,8,13,0,1,SSSJSSSJ,not tested,90.00 180.00 180.00 90.00 90.00 180.00 180.00 90.00,1.0000 1.0000 1.0000 1.0000 1.0000 1.0000 1.0000 1.0000,0 0 0 3 0 0 0 3,0 0 0 0 0 0 0 3,"1,4",,no (tile),,,,90.00,,1.0000,,3 4,yes,5_2 5_2,p2,2222,hand
209053,8,13,1,2,SSSJSSSJ,not tested,90.00 180.00 180.00 90.00 90.00 180.00 180.00 90.00,1.0000 1.0000 1.0000 1.0000 1.0000 1.0000 1.0000 1.0000,0 0 0 3 0 0 0 3,0 0 0 0 1 1 1 3,"1,5",,no (tile),,,,90.00,,1.0000,,3 4,yes,5_2 5_2,p2,2222,hand
209053,8,13,1,5,SSSSSSSS,not tested,89.00 271.00 89.00 91.00 180.00 89.00 180.00 91.00,1.0000 1.0000 1.0000 1.0000 1.0000 1.0000 1.0000 1.0000,0 0 0 0 0 0 0 0,0 1 0 1 1 0 0 1,"1,2,3,4,5,6",,no (tile),,,,89.00,,1.0000,,3 4,yes,5_2 5_2,p2,2222,hand
209053,8,15,0,2,SSSJSSSJ,not tested,90.00 180.00 180.00 90.00 90.00 180.00 180.00 90.00,1.0000 1.0000 1.0000 1.0000 1.0000 1.0000 1.0000 1.0000,0 0 0 3 0 0 0 3,0 0 0 0 0 0 0 3,"1,4",,no (tile),,,,90.00,,1.0000,,3 4,yes,5_2 5_2,p2,2222,hand
209053,8,15,1,1,SSSJSSSJ,not tested,90.00 180.00 180.00 90.00 90.00 180.00 180.00 90.00,1.0000 1.0000 1.0000 1.0000 1.0000 1.0000 1.0000 1.0000,0 0 0 3 0 0 0 3,0 0 0 0 1 1 1 3,"1,5",,no (tile),,,,90.00,,1.0000,,3 4,yes,5_2 5_2,p2,2222,hand
209053,8,15,1,6,SSSSSSSS,not tested,89.00 91.00 269.00 91.00 89.00 180.00 91.00 180.00,1.0000 1.0000 1.0000 1.0000 1.0000 1.0000 1.0000 1.0000,0 0 0 0 0 0 0 0,0 1 0 1 0 0 1 1,"1,2,3,4,5,6",,no (tile),,,,89.00,,1.0000,,3 4,yes,5_2 5_2,p2,2222,hand
209056,8,9,0,1,JJJJJJJJ,not tested,65.69 180.00 114.31 17.07 294.31 180.00 65.69 162.93,1.0000 1.0000 0.8233 1.0000 0.8233 0.8233 1.0000 0.8233,0 0 2 0 2 2 0 2,0 3 0 3 0 3 0 3,1,,no (tile),,,,17.07,,0.8233,,3 4,yes,4_3 6_3,p2,2222,L2
209074,8,0,0,0,SJSJJJJJ,not tested,47.57 132.43 132.43 47.57 180.00 180.00 180.00 180.00,1.0000 0.3374 1.0000 0.3374 0.3374 0.3374 0.3374 0.3374,0 1 0 1 1 1 1 1,0 0 0 3 0 3 0 3,1,,no (tile),,,,47.57,,0.3374,,3 4,yes,5_1 5_1,p2,2222,L2
209074,8,0,0,2,SJSJSSSS,not tested,180.00 82.10 97.90 82.10 97.90 180.00 180.00 180.00,1.0000 1.8992 5.0000 1.8992 1.0000 1.0000 1.0000 1.0000,0 1 2 1 0 0 0 0,0 0 0 3 0 0 0 0,1,,no (tile),,,,82.10,,0.2000,,3 4,yes,5_1 5_1,p2,2222,L2
209074,8,1,0,2,SJSJSSSS,not tested,180.00 82.10 97.90 82.10 97.90 180.00 180.00 180.00,1.0000 1.8992 5.0000 1.8992 1.0000 1.0000 1.0000 1.0000,0 1 2 1 0 0 0 0,0 0 0 3 0 0 0 0,1,,no (tile),,,,82.10,,0.2000,,3 4,yes,5_1 5_1,p2,2222,L2
209074,8,1,1,3,SJIJSSSS,not tested,180.00 82.10 97.90 82.10 97.90 180.00 180.00 180.00,1.0000 1.8992 5.0000 1.8992 1.0000 1.0000 1.0000 1.0000,0 1 2 1 0 0 0 0,0 0 0 3 0 0 0 0,1,,no (tile),,,,82.10,,0.2000,,3 4,yes,5_1 5_1,p2,2222,L2
209074,8,2,0,2,SJSJSSSS,not tested,180.00 82.10 97.90 82.10 97.90 180.00 180.00 180.00,1.0000 1.8992 5.0000 1.8992 1.0000 1.0000 1.0000 1.0000,0 1 2 1 0 0 0 0,0 0 0 3 0 0 0 0,1,,no (tile),,,,82.10,,0.2000,,3 4,yes,5_1 5_1,p2,2222,L2
209074,8,2,1,3,SJIJSSSS,not tested,180.00 82.10 97.90 82.10 97.90 180.00 180.00 180.00,1.0000 1.8992 5.0000 1.8992 1.0000 1.0000 1.0000 1.0000,0 1 2 1 0 0 0 0,0 0 0 3 0 0 0 0,1,,no (tile),,,,82.10,,0.2000,,3 4,yes,5_1 5_1,p2,2222,L2
209074,8,3,1,1,SJSJJJJJ,not tested,47.57 132.43 132.43 47.57 180.00 180.00 180.00 180.00,1.0000 0.3374 1.0000 0.3374 0.3374 0.3374 0.3374 0.3374,0 1 0 1 1 1 1 1,0 0 1 3 0 3 0 3,1,,no (tile),,,,47.57,,0.3374,,3 4,yes,5_1 5_1,p2,2222,L2
209074,8,3,1,3,SJIJSSSS,not tested,180.00 82.10 97.90 82.10 97.90 180.00 180.00 180.00,1.0000 1.8992 5.0000 1.8992 1.0000 1.0000 1.0000 1.0000,0 1 2 1 0 0 0 0,0 0 0 3 0 0 0 0,1,,no (tile),,,,82.10,,0.2000,,3 4,yes,5_1 5_1,p2,2222,L2
209074,8,6,0,0,SSSSSSSS,not tested,76.39 180.00 103.61 180.00 76.39 103.61 256.39 103.61,1.0000 1.0000 1.0000 1.0000 1.0000 1.0000 1.0000 1.0000,0 1 1 0 1 1 1 1,0 0 0 0 0 0 0 0,1,,no (tile),,,,76.39,,1.0000,,3 4,yes,5_1 5_1,p2,2222,L2
209074,8,8,1,2,SSSSSSSS,not tested,94.96 200.10 64.94 159.90 135.16 64.94 295.06 64.94,1.0000 0.7973 1.0000 0.7973 0.7973 1.0000 0.7973 1.0000,0 1 0 1 1 0 1 0,0 0 1 1 0 1 0 1,"1,2,3,6",,no (tile),,,,64.94,,0.7973,,3 4,yes,5_1 5_1,p2,2222,L2
209074,8,9,0,7,SSSSSSSS,not tested,151.81 164.82 43.38 208.19 108.43 43.38 316.62 43.38,1.0000 1.3758 1.0000 1.0000 1.3758 1.0000 1.3758 1.0000,0 1 0 0 1 0 1 0,0 0 0 0 0 0 0 0,1,,no (tile),,,,43.38,,0.7269,,3 4,yes,5_1 5_1,p2,2222,L2
209074,8,9,1,1,SSISSISI,not tested,148.36 152.50 59.14 211.64 89.23 59.14 300.86 59.14,1.0000 1.2222 0.6270 1.0000 1.2222 0.6270 1.2222 0.6270,0 1 2 0 1 2 1 2,0 0 0 1 0 0 0 0,"1,6",,no (tile),,,,59.14,,0.5130,,3 4,yes,5_1 5_1,p2,2222,L2
209074,8,11,0,6,SJSSSJSS,not tested,180.00 90.00 90.00 180.00 180.00 90.00 90.00 180.00,1.0000 1.0000 1.0000 1.0000 1.0000 1.0000 1.0000 1.0000,0 1 0 0 0 1 0 0,0 0 0 0 0 3 0 0,"1,4",,no (tile),,,,90.00,,1.0000,,3 4,yes,5_1 5_1,p2,2222,L2
209074,8,11,1,1,SJSSSJSS,not tested,180.00 90.00 90.00 180.00 180.00 90.00 90.00 180.00,1.0000 1.0000 1.0000 1.0000 1.0000 1.0000 1.0000 1.0000,0 1 0 0 0 1 0 0,0 0 1 1 1 3 0 0,"1,5",,no (tile),,,,90.00,,1.0000,,3 4,yes,5_1 5_1,p2,2222,L2
209074,8,11,1,6,SSSSSSSS,not tested,89.00 180.00 91.00 89.00 271.00 89.00 91.00 180.00,1.0000 1.0000 1.0000 1.0000 1.0000 1.0000 1.0000 1.0000,0 0 0 0 0 0 0 0,0 0 1 0 1 0 1 1,"1,2,3,4,5,6",,no (tile),,,,89.00,,1.0000,,3 4,yes,5_1 5_1,p2,2222,L2
209074,8,19,0,0,SSSSSSSS,not tested,111.88 206.44 41.68 164.75 153.56 41.68 318.32 41.68,1.0000 1.0000 1.3389 1.0000 1.0000 1.3389 1.0000 1.3389,0 0 2 0 0 2 0 2,0 0 0 0 0 0 0 0,1,,no (tile),,,,41.68,,0.7469,,3 4,yes,5_1 5_1,p2,2222,L2
209074,8,19,1,0,SISISSIS,not tested,257.32 -25.04 385.04 -25.04 232.28 152.75 -25.04 127.72,1.0000 0.9060 1.0000 0.9060 0.2675 1.0000 0.9060 0.2675,0 1 0 1 4 0 1 4,0 0 0 0 0 0 0 1,"1,6",,no (tile),,,,25.04,,0.2675,,3 4,yes,5_1 5_1,p2,2222,L2
209074,8,21,0,6,SSSSSSSS,not tested,252.72 -43.93 403.93 -43.93 208.79 195.14 -43.93 151.21,1.0000 0.7202 1.0000 0.7202 0.7202 1.0000 0.7202 0.7202,0 1 0 1 1 0 1 1,0 0 0 0 0 0 0 0,1,,no (tile),,,,43.93,,0.7202,,3 4,yes,5_1 5_1,p2,2222,L2
209074,8,21,1,2,SISSISIS,not tested,62.00 232.17 65.82 166.35 127.83 65.82 294.18 65.82,1.0000 0.7092 1.7316 1.0000 0.7092 1.7316 0.7092 1.7316,0 1 2 0 1 2 1 2,0 0 0 1 0 0 0 0,"1,6",,no (tile),,,,62.00,,0.4095,,3 4,yes,5_1 5_1,p2,2222,L2
209074,8,22,0,1,SSSSSSSS,not tested,217.31 46.28 217.31 96.41 142.69 120.90 142.69 96.41,1.0000 0.9560 1.0000 1.0000 0.9560 1.0000 0.9560 0.9560,0 1 0 0 1 0 1 1,0 0 0 0 0 0 0 0,"1,4",,no (tile),,,,46.28,,0.9560,,3 4,yes,5_1 5_1,p2,2222,L2
209074,8,22,0,5,SSSSSSSS,not tested,135.00 90.00 225.00 45.00 225.00 90.00 135.00 135.00,1.0000 1.0000 1.0000 1.0000 1.0000 1.0000 1.0000 1.0000,0 0 2 0 2 2 0 2,0 0 0 0 0 0 0 0,"1,4,9",,no (tile),,,,45.00,,1.0000,,3 4,yes,5_1 5_1,p2,2222,L2
209074,8,22,1,3,SSSSSSSS,not tested,217.31 46.28 217.31 96.41 142.69 120.90 142.69 96.41,1.0000 1.0000 0.9560 1.0000 0.9560 0.9560 1.0000 0.9560,0 0 2 0 2 2 0 2,0 1 0 0 1 0 1 1,"1,3,4,5",,no (tile),,,,46.28,,0.9560,,3 4,yes,5_1 5_1,p2,2222,L2
209074,8,22,1,7,SSSSSSSS,not tested,135.00 90.00 225.00 45.00 225.00 90.00 135.00 135.00,1.0000 1.0000 1.0000 1.0000 1.0000 1.0000 1.0000 1.0000,0 1 0 0 1 0 1 1,0 0 1 0 1 1 0 1,"1,3,4,5",,no (tile),,,,45.00,,1.0000,,3 4,yes,5_1 5_1,p2,2222,L2
209074,8,23,0,3,SSJSJSSS,not tested,180.00 180.00 82.10 97.90 82.10 97.90 180.00 180.00,1.0000 1.0000 1.8992 5.0000 1.8992 1.0000 1.0000 1.0000,0 0 2 3 2 0 0 0,0 0 0 0 3 0 0 0,1,,no (tile),,,,82.10,,0.2000,,3 4,yes,5_1 5_1,p2,2222,L2
209074,8,23,1,4,SSJIJSSS,not tested,180.00 180.00 82.10 97.90 82.10 97.90 180.00 180.00,1.0000 1.0000 1.8992 5.0000 1.8992 1.0000 1.0000 1.0000,0 0 2 3 2 0 0 0,0 0 0 0 3 0 0 0,1,,no (tile),,,,82.10,,0.2000,,3 4,yes,5_1 5_1,p2,2222,L2
209074,8,24,0,3,SSJSJSSS,not tested,180.00 180.00 82.10 97.90 82.10 97.90 180.00 180.00,1.0000 1.0000 1.8992 5.0000 1.8992 1.0000 1.0000 1.0000,0 0 2 3 2 0 0 0,0 0 0 0 3 0 0 0,1,,no (tile),,,,82.10,,0.2000,,3 4,yes,5_1 5_1,p2,2222,L2
209074,8,25,1,4,SSJIJSSS,not tested,180.00 180.00 82.10 97.90 82.10 97.90 180.00 180.00,1.0000 1.0000 1.8992 5.0000 1.8992 1.0000 1.0000 1.0000,0 0 2 3 2 0 0 0,0 0 0 0 3 0 0 0,1,,no (tile),,,,82.10,,0.2000,,3 4,yes,5_1 5_1,p2,2222,L2
209074,8,26,0,3,SSJSJSSS,not tested,180.00 180.00 82.10 97.90 82.10 97.90 180.00 180.00,1.0000 1.0000 1.8992 5.0000 1.8992 1.0000 1.0000 1.0000,0 0 2 3 2 0 0 0,0 0 0 0 3 0 0 0,1,,no (tile),,,,82.10,,0.2000,,3 4,yes,5_1 5_1,p2,2222,L2
209074,8,26,1,4,SSJIJSSS,not tested,180.00 180.00 82.10 97.90 82.10 97.90 180.00 180.00,1.0000 1.0000 1.8992 5.0000 1.8992 1.0000 1.0000 1.0000,0 0 2 3 2 0 0 0,0 0 0 0 3 0 0 0,1,,no (tile),,,,82.10,,0.2000,,3 4,yes,5_1 5_1,p2,2222,L2
209074,8,33,0,7,SSJSSSJS,not tested,180.00 180.00 90.00 90.00 180.00 180.00 90.00 90.00,1.0000 1.0000 1.0000 1.0000 1.0000 1.0000 1.0000 1.0000,0 0 2 0 0 0 2 0,0 0 0 0 0 0 3 0,"1,4",,no (tile),,,,90.00,,1.0000,,3 4,yes,5_1 5_1,p2,2222,L2
209074,8,33,1,2,SSJSSSJS,not tested,180.00 180.00 90.00 90.00 180.00 180.00 90.00 90.00,1.0000 1.0000 1.0000 1.0000 1.0000 1.0000 1.0000 1.0000,0 0 2 0 0 0 2 0,0 0 0 1 1 1 3 0,"1,5",,no (tile),,,,90.00,,1.0000,,3 4,yes,5_1 5_1,p2,2222,L2
209074,8,33,1,5,SSSSSSSS,not tested,89.00 180.00 91.00 89.00 271.00 89.00 91.00 180.00,1.0000 1.0000 1.0000 1.0000 1.0000 1.0000 1.0000 1.0000,0 0 0 0 0 0 0 0,0 0 1 0 1 0 1 1,"1,2,3,4,5,6",,no (tile),,,,89.00,,1.0000,,3 4,yes,5_1 5_1,p2,2222,L2
209074,8,41,0,4,SSSJSJSS,not tested,180.00 180.00 180.00 82.10 97.90 82.10 97.90 180.00,1.0000 1.0000 1.0000 1.8992 5.0000 1.8992 1.0000 1.0000,0 0 0 3 4 3 0 0,0 0 0 0 0 3 0 0,1,,no (tile),,,,82.10,,0.2000,,3 4,yes,5_1 5_1,p2,2222,L2
209074,8,41,1,5,SSSJIJSS,not tested,180.00 180.00 180.00 82.10 97.90 82.10 97.90 180.00,1.0000 1.0000 1.0000 1.8992 5.0000 1.8992 1.0000 1.0000,0 0 0 3 4 3 0 0,0 0 0 0 0 3 0 0,1,,no (tile),,,,82.10,,0.2000,,3 4,yes,5_1 5_1,p2,2222,L2
209074,8,42,1,5,SSSJIJSS,not tested,180.00 180.00 180.00 82.10 97.90 82.10 97.90 180.00,1.0000 1.0000 1.0000 1.8992 5.0000 1.8992 1.0000 1.0000,0 0 0 3 4 3 0 0,0 0 0 0 0 3 0 0,1,,no (tile),,,,82.10,,0.2000,,3 4,yes,5_1 5_1,p2,2222,L2
209074,8,43,0,4,SSSJSJSS,not tested,180.00 180.00 180.00 82.10 97.90 82.10 97.90 180.00,1.0000 1.0000 1.0000 1.8992 5.0000 1.8992 1.0000 1.0000,0 0 0 3 4 3 0 0,0 0 0 0 0 3 0 0,1,,no (tile),,,,82.10,,0.2000,,3 4,yes,5_1 5_1,p2,2222,L2
209074,8,44,0,4,SSSJSJSS,not tested,180.00 180.00 180.00 82.10 97.90 82.10 97.90 180.00,1.0000 1.0000 1.0000 1.8992 5.0000 1.8992 1.0000 1.0000,0 0 0 3 4 3 0 0,0 0 0 0 0 3 0 0,1,,no (tile),,,,82.10,,0.2000,,3 4,yes,5_1 5_1,p2,2222,L2
209074,8,44,1,5,SSSJIJSS,not tested,180.00 180.00 180.00 82.10 97.90 82.10 97.90 180.00,1.0000 1.0000 1.0000 1.8992 5.0000 1.8992 1.0000 1.0000,0 0 0 3 4 3 0 0,0 0 0 0 0 3 0 0,1,,no (tile),,,,82.10,,0.2000,,3 4,yes,5_1 5_1,p2,2222,L2
209074,8,47,1,0,SSSSSSSS,not tested,118.74 74.68 285.32 74.68 91.91 193.42 74.68 166.58,1.0000 1.1972 1.0000 1.1972 1.1972 1.0000 1.1972 1.0000,0 1 0 1 1 0 1 0,0 0 0 0 1 0 0 1,"1,2,3,6",,no (tile),,,,74.68,,0.8353,,3 4,yes,5_1 5_1,p2,2222,L2
209074,8,49,0,6,SSSSSSSS,not tested,96.16 83.84 276.16 83.84 96.16 180.00 83.84 180.00,1.0000 1.0000 1.0000 1.0000 1.0000 1.0000 1.0000 1.0000,0 0 0 0 4 0 0 4,0 0 0 0 0 0 0 0,1,,no (tile),,,,83.84,,1.0000,,3 4,yes,5_1 5_1,p2,2222,L2
209074,8,50,0,7,SSSSSSSS,not tested,150.92 44.19 315.81 44.19 106.73 209.08 44.19 164.89,1.0000 1.3947 1.0000 1.3947 1.0000 1.0000 1.3947 1.0000,0 1 0 1 0 0 1 0,0 0 0 0 0 0 0 0,1,,no (tile),,,,44.19,,0.7170,,3 4,yes,5_1 5_1,p2,2222,L2
209074,8,50,1,1,ISISSISS,not tested,161.19 64.24 295.76 64.24 96.95 198.81 64.24 134.57,1.0000 2.3007 1.0000 2.3007 3.2129 1.0000 2.3007 3.2129,0 1 0 1 4 0 1 4,0 0 0 0 0 0 0 1,"1,6",,no (tile),,,,64.24,,0.3112,,3 4,yes,5_1 5_1,p2,2222,L2
209074,8,51,1,0,JJJJJSJS,not tested,46.60 180.00 180.00 180.00 180.00 46.60 133.40 133.40,1.0000 1.0000 1.0000 1.0000 1.0000 2.9108 1.0000 2.9108,0 0 0 0 0 5 0 5,0 3 0 3 0 0 3 1,1,,no (tile),,,,46.60,,0.3435,,3 4,yes,5_1 5_1,p2,2222,L2
209074,8,51,1,6,SSSSJIJS,not tested,180.00 180.00 180.00 180.00 82.10 97.90 82.10 97.90,1.0000 1.0000 1.0000 1.0000 1.8992 5.0000 1.8992 1.0000,0 0 0 0 4 5 4 0,0 0 0 0 0 0 3 0,1,,no (tile),,,,82.10,,0.2000,,3 4,yes,5_1 5_1,p2,2222,L2
209074,8,52,0,5,SSSSJSJS,not tested,180.00 180.00 180.00 180.00 82.10 97.90 82.10 97.90,1.0000 1.0000 1.0000 1.0000 1.8992 5.0000 1.8992 1.0000,0 0 0 0 4 5 4 0,0 0 0 0 0 0 3 0,1,,no (tile),,,,82.10,,0.2000,,3 4,yes,5_1 5_1,p2,2222,L2
209074,8,52,1,6,SSSSJIJS,not tested,180.00 180.00 180.00 180.00 82.10 97.90 82.10 97.90,1.0000 1.0000 1.0000 1.0000 1.8992 5.0000 1.8992 1.0000,0 0 0 0 4 5 4 0,0 0 0 0 0 0 3 0,1,,no (tile),,,,82.10,,0.2000,,3 4,yes,5_1 5_1,p2,2222,L2
209074,8,53,0,5,SSSSJSJS,not tested,180.00 180.00 180.00 180.00 82.10 97.90 82.10 97.90,1.0000 1.0000 1.0000 1.0000 1.8992 5.0000 1.8992 1.0000,0 0 0 0 4 5 4 0,0 0 0 0 0 0 3 0,1,,no (tile),,,,82.10,,0.2000,,3 4,yes,5_1 5_1,p2,2222,L2
209074,8,53,1,6,SSSSJIJS,not tested,180.00 180.00 180.00 180.00 82.10 97.90 82.10 97.90,1.0000 1.0000 1.0000 1.0000 1.8992 5.0000 1.8992 1.0000,0 0 0 0 4 5 4 0,0 0 0 0 0 0 3 0,1,,no (tile),,,,82.10,,0.2000,,3 4,yes,5_1 5_1,p2,2222,L2
209074,8,54,0,5,SSSSJSJS,not tested,180.00 180.00 180.00 180.00 82.10 97.90 82.10 97.90,1.0000 1.0000 1.0000 1.0000 1.8992 5.0000 1.8992 1.0000,0 0 0 0 4 5 4 0,0 0 0 0 0 0 3 0,1,,no (tile),,,,82.10,,0.2000,,3 4,yes,5_1 5_1,p2,2222,L2
209074,8,54,0,7,JJJJJSJS,not tested,46.60 180.00 180.00 180.00 180.00 46.60 133.40 133.40,1.0000 1.0000 1.0000 1.0000 1.0000 2.9108 1.0000 2.9108,0 0 0 0 0 5 0 5,0 3 0 3 0 0 3 0,1,,no (tile),,,,46.60,,0.3435,,3 4,yes,5_1 5_1,p2,2222,L2
209075,8,0,0,0,SSSSSSSS,not tested,90.00 180.00 90.00 180.00 90.00 90.00 270.00 90.00,1.0000 1.0000 1.0000 1.0000 1.0000 1.0000 1.0000 1.0000,0 0 0 0 0 0 0 0,0 1 1 0 1 1 0 1,"1,2,3,6",,no (tile),,,,90.00,,1.0000,,3 4,yes,5_1 5_1,pgg,22x,L2
209075,8,0,0,7,SSSISISI,not tested,104.13 151.74 88.26 255.87 15.87 104.13 255.87 104.13,1.0000 1.0000 1.0000 0.3158 1.0000 0.3158 1.0000 0.3158,0 0 0 3 0 3 0 3,0 1 0 0 1 0 1 0,"1,2",,no (tile),,,,15.87,,0.3158,,3 4,yes,5_1 5_1,pgg,22x,L2
209075,8,0,1,2,SSSSSSSS,not tested,90.00 180.00 90.00 180.00 90.00 90.00 270.00 90.00,1.0000 1.0000 1.0000 1.0000 1.0000 1.0000 1.0000 1.0000,0 0 0 0 0 0 0 0,0 1 1 0 1 1 0 1,"1,2,3,6",,no (tile),,,,90.00,,1.0000,,3 4,yes,5_1 5_1,pgg,22x,L2
209075,8,1,1,1,SSISSISI,not tested,155.87 149.27 54.86 204.13 101.01 54.86 305.14 54.86,1.0000 1.0000 0.5756 1.0000 1.0000 0.5756 1.0000 0.5756,0 0 2 0 0 2 0 2,0 0 0 1 0 0 0 0,"1,2,6",,no (tile),,,,54.86,,0.5756,,3 4,yes,5_1 5_1,pgg,22x,L2
209075,8,4,0,1,SSSSSSSS,not tested,193.04 100.95 193.04 66.01 166.96 127.03 166.96 66.01,1.0000 1.0000 1.0000 1.0000 1.0000 1.0000 1.0000 1.0000,0 0 0 0 0 0 0 0,0 1 0 0 1 0 1 1,"1,2,3,4,5,6",,no (tile),,,,66.01,,1.0000,,3 4,yes,5_1 5_1,pgg,22x,L2
209075,8,4,0,5,SSSSSSSS,not tested,135.00 90.00 225.00 45.00 225.00 90.00 135.00 135.00,1.0000 1.0000 1.0000 1.0000 1.0000 1.0000 1.0000 1.0000,0 0 0 0 0 0 0 0,0 0 1 0 1 1 0 1,"1,2,3,4,5,6,9",,no (tile),,,,45.00,,1.0000,,3 4,yes,5_1 5_1,pgg,22x,L2
209075,8,4,1,3,SSSSSSSS,not tested,193.04 100.95 193.04 66.01 166.96 127.03 166.96 66.01,1.0000 1.0000 1.0000 1.0000 1.0000 1.0000 1.0000 1.0000,0 0 0 0 0 0 0 0,0 1 0 0 1 0 1 1,"1,2,3,4,5,6",,no (tile),,,,66.01,,1.0000,,3 4,yes,5_1 5_1,pgg,22x,L2
209075,8,4,1,7,SSSSSSSS,not tested,135.00 90.00 225.00 45.00 225.00 90.00 135.00 135.00,1.0000 1.0000 1.0000 1.0000 1.0000 1.0000 1.0000 1.0000,0 0 0 0 0 0 0 0,0 0 1 0 1 1 0 1,"1,2,3,4,5,6,9",,no (tile),,,,45.00,,1.0000,,3 4,yes,5_1 5_1,pgg,22x,L2
209075,8,5,0,0,JJJJJJJJ,not tested,60.00 180.00 120.00 120.00 180.00 60.00 180.00 180.00,1.0000 1.0000 1.0000 1.0000 1.0000 1.0000 1.0000 1.0000,0 0 0 0 0 0 0 0,0 3 1 0 3 2 1 2,"1,2,6",,no (tile),,,,60.00,,1.0000,,3 4,yes,5_1 5_1,pgg,22x,L2
209075,8,5,0,6,JJJJJJJJ,not tested,60.00 180.00 180.00 60.00 180.00 120.00 120.00 180.00,1.0000 1.0000 1.0000 1.0000 1.0000 1.0000 1.0000 1.0000,0 0 0 0 0 0 0 0,0 3 0 1 2 3 1 2,"1,2,6",,no (tile),,,,60.00,,1.0000,,3 4,yes,5_1 5_1,pgg,22x,L2
209075,8,5,1,0,JJJJJJJJ,not tested,60.00 180.00 180.00 60.00 180.00 120.00 120.00 180.00,1.0000 1.0000 1.0000 1.0000 1.0000 1.0000 1.0000 1.0000,0 0 0 0 0 0 0 0,0 3 0 1 2 3 3 0,"1,2,6",,no (tile),,,,60.00,,1.0000,,3 4,yes,5_1 5_1,pgg,22x,L2
209075,8,5,1,2,JJJJJJJJ,not tested,60.00 180.00 120.00 120.00 180.00 60.00 180.00 180.00,1.0000 1.0000 1.0000 1.0000 1.0000 1.0000 1.0000 1.0000,0 0 0 0 0 0 0 0,0 3 3 2 1 0 3 0,"1,2,6",,no (tile),,,,60.00,,1.0000,,3 4,yes,5_1 5_1,pgg,22x,L2
209075,8,7,0,6,SSSSSSSS,not tested,90.00 90.00 270.00 90.00 90.00 180.00 90.00 180.00,1.0000 1.0000 1.0000 1.0000 1.0000 1.0000 1.0000 1.0000,0 0 0 0 0 0 0 0,0 1 0 0 1 0 0 1,"1,2,3,6",,no (tile),,,,90.00,,1.0000,,3 4,yes,5_1 5_1,pgg,22x,L2
209075,8,7,0,7,ISISISSS,not tested,97.01 97.01 262.99 97.01 22.99 262.99 74.02 165.98,1.0000 2.2175 1.0000 2.2175 1.0000 2.2175 2.2175 2.2175,0 1 0 1 0 1 1 1,0 0 0 0 0 1 0 1,"1,2",,no (tile),,,,22.99,,0.4510,,3 4,yes,5_1 5_1,pgg,22x,L2
209075,8,7,1,0,SSSSSSSS,not tested,90.00 90.00 270.00 90.00 90.00 180.00 90.00 180.00,1.0000 1.0000 1.0000 1.0000 1.0000 1.0000 1.0000 1.0000,0 0 0 0 0 0 0 0,0 1 0 0 1 0 0 1,"1,2,3,6",,no (tile),,,,90.00,,1.0000,,3 4,yes,5_1 5_1,pgg,22x,L2
209075,8,8,1,1,ISISSISS,not tested,155.32 56.61 303.39 56.61 98.71 204.68 56.61 148.06,1.0000 1.8171 1.0000 1.8171 1.8171 1.0000 1.8171 1.8171,0 1 0 1 1 0 1 1,0 0 0 0 1 0 0 0,"1,2,6",,no (tile),,,,56.61,,0.5503,,3 4,yes,5_1 5_1,pgg,22x,L2
209077,8,0,0,0,SSSSSSSS,not tested,47.43 74.48 163.60 74.48 121.92 238.08 121.92 238.08,1.0000 0.2675 1.0000 0.2675 0.2675 0.2675 0.2675 0.2675,0 1 0 1 1 1 1 1,0 0 0 0 0 0 0 0,1,,no (tile),,,,47.43,,0.2675,,3 4,yes,4_2 6_2,p2,2222,L2
209077,8,0,1,3,SSISSSSS,not tested,58.63 166.20 67.59 67.59 224.82 135.18 224.82 135.18,1.0000 0.2182 0.7572 0.2182 0.2182 0.2182 0.2182 0.2182,0 1 2 1 1 1 1 1,0 0 0 1 0 1 0 1,"1,6",,no (tile),,,,58.63,,0.2182,,3 4,yes,4_2 6_2,p2,2222,L2
209077,8,1,0,1,SJJJJSSS,not needed (covering theorem),180.00 135.00 90.00 90.00 180.00 45.00 180.00 180.00,1.0000 2.8284 2.8284 2.8284 2.8284 1.0000 1.0000 1.0000,0 1 1 1 1 0 0 0,0 0 3 0 3 0 0 0,,,YES,2,1,2,45.00,,0.3536,,3 4,yes,4_2 6_2,p2,2222,L2
209077,8,1,1,5,SIIIISSS,not tested,180.00 44.81 180.00 90.00 90.00 135.19 180.00 180.00,1.0000 2.8375 2.8375 2.8193 2.8375 1.0000 1.0000 1.0000,0 1 1 3 1 0 0 0,0 0 0 0 0 0 0 0,1,,no (tile),,,,44.81,,0.3524,,3 4,yes,4_2 6_2,p2,2222,L2
209077,8,2,0,1,SSSSSSSS,not tested,378.88 -188.96 85.04 85.04 189.92 170.08 378.88 -18.88,1.0000 0.6495 0.6495 0.6495 0.6495 0.6495 1.0000 0.6495,0 1 1 1 1 1 0 1,0 0 0 0 0 0 0 0,1,,no (tile),,,,18.88,,0.6495,,3 4,yes,4_2 6_2,p2,2222,L2
209077,8,3,0,3,SJJJJSSS,not needed (covering theorem),180.00 45.00 180.00 90.00 90.00 135.00 180.00 180.00,1.0000 2.8284 2.8284 2.8284 2.8284 1.0000 1.0000 1.0000,0 1 1 1 1 0 0 0,0 0 3 0 3 0 0 0,,,YES,2,1,2,45.00,,0.3536,,3 4,yes,4_2 6_2,p2,2222,L2
209077,8,3,1,3,SIIIISSS,not tested,180.00 134.86 90.00 90.00 180.00 45.14 180.00 180.00,1.0000 2.8216 2.8352 2.8216 2.8216 1.0000 1.0000 1.0000,0 1 2 1 1 0 0 0,0 0 0 0 0 0 0 0,1,,no (tile),,,,45.14,,0.3527,,3 4,yes,4_2 6_2,p2,2222,L2
209077,8,4,0,1,SSSSSSSS,not tested,15.00 168.62 88.19 88.19 183.62 176.38 183.62 176.38,1.0000 0.2435 0.2435 0.2435 0.2435 0.2435 0.2435 0.2435,0 1 1 1 1 1 1 1,0 0 0 0 0 0 0 0,1,,no (tile),,,,15.00,,0.2435,,3 4,yes,4_2 6_2,p2,2222,L2
209077,8,7,1,0,SSJSJSJJ,not tested,90.00 180.00 90.00 90.00 270.00 90.00 90.00 180.00,1.0000 1.0000 0.2675 1.0000 0.2675 1.0000 0.2675 0.2675,0 0 2 0 2 0 2 2,0 0 0 1 3 0 1 2,1,,no (tile),,,,90.00,,0.2675,,3 4,yes,4_2 6_2,p2,2222,L2
209077,8,9,1,4,SISSISIS,not tested,100.90 193.12 166.88 26.24 166.88 193.12 166.88 65.98,1.0000 0.4046 1.0000 1.0000 0.4046 1.0000 0.4046 0.9939,0 1 0 0 1 0 1 7,0 0 0 1 0 1 0 0,"1,2,6",,no (tile),,,,26.24,,0.4046,,3 4,yes,4_2 6_2,p2,2222,L2
209077,8,12,0,0,SJJSJJJJ,not tested,63.43 116.57 90.00 243.43 26.57 180.00 180.00 180.00,1.0000 0.4472 0.4472 1.0000 0.4472 0.4472 0.4472 0.4472,0 1 1 0 1 1 1 1,0 0 3 0 0 3 0 3,9,,no (tile),,,,26.57,,0.4472,,3 4,yes,4_2 6_2,p2,2222,L2
209077,8,13,0,5,SSJSJSJJ,not tested,90.00 180.00 37.04 270.00 90.00 142.96 90.00 180.00,1.0000 1.0000 1.0038 1.0000 1.0038 1.0000 1.0038 1.0038,0 0 2 0 2 0 2 2,0 0 0 0 3 0 3 0,1,,no (tile),,,,37.04,,0.9963,,3 4,yes,4_2 6_2,p2,2222,L2
209077,8,16,0,0,SSSSSSSS,not needed (covering theorem),126.05 70.00 81.97 290.00 81.97 70.00 196.05 163.95,1.0000 0.3420 0.3420 1.0000 1.0000 0.3420 0.3420 0.3420,0 1 1 0 0 1 1 1,0 0 0 0 0 0 0 0,,,YES,2,1,2,70.00,,0.3420,,3 4,yes,4_2 6_2,p2,2222,L2
209077,8,16,0,4,SSSSSSSS,not needed (covering theorem),72.00 72.00 144.00 216.00 108.00 144.00 108.00 216.00,1.0000 0.3090 0.3090 0.3090 0.3090 0.3090 0.3090 0.3090,0 1 1 1 1 1 1 1,0 0 0 0 0 0 0 0,,,YES,2,1,2,72.00,,0.3090,,3 4,yes,4_2 6_2,p2,2222,L2
209077,8,16,0,7,SSSSSSSS,not needed (covering theorem),199.36 77.32 141.34 160.64 58.02 218.66 141.34 83.32,1.0000 1.0000 1.0000 1.8882 1.0000 1.0000 1.0000 1.8882,0 0 0 3 0 0 0 3,0 0 0 0 0 0 0 0,,,YES,2,1,2,58.02,,0.5296,,3 4,yes,4_2 6_2,p2,2222,L2
209077,8,18,0,0,SSSSSSSS,not needed (covering theorem),72.25 215.78 107.89 144.22 107.89 215.78 144.22 71.97,1.0000 1.0000 1.0000 1.0000 1.0000 1.0000 1.0000 3.2313,0 0 0 0 0 0 0 7,0 0 0 0 0 0 0 0,,,YES,2,1,2,71.97,,0.3095,,3 4,yes,4_2 6_2,p2,2222,L2
209077,8,18,0,4,SSSSSSSS,not needed (covering theorem),-233.94 163.93 196.07 430.01 81.96 -70.01 81.96 430.01,1.0000 1.0000 1.0000 2.9252 2.9252 1.0000 1.0000 2.9252,0 0 0 3 3 0 0 3,0 0 0 0 0 0 0 0,,,YES,2,1,2,70.01,,0.3419,,3 4,yes,4_2 6_2,p2,2222,L2
209077,8,18,0,5,SSSSSSSS,not needed (covering theorem),199.35 83.33 141.34 218.66 58.01 160.65 141.34 77.33,1.0000 0.5297 0.5297 0.5297 1.0000 0.5297 0.5297 0.5297,0 1 1 1 0 1 1 1,0 0 0 0 0 0 0 0,,,YES,2,1,2,58.01,,0.5297,,3 4,yes,4_2 6_2,p2,2222,L2
209077,8,21,1,0,SISISSIS,not tested,260.68 -41.99 218.70 141.30 218.70 -77.39 218.70 141.30,1.0000 0.7433 0.2675 0.7433 0.2675 0.2675 0.7433 0.2675,0 1 2 1 2 2 1 2,0 0 0 0 0 1 0 1,"1,2,6",,no (tile),,,,41.99,,0.2675,,3 4,yes,4_2 6_2,p2,2222,L2
209077,8,35,0,5,JJJJSJJS,not tested,63.43 180.00 180.00 180.00 26.57 243.43 90.00 116.57,1.0000 1.0000 1.0000 1.0000 2.2361 1.0000 1.0000 2.2361,0 0 0 0 4 0 0 4,0 3 0 3 0 0 3 0,9,,no (tile),,,,26.57,,0.4472,,3 4,yes,4_2 6_2,p2,2222,L2
209077,8,37,1,3,JJSJSJSS,not tested,90.00 180.00 90.00 90.00 270.00 90.00 90.00 180.00,1.0000 1.0000 0.2675 1.0000 0.2675 1.0000 0.2675 0.2675,0 0 2 0 2 0 2 2,0 3 0 1 1 2 0 0,1,,no (tile),,,,90.00,,0.2675,,3 4,yes,4_2 6_2,p2,2222,L2
209077,8,40,0,5,SSSSSSSS,not tested,1.92 230.29 129.71 230.29 129.71 115.15 115.15 127.79,1.0000 1.0000 1.0000 1.0000 1.0000 1.0000 1.0000 4.0661,0 0 0 0 0 0 0 7,0 0 0 0 0 0 0 0,1,,no (tile),,,,1.92,,0.2459,,3 4,yes,4_2 6_2,p2,2222,L2
209077,8,41,0,3,SSSJJJJS,not needed (covering theorem),180.00 180.00 180.00 135.00 90.00 90.00 180.00 45.00,1.0000 1.0000 1.0000 2.8284 2.8284 2.8284 2.8284 1.0000,0 0 0 3 3 3 3 0,0 0 0 0 3 0 3 0,,,YES,2,1,2,45.00,,0.3536,,3 4,yes,4_2 6_2,p2,2222,L2
209077,8,41,1,7,SSSIIIIS,not tested,180.00 180.00 180.00 44.81 180.00 90.00 90.00 135.19,1.0000 1.0000 1.0000 2.8375 2.8375 2.8193 2.8375 1.0000,0 0 0 3 3 5 3 0,0 0 0 0 0 0 0 0,1,,no (tile),,,,44.81,,0.3524,,3 4,yes,4_2 6_2,p2,2222,L2
209077,8,42,0,5,SSSSSSSS,not tested,16.51 343.49 16.51 210.03 149.97 105.02 105.02 133.46,1.0000 1.6996 1.0000 1.0000 1.0000 1.0000 1.0000 1.6996,0 1 0 0 0 0 0 1,0 0 0 0 0 0 0 0,1,,no (tile),,,,16.51,,0.5884,,3 4,yes,4_2 6_2,p2,2222,L2
209077,8,42,1,7,SSSSSISS,not tested,22.03 337.97 22.03 212.13 147.87 106.07 106.07 125.83,1.0000 1.8317 1.0000 1.0000 1.0000 1.4302 1.0000 1.8317,0 1 0 0 0 5 0 1,0 0 0 1 0 0 1 0,1,,no (tile),,,,22.03,,0.5459,,3 4,yes,4_2 6_2,p2,2222,L2
209077,8,43,0,5,SSSJJJJS,not needed (covering theorem),180.00 180.00 180.00 45.00 180.00 90.00 90.00 135.00,1.0000 1.0000 1.0000 2.8284 2.8284 2.8284 2.8284 1.0000,0 0 0 3 3 3 3 0,0 0 0 0 3 0 3 0,,,YES,2,1,2,45.00,,0.3536,,3 4,yes,4_2 6_2,p2,2222,L2
209077,8,43,1,5,SSSIIIIS,not tested,180.00 180.00 180.00 134.86 90.00 90.00 180.00 45.14,1.0000 1.0000 1.0000 2.8216 2.8352 2.8216 2.8216 1.0000,0 0 0 3 4 3 3 0,0 0 0 0 0 0 0 0,1,,no (tile),,,,45.14,,0.3527,,3 4,yes,4_2 6_2,p2,2222,L2
209077,8,44,0,6,SSSSSSSS,not tested,46.18 239.89 120.11 239.89 120.11 73.93 165.96 73.93,1.0000 1.0000 1.0000 1.0000 1.0000 3.6128 1.0000 3.6128,0 0 0 0 0 5 0 5,0 0 0 0 0 0 0 0,1,,no (tile),,,,46.18,,0.2768,,3 4,yes,4_2 6_2,p2,2222,L2
209077,8,44,1,7,SSSSSISS,not tested,78.10 118.09 241.91 118.09 241.91 59.04 59.04 163.82,1.0000 1.0000 1.0000 1.0000 1.0000 4.7253 1.0000 5.0429,0 0 0 0 0 5 0 7,0 1 0 1 0 0 1 0,"1,6",,no (tile),,,,59.04,,0.1983,,3 4,yes,4_2 6_2,p2,2222,L2
209078,8,0,0,7,SUISUISI,not tested,87.19 122.81 210.00 87.19 62.81 150.00 272.81 87.19,1.0000 0.6595 0.6257 1.0000 0.6595 0.6257 1.0000 0.6257,0 1 2 0 1 2 0 2,0 0 0 0 2 0 1 0,"1,2,6",,no (tile),,,,62.81,,0.6257,,3 4,yes,4_2 6_2,pgg,22x,L2
209078,8,0,1,5,SSSISSSS,not tested,48.85 179.21 180.79 89.61 89.61 131.94 180.79 179.21,1.0000 1.0000 1.0000 2.2498 1.0000 1.0000 1.0000 1.0000,0 0 0 3 0 0 0 0,0 1 0 0 1 1 0 1,"1,2,6",,no (tile),,,,48.85,,0.4445,,3 4,yes,4_2 6_2,pgg,22x,L2
209078,8,1,0,7,SISSISIS,not needed (covering theorem),132.43 149.78 113.78 36.00 246.22 210.22 113.78 77.78,1.0000 0.2616 1.0000 1.0000 0.2616 1.0000 0.2616 1.0000,0 1 0 0 1 0 1 0,0 0 1 1 0 0 0 1,,,YES,2,"2,3",2,36.00,,0.2616,,3 4,yes,4_2 6_2,pgg,22x,L2
209078,8,3,0,5,SISISSIS,not needed (covering theorem),132.42 77.79 113.79 210.21 246.21 36.00 113.79 149.79,1.0000 0.2614 1.0000 0.2614 1.0000 1.0000 0.2614 1.0000,0 1 0 1 0 0 1 0,0 0 1 0 0 0 0 1,,,YES,2,"2,3",2,36.00,,0.2614,,3 4,yes,4_2 6_2,pgg,22x,L2
209078,8,4,0,2,SUSSSSUS,not tested,240.00 120.00 120.00 120.00 120.00 120.00 240.00 0.00,1.0000 1.3034 1.0000 1.0000 1.0000 1.0000 1.3034 1.0000,0 1 0 0 0 0 1 0,0 0 1 1 1 1 2 0,"1,2,5,6",,no (tile),,,,0.00,,0.7672,,3 4,yes,4_2 6_2,pgg,22x,L2
209078,8,4,0,4,SUSSSSUS,not tested,240.00 0.00 240.00 120.00 120.00 120.00 120.00 120.00,1.0000 0.8887 1.0000 1.0000 1.0000 1.0000 0.8887 1.0000,0 1 0 0 0 0 1 0,0 0 1 1 1 1 2 0,"1,2,5,6",,no (tile),,,,0.00,,0.8887,,3 4,yes,4_2 6_2,pgg,22x,L2
209078,8,4,1,4,SUSISSUS,not tested,100.41 189.79 189.79 50.21 50.21 259.59 170.21 69.79,1.0000 1.1747 1.0000 1.9708 1.0000 1.0000 1.1747 1.0000,0 1 0 3 0 0 1 0,0 0 1 0 0 1 2 1,"1,2,6",,no (tile),,,,50.21,,0.5074,,3 4,yes,4_2 6_2,pgg,22x,L2
209078,8,4,1,6,SUSSISUS,not tested,220.13 9.94 230.06 139.87 110.06 110.06 129.94 129.94,1.0000 1.4512 1.0000 1.0000 1.2839 1.0000 1.4512 1.0000,0 1 0 0 4 0 1 0,0 0 0 1 0 0 2 1,"1,2,6",,no (tile),,,,9.94,,0.6891,,3 4,yes,4_2 6_2,pgg,22x,L2
209078,8,5,0,0,JJUJJUJJ,not tested,60.00 180.00 90.00 150.00 180.00 30.00 210.00 180.00,1.0000 1.0000 1.0000 1.0000 1.0000 1.0000 1.0000 1.0000,0 0 2 0 0 2 0 0,0 3 0 3 0 2 1 2,"1,2,6",,no (tile),,,,30.00,,1.0000,,3 4,yes,4_2 6_2,pgg,22x,L2
209078,8,5,0,6,JJUJJUJJ,not tested,60.00 180.00 210.00 30.00 180.00 150.00 90.00 180.00,1.0000 1.0000 1.0000 1.0000 1.0000 1.0000 1.0000 1.0000,0 0 2 0 0 2 0 0,0 3 0 2 1 2 1 2,"1,2,6",,no (tile),,,,30.00,,1.0000,,3 4,yes,4_2 6_2,pgg,22x,L2
209078,8,5,1,0,JJUJJUJJ,not tested,60.00 180.00 210.00 30.00 180.00 150.00 90.00 180.00,1.0000 1.0000 1.0000 1.0000 1.0000 1.0000 1.0000 1.0000,0 0 2 0 0 2 0 0,0 3 0 2 1 2 3 0,"1,2,6",,no (tile),,,,30.00,,1.0000,,3 4,yes,4_2 6_2,pgg,22x,L2
209078,8,5,1,2,JJUJJUJJ,not tested,60.00 180.00 90.00 150.00 180.00 30.00 210.00 180.00,1.0000 1.0000 1.0000 1.0000 1.0000 1.0000 1.0000 1.0000,0 0 2 0 0 2 0 0,0 3 0 1 2 2 3 0,"1,2,6",,no (tile),,,,30.00,,1.0000,,3 4,yes,4_2 6_2,pgg,22x,L2
209078,8,6,1,5,SSSSISSS,not tested,62.51 162.87 197.13 134.62 81.44 81.44 197.13 162.87,1.0000 1.0000 1.0000 1.0000 2.5140 1.0000 1.0000 1.0000,0 0 0 0 4 0 0 0,0 1 0 0 0 1 0 1,"1,2,6",,no (tile),,,,62.51,,0.3978,,3 4,yes,4_2 6_2,pgg,22x,L2
209080,8,1,0,1,SJJJJSSS,not tested,180.00 90.00 90.00 180.00 90.00 90.00 180.00 180.00,1.0000 2.0000 2.0000 2.0000 2.0000 1.0000 1.0000 1.0000,0 1 1 1 1 0 0 0,0 0 3 0 3 0 0 0,"1,9",,no (tile),,,,90.00,,0.5000,,3 4,yes,4_2 6_2,p2,2222,L2
209080,8,1,1,5,SJJJJSSS,not tested,180.00 90.00 90.00 180.00 90.00 90.00 180.00 180.00,1.0000 2.0000 2.0000 2.0000 2.0000 1.0000 1.0000 1.0000,0 1 1 1 1 0 0 0,0 0 1 2 3 0 0 0,"1,6",,no (tile),,,,90.00,,0.5000,,3 4,yes,4_2 6_2,p2,2222,L2
209080,8,2,0,3,SSSSSSSS,not tested,29.74 210.88 149.12 165.13 45.75 119.38 240.62 119.38,1.0000 1.4331 1.0000 1.0000 1.4331 1.0000 1.4331 1.0000,0 1 0 0 1 0 1 0,0 0 0 0 0 0 0 0,1,,no (tile),,,,29.74,,0.6978,,3 4,yes,4_2 6_2,p2,2222,L2
209080,8,2,1,0,SSSISSSS,not tested,58.11 225.46 134.54 150.94 74.52 76.42 283.58 76.42,1.0000 2.0159 1.0000 0.5381 2.0159 1.0000 2.0159 1.0000,0 1 0 3 1 0 1 0,0 0 0 0 0 1 0 1,1,,no (tile),,,,58.11,,0.2669,,3 4,yes,4_2 6_2,p2,2222,L2
209080,8,3,0,4,SJJJJSSS,not tested,180.00 90.00 90.00 180.00 90.00 90.00 180.00 180.00,1.0000 2.0000 2.0000 2.0000 2.0000 1.0000 1.0000 1.0000,0 1 1 1 1 0 0 0,0 0 0 3 3 0 0 0,1,,no (tile),,,,90.00,,0.5000,,3 4,yes,4_2 6_2,p2,2222,L2
209080,8,3,1,2,SJJJJSSS,not tested,180.00 90.00 90.00 180.00 90.00 90.00 180.00 180.00,1.0000 2.0000 2.0000 2.0000 2.0000 1.0000 1.0000 1.0000,0 1 1 1 1 0 0 0,0 0 2 1 3 0 0 0,1,,no (tile),,,,90.00,,0.5000,,3 4,yes,4_2 6_2,p2,2222,L2
209080,8,7,0,1,SJJSJJSS,not tested,180.00 79.87 119.28 100.13 259.87 60.72 100.13 180.00,1.0000 1.3290 1.3290 1.0000 1.3290 1.3290 1.0000 1.0000,0 1 1 0 1 1 0 0,0 0 3 0 0 3 0 0,1,,no (tile),,,,60.72,,0.7524,,3 4,yes,4_2 6_2,p2,2222,L2
209080,8,9,0,5,SSSSSSSS,not tested,199.00 26.93 172.07 26.93 333.07 161.00 26.93 134.07,1.0000 1.3594 1.0000 1.3594 1.0000 1.0000 1.3594 1.0000,0 1 0 1 0 0 1 0,0 0 0 0 0 0 0 0,1,,no (tile),,,,26.93,,0.7356,,3 4,yes,4_2 6_2,p2,2222,L2
209080,8,9,0,6,SSSSSSSS,not tested,31.51 263.14 96.86 96.86 263.14 96.86 166.27 65.35,1.0000 1.0000 1.0000 1.0000 1.0000 1.0000 1.0000 3.7992,0 0 0 0 0 0 0 7,0 0 0 0 0 0 0 0,1,,no (tile),,,,31.51,,0.2632,,3 4,yes,4_2 6_2,p2,2222,L2
209080,8,9,1,2,SJJSJSJS,not tested,186.82 64.88 88.33 19.98 340.02 251.69 19.98 108.31,1.0000 1.7725 1.7725 1.6942 1.7725 1.6942 1.7725 1.6942,0 1 1 3 1 3 1 3,0 0 2 0 1 1 3 0,1,,no (tile),,,,19.98,,0.5642,,3 4,yes,4_2 6_2,p2,2222,L2
209080,8,10,1,2,SJJJJJJS,not needed (covering theorem),180.00 70.05 128.21 180.00 51.79 308.21 51.79 109.95,1.0000 0.7975 0.7975 0.7975 0.7975 0.7975 0.7975 1.0000,0 1 1 1 1 1 1 0,0 0 2 1 3 1 3 0,,,YES,2,1,2,51.79,,0.7975,,3 4,yes,4_2 6_2,p2,2222,L2
209080,8,14,1,7,SJJSJJSS,not tested,180.00 67.43 94.65 247.43 112.57 85.35 112.57 180.00,1.0000 1.2352 1.2352 1.0000 1.2352 1.2352 1.0000 1.0000,0 1 1 0 1 1 0 0,0 0 1 1 2 3 0 0,"1,6",,no (tile),,,,67.43,,0.8096,,3 4,yes,4_2 6_2,p2,2222,L2
209080,8,16,0,5,SJJSJSJS,not tested,182.94 71.76 0.87 289.11 70.89 288.24 70.89 105.30,1.0000 0.0500 0.0500 1.0000 0.0500 1.0000 0.0500 0.9709,0 1 1 0 1 0 1 7,0 0 0 0 3 0 3 0,(not a tile),,n/a (not a tile: fold at 2),,,,0.87,,0.0500,YES,,,4_2 6_2,p2,2222,L2
209080,8,16,0,6,SJSJSJJS,not tested,100.45 166.97 26.57 267.42 26.57 333.43 66.01 92.58,1.0000 0.7132 0.9080 0.7132 0.9080 0.7132 0.7132 0.9080,0 1 2 1 2 1 1 2,0 0 0 0 0 3 3 0,1,,no (tile),,,,26.57,,0.7132,,3 4,yes,4_2 6_2,p2,2222,L2
209080,8,19,0,5,SSSSSSSS,not tested,3.02 169.43 15.11 172.45 187.55 172.45 172.45 187.55,1.0000 0.2004 0.2004 0.2004 0.2004 0.2004 0.2004 0.2004,0 1 1 1 1 1 1 1,0 0 0 0 0 0 0 0,1,,no (tile),,,,3.02,,0.2004,,3 4,yes,4_2 6_2,p2,2222,L2
209080,8,19,0,6,SSSSSSSS,not tested,199.66 133.02 27.32 160.34 332.68 27.32 172.34 27.32,1.0000 1.3804 1.0000 1.0000 1.3804 1.0000 1.3804 1.0000,0 1 0 0 1 0 1 0,0 0 0 0 0 0 0 0,1,,no (tile),,,,27.32,,0.7244,,3 4,yes,4_2 6_2,p2,2222,L2
209080,8,19,1,3,SJSJSJJS,not tested,94.76 181.23 47.65 178.77 312.35 47.65 133.58 84.01,1.0000 1.1478 1.0000 1.1478 1.0000 1.1478 1.1478 2.4585,0 1 0 1 0 1 1 7,0 0 1 2 0 1 3 0,1,,no (tile),,,,47.65,,0.4068,,3 4,yes,4_2 6_2,p2,2222,L2
209080,8,20,1,4,SJJJJJJS,not needed (covering theorem),180.00 109.73 51.98 308.02 51.98 180.00 128.02 70.27,1.0000 0.7965 0.7965 0.7965 0.7965 0.7965 0.7965 1.0000,0 1 1 1 1 1 1 0,0 0 2 0 2 1 3 0,,,YES,2,1,2,51.98,,0.7965,,3 4,yes,4_2 6_2,p2,2222,L2
209080,8,24,0,4,SSSSSSSS,not tested,75.42 96.73 187.85 172.15 131.64 56.22 172.15 187.85,1.0000 1.0000 1.7984 1.0000 1.0000 1.7984 1.0000 1.7984,0 0 2 0 0 2 0 2,0 0 0 0 0 0 0 0,1,,no (tile),,,,56.22,,0.5560,,3 4,yes,4_2 6_2,p2,2222,L2
209080,8,24,0,7,SSSSSSSS,not tested,96.55 194.00 166.00 48.73 145.27 166.00 194.00 69.45,1.0000 0.6597 1.0000 0.6597 0.6597 1.0000 0.6597 0.6597,0 1 0 1 1 0 1 1,0 0 0 0 0 0 0 0,1,,no (tile),,,,48.73,,0.6597,,3 4,yes,4_2 6_2,p2,2222,L2
209080,8,24,1,1,SSSSISSS,not tested,38.01 188.37 133.62 226.38 85.82 47.80 226.38 133.62,1.0000 1.0000 2.6925 1.0000 1.8085 2.6925 1.0000 2.6925,0 0 2 0 4 2 0 2,0 1 0 1 0 0 1 0,"1,2",,no (tile),,,,38.01,,0.3714,,3 4,yes,4_2 6_2,p2,2222,L2
209080,8,24,1,4,SSSISSSS,not tested,58.65 166.18 193.82 53.76 112.42 193.82 166.18 135.16,1.0000 0.4363 1.0000 0.5911 0.4363 1.0000 0.4363 0.4363,0 1 0 3 1 0 1 1,0 0 0 0 0 0 0 1,"1,2",,no (tile),,,,53.76,,0.4363,,3 4,yes,4_2 6_2,p2,2222,L2
209080,8,29,0,4,JJSJJSSS,not needed (covering theorem),18.43 180.00 161.57 198.43 90.00 71.57 180.00 180.00,1.0000 1.0000 1.5811 1.0000 1.0000 1.5811 1.5811 1.5811,0 0 2 0 0 2 2 2,0 3 0 0 3 0 0 0,,,YES,2,1,2,18.43,,0.6325,,3 4,yes,4_2 6_2,p2,2222,L2
209080,8,29,0,7,SSSJJSJJ,not needed (covering theorem),18.43 180.00 180.00 71.57 90.00 198.43 161.57 180.00,1.0000 1.0000 1.0000 0.6325 0.6325 1.0000 0.6325 0.6325,0 0 0 3 3 0 3 3,0 0 0 0 3 0 0 3,,,YES,2,1,2,18.43,,0.6325,,3 4,yes,4_2 6_2,p2,2222,L2
209080,8,29,1,1,IISIISSS,not tested,28.11 180.00 151.89 208.11 90.00 61.89 180.00 180.00,1.0000 1.0000 1.7006 1.0000 1.6026 1.7006 1.7006 1.7006,0 0 2 0 4 2 2 2,0 0 0 0 0 0 0 0,1,,no (tile),,,,28.11,,0.5880,,3 4,yes,4_2 6_2,p2,2222,L2
209080,8,29,1,4,SSSIISII,not tested,26.48 180.00 180.00 63.52 90.00 206.48 153.52 180.00,1.0000 1.0000 1.0000 0.8916 0.5968 1.0000 0.5968 0.5968,0 0 0 3 4 0 4 4,0 0 0 0 0 0 0 0,1,,no (tile),,,,26.48,,0.5968,,3 4,yes,4_2 6_2,p2,2222,L2
209080,8,34,1,7,SSJJSJJS,not tested,180.00 180.00 113.24 84.60 113.24 246.76 95.40 66.76,1.0000 1.0000 1.2306 1.2306 1.0000 1.2306 1.2306 1.0000,0 0 2 2 0 2 2 0,0 0 0 1 1 2 3 0,"1,6",,no (tile),,,,66.76,,0.8126,,3 4,yes,4_2 6_2,p2,2222,L2
209080,8,38,0,1,SSJJSJJS,not tested,180.00 180.00 107.75 53.74 252.25 107.75 126.26 72.25,1.0000 1.0000 1.2700 1.2700 1.0000 1.2700 1.2700 1.0000,0 0 2 2 0 2 2 0,0 0 0 3 0 0 3 0,1,,no (tile),,,,53.74,,0.7874,,3 4,yes,4_2 6_2,p2,2222,L2
209080,8,41,0,3,SSSJJJJS,not tested,180.00 180.00 180.00 90.00 90.00 180.00 90.00 90.00,1.0000 1.0000 1.0000 2.0000 2.0000 2.0000 2.0000 1.0000,0 0 0 3 3 3 3 0,0 0 0 0 3 0 3 0,"1,9",,no (tile),,,,90.00,,0.5000,,3 4,yes,4_2 6_2,p2,2222,L2
209080,8,41,1,7,SSSJJJJS,not tested,180.00 180.00 180.00 90.00 90.00 180.00 90.00 90.00,1.0000 1.0000 1.0000 2.0000 2.0000 2.0000 2.0000 1.0000,0 0 0 3 3 3 3 0,0 0 0 0 1 2 3 0,"1,6",,no (tile),,,,90.00,,0.5000,,3 4,yes,4_2 6_2,p2,2222,L2
209080,8,42,0,0,SSSSSSSS,not tested,71.69 77.28 282.72 77.28 66.88 144.16 148.96 211.04,1.0000 2.5468 1.0000 2.5468 1.0000 1.0000 2.5468 1.0000,0 1 0 1 0 0 1 0,0 0 0 0 0 0 0 0,1,,no (tile),,,,66.88,,0.3926,,3 4,yes,4_2 6_2,p2,2222,L2
209080,8,42,1,5,SSSSISSS,not tested,130.70 70.06 289.94 70.06 44.59 114.65 200.76 159.24,1.0000 5.1784 1.0000 5.1784 3.6877 1.0000 5.1784 1.0000,0 1 0 1 4 0 1 0,0 0 0 0 0 1 0 1,1,,no (tile),,,,44.59,,0.1931,,3 4,yes,4_2 6_2,p2,2222,L2
209080,8,43,0,6,SSSJJJJS,not tested,180.00 180.00 180.00 90.00 90.00 180.00 90.00 90.00,1.0000 1.0000 1.0000 2.0000 2.0000 2.0000 2.0000 1.0000,0 0 0 3 3 3 3 0,0 0 0 0 0 3 3 0,1,,no (tile),,,,90.00,,0.5000,,3 4,yes,4_2 6_2,p2,2222,L2
209080,8,43,1,4,SSSJJJJS,not tested,180.00 180.00 180.00 90.00 90.00 180.00 90.00 90.00,1.0000 1.0000 1.0000 2.0000 2.0000 2.0000 2.0000 1.0000,0 0 0 3 3 3 3 0,0 0 0 0 2 1 3 0,1,,no (tile),,,,90.00,,0.5000,,3 4,yes,4_2 6_2,p2,2222,L2
209081,8,1,0,5,SSUSSUSS,not tested,157.32 101.34 180.00 22.68 258.66 180.00 78.66 101.34,1.0000 1.0000 0.6068 1.0000 1.0000 0.6068 1.0000 1.0000,0 0 2 0 0 2 0 0,0 0 0 1 1 2 0 0,"2,6",,no (tile),,,,22.68,,0.6068,,3 4,yes,4_2 6_2,pgg,22x,L2
209081,8,3,1,0,SSUSSUSS,not tested,174.58 92.71 87.29 180.00 267.29 5.42 180.00 92.71,1.0000 1.0000 0.9054 1.0000 1.0000 0.9054 1.0000 1.0000,0 0 2 0 0 2 0 0,0 0 0 1 1 2 0 0,"2,6",,no (tile),,,,5.42,,0.9054,,3 4,yes,4_2 6_2,pgg,22x,L2
209087,8,4,1,7,SSISSISI,not tested,40.05 130.69 189.26 170.74 18.51 170.74 189.26 170.74,1.0000 1.0000 0.7655 1.0000 1.0000 0.7655 1.0000 0.7655,0 0 2 0 0 2 0 2,0 1 0 1 0 0 0 0,"1,2,6",,no (tile),,,,18.51,,0.7655,,3 4,yes,4_2 6_2,pgg,22x,L2
209087,8,5,0,7,IIIIIIII,not tested,90.00 180.00 150.00 90.00 30.00 270.00 180.00 90.00,1.0000 1.0000 0.5774 1.0000 0.5774 1.0000 1.0000 0.5774,0 0 2 0 2 0 0 2,0 0 0 0 0 0 0 0,"1,2,6",,no (tile),,,,30.00,,0.5774,,3 4,yes,4_2 6_2,pgg,22x,L2
209087,8,10,1,4,SSSISUSU,not tested,43.30 208.30 151.70 104.15 104.15 108.40 316.70 43.30,1.0000 1.0000 1.0000 1.2749 1.0000 1.6289 1.0000 1.6289,0 0 0 3 0 5 0 5,0 1 0 0 1 0 1 2,"1,2",,no (tile),,,,43.30,,0.6139,,3 4,yes,4_2 6_2,pgg,22x,L2
209087,8,10,1,6,USUSISSS,not tested,58.36 58.36 301.64 144.10 78.77 78.77 202.46 157.54,1.0000 0.8029 1.0000 0.8029 1.0048 0.8029 0.8029 0.8029,0 1 0 1 4 1 1 1,0 0 2 0 0 1 0 1,"1,2",,no (tile),,,,58.36,,0.7991,,3 4,yes,4_2 6_2,pgg,22x,L2
209087,8,12,1,5,ISISSISS,not tested,39.79 170.79 189.21 170.79 18.41 170.79 189.21 131.01,1.0000 1.3014 1.0000 1.3014 1.3014 1.0000 1.3014 1.3014,0 1 0 1 1 0 1 1,0 0 0 0 1 0 1 0,"1,2,6",,no (tile),,,,18.41,,0.7684,,3 4,yes,4_2 6_2,pgg,22x,L2
209087,8,15,0,7,IIIIIIII,not tested,90.00 90.00 180.00 270.00 30.00 90.00 150.00 180.00,1.0000 1.7321 1.7321 1.0000 1.7321 1.0000 1.7321 1.7321,0 1 1 0 1 0 1 1,0 0 0 0 0 0 0 0,"1,2,6",,no (tile),,,,30.00,,0.5774,,3 4,yes,4_2 6_2,pgg,22x,L2
209099,8,14,0,4,SSSSSSSS,not needed (covering theorem),-132.68 -56.04 416.04 548.73 274.36 -188.73 -56.04 274.36,1.0000 4.0379 1.0000 1.0000 1.0000 1.0000 4.0379 4.0379,0 1 0 0 0 0 1 1,0 0 0 0 0 0 0 0,,,YES,2,1,2,56.04,,0.2477,,3 4,yes,4_3 6_3,p2,2222,L2
209099,8,14,0,5,SSSSSSSS,not tested,58.34 104.13 220.81 139.19 35.06 162.47 220.81 139.19,1.0000 0.6561 1.0000 0.6561 0.6561 0.6561 1.0000 0.6561,0 1 0 1 1 1 0 1,0 0 0 0 0 0 0 0,1,,no (tile),,,,35.06,,0.6561,,3 4,yes,4_3 6_3,p2,2222,L2
209100,8,1,0,4,SJSJJJJJ,not tested,39.25 110.28 219.25 140.75 30.47 180.00 180.00 180.00,1.0000 0.7744 1.0000 0.7744 0.7744 0.7744 0.7744 0.7744,0 1 0 1 1 1 1 1,0 0 0 3 3 0 3 0,1,,no (tile),,,,30.47,,0.7744,,3 4,yes,5_3 5_3,p2,2222,hand
209100,8,4,0,4,SSSSSSSS,not tested,136.79 50.38 223.21 136.79 86.42 86.42 273.58 86.42,1.0000 0.8331 1.0000 0.8331 0.8331 0.8331 0.8331 0.8331,0 1 0 1 1 1 1 1,0 0 0 0 0 0 0 0,1,,no (tile),,,,50.38,,0.8331,,3 4,yes,5_3 5_3,p2,2222,hand
209100,8,4,0,5,SSSSSSSS,not tested,170.61 7.50 178.11 181.89 178.11 3.77 178.11 181.89,1.0000 0.9914 0.9914 0.9914 0.9914 0.9914 0.9914 0.9914,0 1 1 1 1 1 1 1,0 0 0 0 0 0 0 0,1,,no (tile),,,,3.77,,0.9914,,3 4,yes,5_3 5_3,p2,2222,hand
209100,8,4,1,1,SSSSSSSS,not tested,263.52 -374.92 471.39 -111.39 263.52 207.87 263.52 96.48,1.0000 1.0000 0.2675 1.0000 0.2675 0.2675 1.0000 0.2675,0 0 2 0 2 2 0 2,0 1 0 1 1 0 0 0,"1,2,6",,no (tile),,,,14.92,,0.2675,,3 4,yes,5_3 5_3,p2,2222,hand
209100,8,6,0,0,SSSSSSSS,not needed (covering theorem),60.05 119.97 60.02 119.97 299.98 60.02 120.07 239.93,1.0000 1.0000 0.4997 0.4997 1.0000 0.4997 0.4997 0.4997,0 0 2 2 0 2 2 2,0 0 0 0 0 0 0 0,,,YES,2,1,2,60.02,,0.4997,,3 4,yes,5_3 5_3,p2,2222,hand
209100,8,6,1,1,SSISSSSS,not tested,115.26 94.31 132.85 17.59 324.83 35.17 324.83 35.17,1.0000 1.0000 0.9252 0.9706 0.9706 0.9706 0.9706 0.9706,0 0 2 3 3 3 3 3,0 1 0 0 1 0 1 0,"1,2,6",,no (tile),,,,17.59,,0.9252,,3 4,yes,5_3 5_3,p2,2222,hand
209100,8,9,1,1,SSISSSSS,not tested,115.26 94.31 132.85 17.59 324.83 35.17 324.83 35.17,1.0000 1.0000 0.9252 0.9706 0.9706 0.9706 0.9706 0.9706,0 0 2 3 3 3 3 3,0 1 0 0 1 0 1 0,"1,2,6",,no (tile),,,,17.59,,0.9252,,3 4,yes,5_3 5_3,p2,2222,hand
209100,8,10,1,6,SSSSISSS,not tested,225.62 4.92 129.46 230.54 64.73 64.73 225.62 134.38,1.0000 2.0735 2.0735 2.0735 1.9597 2.0735 1.0000 2.0735,0 1 1 1 4 1 0 1,0 0 1 0 0 1 0 1,1,,no (tile),,,,4.92,,0.4823,,3 4,yes,5_3 5_3,p2,2222,hand
209100,8,15,0,0,SSSSSSSS,not needed (covering theorem),83.60 100.96 201.92 201.92 100.96 158.08 158.08 74.48,1.0000 1.0000 1.0000 1.0000 1.0000 1.0000 1.0000 4.4032,0 0 0 0 0 0 0 7,0 0 0 0 0 0 0 0,,,YES,2,1,2,74.48,,0.2271,,3 4,yes,5_3 5_3,p2,2222,hand
209100,8,19,1,0,SSSSSSIS,not tested,162.20 73.03 124.77 235.23 124.77 235.23 62.39 62.39,1.0000 0.1981 0.1981 0.1981 0.1981 0.1981 0.8958 0.1981,0 1 1 1 1 1 6 1,0 0 1 0 1 0 0 1,"1,6",,no (tile),,,,62.39,,0.1981,,3 4,yes,5_3 5_3,p2,2222,hand
209100,8,19,1,2,SISSSSSS,not tested,188.68 45.79 45.79 268.42 91.58 268.42 91.58 79.74,1.0000 3.4420 1.0000 1.0000 1.0000 1.0000 1.0000 3.5232,0 1 0 0 0 0 0 7,0 0 1 0 1 0 1 0,"1,6",,no (tile),,,,45.79,,0.2838,,3 4,yes,5_3 5_3,p2,2222,hand
209100,8,20,0,5,SSJSJJSJ,not tested,166.58 64.94 108.39 231.52 128.48 20.09 251.61 108.39,1.0000 0.9240 0.8156 0.9240 0.8156 0.8156 0.9240 0.8156,0 1 2 1 2 2 1 2,0 0 0 0 3 3 0 0,1,,no (tile),,,,20.09,,0.8156,,3 4,yes,5_3 5_3,p2,2222,hand
209100,8,22,0,3,SSSSSSSS,not needed (covering theorem),270.02 -450.00 -179.98 269.99 539.98 269.99 270.02 89.98,1.0000 0.9994 0.9994 0.9994 0.9994 0.9994 1.0000 0.9994,0 1 1 1 1 1 0 1,0 0 0 0 0 0 0 0,,,YES,2,1,2,89.98,,0.9994,,3 4,yes,5_3 5_3,p2,2222,hand
209100,8,22,1,0,SSJSJJSJ,not tested,89.54 45.12 199.60 225.34 134.66 25.73 199.60 160.40,1.0000 0.2547 0.9430 0.2547 0.9430 0.9430 0.2547 0.9430,0 1 2 1 2 2 1 2,0 0 0 1 3 1 1 2,1,,no (tile),,,,25.73,,0.2547,,3 4,yes,5_3 5_3,p2,2222,hand
209100,8,22,1,2,SSSISSSS,not tested,75.77 146.06 213.94 73.03 148.80 62.40 297.60 62.40,1.0000 1.0000 1.0000 0.2919 1.3847 1.3847 1.3847 1.3847,0 0 0 3 4 4 4 4,0 1 0 0 0 1 0 1,1,,no (tile),,,,62.40,,0.2108,,3 4,yes,5_3 5_3,p2,2222,hand
209100,8,25,0,6,SSSSSSSS,not needed (covering theorem),115.11 80.86 311.09 31.95 164.03 48.91 279.14 48.91,1.0000 1.5216 1.0000 1.0000 1.0000 1.5216 1.0000 1.5216,0 1 0 0 0 1 0 1,0 0 0 0 0 0 0 0,,,YES,2,1,2,31.95,,0.6572,,3 4,yes,5_3 5_3,p2,2222,hand
209100,8,25,0,7,SSSSSSSS,not needed (covering theorem),44.04 55.75 315.96 111.51 55.75 248.49 44.04 204.45,1.0000 1.0000 0.1229 0.1229 0.1229 0.1229 1.0000 0.1229,0 0 2 2 2 2 0 2,0 0 0 0 0 0 0 0,,,YES,2,1,2,44.04,,0.1229,,3 4,yes,5_3 5_3,p2,2222,hand
209100,8,25,1,2,SSSISSSS,not tested,75.77 146.06 213.94 73.03 148.80 62.40 297.60 62.40,1.0000 1.0000 1.0000 0.2919 1.3847 1.3847 1.3847 1.3847,0 0 0 3 4 4 4 4,0 1 0 0 0 1 0 1,1,,no (tile),,,,62.40,,0.2108,,3 4,yes,5_3 5_3,p2,2222,hand
209100,8,32,1,3,SSSSISSS,not tested,67.50 90.01 269.99 90.01 134.99 67.50 225.01 134.99,1.0000 1.0000 1.0000 1.0000 0.3906 1.0206 1.0206 1.0206,0 0 0 0 4 5 5 5,0 1 0 1 0 0 1 0,1,,no (tile),,,,67.50,,0.3827,,3 4,yes,5_3 5_3,p2,2222,hand
209100,8,32,1,6,SISISISS,not tested,103.67 21.50 234.83 125.17 125.17 234.83 125.17 109.66,1.0000 0.2240 0.2242 0.2240 0.2242 0.2240 0.2242 0.2242,0 1 2 1 2 1 2 2,0 0 0 0 1 0 1 0,"1,6",,no (tile),,,,21.50,,0.2240,,3 4,yes,5_3 5_3,p2,2222,hand
209100,8,33,0,4,SSSSSSSS,not needed (covering theorem),81.72 75.26 156.98 156.98 101.51 203.02 203.02 101.51,1.0000 0.2257 0.2257 0.2257 0.2257 0.2257 0.2257 0.2257,0 1 1 1 1 1 1 1,0 0 0 0 0 0 0 0,,,YES,2,1,2,75.26,,0.2257,,3 4,yes,5_3 5_3,p2,2222,hand
209100,8,34,1,4,SSSSSISS,not tested,98.67 40.49 319.51 40.49 319.51 20.24 118.91 122.18,1.0000 1.0000 1.0000 1.0000 1.0000 0.9382 0.9881 0.9881,0 0 0 0 0 5 6 6,0 1 0 1 0 0 0 1,"1,2,6",,no (tile),,,,20.24,,0.9382,,3 4,yes,5_3 5_3,p2,2222,hand
209100,8,36,1,2,JJJSJSSS,not tested,59.80 180.00 60.40 239.80 120.20 59.80 180.00 180.00,1.0000 1.0000 1.0000 1.0060 1.0000 1.0060 1.0060 1.0060,0 0 0 3 0 3 3 3,0 3 1 0 2 1 1 1,1,,no (tile),,,,59.80,,0.9941,,3 4,yes,5_3 5_3,p2,2222,hand
209100,8,37,0,0,JJJSJSSS,not tested,-62.57 180.00 267.87 242.57 117.43 -25.29 180.00 180.00,1.0000 1.0000 1.0000 0.9213 1.0000 0.9213 0.9213 0.9213,0 0 0 3 0 3 3 3,0 3 3 0 0 0 0 0,1,,no (tile),,,,25.29,,0.9213,,3 4,yes,5_3 5_3,p2,2222,hand
209100,8,37,0,4,SSSSSSSS,not tested,300.00 180.00 300.00 180.00 -120.00 -120.00 300.00 60.00,1.0000 1.0000 1.0000 1.0000 1.0000 1.0000 1.0000 1.0000,0 0 0 0 0 0 0 0,0 0 0 0 0 0 0 0,1,,no (tile),,,,60.00,,1.0000,,3 4,yes,5_3 5_3,p2,2222,hand
209100,8,37,1,6,IISIISSS,not tested,15.38 180.00 195.38 164.62 90.00 74.62 180.00 180.00,1.0000 1.0000 1.5557 1.0000 1.6505 1.5557 1.5557 1.5557,0 0 2 0 4 2 2 2,0 0 0 0 0 1 1 1,1,,no (tile),,,,15.38,,0.6059,,3 4,yes,5_3 5_3,p2,2222,hand
209100,8,41,0,1,SSSJJSJJ,not needed (covering theorem),63.43 180.00 90.00 116.57 90.00 243.43 116.57 180.00,1.0000 1.0000 1.0000 0.4472 0.4472 1.0000 0.4472 0.4472,0 0 0 3 3 0 3 3,0 0 0 0 3 0 0 3,,,YES,2,1,2,63.43,,0.4472,,3 4,yes,5_3 5_3,p2,2222,hand
209100,8,51,0,4,JJSJJSSS,not needed (covering theorem),63.43 180.00 116.57 243.43 90.00 116.57 90.00 180.00,1.0000 1.0000 2.2361 1.0000 1.0000 2.2361 2.2361 2.2361,0 0 2 0 0 2 2 2,0 3 0 0 3 0 0 0,,,YES,2,1,2,63.43,,0.4472,,3 4,yes,5_3 5_3,p2,2222,hand
209100,8,61,0,2,SSSSSSSS,not tested,60.00 300.00 60.00 120.00 120.00 180.00 60.00 180.00,1.0000 1.0000 1.0000 1.0000 1.0000 1.0000 1.0000 1.0000,0 0 0 0 0 0 0 0,0 0 0 0 0 0 0 0,1,,no (tile),,,,60.00,,1.0000,,3 4,yes,5_3 5_3,p2,2222,hand
209100,8,61,0,6,SSSJSJJJ,not tested,60.64 180.00 180.00 22.62 240.64 119.36 96.74 180.00,1.0000 1.0000 1.0000 1.0198 1.0000 1.0198 1.0198 1.0198,0 0 0 3 0 3 3 3,0 0 0 0 0 3 3 0,1,,no (tile),,,,22.62,,0.9806,,3 4,yes,5_3 5_3,p2,2222,hand
209100,8,61,1,4,SSSIISII,not tested,3.83 180.00 180.00 86.17 90.00 176.17 183.83 180.00,1.0000 1.0000 1.0000 0.2675 0.6652 1.0000 0.6652 0.6652,0 0 0 3 4 0 4 4,0 0 0 0 0 1 0 0,1,,no (tile),,,,3.83,,0.2675,,3 4,yes,5_3 5_3,p2,2222,hand
209100,8,64,0,2,SSSSSSSS,not needed (covering theorem),89.99 270.01 89.99 90.00 180.01 90.00 179.99 90.00,1.0000 1.0002 1.0000 1.0000 1.0000 1.0000 1.0000 1.0002,0 1 0 0 0 0 0 1,0 0 0 0 0 0 0 0,,,YES,2,1,2,89.99,,0.9998,,3 4,yes,5_3 5_3,p2,2222,hand
209100,8,64,1,1,SSSSISSS,not tested,67.50 90.01 269.99 90.01 134.99 67.50 225.01 134.99,1.0000 1.0000 1.0000 1.0000 0.3906 1.0206 1.0206 1.0206,0 0 0 0 4 5 5 5,0 1 0 1 0 0 1 0,1,,no (tile),,,,67.50,,0.3827,,3 4,yes,5_3 5_3,p2,2222,hand
209100,8,64,1,3,JSJJSJSS,not tested,128.11 268.25 91.75 60.32 207.93 152.07 91.75 79.83,1.0000 1.8964 1.0000 1.0000 1.8964 1.0000 1.8964 1.0791,0 1 0 0 1 0 1 7,0 0 3 1 0 2 1 0,1,,no (tile),,,,60.32,,0.5273,,3 4,yes,5_3 5_3,p2,2222,hand
209100,8,66,0,0,JSJJSJSS,not tested,81.22 152.66 207.34 25.10 177.76 182.24 152.66 101.02,1.0000 0.0500 1.0000 1.0000 0.0500 1.0000 0.0500 0.8993,0 1 0 0 1 0 1 7,0 0 3 3 0 0 0 0,1,,no (tile),,,,25.10,,0.0500,YES,3 4,yes,5_3 5_3,p2,2222,hand
209100,8,69,0,1,SSSSSSSS,not tested,76.95 206.11 153.89 52.21 76.95 283.05 153.89 76.95,1.0000 1.0000 1.0000 1.0000 0.9034 1.0000 1.0000 0.9034,0 0 0 0 4 0 0 4,0 0 0 0 0 0 0 0,1,,no (tile),,,,52.21,,0.9034,,3 4,yes,5_3 5_3,p2,2222,hand
209100,8,69,1,4,SSSISSSS,not tested,192.02 167.98 192.02 66.42 66.42 227.16 132.84 35.14,1.0000 0.4677 1.0000 1.3876 1.0000 1.0000 1.0000 0.4677,0 1 0 3 0 0 0 1,0 0 0 0 1 0 1 0,1,,no (tile),,,,35.14,,0.3371,,3 4,yes,5_3 5_3,p2,2222,hand
209100,8,69,1,7,ISISISSS,not tested,49.02 244.25 115.75 115.75 244.25 115.75 128.51 66.73,1.0000 4.3104 1.0000 4.3104 1.0000 4.3104 4.3104 10.2853,0 1 0 1 0 1 1 7,0 0 0 1 0 1 0 0,"1,6",,no (tile),,,,49.02,,0.0972,,3 4,yes,5_3 5_3,p2,2222,hand
209100,8,70,0,5,SSSSSSSS,not needed (covering theorem),59.98 240.03 119.97 59.99 300.01 120.02 59.99 120.02,1.0000 1.0000 1.0000 1.9993 1.0000 1.0000 1.9993 1.9993,0 0 0 3 0 0 3 3,0 0 0 0 0 0 0 0,,,YES,2,1,2,59.98,,0.5002,,3 4,yes,5_3 5_3,p2,2222,hand
209100,8,70,1,2,SSSSSISS,not tested,98.67 40.49 319.51 40.49 319.51 20.24 118.91 122.18,1.0000 1.0000 1.0000 1.0000 1.0000 0.9382 0.9881 0.9881,0 0 0 0 0 5 6 6,0 1 0 1 0 0 0 1,"1,2,6",,no (tile),,,,20.24,,0.9382,,3 4,yes,5_3 5_3,p2,2222,hand
209100,8,72,0,0,SSSSSSSS,not tested,120.30 194.55 165.45 29.11 165.45 194.55 165.45 45.15,1.0000 1.0000 1.0000 1.0000 1.0000 1.0000 1.0000 1.4178,0 0 0 0 0 0 0 7,0 0 0 0 0 0 0 0,1,,no (tile),,,,29.11,,0.7053,,3 4,yes,5_3 5_3,p2,2222,hand
209100,8,72,0,1,SSSSSSSS,not tested,146.43 67.14 292.86 67.14 67.14 146.43 213.57 79.30,1.0000 1.0000 1.0000 1.0000 1.0000 0.2675 1.0000 0.2675,0 0 0 0 0 5 0 5,0 0 0 0 0 0 0 0,1,,no (tile),,,,67.14,,0.2675,,3 4,yes,5_3 5_3,p2,2222,hand
209100,8,72,1,2,SSSSSSSS,not tested,96.59 263.41 96.59 58.72 96.59 204.69 155.31 108.10,1.0000 0.3028 1.0000 1.0000 0.3028 1.0000 0.3028 0.3028,0 1 0 0 1 0 1 1,0 0 0 1 1 0 1 0,"1,2,6",,no (tile),,,,58.72,,0.3028,,3 4,yes,5_3 5_3,p2,2222,hand
209100,8,75,0,2,JJJJJSJS,not tested,-74.78 180.00 180.00 180.00 258.45 254.78 105.22 -3.67,1.0000 1.0000 1.0000 1.0000 1.0000 3.8086 1.0000 3.8086,0 0 0 0 0 5 0 5,0 3 0 3 3 0 0 0,1,,no (tile),,,,3.67,,0.2626,,3 4,yes,5_3 5_3,p2,2222,hand
209105,8,0,0,0,SSSSSSSS,not needed (covering theorem),281.95 -101.95 -203.91 -101.95 563.91 281.95 563.91 -203.91,1.0000 1.0000 1.0000 1.0000 1.0000 1.0000 1.0000 1.0000,0 0 0 0 0 0 0 0,0 0 0 0 0 1 1 1,,,YES,2,"1,2",2,78.05,,1.0000,,3 4,yes,5_3 5_3,pgg,22x,hand
209105,8,0,1,1,SSSSSSSS,not needed (covering theorem),-997.18 -1024.23 -3018.59 -2021.41 4402.82 3378.59 4402.82 -4042.82,1.0000 1.0000 1.0000 1.0000 1.0000 1.0000 1.0000 1.0000,0 0 0 0 0 0 0 0,0 1 0 0 0 1 1 1,,,YES,2,2,2,55.77,,1.0000,,3 4,yes,5_3 5_3,pgg,22x,hand
209105,8,0,1,2,SISSSSSS,not needed (covering theorem),5225.08 1858.33 4470.87 2612.54 -4865.08 -8581.75 -2252.54 2612.54,1.0000 2.4323 1.0000 1.0000 1.0000 1.0000 1.0000 1.0000,0 1 0 0 0 0 0 0,0 0 1 1 1 0 0 0,,,YES,2,2,2,58.25,,0.4111,,3 4,yes,5_3 5_3,pgg,22x,hand
209105,8,2,0,7,SISSSISI,not tested,113.59 126.41 113.59 132.82 227.18 6.41 246.41 113.59,1.0000 1.1871 1.0000 1.0000 1.0000 1.1871 1.0000 1.1871,0 1 0 0 0 1 0 1,0 0 0 1 0 0 1 0,"1,2,6",,no (tile),,,,6.41,,0.8424,,3 4,yes,5_3 5_3,pgg,22x,hand
209105,8,2,1,2,SISSSSSS,not needed (covering theorem),164.00 75.73 22.27 315.45 98.00 44.55 315.45 44.55,1.0000 1.7479 1.0000 1.0000 1.0000 1.0000 1.0000 1.0000,0 1 0 0 0 0 0 0,0 0 0 1 1 0 1 0,,,YES,2,2,2,22.27,,0.5721,,3 4,yes,5_3 5_3,pgg,22x,hand
209105,8,2,1,3,SSSISISI,not tested,133.56 120.00 92.87 133.56 226.44 13.56 226.44 133.56,1.0000 1.0000 1.0000 0.5659 1.0000 0.5659 1.0000 0.5659,0 0 0 3 0 3 0 3,0 0 1 0 1 0 1 0,"1,2,6",,no (tile),,,,13.56,,0.5659,,3 4,yes,5_3 5_3,pgg,22x,hand
209105,8,2,1,6,SSSSISSS,not needed (covering theorem),77.78 167.59 83.80 192.41 141.11 57.32 192.41 167.59,1.0000 1.0000 1.0000 1.0000 1.0014 1.0000 1.0000 1.0000,0 0 0 0 4 0 0 0,0 0 0 0 0 1 1 1,,,YES,2,2,2,57.32,,0.9986,,3 4,yes,5_3 5_3,pgg,22x,hand
209105,8,6,0,6,SSSISSSS,not needed (covering theorem),104.87 92.00 301.73 29.13 134.00 58.27 301.73 58.27,1.0000 1.0000 1.0000 1.0210 1.0000 1.0000 1.0000 1.0000,0 0 0 3 0 0 0 0,0 1 0 0 0 1 0 1,,,YES,2,2,2,29.13,,0.9794,,3 4,yes,5_3 5_3,pgg,22x,hand
209105,8,6,0,7,SSISSISI,not needed (covering theorem),168.42 70.83 191.58 120.75 118.51 49.92 239.25 120.75,1.0000 1.0000 0.3852 1.0000 1.0000 0.3852 1.0000 0.3852,0 0 2 0 0 2 0 2,0 0 0 1 0 0 0 0,,,YES,2,2,2,49.92,,0.3852,,3 4,yes,5_3 5_3,pgg,22x,hand
209105,8,6,1,0,SSSSSSSS,not tested,-637.18 498.59 442.82 498.59 -138.59 55.77 442.82 -82.82,1.0000 1.0000 1.0000 1.0000 1.0000 1.0000 1.0000 1.0000,0 0 0 0 0 0 0 0,0 0 1 1 1 0 1 0,"1,6",,no (tile),,,,55.77,,1.0000,,3 4,yes,5_3 5_3,pgg,22x,hand
209105,8,6,1,7,SSSSISSS,not needed (covering theorem),1592.74 845.55 796.37 -1232.74 -242.77 -1039.14 -436.37 796.37,1.0000 1.0000 1.0000 1.0000 1.1555 1.0000 1.0000 1.0000,0 0 0 0 4 0 0 0,0 1 1 1 0 0 0 0,,,YES,2,2,2,40.86,,0.8654,,3 4,yes,5_3 5_3,pgg,22x,hand
209105,8,7,0,5,SSSISSSS,not tested,199.45 109.12 199.45 54.56 80.27 250.88 160.55 25.71,1.0000 1.0000 1.0000 1.4049 1.0000 1.0000 1.0000 1.0000,0 0 0 3 0 0 0 0,0 1 0 0 1 0 1 1,6,,no (tile),,,,25.71,,0.7118,,3 4,yes,5_3 5_3,pgg,22x,hand
209105,8,7,1,5,SSSSSSSS,not tested,151.04 104.48 255.52 28.96 104.48 255.52 104.48 75.52,1.0000 1.0000 1.0000 1.0000 1.0000 1.0000 1.0000 1.0000,0 0 0 0 0 0 0 0,0 0 0 1 1 1 1 0,"1,2,6",,no (tile),,,,28.96,,1.0000,,3 4,yes,5_3 5_3,pgg,22x,hand
209105,8,7,1,7,SSISISIS,not tested,-146.79 -60.00 253.40 106.60 253.40 253.40 106.60 313.40,1.0000 1.0000 0.2675 1.0000 0.2675 1.0000 0.2675 1.0000,0 0 2 0 2 0 2 0,0 0 0 0 0 1 0 1,"1,2,6",,no (tile),,,,46.60,,0.2675,,3 4,yes,5_3 5_3,pgg,22x,hand
209105,8,8,1,0,SUSSUUUS,not needed (covering theorem),164.68 0.00 262.34 97.66 97.66 262.34 97.66 97.66,1.0000 0.3667 1.0000 1.0000 0.3667 0.3667 0.3667 1.0000,0 1 0 0 1 1 1 0,0 0 1 1 2 0 2 0,,,YES,2,2,2,0.00,,0.3667,,3 4,yes,5_3 5_3,pgg,22x,hand
209105,8,8,1,4,SUUUSSUS,not tested,-153.11 256.56 256.56 103.44 256.56 256.56 103.44 -0.00,1.0000 0.2675 0.2675 0.2675 1.0000 1.0000 0.2675 1.0000,0 1 1 1 0 0 1 0,0 0 2 0 1 1 2 0,,only coincident-vertex tiles found — not proven impossible,n/a (tile degenerate at high precision),,,,0.00,,0.2675,,3 4,yes,5_3 5_3,pgg,22x,hand
209105,8,10,0,6,SSSSISSS,not tested,153.37 25.71 206.63 204.79 103.32 77.60 153.37 155.21,1.0000 1.0000 1.0000 1.0000 0.9899 1.0000 1.0000 1.0000,0 0 0 0 4 0 0 0,0 0 1 0 0 1 0 1,6,,no (tile),,,,25.71,,0.9899,,3 4,yes,5_3 5_3,pgg,22x,hand
209105,8,10,1,0,SSSSSSSS,not tested,151.04 75.52 104.48 255.52 104.48 28.96 255.52 104.48,1.0000 1.0000 1.0000 1.0000 1.0000 1.0000 1.0000 1.0000,0 0 0 0 0 0 0 0,0 1 1 1 1 0 0 0,"1,2,6",,no (tile),,,,28.96,,1.0000,,3 4,yes,5_3 5_3,pgg,22x,hand
209105,8,10,1,6,SISISISS,not tested,146.08 46.96 253.04 106.96 106.96 253.04 106.96 60.00,1.0000 0.2605 1.0000 0.2605 1.0000 0.2605 1.0000 1.0000,0 1 0 1 0 1 0 0,0 0 0 0 1 0 1 1,"1,2,6",,no (tile),,,,46.96,,0.2605,,3 4,yes,5_3 5_3,pgg,22x,hand
209105,8,13,0,6,IIUIIUUU,not needed (covering theorem),73.79 180.00 73.79 163.79 90.00 286.21 32.41 180.00,1.0000 1.0000 0.7304 0.6350 1.0000 0.7304 0.7304 0.7304,0 0 2 3 0 2 2 2,0 0 0 0 0 2 2 0,,,YES,2,2,2,32.41,,0.6350,,3 4,yes,5_3 5_3,pgg,22x,hand
209105,8,14,0,0,JJJJJJJJ,not needed (covering theorem),1898.21 180.00 1140.00 180.00 -1718.21 2078.21 -2858.21 180.00,1.0000 1.0000 1.0000 1.0000 1.0000 1.0000 1.0000 1.0000,0 0 0 0 0 0 0 0,0 3 3 0 2 0 1 2,,,YES,2,2,2,21.79,,1.0000,,3 4,yes,5_3 5_3,pgg,22x,hand
209105,8,14,0,1,JJJJJJJJ,not tested,90.00 180.00 90.00 90.00 270.00 90.00 90.00 180.00,1.0000 1.0000 1.0000 1.0000 1.0000 1.0000 1.0000 1.0000,0 0 0 0 0 0 0 0,0 3 0 1 2 3 0 3,2,,no (tile),,,,90.00,,1.0000,,3 4,yes,5_3 5_3,pgg,22x,hand
209105,8,14,0,5,JJJJJJJJ,not tested,90.00 180.00 90.00 90.00 270.00 90.00 90.00 180.00,1.0000 1.0000 1.0000 1.0000 1.0000 1.0000 1.0000 1.0000,0 0 0 0 0 0 0 0,0 3 0 1 2 3 0 3,2,,no (tile),,,,90.00,,1.0000,,3 4,yes,5_3 5_3,pgg,22x,hand
209105,8,14,0,6,JJJJJJJJ,not needed (covering theorem),1178.21 180.00 -1058.21 1358.21 -998.21 180.00 60.00 180.00,1.0000 1.0000 1.0000 1.0000 1.0000 1.0000 1.0000 1.0000,0 0 0 0 0 0 0 0,0 3 2 0 2 1 1 2,,,YES,2,2,2,21.79,,1.0000,,3 4,yes,5_3 5_3,pgg,22x,hand
209105,8,14,1,3,JJIIJJII,not needed (covering theorem),89.99 180.00 90.01 90.00 270.01 90.00 89.99 180.00,1.0000 1.0000 0.9998 1.0002 1.0000 1.0000 1.0002 1.0002,0 0 2 3 0 0 3 3,0 3 0 0 2 1 0 0,,,YES,2,2,2,89.99,,0.9996,,3 4,yes,5_3 5_3,pgg,22x,hand
209105,8,14,1,4,JJJJJJJJ,not needed (covering theorem),261.79 180.00 240.00 -81.79 180.00 180.00 -60.00 180.00,1.0000 1.0000 1.0000 1.0000 1.0000 1.0000 1.0000 1.0000,0 0 0 0 0 0 0 0,0 3 3 1 2 1 1 2,,,YES,2,2,2,60.00,,1.0000,,3 4,yes,5_3 5_3,pgg,22x,hand
209105,8,14,1,6,JJJJJJJJ,not needed (covering theorem),2978.21 180.00 -660.00 180.00 180.00 -2798.21 840.00 180.00,1.0000 1.0000 1.0000 1.0000 1.0000 1.0000 1.0000 1.0000,0 0 0 0 0 0 0 0,0 3 3 0 3 1 1 2,,,YES,2,2,2,60.00,,1.0000,,3 4,yes,5_3 5_3,pgg,22x,hand
209105,8,14,1,7,IIJJIIJJ,not needed (covering theorem),89.99 180.00 89.99 90.00 270.01 90.00 90.01 180.00,1.0000 1.0000 0.9998 0.9998 1.0000 0.9996 0.9998 0.9998,0 0 2 2 0 5 2 2,0 0 0 3 0 0 2 1,,,YES,2,2,2,89.99,,0.9996,,3 4,yes,5_3 5_3,pgg,22x,hand
209105,8,15,0,7,UUUIIUII,not needed (covering theorem),73.80 180.00 32.41 286.20 90.00 163.80 73.80 180.00,1.0000 1.0000 1.0000 1.3688 0.8689 1.0000 1.3688 1.3688,0 0 0 3 4 0 3 3,0 2 2 0 0 0 0 0,,,YES,2,2,2,32.41,,0.6348,,3 4,yes,5_3 5_3,pgg,22x,hand
209105,8,16,0,6,ISISSISS,not needed (covering theorem),191.58 -120.76 480.76 -409.93 601.51 -120.76 168.42 289.17,1.0000 2.5967 1.0000 2.5967 2.5967 1.0000 2.5967 2.5967,0 1 0 1 1 0 1 1,0 0 0 0 1 0 0 0,,,YES,2,2,2,49.93,,0.3851,,3 4,yes,5_3 5_3,pgg,22x,hand
209105,8,16,1,3,SSSSSSSS,not tested,82.82 277.18 82.82 55.77 221.41 138.59 82.82 138.59,1.0000 1.0000 1.0000 1.0000 1.0000 1.0000 1.0000 1.0000,0 0 0 0 0 0 0 0,0 1 0 1 1 1 0 0,"1,6",,no (tile),,,,55.77,,1.0000,,3 4,yes,5_3 5_3,pgg,22x,hand
209105,8,16,1,4,SSSISSSS,not needed (covering theorem),152.74 76.37 283.63 40.85 117.23 207.26 76.37 125.55,1.0000 1.0000 1.0000 1.1558 1.0000 1.0000 1.0000 1.0000,0 0 0 3 0 0 0 0,0 0 0 0 1 1 1 0,,,YES,2,2,2,40.85,,0.8652,,3 4,yes,5_3 5_3,pgg,22x,hand
209105,8,17,0,7,ISISSSIS,not tested,115.62 115.62 244.38 4.38 231.23 128.77 115.62 124.38,1.0000 0.8854 1.0000 0.8854 0.8854 0.8854 1.0000 0.8854,0 1 0 1 1 1 0 1,0 0 0 1 0 1 0 1,"1,2,6",,no (tile),,,,4.38,,0.8854,,3 4,yes,5_3 5_3,pgg,22x,hand
209105,8,17,1,0,SSSSSSIS,not needed (covering theorem),-213.46 639.76 -279.76 639.76 286.73 -279.76 319.88 -33.15,1.0000 1.0000 1.0000 1.0000 1.0000 1.0000 3.3056 1.0000,0 0 0 0 0 0 6 0,0 1 0 1 1 0 0 0,,,YES,2,2,2,33.15,,0.3025,,3 4,yes,5_3 5_3,pgg,22x,hand
209105,8,17,1,4,SSSISSSS,not needed (covering theorem),77.78 167.59 192.41 57.31 141.11 192.41 83.80 167.59,1.0000 1.0000 1.0000 1.0015 1.0000 1.0000 1.0000 1.0000,0 0 0 3 0 0 0 0,0 0 0 0 1 1 1 1,,,YES,2,2,2,57.31,,0.9985,,3 4,yes,5_3 5_3,pgg,22x,hand
209105,8,17,1,7,ISISISSS,not tested,127.73 127.73 232.27 7.73 232.27 127.73 104.55 120.00,1.0000 1.3192 1.0000 1.3192 1.0000 1.3192 1.3192 1.3192,0 1 0 1 0 1 1 1,0 0 0 0 0 0 1 1,"1,2,6",,no (tile),,,,7.73,,0.7580,,3 4,yes,5_3 5_3,pgg,22x,hand
209105,8,18,0,5,SSSSSSSS,not needed (covering theorem),1518.05 -2676.09 3036.09 1518.05 3036.09 -1338.05 -2676.09 -1338.05,1.0000 1.0000 1.0000 1.0000 1.0000 1.0000 1.0000 1.0000,0 0 0 0 0 0 0 0,0 0 0 1 1 1 1 1,,,YES,2,"1,2",2,78.05,,1.0000,,3 4,yes,5_3 5_3,pgg,22x,hand
209105,8,18,1,1,SSSSSSIS,not needed (covering theorem),185.03 92.52 267.48 58.20 174.97 92.52 150.90 58.38,1.0000 1.0000 1.0000 1.0000 1.0000 1.0000 2.4304 1.0000,0 0 0 0 0 0 6 0,0 0 0 1 1 1 0 0,,,YES,2,2,2,58.20,,0.4114,,3 4,yes,5_3 5_3,pgg,22x,hand
209105,8,18,1,2,SSSSSSSS,not needed (covering theorem),-1522.82 1162.82 -802.82 1301.41 -802.82 581.41 -941.41 2104.23,1.0000 1.0000 1.0000 1.0000 1.0000 1.0000 1.0000 1.0000,0 0 0 0 0 0 0 0,0 0 0 1 1 1 0 1,,,YES,2,2,2,55.77,,1.0000,,3 4,yes,5_3 5_3,pgg,22x,hand
209162,8,0,0,0,ISSSIISI,not tested,90.80 300.98 118.05 241.95 59.02 89.20 120.98 59.02,1.0000 1.4205 1.4205 1.4205 1.0000 3.9400 1.4205 1.0000,0 1 1 1 0 5 1 0,0 0 1 0 0 0 0 0,1,,no (tile),,,,59.02,,0.2538,,3 4,yes,3_2 7_2,pgg,22x,L2
209162,8,0,0,2,UISIUSIS,not tested,1017.25 523.39 -493.86 853.86 -163.39 330.47 -493.86 -493.86,1.0000 0.6446 5.7170 0.6446 1.0000 5.7170 0.6446 5.7170,0 1 2 1 0 2 1 2,0 0 0 0 2 1 0 0,"1,6",,no (tile),,,,29.53,,0.1127,,3 4,yes,3_2 7_2,pgg,22x,L2
209162,8,0,1,3,USSSUSSS,not tested,24.57 194.09 190.49 169.51 165.91 30.99 134.92 169.51,1.0000 0.5609 1.3447 0.5609 1.0000 2.9677 0.5609 1.3447,0 1 2 1 0 5 1 2,0 0 0 0 2 0 1 1,"1,6",,no (tile),,,,24.57,,0.1890,,3 4,yes,3_2 7_2,pgg,22x,L2
209162,8,1,1,0,USSSUSSI,not tested,20.05 157.07 85.95 274.05 202.93 116.98 85.95 137.02,1.0000 0.2791 0.2791 0.2791 1.0000 0.2791 0.2791 2.4026,0 1 1 1 0 1 1 7,0 0 1 0 2 0 1 0,"1,2,6",,no (tile),,,,20.05,,0.1162,,3 4,yes,3_2 7_2,pgg,22x,L2
209162,8,2,0,1,UIIIIUII,not tested,46.33 226.33 180.00 180.00 180.00 133.67 43.67 90.00,1.0000 1.1644 1.1644 1.1644 1.1644 1.0000 6.0993 1.1644,0 1 1 1 1 0 6 1,0 0 0 0 0 2 0 0,"1,6",,no (tile),,,,43.67,,0.1640,,3 4,yes,3_2 7_2,pgg,22x,L2
209191,8,5,1,1,JJJUUJJJ,not needed (covering theorem),308.12 180.00 -128.12 289.84 180.00 -109.84 308.12 51.88,1.0000 1.0000 1.0000 1.2546 1.2546 1.0000 1.0000 1.0000,0 0 0 3 3 0 0 0,0 3 1 0 2 2 0 2,,,YES,2,"1,2",2,51.88,,0.7970,,3 4,yes,4_2 6_2,pgg,22x,L2
209191,8,9,1,1,JJJJJUUJ,not needed (covering theorem),128.13 180.00 51.87 308.13 51.87 109.85 180.00 70.15,1.0000 1.0000 1.0000 1.0000 1.0000 1.2546 1.2546 1.0000,0 0 0 0 0 5 5 0,0 3 1 3 1 0 2 2,,,YES,2,"1,2",2,51.87,,0.7971,,3 4,yes,4_2 6_2,pgg,22x,L2
209191,8,10,0,1,ISIISIIS,not tested,171.55 25.77 334.23 162.69 25.77 136.92 197.31 25.77,1.0000 1.3071 1.0000 1.0000 1.3071 1.0000 1.0000 1.3071,0 1 0 0 1 0 0 1,0 0 0 0 0 0 0 0,"1,2",,no (tile),,,,25.77,,0.7650,,3 4,yes,4_2 6_2,pgg,22x,L2
209191,8,10,1,2,JSJJSSJS,not tested,211.99 334.50 25.50 122.51 76.83 135.16 148.01 25.50,1.0000 1.0523 1.0000 1.0000 1.0523 1.0523 1.0000 1.0523,0 1 0 0 1 1 0 1,0 0 3 1 1 0 2 1,"1,2",,no (tile),,,,25.50,,0.9503,,3 4,yes,4_2 6_2,pgg,22x,L2
209191,8,12,1,0,SSSSSSSI,not tested,155.42 148.28 211.72 49.16 99.12 211.72 148.28 56.30,1.0000 1.0000 1.0000 1.0000 1.0000 1.0000 1.0000 0.5549,0 0 0 0 0 0 0 7,0 0 0 1 0 0 0 0,"1,2",,no (tile),,,,49.16,,0.5549,,3 4,yes,4_2 6_2,pgg,22x,L2
209191,8,12,1,3,SSSISSSS,not tested,49.49 212.09 147.91 155.26 56.84 147.91 212.09 98.42,1.0000 1.0000 1.0000 0.5470 1.0000 1.0000 1.0000 1.0000,0 0 0 3 0 0 0 0,0 0 0 0 0 0 0 1,"1,2",,no (tile),,,,49.49,,0.5470,,3 4,yes,4_2 6_2,pgg,22x,L2
209191,8,13,0,1,JSJJSSJS,not tested,275.78 46.07 313.93 38.14 84.22 177.12 98.66 46.07,1.0000 1.0977 1.0000 1.0000 1.0977 1.0977 1.0000 1.0977,0 1 0 0 1 1 0 1,0 0 3 3 0 1 0 0,"1,2",,no (tile),,,,38.14,,0.9110,,3 4,yes,4_2 6_2,pgg,22x,L2
209191,8,13,0,2,JSJSJSSJ,not tested,60.43 330.57 29.43 270.13 29.43 155.59 114.54 89.87,1.0000 1.2106 1.0000 1.2106 1.0000 1.2106 1.2106 1.0000,0 1 0 1 0 1 1 0,0 0 3 0 3 1 0 0,"1,2",,no (tile),,,,29.43,,0.8260,,3 4,yes,4_2 6_2,pgg,22x,L2
209191,8,14,0,2,ISISIISI,not tested,164.56 335.80 24.20 171.24 24.20 195.44 140.36 24.20,1.0000 1.2518 1.0000 1.2518 1.0000 1.0000 1.2518 1.0000,0 1 0 1 0 0 1 0,0 0 0 0 0 0 0 0,"1,2",,no (tile),,,,24.20,,0.7989,,3 4,yes,4_2 6_2,pgg,22x,L2
209191,8,14,1,1,JSJSJSSJ,not tested,106.72 29.43 330.57 223.85 29.43 136.15 133.71 90.14,1.0000 1.0113 1.0000 1.0113 1.0000 1.0113 1.0113 1.0000,0 1 0 1 0 1 1 0,0 0 3 1 1 0 1 2,"1,2",,no (tile),,,,29.43,,0.9889,,3 4,yes,4_2 6_2,pgg,22x,L2
209193,8,6,0,1,SUUSSSUU,not tested,57.82 122.18 180.00 237.82 180.00 0.00 122.18 180.00,1.0000 1.6947 1.6947 1.0000 1.0000 3.0000 1.6947 1.6947,0 1 1 0 0 5 1 1,0 0 2 0 0 0 0 2,(not a tile),,"n/a (not a tile: rep 5 (S) must bulge opposite ways: to clear v3 on edge 5 (code 0) and to clear v4 on edge 5 (code 0) -- exact via the outside lemma (validated by John, 2026-09-13) [curve_sides])",,,,0.00,,0.3333,,,,4_3 6_3,pgg,22x,L2
209194,8,0,1,3,USUISUSU,not tested,66.76 138.70 221.30 146.62 74.68 71.94 221.30 138.70,1.0000 1.7745 1.0000 0.4688 1.7745 1.0000 1.7745 1.0000,0 1 0 3 1 0 1 0,0 0 2 0 1 2 1 0,"1,2,6",,no (tile),,,,66.76,,0.2642,,3 4,yes,4_3 6_3,pgg,22x,L2
209194,8,1,0,0,USUUUUSU,not needed (covering theorem),209.91 -3884.96 4244.96 -59.82 209.91 150.09 -4035.04 4244.96,1.0000 1.0323 1.0000 1.0000 1.0000 1.0000 1.0323 1.0000,0 1 0 0 0 0 1 0,0 0 2 0 2 0 0 2,,,YES,2,5,2,59.82,,0.9687,,3 4,yes,4_3 6_3,pgg,22x,L2
209194,8,1,1,3,SSSISSSS,not needed (covering theorem),69.93 139.89 220.11 145.04 34.98 220.11 110.06 139.89,1.0000 1.0000 1.0000 0.2571 1.0000 1.0000 1.0000 1.0000,0 0 0 3 0 0 0 0,0 0 0 0 1 1 1 1,,,YES,2,6,2,34.98,,0.2571,,3 4,yes,4_3 6_3,pgg,22x,L2
209194,8,2,0,1,JSJJJJJS,not needed (covering theorem),-676.16 945.41 -585.41 90.74 87.73 272.27 87.73 857.69,1.0000 1.3855 1.0000 1.0000 1.0000 1.0000 1.0000 1.3855,0 1 0 0 0 0 0 1,0 0 3 3 1 3 1 0,,,YES,2,5,2,43.84,,0.7218,,3 4,yes,4_3 6_3,pgg,22x,L2
209194,8,2,0,6,SSSSSSSS,not tested,420.00 -180.00 540.00 120.00 -300.00 540.00 -180.00 120.00,1.0000 1.0000 1.0000 1.0000 1.0000 1.0000 1.0000 1.0000,0 0 0 0 0 0 0 0,0 1 0 0 1 0 1 1,"1,2,3,5,6",,no (tile),,,,60.00,,1.0000,,3 4,yes,4_3 6_3,pgg,22x,L2
209194,8,3,0,2,SSSSSISS,not tested,47.56 312.94 47.06 265.38 47.06 108.91 156.47 94.62,1.0000 1.0000 1.0000 1.0000 1.0000 1.2712 1.0000 1.0000,0 0 0 0 0 5 0 0,0 1 0 1 0 0 1 0,1,,no (tile),,,,47.06,,0.7867,,3 4,yes,4_3 6_3,pgg,22x,L2
209194,8,3,1,1,SSSSSSSS,not tested,294.25 57.32 302.68 8.43 57.32 203.26 90.99 65.75,1.0000 1.9840 1.0000 1.9840 1.0000 1.9611 1.0000 1.0000,0 1 0 1 0 5 0 0,0 0 0 1 1 0 0 1,"1,2,6",,no (tile),,,,8.43,,0.5040,,3 4,yes,4_3 6_3,pgg,22x,L2
209194,8,5,1,0,SSSSSSSI,not tested,160.22 211.03 148.97 39.56 148.97 211.03 85.73 74.48,1.0000 1.0000 1.0000 1.0000 1.0000 1.0000 1.0000 0.2675,0 0 0 0 0 0 0 7,0 1 0 1 0 1 1 0,"1,2,6",,no (tile),,,,39.56,,0.2675,,3 4,yes,4_3 6_3,pgg,22x,L2
209194,8,5,1,2,SSSSSSSS,not tested,76.86 91.15 268.85 14.28 345.72 14.28 134.43 134.43,1.0000 1.0000 1.0000 1.0000 1.0000 1.0000 1.0000 1.0000,0 0 0 0 0 0 0 0,0 0 0 1 0 1 1 1,"1,6",,no (tile),,,,14.28,,1.0000,,3 4,yes,4_3 6_3,pgg,22x,L2
209194,8,6,1,1,SSSSSSSS,not tested,269.00 180.00 180.00 180.00 -89.00 269.00 -0.00 91.00,1.0000 1.0000 1.0000 1.0000 1.0000 5.0000 1.0000 1.0000,0 0 0 0 0 5 0 0,0 0 0 0 1 0 0 1,1,,no (tile),,,,0.00,,0.2000,,3 4,yes,4_3 6_3,pgg,22x,L2
209194,8,7,0,5,SSSSSUSU,not tested,214.62 180.00 180.00 180.00 14.39 130.99 145.38 34.62,1.0000 1.0000 1.0000 1.0000 3.7635 1.9637 1.0000 1.9637,0 0 0 0 4 5 0 5,0 0 0 0 0 0 1 2,"1,2,6",,no (tile),,,,14.39,,0.2657,,3 4,yes,4_3 6_3,pgg,22x,L2
209194,8,8,0,4,IIIIIIII,not tested,95.03 180.00 180.00 180.00 132.48 180.00 42.48 90.00,1.0000 1.0000 1.0000 1.0000 1.0000 1.0000 5.4595 1.0000,0 0 0 0 0 0 6 0,0 0 0 0 0 0 0 0,1,,no (tile),,,,42.48,,0.1832,,3 4,yes,4_3 6_3,pgg,22x,L2
209194,8,9,0,4,SSSSSSIS,not tested,60.00 100.04 259.96 100.04 259.96 40.04 99.98 159.98,1.0000 1.0000 1.0000 1.0000 1.0000 1.0000 2.7184 1.0000,0 0 0 0 0 0 6 0,0 1 0 1 0 1 0 0,"1,6",,no (tile),,,,40.04,,0.3679,,3 4,yes,4_3 6_3,pgg,22x,L2
209195,8,1,1,7,ISISISSS,not tested,56.99 78.93 281.07 145.16 78.93 78.93 202.14 157.86,1.0000 1.0000 1.0000 1.0000 1.0000 1.0000 1.0000 1.0000,0 1 0 1 0 1 1 1,0 0 0 1 0 0 1 0,"1,2,6",,no (tile),,,,56.99,,1.0000,,3 4,yes,4_3 6_3,pgg,22x,L2
209195,8,2,0,4,SSSSUSSU,not tested,138.96 316.58 43.42 112.53 108.52 221.04 43.42 95.54,1.0000 2.1209 1.0000 2.3750 1.8673 1.0000 2.1209 1.8673,0 1 0 3 4 0 1 4,0 0 0 0 0 1 1 2,"1,2,6",,no (tile),,,,43.42,,0.4210,,3 4,yes,4_3 6_3,pgg,22x,L2
209195,8,2,0,5,ISIIISIS,not tested,99.30 180.00 180.00 80.70 80.70 180.00 180.00 99.30,1.0000 0.2675 1.0000 1.0000 1.0000 0.2675 1.0000 0.2675,0 1 0 0 0 1 0 1,0 0 0 0 0 1 0 1,"1,6",,no (tile),,,,80.70,,0.2675,,3 4,yes,4_3 6_3,pgg,22x,L2
209195,8,2,1,6,SSSSSSSS,not tested,77.39 180.00 180.00 102.61 77.39 180.00 180.00 102.61,1.0000 1.0000 1.0000 1.0000 1.0000 1.0000 1.0000 1.0000,0 0 0 0 0 0 0 0,0 0 0 1 0 0 0 1,"1,2,3,4,5,6",,no (tile),,,,77.39,,1.0000,,3 4,yes,4_3 6_3,pgg,22x,L2
209195,8,3,0,1,USUUSIUS,not tested,230.73 35.12 324.88 94.15 129.27 97.80 132.92 35.12,1.0000 0.5802 1.0000 1.0000 0.5802 1.8872 1.0000 0.5802,0 1 0 0 1 5 0 1,0 0 2 2 0 0 0 0,1,,no (tile),,,,35.12,,0.3074,,3 4,yes,4_3 6_3,pgg,22x,L2
209195,8,5,0,3,SSSSSSIS,not tested,82.52 90.18 269.82 138.74 90.18 269.82 3.83 134.91,1.0000 1.0000 1.0000 1.0000 1.0000 1.0000 3.4244 1.0000,0 0 0 0 0 0 6 0,0 1 0 0 1 0 0 0,1,,no (tile),,,,3.83,,0.2920,,3 4,yes,4_3 6_3,pgg,22x,L2
209195,8,5,1,0,SSSSSSSI,not tested,183.99 556.82 -196.82 -7.99 -196.82 556.82 -94.42 278.41,1.0000 1.0000 1.0000 1.0000 1.0000 1.0000 1.0000 0.1463,0 0 0 0 0 0 0 7,0 1 0 1 0 1 0 0,"1,2,6",,no (tile),,,,7.99,,0.1463,,3 4,yes,4_3 6_3,pgg,22x,L2
209195,8,5,1,1,USUSUSSU,not tested,120.48 29.76 330.24 209.76 29.76 150.24 120.48 89.28,1.0000 1.1519 1.0000 1.1519 1.0000 1.1519 1.1519 1.0000,0 1 0 1 0 1 1 0,0 0 2 1 0 0 0 2,"1,6",,no (tile),,,,29.76,,0.8681,,3 4,yes,4_3 6_3,pgg,22x,L2
209195,8,5,1,2,SSSSSSSS,not tested,75.33 134.71 225.29 59.37 300.63 59.37 97.53 127.77,1.0000 1.9517 1.0000 1.0000 1.0000 1.0000 3.1093 1.9517,0 1 0 0 0 0 6 1,0 0 0 1 0 1 0 1,"1,6",,no (tile),,,,59.37,,0.3216,,3 4,yes,4_3 6_3,pgg,22x,L2
209195,8,6,0,0,JIIJJIIJ,not needed (covering theorem),90.00 231.89 180.00 128.11 180.00 51.89 90.00 128.11,1.0000 1.7431 1.7431 1.0000 1.0000 6.1247 1.7431 1.0000,0 1 1 0 0 5 1 0,0 0 0 3 0 0 0 3,,,YES,2,6,2,51.89,,0.1633,,3 4,yes,4_3 6_3,pgg,22x,L2
209195,8,7,1,0,UIIUUUII,not tested,130.23 40.23 180.00 319.77 99.55 180.00 40.23 90.00,1.0000 2.2933 2.2933 1.0000 1.0000 1.0000 2.2933 4.5231,0 1 1 0 0 0 1 7,0 0 0 2 2 0 0 0,1,,no (tile),,,,40.23,,0.2211,,3 4,yes,4_3 6_3,pgg,22x,L2
209195,8,8,0,2,IIIIIIII,not tested,104.48 180.00 180.00 180.00 75.52 180.00 90.00 90.00,1.0000 1.0000 1.0000 1.0000 1.0000 1.0000 3.8730 1.0000,0 0 0 0 0 0 6 0,0 0 0 0 0 0 0 0,"1,2,6",,no (tile),,,,75.52,,0.2582,,3 4,yes,4_3 6_3,pgg,22x,L2
209195,8,9,0,1,SSSSSSIS,not tested,183.11 88.44 297.33 62.67 271.56 88.44 57.11 31.33,1.0000 1.0000 1.0000 1.0000 1.0000 1.0000 4.6292 1.0000,0 0 0 0 0 0 6 0,0 0 1 0 0 0 0 0,1,,no (tile),,,,31.33,,0.2160,,3 4,yes,4_3 6_3,pgg,22x,L2
209195,8,9,1,0,SSSSSSSI,not tested,175.99 8.02 213.45 146.55 351.98 8.02 102.72 73.27,1.0000 1.0000 1.0000 1.0000 1.0000 1.0000 1.0000 2.0791,0 0 0 0 0 0 0 7,0 1 0 1 0 1 0 0,"1,2,6",,no (tile),,,,8.02,,0.4810,,3 4,yes,4_3 6_3,pgg,22x,L2
209195,8,9,1,4,SISISSSI,not tested,135.66 224.34 135.66 224.34 135.66 88.67 103.42 32.25,1.0000 1.0001 1.0000 1.0001 1.0000 1.0000 5.2391 1.0001,0 1 0 1 0 0 6 1,0 0 0 0 0 1 0 0,"1,2,6",,no (tile),,,,32.25,,0.1909,,3 4,yes,4_3 6_3,pgg,22x,L2
209195,8,10,0,2,USSSUSIS,not tested,94.05 94.05 245.42 114.58 265.95 20.54 122.71 122.71,1.0000 0.9692 0.9692 0.9692 1.0000 0.9692 2.7522 0.9692,0 1 1 1 0 1 6 1,0 0 1 0 2 0 0 1,"1,6",,no (tile),,,,20.54,,0.3522,,3 4,yes,4_3 6_3,pgg,22x,L2
209195,8,10,1,3,USSSUSSS,not tested,35.94 277.41 118.53 241.47 82.59 82.59 138.98 102.49,1.0000 0.4032 1.0525 0.4032 1.0000 0.4032 2.4647 1.0525,0 1 2 1 0 1 6 2,0 0 0 0 2 1 0 1,"1,6",,no (tile),,,,35.94,,0.1636,,3 4,yes,4_3 6_3,pgg,22x,L2
209201,8,0,1,1,SISSSSSS,not tested,237.88 61.06 40.84 258.10 101.90 20.23 237.88 122.12,1.0000 2.5539 2.0076 1.0000 2.0076 1.0000 1.0000 1.0000,0 1 2 0 2 0 0 0,0 0 0 0 0 1 0 1,1,,no (tile),,,,20.23,,0.3916,,3 4,yes,4_3 6_3,p2,2222,hand
209201,8,0,1,7,SSSISSSS,not tested,48.38 231.80 128.20 91.71 140.09 79.81 280.19 79.81,1.0000 1.0387 1.0000 0.7371 1.0387 1.0387 1.0387 1.0387,0 1 0 3 1 1 1 1,0 0 0 0 0 1 0 1,1,,no (tile),,,,48.38,,0.7096,,3 4,yes,4_3 6_3,p2,2222,hand
209201,8,2,0,2,SSSSSSSS,not tested,257.17 29.61 73.22 225.72 31.44 102.83 257.17 102.83,1.0000 1.7476 0.0500 1.7485 1.0000 0.0500 1.0000 0.0500,0 1 2 3 0 2 0 2,0 0 0 0 0 0 0 0,1,,no (tile),,,,29.61,,0.0286,YES,3 4,yes,4_3 6_3,p2,2222,hand
209201,8,2,1,3,SJSJSSSS,not tested,249.02 1.20 186.66 109.78 62.36 110.98 249.02 110.98,1.0000 1.8961 0.8183 1.8961 1.0000 0.8183 1.0000 0.8183,0 1 2 1 0 2 0 2,0 0 0 2 0 1 0 1,6,,no (tile),,,,1.20,,0.4316,,3 4,yes,4_3 6_3,p2,2222,hand
209201,8,3,0,4,SSSSSSSS,not needed (covering theorem),50.94 153.00 207.00 51.03 156.06 156.06 101.97 203.94,1.0000 0.7944 1.0000 0.7944 0.7944 0.7944 0.7944 0.7944,0 1 0 1 1 1 1 1,0 0 0 0 0 0 0 0,,,YES,2,1,2,50.94,,0.7944,,3 4,yes,4_3 6_3,p2,2222,hand
209201,8,5,1,1,SISSSSSS,not tested,217.97 71.01 51.00 20.01 339.99 237.98 20.01 122.02,1.0000 3.9429 2.4333 1.0000 2.4333 1.0000 2.4333 1.0000,0 1 2 0 2 0 2 0,0 0 0 1 0 0 1 1,1,,no (tile),,,,20.01,,0.2536,,3 4,yes,4_3 6_3,p2,2222,hand
209201,8,10,0,0,SSSSSSSS,not needed (covering theorem),101.98 156.04 156.04 51.07 206.95 153.05 50.91 203.96,1.0000 1.0000 1.0000 1.2586 1.0000 1.2586 1.0000 1.0000,0 0 0 3 0 3 0 0,0 0 0 0 0 0 0 0,,,YES,2,1,2,50.91,,0.7946,,3 4,yes,4_3 6_3,p2,2222,hand
209201,8,11,1,6,SIISIIII,not tested,44.87 135.13 180.00 224.87 45.13 90.00 180.00 180.00,1.0000 1.4174 1.4174 1.0000 1.4111 1.4174 1.4174 1.4174,0 1 1 0 4 1 1 1,0 0 0 0 0 0 0 0,1,,no (tile),,,,44.87,,0.7055,,3 4,yes,4_3 6_3,p2,2222,hand
209201,8,12,0,0,SSSSSSSS,not needed (covering theorem),120.00 120.00 180.02 59.98 180.02 179.98 60.02 179.98,1.0000 1.0000 1.0005 1.0000 1.0005 1.0000 1.0005 1.0000,0 0 2 0 2 0 2 0,0 0 0 0 0 0 0 0,,,YES,2,"1,4",2,59.98,,0.9995,,3 4,yes,4_3 6_3,p2,2222,hand
209201,8,12,0,1,SSSSSSSS,not needed (covering theorem),197.81 81.09 162.19 115.90 81.09 244.10 115.90 81.92,1.0000 1.0000 1.0000 0.8081 0.8081 1.0000 0.8081 1.0000,0 0 0 3 3 0 3 0,0 0 0 0 0 0 0 0,,,YES,2,1,2,81.09,,0.8081,,3 4,yes,4_3 6_3,p2,2222,hand
209201,8,12,0,5,SSSSSSSS,not needed (covering theorem),81.95 115.81 244.19 81.12 115.81 162.24 81.12 197.76,1.0000 1.2366 1.0000 1.0000 1.2366 1.2366 1.2366 1.2366,0 1 0 0 1 1 1 1,0 0 0 0 0 0 0 0,,,YES,2,1,2,81.12,,0.8086,,3 4,yes,4_3 6_3,p2,2222,hand
209201,8,12,0,6,SSSSSSSS,not needed (covering theorem),1619.98 -1379.98 1619.98 -1259.98 1499.98 -1259.98 120.00 120.00,1.0000 1.0003 1.0000 1.0003 1.0000 1.0003 1.0003 1.0003,0 1 0 1 0 1 1 1,0 0 0 0 0 0 0 0,,,YES,2,"1,4",2,59.98,,0.9997,,3 4,yes,4_3 6_3,p2,2222,hand
209201,8,14,1,7,SSSSSISS,not tested,240.31 47.58 119.69 312.42 47.58 96.37 143.94 72.11,1.0000 0.8443 1.0000 0.8443 1.0000 1.0323 0.8443 0.8443,0 1 0 1 0 5 1 1,0 0 1 1 1 0 0 1,1,,no (tile),,,,47.58,,0.8178,,3 4,yes,4_3 6_3,p2,2222,hand
209201,8,17,1,2,IIISIISI,not tested,180.00 180.00 90.00 44.77 225.23 180.00 134.77 45.23,1.0000 1.0000 1.0082 0.7100 1.0000 1.0000 0.7100 1.0000,0 0 2 3 0 0 3 0,0 0 0 0 0 0 0 0,1,,no (tile),,,,44.77,,0.7042,,3 4,yes,4_3 6_3,p2,2222,hand
209201,8,20,0,4,SSSSSSSS,not tested,194.82 165.18 194.82 23.20 141.98 124.60 70.22 165.18,1.0000 0.2938 1.0000 3.0703 0.2938 1.3651 1.0000 0.2938,0 1 0 3 1 5 0 1,0 0 0 0 0 0 0 0,1,,no (tile),,,,23.20,,0.0957,,3 4,yes,4_3 6_3,p2,2222,hand
209201,8,20,1,5,SSSJSJSS,not tested,249.02 110.98 249.02 1.19 186.66 109.79 62.36 110.98,1.0000 0.8186 1.0000 1.8961 0.8186 1.8961 1.0000 0.8186,0 1 0 3 1 3 0 1,0 0 0 0 1 2 0 0,6,,no (tile),,,,1.19,,0.4317,,3 4,yes,4_3 6_3,p2,2222,hand
209203,8,0,1,1,SISSSSSS,not tested,331.21 14.39 14.39 249.49 81.73 28.79 331.21 28.79,1.0000 2.0438 1.0000 1.0000 1.0000 1.0000 1.0000 1.0000,0 1 0 0 0 0 0 0,0 0 1 0 0 1 0 1,"1,2,6",,no (tile),,,,14.39,,0.4893,,3 4,yes,5_3 5_3,pgg,22x,L2
209203,8,0,1,7,SSISSSSS,not tested,275.05 113.52 -14.29 -14.29 388.57 -28.57 388.57 -28.57,1.0000 1.0000 2.0987 1.0000 1.0000 1.0000 1.0000 1.0000,0 0 2 0 0 0 0 0,0 1 0 0 1 0 1 0,"1,2,6",,no (tile),,,,14.29,,0.4765,,3 4,yes,5_3 5_3,pgg,22x,L2
209203,8,1,0,3,SIIISISI,not tested,73.40 166.60 120.00 120.00 166.60 193.40 46.60 193.40,1.0000 0.2675 0.2675 0.2675 1.0000 0.2675 1.0000 0.2675,0 1 1 1 0 1 0 1,0 0 0 0 1 0 1 0,"1,2,6",,no (tile),,,,46.60,,0.2675,,3 4,yes,5_3 5_3,pgg,22x,L2
209203,8,1,0,4,SSSSSSSS,not tested,240.00 81.79 120.00 120.00 38.21 321.79 120.00 38.21,1.0000 1.0000 1.0000 1.0000 1.0000 1.0000 1.0000 1.0000,0 0 0 0 0 0 0 0,0 1 1 1 0 1 1 0,"1,2,6",,no (tile),,,,38.21,,1.0000,,3 4,yes,5_3 5_3,pgg,22x,L2
209203,8,1,1,1,SISUSUSS,not tested,226.42 66.79 66.79 178.65 178.65 181.35 47.77 133.58,1.0000 1.6540 1.0000 0.5160 1.0000 0.5160 1.0000 1.0000,0 1 0 3 0 3 0 0,0 0 1 0 0 2 0 1,"1,2,6",,no (tile),,,,47.77,,0.3120,,3 4,yes,5_3 5_3,pgg,22x,L2
209203,8,5,1,0,SSSSSSSI,not tested,121.96 116.09 102.12 39.68 320.32 39.68 320.32 19.84,1.0000 1.0000 1.0000 1.0000 1.0000 1.0000 1.0000 0.9406,0 0 0 0 0 0 0 7,0 1 0 1 0 1 0 0,"1,2,6",,no (tile),,,,19.84,,0.9406,,3 4,yes,5_3 5_3,pgg,22x,L2
209203,8,7,0,1,SSSSUSUS,not needed (covering theorem),872.08 -256.04 -512.08 -256.04 460.10 460.10 -100.10 411.98,1.0000 1.0000 1.0000 1.0000 1.3537 1.0000 1.3537 1.0000,0 0 0 0 4 0 4 0,0 0 0 0 0 1 2 0,,,YES,2,"1,2",2,51.98,,0.7387,,3 4,yes,5_3 5_3,pgg,22x,L2
209203,8,7,1,0,SSSSSSSI,not tested,60.79 238.42 121.58 64.43 109.56 295.57 64.43 125.22,1.0000 1.0000 1.0000 1.0000 1.0000 1.0000 1.0000 0.8972,0 0 0 0 0 0 0 7,0 1 0 0 1 1 1 0,1,,no (tile),,,,60.79,,0.8972,,3 4,yes,5_3 5_3,pgg,22x,L2
209203,8,7,1,4,SSSSSSSS,not tested,82.82 221.41 55.77 165.64 55.77 304.23 55.77 138.59,1.0000 1.0000 1.0000 1.0000 1.0000 1.0000 1.0000 1.0000,0 0 0 0 0 0 0 0,0 0 1 0 1 0 1 1,"1,2,6",,no (tile),,,,55.77,,1.0000,,3 4,yes,5_3 5_3,pgg,22x,L2
209203,8,9,1,0,SSSSSSSI,not tested,53.05 253.90 106.10 90.12 73.65 286.35 73.65 143.18,1.0000 1.0000 1.0000 1.0000 1.0000 1.0000 1.0000 0.6011,0 0 0 0 0 0 0 7,0 1 0 1 0 1 0 0,1,,no (tile),,,,53.05,,0.6011,,3 4,yes,5_3 5_3,pgg,22x,L2
209203,8,11,1,0,SSSSSSSI,not tested,142.96 74.09 285.91 74.09 89.51 106.88 253.12 53.44,1.0000 1.0000 1.0000 1.0000 1.0000 1.0000 1.0000 0.5956,0 0 0 0 0 0 0 7,0 1 0 1 0 1 0 0,1,,no (tile),,,,53.44,,0.5956,,3 4,yes,5_3 5_3,pgg,22x,L2
209203,8,12,1,0,SSSSSSSI,not tested,19.83 320.34 39.66 320.34 39.66 102.17 115.99 122.00,1.0000 1.0000 1.0000 1.0000 1.0000 1.0000 1.0000 0.9407,0 0 0 0 0 0 0 7,0 1 0 1 0 1 0 0,"1,2,6",,no (tile),,,,19.83,,0.9407,,3 4,yes,5_3 5_3,pgg,22x,L2
209203,8,14,1,2,IIIIIIII,not tested,180.00 180.00 90.00 90.00 180.00 120.00 180.00 60.00,1.0000 1.0000 1.7321 1.0000 1.0000 1.0000 1.0000 1.0000,0 0 2 0 0 0 0 0,0 0 0 0 0 0 0 0,"1,2,6",,no (tile),,,,60.00,,0.5774,,3 4,yes,5_3 5_3,pgg,22x,L2
209203,8,15,1,6,IIIIIIII,not tested,60.00 180.00 120.00 180.00 90.00 90.00 180.00 180.00,1.0000 1.0000 1.0000 1.0000 1.7321 1.0000 1.0000 1.0000,0 0 0 0 4 0 0 0,0 0 0 0 0 0 0 0,"1,2,6",,no (tile),,,,60.00,,0.5774,,3 4,yes,5_3 5_3,pgg,22x,L2
209203,8,16,0,0,SSSSSSSS,not tested,240.00 398.21 -38.21 -120.00 240.00 278.21 120.00 -38.21,1.0000 1.0000 1.0000 1.0000 1.0000 1.0000 1.0000 1.0000,0 0 0 0 0 0 0 0,0 1 0 0 0 1 1 0,"1,2,6",,no (tile),,,,38.21,,1.0000,,3 4,yes,5_3 5_3,pgg,22x,L2
209203,8,16,1,7,USUSISSS,not tested,40.86 206.34 153.66 153.66 82.74 82.74 194.52 165.48,1.0000 1.1232 1.0000 1.1232 2.3629 1.1232 1.1232 1.1232,0 1 0 1 4 1 1 1,0 0 2 1 0 0 1 0,"1,2,6",,no (tile),,,,40.86,,0.4232,,3 4,yes,5_3 5_3,pgg,22x,L2
209203,8,17,0,5,USUSSSSS,not needed (covering theorem),51.99 259.97 100.03 100.03 103.99 207.97 103.99 152.03,1.0000 0.7380 1.0000 0.7380 0.7380 0.7380 0.7380 0.7380,0 1 0 1 1 1 1 1,0 0 2 1 1 1 1 1,,,YES,2,"1,2",2,51.99,,0.7380,,3 4,yes,5_3 5_3,pgg,22x,L2
209203,8,17,1,0,SSSSSSSI,not tested,129.03 68.03 291.97 101.94 68.03 122.00 238.00 61.00,1.0000 1.0000 1.0000 1.0000 1.0000 1.0000 1.0000 0.8111,0 0 0 0 0 0 0 7,0 0 0 1 1 0 1 0,1,,no (tile),,,,61.00,,0.8111,,3 4,yes,5_3 5_3,pgg,22x,L2
209203,8,17,1,4,SSSSSSSS,not tested,138.59 55.77 304.23 55.77 165.64 55.77 221.41 82.82,1.0000 1.0000 1.0000 1.0000 1.0000 1.0000 1.0000 1.0000,0 0 0 0 0 0 0 0,0 1 0 1 0 1 1 0,"1,2,6",,no (tile),,,,55.77,,1.0000,,3 4,yes,5_3 5_3,pgg,22x,L2
209203,8,18,1,0,SSSSSSSI,not needed (covering theorem),69.31 318.59 41.41 221.38 41.41 138.62 138.56 110.72,1.0000 1.0000 1.0000 1.0000 1.0000 1.0000 1.0000 0.3533,0 0 0 0 0 0 0 7,0 0 0 1 1 0 1 0,,,YES,2,2,2,41.41,,0.3533,,3 4,yes,5_3 5_3,pgg,22x,L2
209209,8,0,1,1,SISSSSSS,not tested,316.74 21.63 130.01 99.97 108.38 43.26 316.74 43.26,1.0000 0.9296 1.2033 1.2033 1.0000 1.0000 1.0000 1.0000,0 1 2 2 0 0 0 0,0 0 0 1 0 1 0 1,"1,2,6",,no (tile),,,,21.63,,0.7725,,3 4,yes,5_3 5_3,p2,2222,hand
209209,8,3,0,0,SSSSSSSS,not needed (covering theorem),80.95 198.10 126.80 80.95 71.30 288.70 71.30 161.90,1.0000 1.0000 1.5313 1.5313 1.0000 1.5313 1.0000 1.0000,0 0 2 2 0 2 0 0,0 0 0 0 0 0 0 0,,,YES,2,1,2,71.30,,0.6531,,3 4,yes,5_3 5_3,p2,2222,hand
209209,8,3,0,4,SSSSSSSS,not tested,93.73 140.14 219.86 46.41 126.13 233.87 93.73 126.13,1.0000 0.7785 1.0000 0.7785 1.0000 0.7785 0.7785 1.0000,0 1 0 1 0 1 1 0,0 0 0 0 0 0 0 0,1,,no (tile),,,,46.41,,0.7785,,3 4,yes,5_3 5_3,p2,2222,hand
209209,8,3,1,1,SISSSSSS,not tested,225.52 67.24 131.72 96.57 263.43 96.57 64.48 134.48,1.0000 0.3869 0.9265 0.9265 0.9265 0.9265 1.0000 1.0000,0 1 2 2 2 2 0 0,0 0 0 1 0 1 0 1,1,,no (tile),,,,64.48,,0.3869,,3 4,yes,5_3 5_3,p2,2222,hand
209209,8,3,1,4,SSSISISI,not tested,392.30 -299.53 -125.07 392.30 267.23 92.77 392.30 -32.30,1.0000 0.2675 1.0000 0.8452 0.2675 0.8452 1.0000 0.8452,0 1 0 3 1 3 0 3,0 0 1 0 1 0 0 0,"1,6",,no (tile),,,,32.30,,0.2675,,3 4,yes,5_3 5_3,p2,2222,hand
209209,8,4,0,1,SSSSSSSS,not tested,120.00 120.00 180.00 60.00 180.00 180.00 60.00 180.00,1.0000 1.0000 1.0000 1.0000 1.0000 1.0000 1.0000 1.0000,0 0 0 0 0 0 0 0,0 0 0 0 0 0 0 0,1,,no (tile),,,,60.00,,1.0000,,3 4,yes,5_3 5_3,p2,2222,hand
209209,8,5,0,0,SSSSSSSS,not tested,90.07 179.86 90.00 90.07 269.93 90.07 89.86 180.14,1.0000 1.0000 1.0000 1.0000 1.0000 1.0000 1.0000 1.0000,0 0 2 2 2 2 0 0,0 0 0 0 0 0 0 0,1,,no (after re-solve),,,,89.86,,1.0000,,3 4,yes,5_3 5_3,p2,2222,hand
209209,8,5,1,1,SISSSSSS,not tested,226.41 66.79 114.59 130.82 47.80 312.20 47.80 133.59,1.0000 1.3489 1.3477 1.3477 1.0000 1.3477 1.0000 1.0000,0 1 2 2 0 2 0 0,0 0 0 1 0 1 0 1,1,,no (tile),,,,47.80,,0.7413,,3 4,yes,5_3 5_3,p2,2222,hand
209209,8,7,0,6,SJJSJJSS,not needed (covering theorem),180.00 116.57 90.00 63.43 296.57 180.00 63.43 90.00,1.0000 0.8944 0.8944 1.0000 0.8944 0.8944 1.0000 1.0000,0 1 1 0 1 1 0 0,0 0 3 0 0 3 0 0,,,YES,2,1,2,63.43,,0.8944,,3 4,yes,5_3 5_3,p2,2222,hand
209209,8,7,0,7,SSSSSSSS,not tested,111.77 180.00 111.77 68.23 180.00 180.00 180.00 68.23,1.0000 1.0000 2.6968 1.0000 1.0000 1.0000 1.0000 2.6968,0 0 2 0 0 0 0 7,0 0 0 0 0 0 0 0,1,,no (tile),,,,68.23,,0.3708,,3 4,yes,5_3 5_3,p2,2222,hand
209209,8,7,1,1,SIISIISS,not needed (covering theorem),143.08 108.46 90.00 18.46 341.54 180.00 18.46 180.00,1.0000 0.6334 1.2647 1.0000 1.2647 1.2647 1.0000 1.0000,0 1 2 0 2 2 0 0,0 0 0 1 0 0 1 1,,,YES,2,1,2,18.46,,0.5008,,3 4,yes,5_3 5_3,p2,2222,hand
209209,8,7,1,3,SSJSSSSJ,not tested,134.15 180.00 134.15 45.85 180.00 180.00 180.00 45.85,1.0000 1.0000 1.4356 1.0000 1.0000 1.0000 1.0000 1.4356,0 0 2 0 0 0 0 2,0 0 0 1 1 1 1 2,6,,no (tile),,,,45.85,,0.6966,,3 4,yes,5_3 5_3,p2,2222,hand
209209,8,10,1,3,SISISSIS,not tested,24.43 167.79 192.21 167.79 41.35 126.44 192.21 167.79,1.0000 0.9616 1.0000 0.9616 1.2809 1.0000 0.9616 1.0000,0 1 0 1 4 0 1 0,0 0 0 0 0 1 0 1,"1,2,6",,no (tile),,,,24.43,,0.7507,,3 4,yes,5_3 5_3,p2,2222,hand
209209,8,12,1,2,SSSSSSSS,not tested,90.00 180.00 90.00 180.00 90.00 180.00 90.00 180.00,1.0000 1.0000 1.0000 1.0000 1.0000 1.0000 1.0000 1.0000,0 0 0 0 0 0 0 0,0 0 1 1 0 0 1 1,"1,2,3,4,5,6",,no (tile),,,,90.00,,1.0000,,3 4,yes,5_3 5_3,p2,2222,hand
209209,8,12,1,6,SSSSSSSS,not tested,90.00 180.00 90.00 180.00 90.00 180.00 90.00 180.00,1.0000 1.0000 1.0000 1.0000 1.0000 1.0000 1.0000 1.0000,0 0 0 0 0 0 0 0,0 0 1 1 0 0 1 1,"1,2,3,4,5,6",,no (tile),,,,90.00,,1.0000,,3 4,yes,5_3 5_3,p2,2222,hand
209209,8,13,0,6,SSSSSSSS,not needed (covering theorem),79.55 40.97 119.74 319.03 40.97 120.52 239.48 119.74,1.0000 0.3775 0.3775 1.0000 0.3775 0.3775 0.3775 0.3775,0 1 1 0 1 1 1 1,0 0 0 0 0 0 0 0,,,YES,2,1,2,40.97,,0.3775,,3 4,yes,5_3 5_3,p2,2222,hand
209209,8,13,1,0,SSSSSSSI,not tested,160.08 39.83 288.36 71.64 31.81 288.36 71.64 128.28,1.0000 1.0000 0.8679 1.0000 0.8679 1.0000 0.8679 0.2675,0 0 2 0 2 0 2 7,0 1 0 1 1 0 1 0,"1,6",,no (tile),,,,31.81,,0.2675,,3 4,yes,5_3 5_3,p2,2222,hand
209209,8,13,1,1,SISSSSSS,not tested,108.71 125.65 45.85 268.30 91.70 268.30 91.70 79.80,1.0000 0.3156 0.4530 0.4530 0.4530 0.4530 0.4530 1.0000,0 1 2 2 2 2 2 0,0 0 0 1 0 1 0 1,"1,2,6",,no (tile),,,,45.85,,0.3156,,3 4,yes,5_3 5_3,p2,2222,hand
209209,8,15,0,4,SSSSSSSS,not needed (covering theorem),96.22 173.78 86.89 186.22 90.00 86.89 273.11 86.89,1.0000 1.0000 1.0000 1.0000 0.9985 0.9985 0.9985 0.9985,0 0 0 0 4 4 4 4,0 0 0 0 0 0 0 0,,,YES,2,1,2,86.89,,0.9985,,3 4,yes,5_3 5_3,p2,2222,hand
209209,8,15,1,1,SISSSSSS,not tested,156.83 101.58 66.42 227.16 132.84 35.17 324.83 35.17,1.0000 0.8423 0.8017 0.8017 0.8017 1.0000 0.8017 1.0000,0 1 2 2 2 0 2 0,0 0 0 1 0 1 0 1,1,,no (tile),,,,35.17,,0.8017,,3 4,yes,5_3 5_3,p2,2222,hand
209209,8,16,1,1,SISSSSSS,not tested,225.52 67.24 131.72 96.57 263.43 96.57 64.48 134.48,1.0000 0.3869 0.9265 0.9265 0.9265 0.9265 1.0000 1.0000,0 1 2 2 2 2 0 0,0 0 0 1 0 1 0 1,1,,no (tile),,,,64.48,,0.3869,,3 4,yes,5_3 5_3,p2,2222,hand
209209,8,16,1,3,SISISSIS,not tested,260.68 -41.99 218.70 141.30 218.70 -77.39 218.70 141.30,1.0000 0.7433 0.2675 0.7433 0.2675 0.2675 0.7433 0.2675,0 1 2 1 2 2 1 2,0 0 0 0 0 1 0 1,"1,2,6",,no (tile),,,,41.99,,0.2675,,3 4,yes,5_3 5_3,p2,2222,hand
209209,8,19,1,1,SISSSSSS,not tested,108.71 125.65 45.85 268.30 91.70 268.30 91.70 79.80,1.0000 0.3156 0.4530 0.4530 0.4530 0.4530 0.4530 1.0000,0 1 2 2 2 2 2 0,0 0 0 1 0 1 0 1,"1,2,6",,no (tile),,,,45.85,,0.3156,,3 4,yes,5_3 5_3,p2,2222,hand
209209,8,20,0,0,SSSSSSSS,not tested,90.10 179.81 179.81 90.10 90.10 89.71 180.19 180.19,1.0000 1.0000 1.0000 3.0000 3.0000 1.0000 1.0000 1.0000,0 0 0 3 3 0 0 0,0 0 0 0 0 0 0 0,"1,9",,no (tile),,,,89.71,,0.3333,,3 4,yes,5_3 5_3,p2,2222,hand
209209,8,23,0,5,SSSSSSSS,not tested,125.96 45.10 314.90 117.02 45.10 188.94 171.06 71.92,1.0000 0.7871 1.0000 1.0000 0.7871 1.0000 0.7871 1.0000,0 1 0 0 1 0 1 0,0 0 0 0 0 0 0 0,1,,no (tile),,,,45.10,,0.7871,,3 4,yes,5_3 5_3,p2,2222,hand
209209,8,23,1,6,SSSISSSS,not tested,102.83 88.21 271.79 128.58 40.37 191.04 168.96 88.21,1.0000 0.8045 1.0000 0.6129 0.8045 1.0000 0.8045 1.0000,0 1 0 3 1 0 1 0,0 0 0 0 1 0 1 1,1,,no (tile),,,,40.37,,0.6129,,3 4,yes,5_3 5_3,p2,2222,hand
209209,8,25,0,7,SSSSSSSS,not tested,160.45 135.06 224.94 80.17 54.89 224.94 135.06 64.48,1.0000 1.9294 1.0000 1.6142 1.9294 1.0000 1.9294 0.6807,0 1 0 3 1 0 1 7,0 0 0 0 0 0 0 0,1,,no (tile),,,,54.89,,0.3528,,3 4,yes,5_3 5_3,p2,2222,hand
209209,8,25,1,4,SSSJSSSJ,not tested,34.90 269.23 90.77 201.95 55.87 269.23 90.77 67.28,1.0000 10.0000 1.0000 10.3334 10.0000 1.0000 10.0000 10.3334,0 1 0 3 1 0 1 3,0 0 0 0 1 1 1 2,6,,no (tile),,,,34.90,,0.0968,,3 4,yes,5_3 5_3,p2,2222,hand
209209,8,25,1,7,SSSSSSSS,not tested,176.32 50.84 183.68 125.48 50.84 309.16 50.84 132.84,1.0000 0.9699 1.0000 1.0000 0.9699 1.0000 0.9699 0.9699,0 1 0 0 1 0 1 1,0 0 1 0 0 0 0 1,"1,2,3,6",,no (tile),,,,50.84,,0.9699,,3 4,yes,5_3 5_3,p2,2222,hand
209209,8,29,0,6,SSSSSSSS,not needed (covering theorem),155.87 136.09 136.09 68.04 223.91 223.91 68.04 68.04,1.0000 1.0000 1.0000 1.0000 1.0000 1.0000 2.4408 2.4408,0 0 0 0 0 0 6 6,0 0 0 0 0 0 0 0,,,YES,2,1,2,68.04,,0.4097,,3 4,yes,5_3 5_3,p2,2222,hand
209209,8,32,1,2,SSSSSSSS,not tested,180.00 89.00 91.00 269.00 91.00 89.00 180.00 91.00,1.0000 1.0000 1.0000 1.0000 1.0000 1.0000 1.0000 1.0000,0 0 0 0 0 0 0 0,0 1 0 1 0 1 1 0,"1,2,3,4,5,6",,no (tile),,,,89.00,,1.0000,,3 4,yes,5_3 5_3,p2,2222,hand
209209,8,34,1,0,SSSSSISI,not tested,148.07 63.87 296.13 63.87 296.13 31.93 105.32 74.68,1.0000 1.0000 1.0000 1.0000 1.0000 1.8581 2.7422 1.7340,0 0 0 0 0 5 6 7,0 1 0 1 0 0 0 0,1,,no (tile),,,,31.93,,0.3647,,3 4,yes,5_3 5_3,p2,2222,hand
209209,8,34,1,2,SJJJJJSJ,not tested,153.95 61.87 144.18 215.82 144.18 215.82 29.80 114.37,1.0000 0.4161 0.4161 0.4161 0.4161 0.4161 1.2842 0.4161,0 1 1 1 1 1 6 1,0 0 2 0 2 0 0 2,6,,no (tile),,,,29.80,,0.3240,,3 4,yes,5_3 5_3,p2,2222,hand
209209,8,35,0,0,JJJSSJJJ,not tested,90.00 180.00 180.00 90.00 90.00 90.00 180.00 180.00,1.0000 1.0000 1.0000 3.0000 3.0000 1.0000 1.0000 1.0000,0 0 0 3 3 0 0 0,0 3 0 0 0 3 0 3,9,,no (tile),,,,90.00,,0.3333,,3 4,yes,5_3 5_3,p2,2222,hand
209209,8,37,1,5,JJSJSSJS,not tested,244.92 180.00 -64.92 197.57 244.92 180.00 -17.57 115.08,1.0000 1.0000 1.2181 1.0000 1.2181 1.2181 1.0000 1.2181,0 0 2 0 2 2 0 2,0 3 0 1 1 1 3 0,6,,no (tile),,,,17.57,,0.8210,,3 4,yes,5_3 5_3,p2,2222,hand
209209,8,41,0,1,SSSSSSSS,not tested,89.00 180.00 91.00 180.00 89.00 91.00 269.00 91.00,1.0000 1.0000 1.0000 1.0000 1.0000 1.0000 1.0000 1.0000,0 0 0 0 0 0 0 0,0 0 0 0 0 0 0 0,"1,4",,no (tile),,,,89.00,,1.0000,,3 4,yes,5_3 5_3,p2,2222,hand
209209,8,42,0,2,JJJSSSSJ,not needed (covering theorem),180.00 180.00 90.00 116.57 90.00 270.00 90.00 63.43,1.0000 1.0000 1.0000 1.1180 1.1180 1.1180 1.1180 1.0000,0 0 0 3 3 3 3 0,0 3 0 0 0 0 0 3,,,YES,2,1,2,63.43,,0.8944,,3 4,yes,5_3 5_3,p2,2222,hand
209209,8,42,0,4,JJJJSSSS,not needed (covering theorem),63.43 180.00 180.00 90.00 116.57 90.00 270.00 90.00,1.0000 1.0000 1.0000 1.0000 1.1180 1.1180 1.1180 1.1180,0 0 0 0 4 4 4 4,0 3 0 3 0 0 0 0,,,YES,2,1,2,63.43,,0.8944,,3 4,yes,5_3 5_3,p2,2222,hand
209209,8,42,0,7,SSSSSSSS,not tested,90.00 180.00 180.00 90.00 90.00 180.00 180.00 90.00,1.0000 1.0000 1.0000 1.0000 1.0000 1.0000 1.0000 1.0000,0 0 0 3 0 0 0 7,0 0 0 0 0 0 0 0,1,,no (tile),,,,90.00,,1.0000,,3 4,yes,5_3 5_3,p2,2222,hand
209209,8,42,1,1,SSSSSSSS,not tested,89.00 180.00 91.00 180.00 89.00 91.00 269.00 91.00,1.0000 1.0000 1.0000 1.0000 1.0000 1.0000 1.0000 1.0000,0 0 0 0 0 0 0 0,0 0 1 1 0 1 0 1,"1,2,3,4,5,6",,no (tile),,,,89.00,,1.0000,,3 4,yes,5_3 5_3,p2,2222,hand
209209,8,42,1,4,SSSJSSSJ,not tested,90.00 180.00 180.00 90.00 90.00 180.00 180.00 90.00,1.0000 1.0000 1.0000 1.0000 1.0000 1.0000 1.0000 1.0000,0 0 0 3 0 0 0 3,0 0 0 0 1 1 1 2,6,,no (tile),,,,90.00,,1.0000,,3 4,yes,5_3 5_3,p2,2222,hand
209209,8,48,0,4,SSSSSSSS,not tested,60.00 180.00 120.00 120.00 180.00 60.00 180.00 180.00,1.0000 1.0000 1.0000 1.0000 1.0000 1.0000 1.0000 1.0000,0 0 0 0 0 0 0 0,0 0 0 0 0 0 0 0,1,,no (tile),,,,60.00,,1.0000,,3 4,yes,5_3 5_3,p2,2222,hand
209209,8,49,0,6,JJJJJJSS,not tested,90.00 180.00 180.00 90.00 180.00 180.00 90.00 90.00,1.0000 1.0000 1.0000 1.0000 1.0000 1.0000 3.0000 3.0000,0 0 0 0 0 0 6 6,0 3 0 3 0 3 0 0,9,,no (tile),,,,90.00,,0.3333,,3 4,yes,5_3 5_3,p2,2222,hand
209209,8,53,0,6,JJSJJSSS,not tested,108.43 180.00 71.57 288.43 90.00 71.57 180.00 90.00,1.0000 1.0000 1.5811 1.0000 1.0000 1.5811 1.5811 1.5811,0 0 2 0 0 2 2 2,0 3 0 0 3 0 0 0,9,,no (tile),,,,71.57,,0.6325,,3 4,yes,5_3 5_3,p2,2222,hand
209209,8,58,1,0,IIIIIISI,not tested,90.00 180.00 180.00 180.00 180.00 90.00 75.35 104.65,1.0000 1.0000 1.0000 1.0000 1.0000 2.4488 5.1681 1.1415,0 0 0 0 0 5 6 7,0 0 0 0 0 0 0 0,1,,no (tile),,,,75.35,,0.1935,,3 4,yes,5_3 5_3,p2,2222,hand
209209,8,60,0,2,SSSSSSSS,not needed (covering theorem),-68.62 -137.25 497.25 -68.62 205.66 -68.62 291.58 428.62,1.0000 1.0000 1.0000 1.0000 2.7329 2.7329 1.0000 1.0000,0 0 0 0 4 4 0 0,0 0 0 0 0 0 0 0,,,YES,2,1,2,68.42,,0.3659,,3 4,yes,5_3 5_3,p2,2222,hand
209209,8,62,0,0,SSSSSSSS,not needed (covering theorem),119.97 319.10 40.90 120.05 239.95 119.97 79.15 40.90,1.0000 2.6461 1.0000 1.0000 1.0000 1.0000 2.6461 1.0000,0 1 0 0 0 0 1 0,0 0 0 0 0 0 0 0,,,YES,2,1,2,40.90,,0.3779,,3 4,yes,5_3 5_3,p2,2222,hand
209209,8,62,1,2,SSSSISSS,not tested,4.92 225.62 134.38 220.71 69.65 64.73 225.62 134.38,1.0000 2.0735 1.0000 1.0000 1.9597 2.0735 1.0000 2.0735,0 1 0 0 4 1 0 1,0 0 0 1 0 1 1 1,"1,6",,no (tile),,,,4.92,,0.4823,,3 4,yes,5_3 5_3,p2,2222,hand
209209,8,62,1,3,SSSISSSS,not tested,316.74 43.26 316.74 21.63 130.01 99.97 108.38 43.26,1.0000 1.0000 1.0000 0.9296 1.2033 1.2033 1.0000 1.0000,0 0 0 3 4 4 0 0,0 1 0 0 0 1 0 1,"1,2,6",,no (tile),,,,21.63,,0.7725,,3 4,yes,5_3 5_3,p2,2222,hand
209209,8,63,0,3,JSJJSSSJ,not tested,180.00 323.13 36.87 90.00 143.13 90.00 180.00 36.87,1.0000 1.0000 1.0000 1.0000 1.0000 1.0000 1.0000 1.0000,0 1 0 0 1 1 1 0,0 0 3 0 0 0 0 3,9,,no (tile),,,,36.87,,1.0000,,3 4,yes,5_3 5_3,p2,2222,hand
209209,8,63,1,5,JSJSJSSJ,not tested,180.00 323.15 36.85 88.29 143.15 91.71 180.00 36.85,1.0000 0.9778 1.0000 0.9778 1.0000 0.9778 0.9778 1.0000,0 1 0 1 0 1 1 0,0 0 3 1 1 0 0 3,6,,no (tile),,,,36.85,,0.9778,,3 4,yes,5_3 5_3,p2,2222,hand
209209,8,64,1,6,SSSSSSSS,not tested,89.00 271.00 89.00 91.00 180.00 89.00 180.00 91.00,1.0000 1.0000 1.0000 1.0000 1.0000 1.0000 1.0000 1.0000,0 0 0 0 0 0 0 0,0 1 0 1 1 0 0 1,"1,2,3,4,5,6",,no (tile),,,,89.00,,1.0000,,3 4,yes,5_3 5_3,p2,2222,hand
209209,8,65,0,6,SSSSSSSS,not tested,89.00 271.00 89.00 91.00 180.00 89.00 180.00 91.00,1.0000 1.0000 1.0000 1.0000 1.0000 1.0000 1.0000 1.0000,0 0 0 0 0 0 0 0,0 0 0 0 0 0 0 0,"1,4",,no (tile),,,,89.00,,1.0000,,3 4,yes,5_3 5_3,p2,2222,hand
209209,8,66,0,0,JSJJSSSJ,not needed (covering theorem),90.00 63.43 296.57 180.00 63.43 90.00 180.00 116.57,1.0000 1.1180 1.0000 1.0000 1.1180 1.1180 1.1180 1.0000,0 1 0 0 1 1 1 0,0 0 3 0 0 0 0 3,,,YES,2,1,2,63.43,,0.8944,,3 4,yes,5_3 5_3,p2,2222,hand
209209,8,66,0,7,SSSSSSSS,not tested,42.98 180.00 180.00 180.00 63.02 116.98 180.00 137.02,1.0000 1.0000 1.0000 1.0000 1.4185 1.0000 1.0000 1.8541,0 0 0 0 4 0 0 7,0 0 0 0 0 0 0 0,1,,no (tile),,,,42.98,,0.5393,,3 4,yes,5_3 5_3,p2,2222,hand
209209,8,66,1,3,ISIISSSI,not needed (covering theorem),180.00 341.55 18.45 90.00 108.45 143.10 180.00 18.45,1.0000 0.7906 1.0000 0.5004 0.7906 0.7906 0.7906 1.0000,0 1 0 3 1 1 1 0,0 0 0 0 1 0 0 0,,,YES,2,1,2,18.45,,0.5004,,3 4,yes,5_3 5_3,p2,2222,hand
209209,8,66,1,5,SSSSJSSJ,not tested,42.44 180.00 180.00 180.00 42.44 137.56 180.00 137.56,1.0000 1.0000 1.0000 1.0000 1.3551 1.0000 1.0000 1.3551,0 0 0 0 4 0 0 4,0 0 0 0 0 1 1 2,6,,no (tile),,,,42.44,,0.7380,,3 4,yes,5_3 5_3,p2,2222,hand
209209,8,67,0,6,SSSSSSSS,not needed (covering theorem),68.71 291.62 68.38 136.76 223.24 68.38 154.53 68.38,1.0000 1.0000 1.0000 1.0000 1.0000 1.0000 2.7307 2.7307,0 0 0 0 0 0 6 6,0 0 0 0 0 0 0 0,,,YES,2,1,2,68.38,,0.3662,,3 4,yes,5_3 5_3,p2,2222,hand
209209,8,68,1,6,JSJSSJSJ,not tested,180.00 107.96 252.04 18.49 180.00 107.96 161.51 72.04,1.0000 1.2684 1.0000 1.2684 1.2684 1.0000 1.2684 1.0000,0 1 0 1 1 0 1 0,0 0 3 1 1 1 0 3,6,,no (tile),,,,18.49,,0.7884,,3 4,yes,5_3 5_3,p2,2222,hand
209209,8,69,0,2,SSSSSSSS,not tested,93.73 140.14 219.86 46.41 126.13 233.87 93.73 126.13,1.0000 0.7785 1.0000 0.7785 1.0000 0.7785 0.7785 1.0000,0 1 0 1 0 1 1 0,0 0 0 0 0 0 0 0,1,,no (tile),,,,46.41,,0.7785,,3 4,yes,5_3 5_3,p2,2222,hand
209209,8,69,0,5,SSSSSSSS,not needed (covering theorem),116.34 79.68 280.32 163.98 98.01 79.68 18.33 243.66,1.0000 5.5815 1.0000 1.0000 1.0000 5.5815 1.0000 5.5815,0 1 0 0 0 1 0 1,0 0 0 0 0 0 0 0,,,YES,2,1,2,18.33,,0.1792,,3 4,yes,5_3 5_3,p2,2222,hand
209209,8,69,0,6,SSSSSSSS,not needed (covering theorem),71.21 288.79 71.21 162.06 81.03 197.94 126.73 81.03,1.0000 1.5322 1.0000 1.0000 1.0000 1.0000 1.5322 1.5322,0 1 0 0 0 0 1 1,0 0 0 0 0 0 0 0,,,YES,2,1,2,71.21,,0.6526,,3 4,yes,5_3 5_3,p2,2222,hand
209209,8,69,1,3,SSSISSSS,not tested,100.57 259.43 100.57 129.71 63.91 232.19 127.81 65.81,1.0000 1.0000 1.0000 0.5023 1.1421 1.1421 1.1421 1.0000,0 0 0 3 4 4 4 0,0 1 0 0 0 1 0 1,1,,no (tile),,,,63.91,,0.4398,,3 4,yes,5_3 5_3,p2,2222,hand
209209,8,69,1,6,ISISISSS,not tested,82.87 277.13 82.87 148.86 211.14 82.87 128.27 66.00,1.0000 8.0520 1.0000 7.7257 1.0000 8.0520 7.7257 8.0520,0 1 0 3 0 1 3 1,0 0 0 0 0 1 1 0,"1,6",,no (tile),,,,66.00,,0.1242,,3 4,yes,5_3 5_3,p2,2222,hand
209209,8,70,1,0,SSSSSISI,not tested,148.07 63.87 296.13 63.87 296.13 31.93 105.32 74.68,1.0000 1.0000 1.0000 1.0000 1.0000 1.8581 2.7422 1.7340,0 0 0 0 0 5 6 7,0 1 0 1 0 0 0 0,1,,no (tile),,,,31.93,,0.3647,,3 4,yes,5_3 5_3,p2,2222,hand
209209,8,71,0,3,JSJJSSSJ,not tested,180.00 71.57 288.43 90.00 71.57 180.00 90.00 108.43,1.0000 1.5811 1.0000 1.0000 1.5811 1.5811 1.5811 1.0000,0 1 0 0 1 1 1 0,0 0 3 0 0 0 0 3,9,,no (tile),,,,71.57,,0.6325,,3 4,yes,5_3 5_3,p2,2222,hand
209209,8,72,0,3,SSSSSSSS,not tested,125.96 45.10 314.90 117.02 45.10 188.94 171.06 71.92,1.0000 0.7871 1.0000 1.0000 0.7871 1.0000 0.7871 1.0000,0 1 0 0 1 0 1 0,0 0 0 0 0 0 0 0,1,,no (tile),,,,45.10,,0.7871,,3 4,yes,5_3 5_3,p2,2222,hand
209209,8,72,1,0,SSSSSSSI,not tested,126.98 299.03 60.97 106.03 60.97 193.00 167.00 66.02,1.0000 0.5829 1.0000 1.0000 0.5829 1.0000 0.5829 0.2369,0 1 0 0 1 0 1 7,0 0 0 1 1 0 1 0,1,,no (tile),,,,60.97,,0.2369,,3 4,yes,5_3 5_3,p2,2222,hand
209209,8,73,0,4,JJJJJSSJ,not tested,180.00 180.00 180.00 180.00 90.00 123.69 90.00 56.31,1.0000 1.0000 1.0000 1.0000 1.0000 3.6056 3.6056 1.0000,0 0 0 0 0 5 5 0,0 3 0 3 0 0 0 3,9,,no (tile),,,,56.31,,0.2774,,3 4,yes,5_3 5_3,p2,2222,hand
209209,8,73,0,6,JJJJJJSS,not tested,56.31 180.00 180.00 180.00 180.00 90.00 123.69 90.00,1.0000 1.0000 1.0000 1.0000 1.0000 1.0000 3.6056 3.6056,0 0 0 0 0 0 6 6,0 3 0 3 0 3 0 0,9,,no (tile),,,,56.31,,0.2774,,3 4,yes,5_3 5_3,p2,2222,hand
209209,8,73,1,0,IIIIIISI,not tested,90.00 180.00 180.00 180.00 180.00 90.00 75.35 104.65,1.0000 1.0000 1.0000 1.0000 1.0000 2.4488 5.1681 1.1415,0 0 0 0 0 5 6 7,0 0 0 0 0 0 0 0,1,,no (tile),,,,75.35,,0.1935,,3 4,yes,5_3 5_3,p2,2222,hand
209209,8,73,1,6,JJJJSJSJ,not tested,180.00 180.00 180.00 180.00 46.51 133.49 133.49 46.51,1.0000 1.0000 1.0000 1.0000 2.9061 1.0000 2.9061 1.0000,0 0 0 0 4 0 4 0,0 3 0 3 0 1 1 3,6,,no (tile),,,,46.51,,0.3441,,3 4,yes,5_3 5_3,p2,2222,hand
209209,8,74,0,6,SJJSJJSS,not tested,180.00 36.87 180.00 323.13 36.87 90.00 143.13 90.00,1.0000 1.0000 1.0000 1.0000 1.0000 1.0000 1.0000 1.0000,0 1 1 0 1 1 0 0,0 0 3 0 0 3 0 0,9,,no (tile),,,,36.87,,1.0000,,3 4,yes,5_3 5_3,p2,2222,hand
209209,8,74,0,7,SSSSSSSS,not tested,-0.00 180.00 180.00 180.00 262.10 97.90 82.10 97.90,1.0000 1.0000 1.0000 1.0000 1.8992 1.0000 1.8992 5.0000,0 0 0 0 4 0 4 7,0 0 0 0 0 0 0 0,(not a tile),,"n/a (not a tile: all 2301 sampled members of the family, on every solution branch reached, fail exactly -- e.g. the midpoint of S edge 7 and the midpoint of S edge 2 are at the same point (John's fixed-point / no-mirror rules, 2026-09-13) [curve_sides])",,,,0.00,,0.2000,,,,5_3 5_3,p2,2222,hand
209209,8,74,1,6,SJJSSJSJ,not tested,36.86 323.14 180.00 36.86 180.00 91.05 143.14 88.95,1.0000 1.0138 1.0138 1.0000 1.0000 1.0138 1.0000 1.0138,0 1 1 0 0 1 0 1,0 0 3 0 0 1 1 3,6,,no (tile),,,,36.86,,0.9864,,3 4,yes,5_3 5_3,p2,2222,hand
209210,8,0,1,1,SISSSSSS,not tested,322.40 18.80 126.16 107.36 107.69 37.60 322.40 37.60,1.0000 0.9513 1.0000 1.0000 1.0000 1.0000 1.0000 1.0000,0 1 0 0 0 0 0 0,0 0 1 1 0 1 0 1,1,,no (tile),,,,18.80,,0.9513,,3 4,yes,5_3 5_3,pgg,22x,hand
209210,8,1,0,3,SSSSSSSS,not tested,81.79 240.00 120.00 38.21 240.00 120.00 120.00 120.00,1.0000 1.0000 1.0000 1.0000 1.0000 1.0000 1.0000 1.0000,0 0 0 0 0 0 0 0,0 0 0 1 1 1 1 1,"1,2,6",,no (tile),,,,38.21,,1.0000,,3 4,yes,5_3 5_3,pgg,22x,hand
209210,8,1,0,4,SUSUSUUS,not tested,90.00 142.23 232.23 37.77 127.77 232.23 90.00 127.77,1.0000 0.7905 1.0000 0.7905 1.0000 0.7905 0.7905 1.0000,0 1 0 1 0 1 1 0,0 0 1 2 0 0 2 0,"1,5,6",,no (tile),,,,37.77,,0.7905,,3 4,yes,5_3 5_3,pgg,22x,hand
209210,8,1,1,5,SUSUSUUS,not tested,193.40 38.30 231.70 38.30 231.70 128.30 90.00 128.30,1.0000 0.7848 1.0000 0.7848 1.0000 0.7848 0.7848 1.0000,0 1 0 1 0 1 1 0,0 0 0 0 0 2 2 1,"1,2,5,6",,no (tile),,,,38.30,,0.7848,,3 4,yes,5_3 5_3,pgg,22x,hand
209210,8,1,1,6,SSSSSSSS,not tested,240.00 81.79 120.00 120.00 120.00 240.00 38.21 120.00,1.0000 1.0000 1.0000 1.0000 1.0000 1.0000 1.0000 1.0000,0 0 0 0 0 0 0 0,0 1 1 1 1 1 0 0,"1,2,6",,no (tile),,,,38.21,,1.0000,,3 4,yes,5_3 5_3,pgg,22x,hand
209210,8,2,1,2,SUUSSUSU,not tested,360.00 285.52 -285.52 645.52 285.52 -285.52 -0.00 74.48,1.0000 0.2675 0.2675 1.0000 1.0000 0.2675 1.0000 0.2675,0 1 1 0 0 1 0 1,0 0 2 0 0 0 1 2,(not a tile),,"n/a (not a tile: rep 0 (S) must bulge opposite ways: to clear v5 on edge 6 (code 1) and to clear v7 on edge 0 (code 0) -- exact via the outside lemma (validated by John, 2026-09-13) [curve_sides])",,,,0.00,,0.2675,,,,5_3 5_3,pgg,22x,hand
209210,8,3,0,0,SSUUUSUS,not needed (covering theorem),241.14 -122.28 291.89 118.86 241.14 291.89 68.11 -50.75,1.0000 1.0000 0.6782 0.6782 0.6782 1.0000 0.6782 1.0000,0 0 2 2 2 0 2 0,0 0 0 2 0 1 2 0,,,YES,2,"2,6",2,50.75,,0.6782,,3 4,yes,5_3 5_3,pgg,22x,hand
209210,8,3,0,4,SSJSJSJJ,not tested,235.97 59.45 200.12 124.03 64.58 200.12 159.88 35.85,1.0000 1.0000 1.6712 1.0000 1.6712 1.0000 1.6712 1.6712,0 0 2 0 2 0 2 2,0 1 0 1 1 0 2 2,6,,no (tile),,,,35.85,,0.5984,,3 4,yes,5_3 5_3,pgg,22x,hand
209210,8,3,1,1,SISSSSSS,not needed (covering theorem),105.00 127.50 51.84 256.32 75.66 103.68 256.32 103.68,1.0000 2.4385 1.0000 1.0000 1.0000 1.0000 1.0000 1.0000,0 1 0 0 0 0 0 0,0 0 1 0 0 1 0 1,,,YES,2,"2,6",2,51.84,,0.4101,,3 4,yes,5_3 5_3,pgg,22x,hand
209210,8,3,1,4,SSSUSSSU,not needed (covering theorem),900.01 -2056.36 1208.18 -540.01 1516.35 1208.18 -848.18 -308.17,1.0000 1.0000 1.0000 1.0003 1.0000 1.0000 1.0000 1.0003,0 0 0 3 0 0 0 3,0 0 0 0 1 1 1 2,,,YES,2,"2,6",2,51.83,,0.9997,,3 4,yes,5_3 5_3,pgg,22x,hand
209210,8,4,0,0,SSSSSSSS,not tested,90.00 180.00 90.00 90.00 270.00 90.00 90.00 180.00,1.0000 1.0000 1.0000 1.0000 1.0000 1.0000 1.0000 1.0000,0 0 0 0 0 0 0 0,0 0 1 0 1 0 0 0,1,,no (tile),,,,90.00,,1.0000,,3 4,yes,5_3 5_3,pgg,22x,hand
209210,8,6,1,7,SSSSSSSS,not tested,264.26 67.11 95.74 146.44 117.82 28.62 331.38 28.62,1.0000 1.0000 1.0000 1.0000 1.0000 1.0000 1.0000 1.0000,0 0 0 0 0 0 0 0,0 0 1 1 0 1 0 1,"1,2,6",,no (tile),,,,28.62,,1.0000,,3 4,yes,5_3 5_3,pgg,22x,hand
209210,8,7,0,0,SSSISSSS,not needed (covering theorem),139.00 81.99 278.95 40.53 98.48 81.05 278.95 81.05,1.0000 1.0000 1.0000 2.4544 1.0000 1.0000 1.0000 1.0000,0 0 0 3 0 0 0 0,0 0 1 0 1 0 1 0,,,YES,2,"2,6",2,40.53,,0.4074,,3 4,yes,5_3 5_3,pgg,22x,hand
209210,8,7,0,5,SISSISIS,not needed (covering theorem),143.04 46.83 298.35 108.48 61.65 170.13 189.87 61.65,1.0000 0.8020 1.0000 1.0000 0.8020 1.0000 0.8020 1.0000,0 1 0 0 1 0 1 0,0 0 1 1 0 0 0 0,,,YES,2,"2,6",2,46.83,,0.8020,,3 4,yes,5_3 5_3,pgg,22x,hand
209210,8,7,0,6,SSUSUSUU,not tested,142.79 120.00 97.21 217.21 22.79 262.79 97.21 120.00,1.0000 1.0000 0.9219 1.0000 0.9219 1.0000 0.9219 0.9219,0 0 2 0 2 0 2 2,0 0 0 1 2 0 0 2,"1,6",,no (tile),,,,22.79,,0.9219,,3 4,yes,5_3 5_3,pgg,22x,hand
209210,8,7,1,0,SSSIISII,not tested,21.37 317.25 42.75 158.63 107.87 158.63 201.37 72.13,1.0000 1.0000 1.0000 0.0500 0.0500 1.0000 0.0500 0.9509,0 0 0 3 3 0 3 7,0 1 0 0 0 1 0 0,1,,no (tile),,,,21.37,,0.0500,YES,3 4,yes,5_3 5_3,pgg,22x,hand
209210,8,7,1,5,SSUSUSUU,not tested,171.12 77.77 111.12 188.88 111.12 111.12 248.88 60.00,1.0000 1.0000 0.2675 1.0000 0.2675 1.0000 0.2675 0.2675,0 0 2 0 2 0 2 2,0 1 0 1 0 0 2 2,"1,2,3,6",,no (tile),,,,60.00,,0.2675,,3 4,yes,5_3 5_3,pgg,22x,hand
209210,8,8,0,1,SSSSSSSS,not tested,120.04 119.98 239.96 0.05 239.91 120.09 119.93 120.04,1.0000 1.0000 1.0000 1.0000 1.0000 1.0000 1.0000 1.0000,0 0 0 0 0 0 0 0,0 0 0 1 0 1 0 0,(not a tile),,n/a (not a tile: fold at 3),,,,0.05,,1.0000,,,,5_3 5_3,pgg,22x,hand
209210,8,9,0,0,SSSSSSSS,not tested,155.70 48.59 204.30 58.52 301.48 58.52 97.18 155.70,1.0000 1.0000 1.0000 1.0000 1.0000 1.0000 1.0000 1.0000,0 0 0 0 0 0 0 0,0 0 0 1 0 1 0 0,1,,no (tile),,,,48.59,,1.0000,,3 4,yes,5_3 5_3,pgg,22x,hand
209210,8,12,1,0,SSSSSSSI,not tested,65.91 228.19 131.81 228.19 131.81 61.13 167.06 65.91,1.0000 1.0000 1.0000 1.0000 1.0000 4.5742 1.0000 3.5713,0 0 0 0 0 5 0 7,0 1 0 1 0 0 1 0,"1,6",,no (tile),,,,61.13,,0.2186,,3 4,yes,5_3 5_3,pgg,22x,hand
209210,8,12,1,2,SUUUUUSU,not tested,135.11 44.89 180.00 180.00 180.00 180.00 44.89 135.11,1.0000 0.3542 0.3542 0.3542 0.3542 0.3542 1.0000 0.3542,0 1 1 1 1 1 0 1,0 0 2 0 2 0 1 2,"1,5,6",,no (tile),,,,44.89,,0.3542,,3 4,yes,5_3 5_3,pgg,22x,hand
209210,8,13,0,1,UUUUUUUU,not tested,-60.00 180.00 240.00 240.00 240.00 180.00 -60.00 120.00,1.0000 1.0000 1.0000 1.0000 1.0000 1.0000 1.0000 1.0000,0 0 0 0 0 0 0 0,0 2 2 2 2 0 0 0,"1,2,3,4,5,6",,no (tile),,,,60.00,,1.0000,,3 4,yes,5_3 5_3,pgg,22x,hand
209210,8,13,1,5,JJUJUUJU,not tested,-96.41 180.00 276.41 190.91 276.41 180.00 -10.91 83.59,1.0000 1.0000 1.4623 1.0000 1.4623 1.4623 1.0000 1.4623,0 0 2 0 2 2 0 2,0 3 0 3 0 2 1 2,6,,no (tile),,,,10.91,,0.6839,,3 4,yes,5_3 5_3,pgg,22x,hand
209210,8,14,1,6,IIIIIIII,not needed (covering theorem),90.00 180.00 90.00 114.30 270.00 24.30 180.00 131.41,1.0000 1.0000 1.0000 1.0000 1.0000 1.0000 1.0000 1.0000,0 0 2 2 0 2 2 2,0 0 0 0 0 0 0 0,,,YES,2,"2,6",2,24.30,,1.0000,,3 4,yes,5_3 5_3,pgg,22x,hand
209210,8,15,0,6,JJUJJUUU,not tested,135.00 180.00 45.00 225.00 90.00 135.00 180.00 90.00,1.0000 1.0000 0.7071 1.0000 1.0000 0.7071 0.7071 0.7071,0 0 2 0 0 2 2 2,0 3 0 2 1 2 0 2,9,,no (tile),,,,45.00,,0.7071,,3 4,yes,5_3 5_3,pgg,22x,hand
209210,8,16,1,3,SSSISSSS,not needed (covering theorem),294.81 13.77 346.23 32.60 173.11 65.19 140.52 13.77,1.0000 1.0000 1.0000 0.3751 1.0000 1.0000 1.0000 1.0000,0 0 0 3 0 0 0 0,0 1 0 0 0 1 0 1,,,YES,2,"2,6",2,13.77,,0.3751,,3 4,yes,5_3 5_3,pgg,22x,hand
209210,8,17,0,6,SSSSSSSS,not tested,157.98 78.99 281.01 22.02 202.02 78.99 180.00 78.99,1.0000 1.0000 1.0000 1.0000 1.0000 1.0000 1.0000 1.0000,0 0 0 0 0 0 0 0,0 0 0 1 1 1 0 0,6,,no (tile),,,,22.02,,1.0000,,3 4,yes,5_3 5_3,pgg,22x,hand
209210,8,17,0,7,SSSSSSSS,not tested,1.32 165.94 194.06 165.94 13.99 194.06 151.95 192.75,1.0000 0.0500 1.0000 0.0500 1.0000 0.0500 0.0500 1.0002,0 1 0 1 0 1 1 7,0 0 0 0 1 1 0 0,"1,2",,no (tile),,,,1.32,,0.0500,YES,3 4,yes,5_3 5_3,pgg,22x,hand
209210,8,17,1,6,ISISISSS,not tested,139.55 42.03 317.97 42.03 220.45 42.03 178.43 97.52,1.0000 1.0186 1.0000 1.0186 1.0000 1.0186 1.0186 1.0186,0 1 0 1 0 1 1 1,0 0 0 0 0 0 1 1,6,,no (tile),,,,42.03,,0.9817,,3 4,yes,5_3 5_3,pgg,22x,hand
209210,8,18,0,2,USUSUISU,not tested,120.00 129.72 230.28 9.72 230.28 120.00 110.28 129.72,1.0000 1.3597 1.0000 1.3597 1.0000 1.0577 1.3597 1.0000,0 1 0 1 0 5 1 0,0 0 2 0 2 0 1 0,"1,6",,no (tile),,,,9.72,,0.7355,,3 4,yes,5_3 5_3,pgg,22x,hand
209210,8,18,0,3,SSSSSSSS,not tested,120.00 38.21 321.79 120.00 38.21 240.00 81.79 120.00,1.0000 1.0000 1.0000 1.0000 1.0000 1.0000 1.0000 1.0000,0 0 0 0 0 0 0 0,0 1 0 0 1 1 0 0,"1,2,6",,no (tile),,,,38.21,,1.0000,,3 4,yes,5_3 5_3,pgg,22x,hand
209210,8,18,1,0,SSSSSSSI,not needed (covering theorem),77.78 316.22 43.78 204.44 43.78 158.11 155.56 80.33,1.0000 1.0000 1.0000 1.0000 1.0000 1.0000 1.0000 0.9406,0 0 0 0 0 0 0 7,0 0 0 1 1 1 0 0,,,YES,2,"2,6",2,43.78,,0.9406,,3 4,yes,5_3 5_3,pgg,22x,hand
209215,8,0,1,1,SIISSSSS,not tested,305.14 27.43 90.00 117.43 125.14 54.86 305.14 54.86,1.0000 1.7752 1.8427 1.0000 1.0000 1.0000 1.0000 1.0000,0 1 2 0 0 0 0 0,0 0 0 1 0 1 0 1,1,,no (tile),,,,27.43,,0.5427,,3 4,yes,5_4 5_4,p2,2222,L2
209215,8,2,1,1,SIISSSSS,not tested,230.32 64.84 90.00 154.84 50.32 309.68 50.32 129.68,1.0000 1.7005 1.8103 1.0000 1.0000 1.0000 1.0000 1.0000,0 1 2 0 0 0 0 0,0 0 0 1 0 1 0 1,1,,no (tile),,,,50.32,,0.5524,,3 4,yes,5_4 5_4,p2,2222,L2
209215,8,3,1,1,SIISSSSS,not tested,125.11 117.44 90.00 27.44 305.11 54.89 305.11 54.89,1.0000 1.8436 1.7749 1.0000 1.0000 1.0000 1.0000 1.0000,0 1 2 0 0 0 0 0,0 0 0 1 0 1 0 1,1,,no (tile),,,,27.44,,0.5424,,3 4,yes,5_4 5_4,p2,2222,L2
209215,8,4,1,7,SJSJJJJJ,not needed (covering theorem),101.20 188.06 78.80 171.94 109.26 70.74 289.26 70.74,1.0000 1.1876 1.0000 1.1876 1.1876 1.1876 1.1876 1.1876,0 1 0 1 1 1 1 1,0 0 1 2 0 2 0 2,,,YES,2,1,2,70.74,,0.8420,,3 4,yes,5_4 5_4,p2,2222,L2
209215,8,7,1,2,SJJJJJSJ,not needed (covering theorem),-644.46 179.98 824.48 -644.48 1004.48 -644.48 824.46 180.02,1.0000 1.0004 1.0004 1.0004 1.0004 1.0004 1.0000 1.0004,0 1 1 1 1 1 0 1,0 0 2 0 2 0 1 2,,,YES,2,1,2,75.52,,0.9996,,3 4,yes,5_4 5_4,p2,2222,L2
209215,8,9,1,0,SSSSSSII,not tested,117.24 125.51 54.49 305.51 54.49 305.51 27.24 90.00,1.0000 1.0000 1.0000 1.0000 1.0000 1.0000 1.7782 1.8310,0 0 0 0 0 0 6 7,0 1 0 1 0 1 0 0,1,,no (tile),,,,27.24,,0.5461,,3 4,yes,5_4 5_4,p2,2222,L2
209215,8,12,1,7,SJSJJJJJ,not needed (covering theorem),1260.00 -1004.49 -900.00 1184.49 75.51 284.49 75.51 104.49,1.0000 0.9999 1.0000 0.9999 0.9999 0.9999 0.9999 0.9999,0 1 0 1 1 1 1 1,0 0 1 2 0 2 0 2,,,YES,2,"1,4",2,75.51,,0.9999,,3 4,yes,5_4 5_4,p2,2222,L2
209215,8,15,1,0,SSSSSSII,not tested,63.62 232.76 127.24 52.76 307.24 52.76 153.62 90.00,1.0000 1.0000 1.0000 1.0000 1.0000 1.0000 1.7917 1.7773,0 0 0 0 0 0 6 7,0 1 0 1 0 1 0 0,1,,no (tile),,,,52.76,,0.5581,,3 4,yes,5_4 5_4,p2,2222,L2
209215,8,17,1,2,SJJJJJSJ,not needed (covering theorem),180.00 -255.54 435.54 -75.54 435.54 -255.54 180.00 435.54,1.0000 1.0000 1.0000 1.0000 1.0000 1.0000 1.0000 1.0000,0 1 1 1 1 1 0 1,0 0 2 0 2 0 1 2,,,YES,2,"1,3,4",2,75.54,,1.0000,,3 4,yes,5_4 5_4,p2,2222,L2
209215,8,18,1,0,SSSSSSII,not tested,151.96 56.09 303.91 56.09 123.91 236.09 61.96 90.00,1.0000 1.0000 1.0000 1.0000 1.0000 1.0000 1.8805 1.7652,0 0 0 0 0 0 6 7,0 1 0 1 0 1 0 0,1,,no (tile),,,,56.09,,0.5318,,3 4,yes,5_4 5_4,p2,2222,L2
209215,8,19,1,0,SSSSSSII,not tested,18.35 323.29 36.71 323.29 36.71 143.29 108.35 90.00,1.0000 1.0000 1.0000 1.0000 1.0000 1.0000 1.2595 1.8983,0 0 0 0 0 0 6 7,0 1 0 1 0 1 0 0,1,,no (tile),,,,18.35,,0.5268,,3 4,yes,5_4 5_4,p2,2222,L2
209215,8,23,0,1,JJJJJJJJ,not tested,-60.00 180.00 240.00 240.00 240.00 180.00 -60.00 120.00,1.0000 1.0000 1.0000 1.0000 1.0000 1.0000 1.0000 1.0000,0 0 0 0 0 0 0 0,0 3 3 3 3 0 0 0,"1,4",,no (tile),,,,60.00,,1.0000,,3 4,yes,5_4 5_4,p2,2222,L2
209215,8,27,0,1,JJJJJJJJ,not tested,120.00 180.00 60.00 240.00 60.00 180.00 120.00 120.00,1.0000 1.0000 1.0000 1.0000 1.0000 1.0000 1.0000 1.0000,0 0 0 0 0 0 0 0,0 3 3 3 3 0 0 0,"1,4",,no (tile),,,,60.00,,1.0000,,3 4,yes,5_4 5_4,p2,2222,L2
209215,8,34,0,5,JJJJSJSJ,not tested,180.00 180.00 180.00 180.00 46.58 133.42 133.42 46.58,1.0000 1.0000 1.0000 1.0000 2.9099 1.0000 2.9099 1.0000,0 0 0 0 4 0 6 0,0 3 0 3 0 0 0 3,1,,no (tile),,,,46.58,,0.3437,,3 4,yes,5_4 5_4,p2,2222,L2
209215,8,34,0,7,JJJJJSJS,not tested,46.58 180.00 180.00 180.00 180.00 46.58 133.42 133.42,1.0000 1.0000 1.0000 1.0000 1.0000 2.9099 1.0000 2.9099,0 0 0 0 0 5 0 7,0 3 0 3 0 0 3 0,1,,no (tile),,,,46.58,,0.3437,,3 4,yes,5_4 5_4,p2,2222,L2
209215,8,34,1,0,IIIIIIII,not tested,90.00 90.00 180.00 270.00 180.00 90.00 90.00 90.00,1.0000 0.7460 0.7460 1.0000 1.0000 0.7460 3.0000 2.2380,0 1 1 0 0 1 6 7,0 0 0 0 0 0 0 0,,4,no (deep),,,,90.00,,0.2487,,3 4,yes,5_4 5_4,p2,2222,L2
209215,8,34,1,4,IIIIIIII,not tested,180.00 270.00 180.00 90.00 90.00 90.00 90.00 90.00,1.0000 0.7678 0.7678 1.0000 2.3034 3.0000 0.7678 1.0000,0 1 1 0 4 5 1 0,0 0 0 0 0 0 0 0,,4,no (deep),,,,90.00,,0.2559,,3 4,yes,5_4 5_4,p2,2222,L2
209217,8,5,1,2,SSSSSSSS,not tested,90.00 180.00 90.00 180.00 90.00 180.00 90.00 180.00,1.0000 1.0000 1.0000 1.0000 1.0000 1.0000 1.0000 1.0000,0 0 0 0 0 0 0 0,0 0 1 1 0 0 1 1,"1,2,3,4,5,6",,no (tile),,,,90.00,,1.0000,,3 4,yes,5_4 5_4,p2,2222,hand
209217,8,5,1,6,SSSSSSSS,not tested,90.00 180.00 90.00 180.00 90.00 180.00 90.00 180.00,1.0000 1.0000 1.0000 1.0000 1.0000 1.0000 1.0000 1.0000,0 0 0 0 0 0 0 0,0 0 1 1 0 0 1 1,"1,2,3,4,5,6",,no (tile),,,,90.00,,1.0000,,3 4,yes,5_4 5_4,p2,2222,hand
209217,8,10,0,0,SSSJJSSS,not tested,90.00 180.00 180.00 90.00 90.00 90.00 180.00 180.00,1.0000 1.0000 1.0000 3.0000 3.0000 1.0000 1.0000 1.0000,0 0 0 3 3 0 0 0,0 0 0 0 3 0 0 0,9,,no (tile),,,,90.00,,0.3333,,3 4,yes,5_4 5_4,p2,2222,hand
209217,8,12,0,7,SSSSSSSS,not tested,90.00 180.00 180.00 90.00 90.00 180.00 180.00 90.00,1.0000 1.0000 1.0000 1.0000 1.0000 1.0000 1.0000 1.0000,0 0 0 3 0 0 0 7,0 0 0 0 0 0 0 0,1,,no (tile),,,,90.00,,1.0000,,3 4,yes,5_4 5_4,p2,2222,hand
209217,8,12,1,4,SSSJSSSJ,not tested,90.00 180.00 180.00 90.00 90.00 180.00 180.00 90.00,1.0000 1.0000 1.0000 1.0000 1.0000 1.0000 1.0000 1.0000,0 0 0 3 0 0 0 3,0 0 0 0 1 1 1 2,6,,no (tile),,,,90.00,,1.0000,,3 4,yes,5_4 5_4,p2,2222,hand
209217,8,12,1,7,SSSSSSSS,not tested,180.00 89.00 180.00 91.00 89.00 271.00 89.00 91.00,1.0000 1.0000 1.0000 1.0000 1.0000 1.0000 1.0000 1.0000,0 0 0 0 0 0 0 0,0 1 1 0 1 0 1 0,"1,2,3,4,5,6",,no (tile),,,,89.00,,1.0000,,3 4,yes,5_4 5_4,p2,2222,hand
209217,8,15,0,6,SSSSSSJJ,not tested,90.00 180.00 180.00 90.00 180.00 180.00 90.00 90.00,1.0000 1.0000 1.0000 1.0000 1.0000 1.0000 3.0000 3.0000,0 0 0 0 0 0 6 6,0 0 0 0 0 0 0 3,9,,no (tile),,,,90.00,,0.3333,,3 4,yes,5_4 5_4,p2,2222,hand
209217,8,17,1,2,SSSSSSSS,not tested,180.00 89.00 91.00 269.00 91.00 89.00 180.00 91.00,1.0000 1.0000 1.0000 1.0000 1.0000 1.0000 1.0000 1.0000,0 0 0 0 0 0 0 0,0 1 0 1 0 1 1 0,"1,2,3,4,5,6",,no (tile),,,,89.00,,1.0000,,3 4,yes,5_4 5_4,p2,2222,hand
209217,8,19,1,0,SSSSSIII,not tested,26.37 307.27 52.73 307.27 52.73 153.63 90.00 90.00,1.0000 1.0000 1.0000 1.0000 1.0000 0.9265 2.2205 1.8225,0 0 0 0 0 5 6 7,0 1 0 1 0 0 0 0,1,,no (tile),,,,26.37,,0.4173,,3 4,yes,5_4 5_4,p2,2222,hand
209217,8,19,1,2,SJJJJJSJ,not tested,132.82 47.18 180.00 180.00 180.00 180.00 47.18 132.82,1.0000 0.3398 0.3398 0.3398 0.3398 0.3398 1.0000 0.3398,0 1 1 1 1 1 0 1,0 0 2 0 2 0 1 2,6,,no (tile),,,,47.18,,0.3398,,3 4,yes,5_4 5_4,p2,2222,hand
209217,8,20,0,0,JJJJJJJJ,not tested,90.00 180.00 180.00 90.00 90.00 90.00 180.00 180.00,1.0000 1.0000 1.0000 3.0000 3.0000 1.0000 1.0000 1.0000,0 0 0 3 3 0 0 0,0 3 0 0 3 3 0 3,9,,no (tile),,,,90.00,,0.3333,,3 4,yes,5_4 5_4,p2,2222,hand
209217,8,22,0,7,JJJSJJJS,not tested,90.00 180.00 180.00 90.00 90.00 180.00 180.00 90.00,1.0000 1.0000 1.0000 1.0000 1.0000 1.0000 1.0000 1.0000,0 0 0 3 0 0 0 7,0 3 0 0 3 0 3 0,1,,no (tile),,,,90.00,,1.0000,,3 4,yes,5_4 5_4,p2,2222,hand
209217,8,22,1,1,JJJJJJJJ,not tested,89.00 180.00 91.00 180.00 89.00 91.00 269.00 91.00,1.0000 1.0000 1.0000 1.0000 1.0000 1.0000 1.0000 1.0000,0 0 0 0 0 0 0 0,0 3 1 2 0 2 0 2,"3,5",,no (tile),,,,89.00,,1.0000,,3 4,yes,5_4 5_4,p2,2222,hand
209217,8,22,1,4,JJJJJJJJ,not tested,90.00 180.00 180.00 90.00 90.00 180.00 180.00 90.00,1.0000 1.0000 1.0000 1.0000 1.0000 1.0000 1.0000 1.0000,0 0 0 3 0 0 0 3,0 3 0 0 2 1 2 2,6,,no (tile),,,,90.00,,1.0000,,3 4,yes,5_4 5_4,p2,2222,hand
209217,8,25,0,6,JJJJJJJJ,not tested,90.00 180.00 180.00 90.00 180.00 180.00 90.00 90.00,1.0000 1.0000 1.0000 1.0000 1.0000 1.0000 3.0000 3.0000,0 0 0 0 0 0 6 6,0 3 0 3 0 3 0 3,9,,no (tile),,,,90.00,,0.3333,,3 4,yes,5_4 5_4,p2,2222,hand
209217,8,29,1,0,IIIIIIII,not tested,90.00 180.00 180.00 180.00 180.00 90.00 90.00 90.00,1.0000 1.0000 1.0000 1.0000 1.0000 1.8167 5.0000 1.8167,0 0 0 0 0 5 6 7,0 0 0 0 0 0 0 0,"1,6",,no (tile),,,,90.00,,0.2000,,3 4,yes,5_4 5_4,p2,2222,hand
209217,8,30,0,2,SSSSJJSS,not needed (covering theorem),90.00 180.00 180.00 90.00 135.00 90.00 45.00 270.00,1.0000 1.0000 1.0000 1.0000 2.8284 2.8284 1.0000 1.0000,0 0 0 0 4 4 0 0,0 0 0 0 0 3 0 0,,,YES,2,1,2,45.00,,0.3536,,3 4,yes,5_4 5_4,p2,2222,hand
209217,8,31,1,6,SSSSSSSS,not tested,89.00 271.00 89.00 91.00 180.00 89.00 180.00 91.00,1.0000 1.0000 1.0000 1.0000 1.0000 1.0000 1.0000 1.0000,0 0 0 0 0 0 0 0,0 1 0 1 1 0 0 1,"1,2,3,4,5,6",,no (tile),,,,89.00,,1.0000,,3 4,yes,5_4 5_4,p2,2222,hand
209217,8,32,0,6,SSSSSSJJ,not needed (covering theorem),45.00 270.00 90.00 180.00 180.00 90.00 135.00 90.00,1.0000 1.0000 1.0000 1.0000 1.0000 1.0000 2.8284 2.8284,0 0 0 0 0 0 6 6,0 0 0 0 0 0 0 3,,,YES,2,1,2,45.00,,0.3536,,3 4,yes,5_4 5_4,p2,2222,hand
209217,8,33,1,0,SSSSSIII,not tested,26.37 307.27 52.73 307.27 52.73 153.63 90.00 90.00,1.0000 1.0000 1.0000 1.0000 1.0000 0.9265 2.2205 1.8225,0 0 0 0 0 5 6 7,0 1 0 1 0 0 0 0,1,,no (tile),,,,26.37,,0.4173,,3 4,yes,5_4 5_4,p2,2222,hand
209217,8,34,0,4,JJJJJJJJ,not tested,180.00 180.00 180.00 180.00 90.00 123.69 90.00 56.31,1.0000 1.0000 1.0000 1.0000 1.0000 3.6056 3.6056 1.0000,0 0 0 0 0 5 5 0,0 3 0 3 0 0 3 3,9,,no (tile),,,,56.31,,0.2774,,3 4,yes,5_4 5_4,p2,2222,hand
209217,8,34,0,6,JJJJJJJJ,not tested,56.31 180.00 180.00 180.00 180.00 90.00 123.69 90.00,1.0000 1.0000 1.0000 1.0000 1.0000 1.0000 3.6056 3.6056,0 0 0 0 0 0 6 6,0 3 0 3 0 3 0 3,9,,no (tile),,,,56.31,,0.2774,,3 4,yes,5_4 5_4,p2,2222,hand
209217,8,34,1,0,IIIIIIII,not tested,90.00 180.00 180.00 180.00 180.00 90.00 90.00 90.00,1.0000 1.0000 1.0000 1.0000 1.0000 1.8167 5.0000 1.8167,0 0 0 0 0 5 6 7,0 0 0 0 0 0 0 0,"1,6",,no (tile),,,,90.00,,0.2000,,3 4,yes,5_4 5_4,p2,2222,hand
209217,8,34,1,6,JJJJJJJJ,not tested,180.00 180.00 180.00 180.00 46.51 133.49 133.49 46.51,1.0000 1.0000 1.0000 1.0000 2.9061 1.0000 2.9061 1.0000,0 0 0 0 4 0 4 0,0 3 0 3 0 1 2 3,6,,no (tile),,,,46.51,,0.3441,,3 4,yes,5_4 5_4,p2,2222,hand
209219,8,0,1,1,SIUSUSSS,not tested,237.92 61.04 41.00 102.04 257.96 20.04 237.92 122.08,1.0000 5.5174 3.1258 1.0000 3.1258 1.0000 1.0000 1.0000,0 1 2 0 2 0 0 0,0 0 0 1 2 1 0 1,"1,6",,no (tile),,,,20.04,,0.1812,,3 4,yes,4_3 6_3,pgg,22x,hand
209219,8,1,0,4,SSSSUSSU,not tested,0.00 209.97 150.03 59.95 150.03 150.03 150.03 209.97,1.0000 1.0000 1.0000 1.0000 0.2675 1.0000 1.0000 0.2675,0 0 0 0 4 0 0 4,0 0 0 0 0 1 1 2,6,,no (tile),,,,0.00,,0.2675,,3 4,yes,4_3 6_3,pgg,22x,hand
209219,8,1,1,1,SIISIISS,not tested,225.52 67.24 115.50 112.76 247.24 64.50 112.76 134.48,1.0000 1.2083 1.1191 1.0000 1.1191 1.1191 1.0000 1.0000,0 1 2 0 2 2 0 0,0 0 0 0 0 0 0 1,1,,no (tile),,,,64.50,,0.8276,,3 4,yes,4_3 6_3,pgg,22x,hand
209219,8,1,1,5,SSSSSSSS,not tested,240.00 60.00 120.00 120.00 240.00 60.00 120.00 120.00,1.0000 1.0000 1.0000 1.0000 1.0000 1.0000 1.0000 1.0000,0 0 0 0 0 0 0 0,0 1 1 1 1 0 0 0,"1,3,5,6,7",,no (tile),,,,60.00,,1.0000,,3 4,yes,4_3 6_3,pgg,22x,hand
209219,8,3,0,2,SSISSISI,not tested,224.91 0.15 134.94 135.09 89.83 135.09 224.91 135.09,1.0000 3.9897 1.4018 1.0000 1.0000 1.4018 1.0000 1.4018,0 1 2 0 0 2 0 2,0 0 0 1 0 0 0 0,"1,2,6",,no (tile),,,,0.15,,0.2506,,3 4,yes,4_3 6_3,pgg,22x,hand
209219,8,4,0,0,SSSUSUSS,not needed (covering theorem),89.99 180.02 180.02 44.98 134.97 225.03 45.01 179.98,1.0000 1.0000 1.0000 1.4144 1.0000 1.4144 1.0000 1.0000,0 0 0 3 0 3 0 0,0 0 0 0 1 2 0 0,,,YES,2,"1,6",2,44.98,,0.7070,,3 4,yes,4_3 6_3,pgg,22x,hand
209219,8,4,0,1,SSSSSSSS,not needed (covering theorem),77.34 141.33 282.66 77.34 64.00 141.33 218.67 77.34,1.0000 1.0000 1.0000 1.0000 1.0000 1.0000 1.0000 1.0000,0 0 0 0 0 0 0 0,0 0 0 1 0 0 0 0,,,YES,2,6,2,64.00,,1.0000,,3 4,yes,4_3 6_3,pgg,22x,hand
209219,8,4,1,7,SSSSSSSS,not tested,64.45 161.69 295.55 64.45 98.07 35.79 226.13 133.87,1.0000 3.8067 1.0000 3.8067 6.7723 3.8067 3.8067 3.8067,0 1 0 1 4 1 1 1,0 0 1 0 0 1 0 1,"1,2",,no (tile),,,,35.79,,0.1477,,3 4,yes,4_3 6_3,pgg,22x,hand
209219,8,5,0,1,SSSSSSSS,not tested,180.00 90.00 180.00 90.00 90.00 270.00 90.00 90.00,1.0000 1.0000 1.0000 1.0000 1.0000 1.0000 1.0000 1.0000,0 0 0 0 0 0 0 0,0 0 0 0 1 1 1 0,"1,6",,no (tile),,,,90.00,,1.0000,,3 4,yes,4_3 6_3,pgg,22x,hand
209219,8,5,0,5,SSSSSUSU,not tested,90.00 65.53 294.47 65.53 65.53 204.47 138.95 155.53,1.0000 1.0000 1.0000 1.0000 1.0000 0.1103 1.0000 0.1103,0 0 0 0 0 5 0 5,0 0 0 0 0 0 1 2,"2,6",,no (tile),,,,65.53,,0.1103,,3 4,yes,4_3 6_3,pgg,22x,hand
209219,8,6,1,0,SSSSSSSI,not tested,177.07 5.86 354.14 5.86 220.20 139.80 66.97 110.10,1.0000 1.0000 1.0000 1.0000 1.0000 1.0000 1.0000 1.3849,0 0 0 0 0 0 0 7,0 1 0 1 0 1 1 0,1,,no (tile),,,,5.86,,0.7221,,3 4,yes,4_3 6_3,pgg,22x,hand
209219,8,7,0,3,SSSSSSSS,not tested,180.00 180.00 26.97 153.03 180.00 141.88 38.12 180.00,1.0000 1.0000 1.3613 1.0000 1.0000 1.0000 1.0000 1.0000,0 0 2 0 0 0 0 0,0 0 0 0 0 1 0 0,"1,2",,no (tile),,,,26.97,,0.7346,,3 4,yes,4_3 6_3,pgg,22x,hand
209219,8,7,1,7,SSSSSSSS,not tested,21.00 180.00 180.00 180.00 32.32 126.67 201.00 159.00,1.0000 1.0000 1.0000 1.0000 1.3406 1.0000 1.0000 1.0000,0 0 0 0 4 0 0 0,0 0 0 0 0 1 0 1,1,,no (tile),,,,21.00,,0.7459,,3 4,yes,4_3 6_3,pgg,22x,hand
209219,8,8,0,0,JJJUJJUJ,not needed (covering theorem),90.00 180.00 180.00 45.00 135.00 180.00 225.00 45.00,1.0000 1.0000 1.0000 0.7071 1.0000 1.0000 0.7071 1.0000,0 0 0 3 0 0 3 0,0 3 0 0 1 2 2 3,,,YES,2,"1,6",2,45.00,,0.7071,,3 4,yes,4_3 6_3,pgg,22x,hand
209219,8,8,0,5,JJJJJUJU,not tested,6.46 180.00 180.00 180.00 12.93 173.54 160.61 186.46,1.0000 1.0000 1.0000 1.0000 1.0000 1.0319 1.0000 1.0319,0 0 0 0 0 5 0 5,0 3 0 3 3 0 1 2,"2,6",,no (tile),,,,6.46,,0.9691,,3 4,yes,4_3 6_3,pgg,22x,hand
209219,8,8,1,2,IIIUIIUI,not tested,180.00 180.00 90.00 69.75 159.75 180.00 200.25 20.25,1.0000 1.0000 1.8444 0.7883 1.0000 1.0000 0.7883 1.0000,0 0 2 3 0 0 3 0,0 0 0 0 0 0 2 0,"1,6",,no (tile),,,,20.25,,0.4274,,3 4,yes,4_3 6_3,pgg,22x,hand
209219,8,8,1,5,JJUJJUJJ,not tested,180.00 180.00 33.69 213.69 90.00 146.31 56.31 180.00,1.0000 1.0000 1.9415 1.0000 1.0000 1.9415 1.0000 1.0000,0 0 2 0 0 2 0 0,0 3 0 2 1 2 0 3,9,,no (tile),,,,33.69,,0.5151,,3 4,yes,4_3 6_3,pgg,22x,hand
209219,8,9,1,0,IIIIIIII,not tested,170.41 180.00 19.19 180.00 180.00 180.00 80.41 90.00,1.0000 1.0000 1.0000 1.0000 1.0000 1.0000 1.0000 1.9720,0 0 0 0 0 0 0 7,0 0 0 0 0 0 0 0,1,,no (tile),,,,19.19,,0.5071,,3 4,yes,4_3 6_3,pgg,22x,hand
209219,8,10,0,4,SSSSSISS,not tested,201.04 158.96 201.04 44.32 114.64 100.52 100.52 158.96,1.0000 1.0000 1.0000 6.8292 1.0000 5.2180 1.0000 1.0000,0 0 0 3 0 5 0 0,0 1 0 0 1 0 0 1,"1,6",,no (tile),,,,44.32,,0.1464,,3 4,yes,4_3 6_3,pgg,22x,hand
209219,8,10,1,0,SSSSSSSI,not tested,17.82 155.06 204.94 324.35 35.65 155.06 84.65 102.47,1.0000 1.0000 1.0000 1.0000 1.0000 1.0000 1.0000 3.6726,0 0 0 0 0 0 0 7,0 1 0 1 0 1 1 0,"1,6",,no (tile),,,,17.82,,0.2723,,3 4,yes,4_3 6_3,pgg,22x,hand
209219,8,10,1,5,SSSUSUSS,not tested,251.45 108.55 251.45 18.55 161.45 90.00 90.00 108.55,1.0000 1.0000 1.0000 2.7807 1.0000 2.7807 1.0000 1.0000,0 0 0 3 0 3 0 0,0 0 0 0 1 2 0 0,6,,no (tile),,,,18.55,,0.3596,,3 4,yes,4_3 6_3,pgg,22x,hand
209220,8,0,1,1,SISSSSSS,not tested,316.50 21.75 114.21 135.96 88.08 43.50 316.50 43.50,1.0000 0.8580 1.0000 1.0000 1.0000 1.0000 1.0000 1.0000,0 1 0 0 0 0 0 0,0 0 0 0 0 1 0 1,1,,no (tile),,,,21.75,,0.8580,,3 4,yes,5_4 5_4,pgg,22x,hand
209220,8,2,0,0,SSISSSSS,not needed (covering theorem),77.41 205.18 74.31 151.72 56.55 303.45 56.55 154.82,1.0000 1.0000 1.1042 1.0000 1.0000 1.0000 1.0000 1.0000,0 0 2 0 0 0 0 0,0 0 0 1 0 1 0 0,,,YES,2,6,2,56.55,,0.9057,,3 4,yes,5_4 5_4,pgg,22x,hand
209220,8,2,0,2,SSSUSSUS,not tested,207.69 52.27 100.05 156.23 156.23 152.31 51.46 203.77,1.0000 1.8045 0.4679 1.3968 0.4679 1.0000 1.3968 0.4679,0 1 2 3 2 0 3 2,0 0 0 0 1 1 2 0,"1,2,6",,no (tile),,,,51.46,,0.2593,,3 4,yes,5_4 5_4,pgg,22x,hand
209220,8,3,0,1,SSISSSSS,not tested,100.18 129.91 108.80 21.11 317.77 42.23 317.77 42.23,1.0000 1.0000 1.1301 1.0000 1.0000 1.0000 1.0000 1.0000,0 0 2 0 0 0 0 0,0 0 0 0 1 0 1 0,1,,no (tile),,,,21.11,,0.8849,,3 4,yes,5_4 5_4,pgg,22x,hand
209220,8,4,1,1,SISSSSSS,not needed (covering theorem),-2103.47 1231.73 2234.29 2365.12 -1002.56 -2005.12 -2103.47 2463.47,1.0000 1.1058 1.0000 1.0000 1.0000 1.0000 1.0000 1.0000,0 1 0 0 0 0 0 0,0 0 1 1 1 1 0 1,,,YES,2,6,2,56.53,,0.9044,,3 4,yes,5_4 5_4,pgg,22x,hand
209220,8,4,1,3,SSUSSSSU,not tested,-27.62 213.02 174.60 174.60 278.49 -65.47 146.98 185.40,1.0000 0.0500 0.9877 0.0500 0.9237 1.0000 0.0500 0.9877,0 1 2 1 4 0 1 2,0 0 0 1 0 1 1 2,"1,2,6",,no (tile),,,,27.62,,0.0500,YES,3 4,yes,5_4 5_4,pgg,22x,hand
209220,8,5,0,2,SSSSSSSS,not tested,232.19 68.27 59.54 232.19 134.58 127.81 97.61 127.81,1.0000 1.6404 0.7478 1.0000 0.7478 1.0000 1.0000 0.7478,0 1 2 0 2 0 0 2,0 0 0 0 1 1 0 0,"1,2,6",,no (tile),,,,59.54,,0.4559,,3 4,yes,5_4 5_4,pgg,22x,hand
209220,8,5,1,1,SISSSSSS,not needed (covering theorem),236.80 61.60 60.08 243.36 121.68 116.64 116.64 123.20,1.0000 1.8439 1.0000 1.0000 1.0000 1.0000 1.0000 1.0000,0 1 0 0 0 0 0 0,0 0 0 0 0 0 0 1,,,YES,2,6,2,60.08,,0.5423,,3 4,yes,5_4 5_4,pgg,22x,hand
209220,8,6,0,7,SSSSSSSS,not tested,76.65 189.87 120.62 170.13 69.25 290.75 69.25 93.48,1.0000 3.5353 1.0000 3.5353 3.5353 3.5353 3.5353 7.6580,0 1 0 1 1 1 1 7,0 0 1 1 0 1 0 0,"1,2,6",,no (tile),,,,69.25,,0.1306,,3 4,yes,5_4 5_4,pgg,22x,hand
209220,8,6,1,0,SSSSSSSI,not needed (covering theorem),245.66 -131.31 -150.90 -150.90 -75.45 510.90 510.90 321.11,1.0000 1.0000 1.0000 1.0000 1.0000 1.0000 1.0000 2.8241,0 0 0 0 0 0 0 7,0 1 1 1 1 1 1 0,,,YES,2,6,2,38.89,,0.3541,,3 4,yes,5_4 5_4,pgg,22x,hand
209220,8,8,0,2,SSSSSSSS,not tested,226.41 85.58 48.01 142.80 217.20 142.80 133.59 83.60,1.0000 4.6083 1.4119 1.4119 1.4119 1.4119 1.0000 1.4119,0 1 2 2 2 2 0 2,0 0 0 1 0 1 1 0,"1,2,6",,no (tile),,,,48.01,,0.2170,,3 4,yes,5_4 5_4,pgg,22x,hand
209220,8,8,1,1,SISSSSSS,not needed (covering theorem),588.69 -114.34 -38.89 510.90 510.90 -75.45 -150.90 -150.90,1.0000 2.8241 1.0000 1.0000 1.0000 1.0000 1.0000 1.0000,0 1 0 0 0 0 0 0,0 0 1 1 1 1 1 1,,,YES,2,6,2,38.89,,0.3541,,3 4,yes,5_4 5_4,pgg,22x,hand
209220,8,9,0,0,SSSSSSIS,not tested,133.41 93.18 43.10 316.90 43.10 316.90 21.55 111.86,1.0000 1.0000 1.0000 1.0000 1.0000 1.0000 0.9760 1.0000,0 0 0 0 0 0 6 0,0 0 1 0 1 0 0 0,1,,no (tile),,,,21.55,,0.9760,,3 4,yes,5_4 5_4,pgg,22x,hand
209220,8,10,0,0,SSSISSSS,not needed (covering theorem),75.44 209.11 209.11 38.89 114.34 131.33 150.89 150.89,1.0000 1.0000 1.0000 2.8239 1.0000 1.0000 1.0000 1.0000,0 0 0 3 0 0 0 0,0 0 0 0 1 0 0 0,,,YES,2,6,2,38.89,,0.3541,,3 4,yes,5_4 5_4,pgg,22x,hand
209220,8,10,1,7,SSSSSSSS,not tested,257.18 58.49 102.82 168.96 88.22 44.34 315.66 44.34,1.0000 0.6425 1.0000 0.7759 0.6425 0.6425 0.6425 0.6425,0 1 0 3 1 1 1 1,0 0 1 0 0 1 0 1,"1,2,6",,no (tile),,,,44.34,,0.6425,,3 4,yes,5_4 5_4,pgg,22x,hand
209220,8,11,0,1,SSSISSSS,not needed (covering theorem),116.57 121.71 243.43 60.08 61.63 236.73 123.27 116.57,1.0000 1.0000 1.0000 1.8405 1.0000 1.0000 1.0000 1.0000,0 0 0 3 0 0 0 0,0 0 0 0 0 1 0 0,,,YES,2,6,2,60.08,,0.5433,,3 4,yes,5_4 5_4,pgg,22x,hand
209220,8,11,1,6,SSSSSSSS,not tested,61.97 163.53 196.47 99.03 64.50 196.47 134.50 163.53,1.0000 1.1407 1.0000 1.7176 1.1407 1.0000 1.1407 1.0000,0 1 0 3 1 0 1 0,0 0 0 0 0 0 1 1,"1,2,6",,no (tile),,,,61.97,,0.5822,,3 4,yes,5_4 5_4,pgg,22x,hand
209220,8,11,1,7,SUSSSUUU,not needed (covering theorem),90.00 59.31 270.00 61.38 149.31 90.00 149.31 210.69,1.0000 0.5104 1.0000 1.0000 1.0000 0.5104 0.5104 0.5104,0 1 0 0 0 1 1 1,0 0 1 1 1 2 0 2,,,YES,2,6,2,59.31,,0.5104,,3 4,yes,5_4 5_4,pgg,22x,hand
209220,8,13,0,0,SSSSSISS,not needed (covering theorem),121.68 116.64 116.64 123.20 236.80 61.60 60.08 243.36,1.0000 1.0000 1.0000 1.0000 1.0000 1.8439 1.0000 1.0000,0 0 0 0 0 5 0 0,0 0 0 1 0 0 0 0,,,YES,2,6,2,60.08,,0.5423,,3 4,yes,5_4 5_4,pgg,22x,hand
209220,8,13,1,2,SUUUSSSU,not needed (covering theorem),59.25 90.00 210.75 149.25 90.00 149.25 61.50 270.00,1.0000 0.5113 0.5113 0.5113 1.0000 1.0000 1.0000 0.5113,0 1 1 1 0 0 0 1,0 0 2 0 1 1 1 2,,,YES,2,6,2,59.25,,0.5113,,3 4,yes,5_4 5_4,pgg,22x,hand
209220,8,13,1,3,SSSSSSSS,not tested,198.38 42.22 198.38 119.40 161.62 88.42 109.96 161.62,1.0000 1.0000 2.8844 1.0000 2.8844 3.3883 1.0000 2.8844,0 0 2 0 2 5 0 2,0 1 0 0 1 0 0 1,"1,2,6",,no (tile),,,,42.22,,0.2951,,3 4,yes,5_4 5_4,pgg,22x,hand
209220,8,14,0,0,SSUSUUUS,not needed (covering theorem),149.30 61.40 270.00 59.30 90.00 210.70 149.30 90.00,1.0000 1.0000 0.5105 1.0000 0.5105 0.5105 0.5105 1.0000,0 0 2 0 2 2 2 0,0 0 0 1 2 0 2 0,,,YES,2,6,2,59.30,,0.5105,,3 4,yes,5_4 5_4,pgg,22x,hand
209220,8,14,0,7,SSSSSSSS,not tested,65.36 148.14 211.86 52.54 211.86 95.61 148.14 146.49,1.0000 0.0500 1.0000 1.0000 0.0500 1.0000 0.0500 0.9280,0 1 0 0 1 0 1 7,0 0 0 1 1 0 0 0,"1,2,6",,no (tile),,,,52.54,,0.0500,YES,3 4,yes,5_4 5_4,pgg,22x,hand
209220,8,14,1,0,SSSSSSSI,not needed (covering theorem),61.62 236.76 123.24 116.60 116.60 121.70 243.40 60.08,1.0000 1.0000 1.0000 1.0000 1.0000 1.0000 1.0000 1.8419,0 0 0 0 0 0 0 7,0 1 0 0 0 0 0 0,,,YES,2,6,2,60.08,,0.5429,,3 4,yes,5_4 5_4,pgg,22x,hand
209220,8,15,0,1,SSSSSSIS,not needed (covering theorem),205.15 77.43 154.85 56.54 303.46 56.54 151.73 74.30,1.0000 1.0000 1.0000 1.0000 1.0000 1.0000 1.1049 1.0000,0 0 0 0 0 0 6 0,0 0 0 1 0 1 0 0,,,YES,2,6,2,56.54,,0.9050,,3 4,yes,5_4 5_4,pgg,22x,hand
209220,8,15,0,7,SSUSSUSS,not tested,77.01 198.13 210.00 48.13 161.87 150.00 150.00 84.86,1.0000 2.0389 1.8065 1.0000 2.0389 1.8065 2.0389 3.0679,0 1 2 0 1 2 1 7,0 0 0 1 1 2 0 0,"1,2,6",,no (tile),,,,48.13,,0.3260,,3 4,yes,5_4 5_4,pgg,22x,hand
209220,8,16,0,1,SSSSSISS,not needed (covering theorem),209.10 75.45 150.90 150.90 131.31 114.34 38.89 209.10,1.0000 1.0000 1.0000 1.0000 1.0000 2.8241 1.0000 1.0000,0 0 0 0 0 5 0 0,0 0 0 0 1 0 0 0,,,YES,2,6,2,38.89,,0.3541,,3 4,yes,5_4 5_4,pgg,22x,hand
209220,8,16,1,2,SSSSSSSS,not tested,50.98 199.44 109.58 250.42 109.58 74.06 125.38 160.56,1.0000 0.3889 0.3889 0.3889 0.3889 1.2239 1.0000 0.3889,0 1 1 1 1 5 0 1,0 0 1 0 1 0 1 1,"1,2,6",,no (tile),,,,50.98,,0.3177,,3 4,yes,5_4 5_4,pgg,22x,hand
209220,8,17,1,0,SSSSSSSI,not needed (covering theorem),151.73 56.55 303.45 56.55 154.85 77.42 205.15 74.30,1.0000 1.0000 1.0000 1.0000 1.0000 1.0000 1.0000 1.1047,0 0 0 0 0 0 0 7,0 1 0 1 1 1 1 0,,,YES,2,6,2,56.55,,0.9052,,3 4,yes,5_4 5_4,pgg,22x,hand
209220,8,17,1,6,SUSSSSUS,not tested,200.08 64.27 264.35 159.92 27.17 172.91 95.65 95.65,1.0000 1.7084 0.6188 1.0000 2.4182 0.6188 1.7084 0.6188,0 1 2 0 4 2 1 2,0 0 0 1 0 0 2 1,"1,2,6",,no (tile),,,,27.17,,0.2559,,3 4,yes,5_4 5_4,pgg,22x,hand
209220,8,19,1,0,SSSSSSSI,not tested,21.40 317.20 42.80 317.20 42.80 95.90 132.05 110.65,1.0000 1.0000 1.0000 1.0000 1.0000 1.0000 1.0000 1.0370,0 0 0 0 0 0 0 7,0 1 0 1 0 0 0 0,1,,no (tile),,,,21.40,,0.9643,,3 4,yes,5_4 5_4,pgg,22x,hand
209220,8,20,1,7,SSSSSSSS,not tested,34.65 180.00 180.00 119.57 60.43 145.35 214.65 145.35,1.0000 1.0000 1.0000 1.3075 1.0000 1.0000 1.0000 1.0000,0 0 0 3 0 0 0 0,0 0 0 0 0 1 0 1,1,,no (tile),,,,34.65,,0.7648,,3 4,yes,5_4 5_4,pgg,22x,hand
209220,8,21,0,4,UUJJUJJU,not tested,180.00 180.00 85.11 111.10 94.89 274.89 68.90 85.11,1.0000 1.0000 1.3008 1.3008 1.0000 1.3008 1.3008 1.0000,0 0 2 2 0 2 2 0,0 2 0 3 0 2 1 2,6,,no (tile),,,,68.90,,0.7688,,3 4,yes,5_4 5_4,pgg,22x,hand
209220,8,21,1,6,SSSSSUSU,not tested,112.83 180.00 180.00 28.80 151.20 247.17 67.17 112.83,1.0000 1.0000 1.0000 1.4848 1.0000 1.3663 1.0000 1.3663,0 0 0 3 0 5 0 5,0 0 0 0 0 0 1 2,"1,2,6",,no (tile),,,,28.80,,0.6735,,3 4,yes,5_4 5_4,pgg,22x,hand
209220,8,22,0,7,SSSSSSSS,not tested,117.79 180.00 180.00 35.95 144.05 215.95 144.05 62.21,1.0000 1.0000 1.0000 1.0000 1.0000 1.0000 1.0000 1.3274,0 0 0 0 0 0 0 7,0 0 0 1 0 1 0 0,1,,no (tile),,,,35.95,,0.7533,,3 4,yes,5_4 5_4,pgg,22x,hand
209220,8,23,0,3,SSSSUSUS,not tested,180.00 180.00 28.80 151.20 247.17 67.17 112.83 112.83,1.0000 1.0000 1.4848 1.0000 1.3663 1.0000 1.3663 1.0000,0 0 2 0 4 0 4 0,0 0 0 0 0 1 2 0,"1,2,6",,no (tile),,,,28.80,,0.6735,,3 4,yes,5_4 5_4,pgg,22x,hand
209220,8,23,1,5,UUJJUJJU,not tested,180.00 180.00 95.84 72.49 264.16 84.16 107.51 95.84,1.0000 1.0000 1.5933 1.5933 1.0000 1.5933 1.5933 1.0000,0 0 2 2 0 2 2 0,0 2 0 3 0 2 1 2,6,,no (tile),,,,72.49,,0.6276,,3 4,yes,5_4 5_4,pgg,22x,hand
209220,8,24,1,0,IIIIIIII,not tested,90.00 180.00 180.00 52.82 180.00 153.59 180.00 63.59,1.0000 1.0000 1.0000 1.0000 1.0000 1.0000 1.0000 2.4830,0 0 0 0 0 0 0 7,0 0 0 0 0 0 0 0,"1,2,6",,no (tile),,,,52.82,,0.4027,,3 4,yes,5_4 5_4,pgg,22x,hand
209220,8,24,1,2,IIIIIIII,not tested,180.00 180.00 90.00 63.59 180.00 153.59 180.00 52.82,1.0000 1.0000 2.4830 1.0000 1.0000 1.0000 1.0000 1.0000,0 0 2 0 0 0 0 0,0 0 0 0 0 0 0 0,"1,2,6",,no (tile),,,,52.82,,0.4027,,3 4,yes,5_4 5_4,pgg,22x,hand
209220,8,25,0,3,SSSSSSSS,not tested,180.00 180.00 121.06 58.94 146.42 213.58 146.42 33.58,1.0000 1.0000 1.2913 1.0000 1.0000 1.0000 1.0000 1.0000,0 0 2 0 0 0 0 0,0 0 0 0 1 0 1 0,1,,no (tile),,,,33.58,,0.7744,,3 4,yes,5_4 5_4,pgg,22x,hand
209220,8,26,0,0,IIIIIIII,not tested,153.59 180.00 52.82 180.00 180.00 90.00 63.59 180.00,1.0000 1.0000 1.0000 1.0000 1.0000 2.4830 1.0000 1.0000,0 0 0 0 0 5 0 0,0 0 0 0 0 0 0 0,"1,2,6",,no (tile),,,,52.82,,0.4027,,3 4,yes,5_4 5_4,pgg,22x,hand
209220,8,26,0,2,IIIIIIII,not tested,52.82 180.00 153.59 180.00 63.59 90.00 180.00 180.00,1.0000 1.0000 1.0000 1.0000 2.4830 1.0000 1.0000 1.0000,0 0 0 0 4 0 0 0,0 0 0 0 0 0 0 0,"1,2,6",,no (tile),,,,52.82,,0.4027,,3 4,yes,5_4 5_4,pgg,22x,hand
209220,8,27,0,7,SSSUSUSS,not tested,-20.33 180.00 180.00 212.18 212.18 -32.18 147.82 200.33,1.0000 1.0000 1.0000 0.7721 1.0000 0.7721 1.0000 2.5944,0 0 0 3 0 3 0 7,0 0 0 0 1 2 0 0,"1,2,6",,no (tile),,,,20.33,,0.2976,,3 4,yes,5_4 5_4,pgg,22x,hand
209220,8,28,0,6,UUUJJUJJ,not tested,80.47 180.00 180.00 80.47 67.36 279.53 99.53 112.64,1.0000 1.0000 1.0000 1.2154 1.2154 1.0000 1.2154 1.2154,0 0 0 3 3 0 3 3,0 2 0 0 3 2 2 1,6,,no (tile),,,,67.36,,0.8228,,3 4,yes,5_4 5_4,pgg,22x,hand
209220,8,28,1,4,SSUSUSSS,not tested,180.00 180.00 171.79 171.79 8.21 188.21 174.54 5.46,1.0000 1.0000 1.1747 1.0000 1.1747 1.0000 2.9727 1.0000,0 0 2 0 2 0 6 0,0 0 0 1 2 0 0 0,"1,2,6",,no (tile),,,,5.46,,0.3364,,3 4,yes,5_4 5_4,pgg,22x,hand
209220,8,29,1,3,SSSSSSSS,not tested,180.00 180.00 35.35 144.65 215.35 144.65 61.39 118.61,1.0000 1.0000 1.0000 1.0000 1.0000 1.0000 1.3182 1.0000,0 0 0 0 0 0 6 0,0 0 1 0 1 0 0 0,1,,no (tile),,,,35.35,,0.7586,,3 4,yes,5_4 5_4,pgg,22x,hand
209220,8,30,0,0,SSSSSSSS,not tested,148.30 286.33 73.67 63.41 138.03 221.97 74.63 73.67,1.0000 1.0000 1.0000 1.0000 1.0000 1.0000 1.0000 1.0000,0 0 0 0 0 0 0 0,0 1 0 0 1 0 1 0,"1,2,6",,no (tile),,,,63.41,,1.0000,,3 4,yes,5_4 5_4,pgg,22x,hand
209220,8,31,1,0,USUUSUSI,not tested,168.53 96.41 263.59 22.94 119.35 240.65 96.41 72.12,1.0000 1.1164 1.0000 1.0000 1.1164 1.0000 1.1164 1.1709,0 1 0 0 1 0 1 7,0 0 2 2 0 0 0 0,1,,no (tile),,,,22.94,,0.8541,,3 4,yes,5_4 5_4,pgg,22x,hand
209220,8,31,1,2,SSSSSSSS,not tested,63.41 138.03 221.97 74.63 73.67 148.30 286.33 73.67,1.0000 1.0000 1.0000 1.0000 1.0000 1.0000 1.0000 1.0000,0 0 0 0 0 0 0 0,0 1 0 1 0 0 1 0,"1,2,6",,no (tile),,,,63.41,,1.0000,,3 4,yes,5_4 5_4,pgg,22x,hand
209220,8,32,1,1,SSSSSSSS,not tested,74.63 221.97 138.03 63.41 73.67 286.33 148.30 73.67,1.0000 1.0000 1.0000 1.0000 1.0000 1.0000 1.0000 1.0000,0 0 0 0 0 0 0 0,0 1 0 0 1 0 0 1,"1,2,6",,no (tile),,,,63.41,,1.0000,,3 4,yes,5_4 5_4,pgg,22x,hand
209220,8,32,1,3,USUISUSU,not tested,19.87 253.99 106.01 170.06 64.05 106.01 234.12 125.88,1.0000 1.1471 1.0000 1.2032 1.1471 1.0000 1.1471 1.0000,0 1 0 3 1 0 1 0,0 0 2 0 0 2 0 0,1,,no (tile),,,,19.87,,0.8311,,3 4,yes,5_4 5_4,pgg,22x,hand
209220,8,33,0,1,USUUSUIS,not tested,80.76 257.20 102.80 22.04 279.24 80.76 168.98 88.22,1.0000 0.7833 1.0000 1.0000 0.7833 1.0000 0.6119 0.7833,0 1 0 0 1 0 6 1,0 0 2 2 0 0 0 0,1,,no (tile),,,,22.04,,0.6119,,3 4,yes,5_4 5_4,pgg,22x,hand
209220,8,33,0,3,SSSSSSSS,not tested,63.41 73.67 286.33 148.30 73.67 74.63 221.97 138.03,1.0000 1.0000 1.0000 1.0000 1.0000 1.0000 1.0000 1.0000,0 0 0 0 0 0 0 0,0 1 0 0 1 0 1 0,"1,2,6",,no (tile),,,,63.41,,1.0000,,3 4,yes,5_4 5_4,pgg,22x,hand
209220,8,34,0,0,JIIJJIIJ,not needed (covering theorem),90.00 90.03 180.00 269.97 180.00 90.03 90.00 89.97,1.0000 0.3329 0.3329 1.0000 1.0000 0.3329 3.0004 1.0000,0 1 1 0 0 1 6 0,0 0 0 3 0 0 0 3,,,YES,2,6,2,89.97,,0.1109,,3 4,yes,5_4 5_4,pgg,22x,hand
209220,8,34,0,4,JIIJJIIJ,not needed (covering theorem),180.00 270.16 180.00 89.84 90.00 90.16 90.00 89.84,1.0000 0.3361 0.3361 1.0000 1.0000 2.9972 0.3361 1.0000,0 1 1 0 0 5 1 0,0 0 0 3 0 0 0 3,,,YES,2,6,2,89.84,,0.1121,,3 4,yes,5_4 5_4,pgg,22x,hand
209220,8,34,0,5,SSSSSSSS,not tested,180.00 180.00 180.00 180.00 13.95 166.05 119.32 60.68,1.0000 1.0000 1.0000 1.0000 3.6170 1.0000 1.0000 1.0000,0 0 0 0 4 0 0 0,0 0 0 0 0 0 1 0,"1,2,6",,no (tile),,,,13.95,,0.2765,,3 4,yes,5_4 5_4,pgg,22x,hand
209220,8,34,0,7,SSSSSSSS,not tested,13.98 180.00 180.00 180.00 180.00 61.13 118.87 166.02,1.0000 1.0000 1.0000 1.0000 1.0000 1.0000 1.0000 3.6245,0 0 0 0 0 0 0 7,0 0 0 0 0 1 0 0,"1,2,6",,no (tile),,,,13.98,,0.2759,,3 4,yes,5_4 5_4,pgg,22x,hand
209220,8,34,1,0,IJJIIJJI,not needed (covering theorem),90.00 90.01 180.00 269.99 180.00 90.01 90.00 89.99,1.0000 3.0008 3.0008 1.0000 1.0000 3.0008 3.0008 9.0028,0 1 1 0 0 1 1 7,0 0 3 0 0 0 3 0,,,YES,2,6,2,89.99,,0.1111,,3 4,yes,5_4 5_4,pgg,22x,hand
209220,8,34,1,4,IJJIIJJI,not needed (covering theorem),180.00 270.00 180.00 90.00 90.00 90.00 90.00 90.00,1.0000 2.9993 2.9993 1.0000 8.9975 2.9993 2.9993 1.0000,0 1 1 0 4 1 1 0,0 0 3 0 0 0 3 0,,,YES,2,6,2,90.00,,0.1111,,3 4,yes,5_4 5_4,pgg,22x,hand
209220,8,34,1,5,SSSSSSSS,not tested,180.00 180.00 180.00 180.00 62.75 117.25 165.91 14.09,1.0000 1.0000 1.0000 1.0000 1.0000 1.0000 3.6520 1.0000,0 0 0 0 0 0 6 0,0 0 0 0 1 0 0 0,"1,2,6",,no (tile),,,,14.09,,0.2738,,3 4,yes,5_4 5_4,pgg,22x,hand
209220,8,34,1,7,SSSSSSSS,not tested,63.01 180.00 180.00 180.00 180.00 14.11 165.89 116.99,1.0000 1.0000 1.0000 1.0000 1.0000 3.6563 1.0000 1.0000,0 0 0 0 0 5 0 0,0 0 0 0 0 0 0 1,"1,2,6",,no (tile),,,,14.11,,0.2735,,3 4,yes,5_4 5_4,pgg,22x,hand
209222,8,0,1,1,SISSSSSS,not tested,319.65 20.17 120.44 119.11 100.27 40.35 319.65 40.35,1.0000 0.9387 1.0000 1.0000 1.0000 1.0000 1.0000 1.0000,0 1 0 0 0 0 0 0,0 0 1 0 0 1 0 1,"1,2,6",,no (tile),,,,20.17,,0.9387,,3 4,yes,5_4 5_4,pgg,22x,L2
209222,8,2,0,0,SSUUUUSS,not needed (covering theorem),90.07 179.86 90.00 90.07 269.93 90.07 89.86 180.14,1.0000 1.0000 1.0000 1.0000 1.0000 1.0000 1.0000 1.0000,0 0 2 2 2 2 0 0,0 0 0 2 0 2 0 0,,,YES,2,6,2,89.86,,1.0000,,3 4,yes,5_4 5_4,pgg,22x,L2
209222,8,4,1,1,SISSSSSS,not tested,92.55 133.72 74.48 211.03 148.97 59.24 92.55 267.45,1.0000 0.2675 1.0000 1.0000 1.0000 1.0000 1.0000 1.0000,0 1 0 0 0 0 0 0,0 0 1 0 1 1 0 1,1,,no (tile),,,,59.24,,0.2675,,3 4,yes,5_4 5_4,pgg,22x,L2
209222,8,4,1,3,SISISSIS,not tested,25.70 167.15 192.85 167.15 62.81 104.34 192.85 167.15,1.0000 0.4570 1.0000 0.4570 1.0000 1.0000 0.4570 1.0000,0 1 0 1 0 0 1 0,0 0 0 0 1 1 0 1,"1,2,6",,no (tile),,,,25.70,,0.4570,,3 4,yes,5_4 5_4,pgg,22x,L2
209222,8,5,1,2,SUUSUSSU,not tested,100.66 180.00 79.34 180.00 100.66 180.00 79.34 180.00,1.0000 0.8887 0.8887 1.0000 0.8887 1.0000 1.0000 0.8887,0 1 1 0 1 0 0 1,0 0 2 0 0 1 1 2,"3,5",,no (tile),,,,79.34,,0.8887,,3 4,yes,5_4 5_4,pgg,22x,L2
209222,8,5,1,6,SUSUUSUS,not tested,76.51 180.00 103.49 180.00 76.51 180.00 103.49 180.00,1.0000 1.0825 1.0000 1.0825 1.0825 1.0000 1.0825 1.0000,0 1 0 1 1 0 1 0,0 0 1 2 0 1 2 0,"3,5",,no (tile),,,,76.51,,0.9238,,3 4,yes,5_4 5_4,pgg,22x,L2
209222,8,6,0,4,SSSSUUUU,not needed (covering theorem),96.22 173.78 86.89 186.22 90.00 86.89 273.11 86.89,1.0000 1.0000 1.0000 1.0000 0.9985 0.9985 0.9985 0.9985,0 0 0 0 4 4 4 4,0 0 0 0 0 2 0 2,,,YES,2,6,2,86.89,,0.9985,,3 4,yes,5_4 5_4,pgg,22x,L2
209222,8,7,1,1,SISSSSSS,not tested,243.50 58.25 140.37 79.25 280.75 79.25 82.12 116.50,1.0000 0.5262 1.0000 1.0000 1.0000 1.0000 1.0000 1.0000,0 1 0 0 0 0 0 0,0 0 1 0 1 0 0 1,1,,no (tile),,,,58.25,,0.5262,,3 4,yes,5_4 5_4,pgg,22x,L2
209222,8,7,1,3,SISISSIS,not tested,102.08 64.84 166.92 193.08 166.92 26.16 166.92 193.08,1.0000 0.4252 1.0000 0.4252 1.0000 1.0000 0.4252 1.0000,0 1 0 1 0 0 1 0,0 0 1 0 1 0 0 0,"1,2,6",,no (tile),,,,26.16,,0.4252,,3 4,yes,5_4 5_4,pgg,22x,L2
209222,8,9,1,1,SISSSSSS,not tested,113.04 123.48 19.49 321.02 38.98 321.02 38.98 103.99,1.0000 0.9427 1.0000 1.0000 1.0000 1.0000 1.0000 1.0000,0 1 0 0 0 0 0 0,0 0 1 0 1 0 1 1,"1,2,6",,no (tile),,,,19.49,,0.9427,,3 4,yes,5_4 5_4,pgg,22x,L2
209222,8,10,0,0,SSSUUSSS,not tested,90.10 179.81 179.81 90.10 90.10 89.71 180.19 180.19,1.0000 1.0000 1.0000 3.0000 3.0000 1.0000 1.0000 1.0000,0 0 0 3 3 0 0 0,0 0 0 0 2 0 0 0,"2,6,9",,no (tile),,,,89.71,,0.3333,,3 4,yes,5_4 5_4,pgg,22x,L2
209222,8,11,1,3,SISISSIS,not tested,235.84 3.02 238.86 121.14 121.14 124.16 114.70 121.14,1.0000 0.8993 1.0000 0.8993 1.0000 1.0000 0.8993 1.0000,0 1 0 1 0 0 1 0,0 0 1 0 0 0 0 0,1,,no (tile),,,,3.02,,0.8993,,3 4,yes,5_4 5_4,pgg,22x,L2
209222,8,14,1,3,SSISISSI,not tested,86.46 143.49 130.04 130.04 229.96 13.45 216.51 130.04,1.0000 1.0000 0.2675 1.0000 0.2675 1.0000 1.0000 0.2675,0 0 2 0 2 0 0 2,0 0 0 1 0 0 0 0,1,,no (tile),,,,13.45,,0.2675,,3 4,yes,5_4 5_4,pgg,22x,L2
209222,8,15,0,6,SSSSSSUU,not needed (covering theorem),155.87 136.09 136.09 68.04 223.91 223.91 68.04 68.04,1.0000 1.0000 1.0000 1.0000 1.0000 1.0000 2.4408 2.4408,0 0 0 0 0 0 6 6,0 0 0 0 0 0 0 2,,,YES,2,6,2,68.04,,0.4097,,3 4,yes,5_4 5_4,pgg,22x,L2
209222,8,17,1,2,SUUUUSUU,not tested,180.00 91.01 88.99 271.01 88.99 91.01 180.00 88.99,1.0000 1.0000 1.0000 1.0000 1.0000 1.0000 1.0000 1.0000,0 1 1 1 1 0 1 1,0 0 2 0 2 0 0 2,6,,no (tile),,,,88.99,,1.0000,,3 4,yes,5_4 5_4,pgg,22x,L2
209222,8,19,1,0,SSSSSISI,not tested,148.07 63.87 296.13 63.87 296.13 31.93 105.32 74.68,1.0000 1.0000 1.0000 1.0000 1.0000 1.8581 2.7422 1.7340,0 0 0 0 0 5 6 7,0 1 0 1 0 0 0 0,1,,no (tile),,,,31.93,,0.3647,,3 4,yes,5_4 5_4,pgg,22x,L2
209222,8,19,1,2,SJJJJJSJ,not tested,175.58 72.40 112.02 247.98 112.02 247.98 41.68 70.33,1.0000 0.3109 0.3109 0.3109 0.3109 0.3109 1.0000 0.3109,0 1 1 1 1 1 0 1,0 0 2 0 2 0 0 2,6,,no (tile),,,,41.68,,0.3109,,3 4,yes,5_4 5_4,pgg,22x,L2
209222,8,20,0,0,JJJUUJJJ,not tested,90.00 180.00 180.00 90.00 90.00 90.00 180.00 180.00,1.0000 1.0000 1.0000 3.0000 3.0000 1.0000 1.0000 1.0000,0 0 0 3 3 0 0 0,0 3 0 0 2 3 0 3,9,,no (tile),,,,90.00,,0.3333,,3 4,yes,5_4 5_4,pgg,22x,L2
209222,8,22,0,2,JJJUUUUJ,not needed (covering theorem),180.00 180.00 90.00 116.57 90.00 270.00 90.00 63.43,1.0000 1.0000 1.0000 1.1180 1.1180 1.1180 1.1180 1.0000,0 0 0 3 3 3 3 0,0 3 0 0 2 0 2 3,,,YES,2,6,2,63.43,,0.8944,,3 4,yes,5_4 5_4,pgg,22x,L2
209222,8,22,0,4,JJJJUUUU,not needed (covering theorem),63.43 180.00 180.00 90.00 116.57 90.00 270.00 90.00,1.0000 1.0000 1.0000 1.0000 1.1180 1.1180 1.1180 1.1180,0 0 0 0 4 4 4 4,0 3 0 3 0 2 0 2,,,YES,2,6,2,63.43,,0.8944,,3 4,yes,5_4 5_4,pgg,22x,L2
209222,8,25,0,6,JJJJJJUU,not tested,90.00 180.00 180.00 90.00 180.00 180.00 90.00 90.00,1.0000 1.0000 1.0000 1.0000 1.0000 1.0000 3.0000 3.0000,0 0 0 0 0 0 6 6,0 3 0 3 0 3 0 2,9,,no (tile),,,,90.00,,0.3333,,3 4,yes,5_4 5_4,pgg,22x,L2
209222,8,29,1,0,IIIIIISI,not tested,90.00 180.00 180.00 180.00 180.00 90.00 75.35 104.65,1.0000 1.0000 1.0000 1.0000 1.0000 2.4488 5.1681 1.1415,0 0 0 0 0 5 6 7,0 0 0 0 0 0 0 0,1,,no (tile),,,,75.35,,0.1935,,3 4,yes,5_4 5_4,pgg,22x,L2
209222,8,30,0,2,SSSSUUSS,not needed (covering theorem),-68.62 -137.25 497.25 -68.62 205.66 -68.62 291.58 428.62,1.0000 1.0000 1.0000 1.0000 2.7329 2.7329 1.0000 1.0000,0 0 0 0 4 4 0 0,0 0 0 0 0 2 0 0,,,YES,2,6,2,68.42,,0.3659,,3 4,yes,5_4 5_4,pgg,22x,L2
209222,8,31,1,6,SSSUSSUS,not tested,100.93 259.07 100.93 79.07 180.00 100.93 180.00 79.07,1.0000 1.0000 1.0000 1.0000 1.0000 1.0000 1.0000 1.0000,0 0 0 3 0 0 3 0,0 0 0 0 1 1 2 0,6,,no (tile),,,,79.07,,1.0000,,3 4,yes,5_4 5_4,pgg,22x,L2
209222,8,32,0,6,SSSSSSUU,not needed (covering theorem),68.71 291.62 68.38 136.76 223.24 68.38 154.53 68.38,1.0000 1.0000 1.0000 1.0000 1.0000 1.0000 2.7307 2.7307,0 0 0 0 0 0 6 6,0 0 0 0 0 0 0 2,,,YES,2,6,2,68.38,,0.3662,,3 4,yes,5_4 5_4,pgg,22x,L2
209222,8,33,1,0,SSSSSISI,not tested,148.07 63.87 296.13 63.87 296.13 31.93 105.32 74.68,1.0000 1.0000 1.0000 1.0000 1.0000 1.8581 2.7422 1.7340,0 0 0 0 0 5 6 7,0 1 0 1 0 0 0 0,1,,no (tile),,,,31.93,,0.3647,,3 4,yes,5_4 5_4,pgg,22x,L2
209222,8,34,0,4,JJJJJUUJ,not tested,180.00 180.00 180.00 180.00 90.00 123.69 90.00 56.31,1.0000 1.0000 1.0000 1.0000 1.0000 3.6056 3.6056 1.0000,0 0 0 0 0 5 5 0,0 3 0 3 0 0 2 3,9,,no (tile),,,,56.31,,0.2774,,3 4,yes,5_4 5_4,pgg,22x,L2
209222,8,34,0,6,JJJJJJUU,not tested,56.31 180.00 180.00 180.00 180.00 90.00 123.69 90.00,1.0000 1.0000 1.0000 1.0000 1.0000 1.0000 3.6056 3.6056,0 0 0 0 0 0 6 6,0 3 0 3 0 3 0 2,9,,no (tile),,,,56.31,,0.2774,,3 4,yes,5_4 5_4,pgg,22x,L2
209222,8,34,1,0,IIIIIISI,not tested,90.00 180.00 180.00 180.00 180.00 90.00 75.35 104.65,1.0000 1.0000 1.0000 1.0000 1.0000 2.4488 5.1681 1.1415,0 0 0 0 0 5 6 7,0 0 0 0 0 0 0 0,1,,no (tile),,,,75.35,,0.1935,,3 4,yes,5_4 5_4,pgg,22x,L2
209222,8,34,1,6,JJJJUJUJ,not tested,180.00 180.00 180.00 180.00 46.51 133.49 133.49 46.51,1.0000 1.0000 1.0000 1.0000 2.9061 1.0000 2.9061 1.0000,0 0 0 0 4 0 4 0,0 3 0 3 0 1 2 3,6,,no (tile),,,,46.51,,0.3441,,3 4,yes,5_4 5_4,pgg,22x,L2
209232,8,0,0,0,SSSSISSS,not tested,29.45 199.59 160.41 140.68 80.21 109.66 199.59 160.41,1.0000 1.0000 1.0000 1.0000 1.3083 1.0000 1.0000 1.0000,0 0 0 0 4 0 0 0,0 1 0 1 0 0 1 0,1,,no (tile),,,,29.45,,0.7644,,3 4,yes,4_3 6_3,pgg,22x,hand
209232,8,0,1,2,SSSISSSS,not needed (covering theorem),97.12 291.01 68.99 96.94 48.56 145.50 262.88 68.99,1.0000 1.0000 1.0000 3.2093 1.0000 1.0000 1.0000 1.0000,0 0 0 3 0 0 0 0,0 0 0 0 0 0 1 1,,,YES,2,2,2,48.56,,0.3116,,3 4,yes,4_3 6_3,pgg,22x,hand
209232,8,0,1,3,USUSSUSU,not tested,80.17 135.06 224.94 54.89 170.05 54.89 224.94 135.06,1.0000 1.1914 1.0000 1.1914 1.1914 1.0000 1.1914 1.0000,0 1 0 1 1 0 1 0,0 0 2 0 1 2 1 0,"1,2,3,5,6",,no (tile),,,,54.89,,0.8394,,3 4,yes,4_3 6_3,pgg,22x,hand
209232,8,1,0,0,SSSSSSSS,not tested,104.48 255.52 104.48 46.57 208.96 151.04 104.48 104.48,1.0000 1.0000 1.0000 1.0000 1.0000 1.0000 1.0000 1.0000,0 0 0 0 0 0 0 0,0 1 0 1 0 1 1 0,"1,2,6",,no (tile),,,,46.57,,1.0000,,3 4,yes,4_3 6_3,pgg,22x,hand
209232,8,1,0,4,SSSSUSSU,not needed (covering theorem),90.00 181.16 178.84 89.42 91.16 270.00 89.42 90.00,1.0000 1.0000 1.0000 1.0000 1.9999 1.0000 1.0000 1.9999,0 0 0 0 4 0 0 4,0 0 0 0 0 1 1 2,,,YES,2,2,2,89.42,,0.5000,,3 4,yes,4_3 6_3,pgg,22x,hand
209232,8,4,0,4,SSSSSSSS,not tested,46.57 104.48 255.52 104.48 104.48 104.48 151.04 208.96,1.0000 1.0000 1.0000 1.0000 1.0000 1.0000 1.0000 1.0000,0 0 0 0 0 0 0 0,0 1 0 0 1 1 0 1,"1,2,6",,no (tile),,,,46.57,,1.0000,,3 4,yes,4_3 6_3,pgg,22x,hand
209232,8,5,0,4,SSSSSSIS,not tested,117.35 186.37 173.63 28.14 186.37 173.63 121.32 93.18,1.0000 1.0000 1.0000 1.0000 1.0000 1.0000 1.0050 1.0000,0 0 0 0 0 0 6 0,0 1 0 0 1 0 0 1,1,,no (tile),,,,28.14,,0.9950,,3 4,yes,4_3 6_3,pgg,22x,hand
209232,8,5,1,0,SSSSSSSI,not needed (covering theorem),96.95 68.98 291.02 97.11 68.98 262.89 145.51 48.56,1.0000 1.0000 1.0000 1.0000 1.0000 1.0000 1.0000 3.2087,0 0 0 0 0 0 0 7,0 0 0 1 1 0 0 0,,,YES,2,2,2,48.56,,0.3116,,3 4,yes,4_3 6_3,pgg,22x,hand
209232,8,5,1,7,USUUSUSS,not tested,60.45 192.67 167.33 106.88 167.33 192.67 60.45 132.22,1.0000 6.1496 1.0000 1.0000 6.1496 1.0000 6.1496 6.1496,0 1 0 0 1 0 1 1,0 0 2 2 1 0 1 0,"1,2,3,5,6",,no (tile),,,,60.45,,0.1626,,3 4,yes,4_3 6_3,pgg,22x,hand
209232,8,6,0,2,IIIIIIII,not tested,41.41 180.00 180.00 180.00 97.18 90.00 131.41 180.00,1.0000 1.0000 1.0000 1.0000 1.0000 2.6458 1.0000 1.0000,0 0 0 0 0 5 0 0,0 0 0 0 0 0 0 0,1,,no (tile),,,,41.41,,0.3780,,3 4,yes,4_3 6_3,pgg,22x,hand
209232,8,6,1,2,IIIIIIII,not tested,120.00 180.00 180.00 180.00 30.00 90.00 120.00 180.00,1.0000 1.0000 1.0000 1.0000 5.1962 1.0000 1.0000 1.0000,0 0 0 0 4 0 0 0,0 0 0 0 0 0 0 0,1,,no (tile),,,,30.00,,0.1925,,3 4,yes,4_3 6_3,pgg,22x,hand
209232,8,8,0,4,IIIIIIII,not tested,97.18 180.00 180.00 180.00 41.41 180.00 131.41 90.00,1.0000 1.0000 1.0000 1.0000 1.0000 1.0000 2.6458 1.0000,0 0 0 0 0 0 6 0,0 0 0 0 0 0 0 0,1,,no (tile),,,,41.41,,0.3780,,3 4,yes,4_3 6_3,pgg,22x,hand
209232,8,8,1,0,IIIIIIII,not tested,30.00 180.00 180.00 180.00 120.00 180.00 120.00 90.00,1.0000 1.0000 1.0000 1.0000 1.0000 1.0000 1.0000 5.1962,0 0 0 0 0 0 0 7,0 0 0 0 0 0 0 0,1,,no (tile),,,,30.00,,0.1925,,3 4,yes,4_3 6_3,pgg,22x,hand
209232,8,9,1,0,SSSSSSSI,not tested,2.73 226.43 133.57 226.43 133.57 128.12 113.21 115.94,1.0000 1.0000 1.0000 1.0000 1.0000 1.0000 1.0000 4.5212,0 0 0 0 0 0 0 7,0 0 0 0 0 1 1 0,1,,no (tile),,,,2.73,,0.2212,,3 4,yes,4_3 6_3,pgg,22x,hand
209232,8,9,1,2,SSSSSISS,not tested,148.42 172.61 187.39 172.61 187.39 12.10 105.79 93.69,1.0000 1.0000 1.0000 1.0000 1.0000 5.4895 1.0000 1.0000,0 0 0 0 0 5 0 0,0 0 0 0 0 0 1 1,1,,no (tile),,,,12.10,,0.1822,,3 4,yes,4_3 6_3,pgg,22x,hand
209232,8,10,1,0,SSSSSSSI,not tested,7.75 224.51 120.00 240.00 135.49 120.00 120.00 112.25,1.0000 1.0000 1.0000 1.0000 1.0000 1.0000 1.0000 4.4304,0 0 0 0 0 0 0 7,0 1 1 1 0 0 0 0,"1,6",,no (tile),,,,7.75,,0.2257,,3 4,yes,4_3 6_3,pgg,22x,hand
209232,8,10,1,4,SSSSSISS,not tested,120.00 179.31 240.00 120.00 180.69 29.65 90.35 120.00,1.0000 1.0000 1.0000 1.0000 1.0000 5.1900 1.0000 1.0000,0 0 0 0 0 5 0 0,0 1 1 1 0 0 0 0,"1,6",,no (tile),,,,29.65,,0.1927,,3 4,yes,4_3 6_3,pgg,22x,hand
209336,8,3,0,1,SSSSSSSS,not tested,120.00 240.00 120.00 120.00 96.59 23.41 240.00 120.00,1.0000 1.0000 1.0000 1.0000 4.3589 1.0000 1.0000 1.0000,0 0 0 0 4 0 0 0,0 0 0 0 0 0 0 0,1,,no (tile),,,,23.41,,0.2294,,3 4,yes,4_2 6_2,p3,333,L2
209336,8,3,0,3,SSSSSSSS,not tested,120.00 120.00 240.00 23.41 96.59 120.00 120.00 240.00,1.0000 1.0000 1.0000 4.3589 1.0000 1.0000 1.0000 1.0000,0 0 0 3 0 0 0 0,0 0 0 0 0 0 0 0,1,,no (tile),,,,23.41,,0.2294,,3 4,yes,4_2 6_2,p3,333,L2
209337,8,0,1,2,JIIJJJJJ,not needed (covering theorem),120.00 109.94 60.00 70.06 120.00 219.89 240.00 140.11,1.0000 4.5434 5.2256 1.0000 1.0000 1.0000 1.0000 1.0000,0 1 2 0 0 0 0 0,0 0 0 3 0 1 2 3,,,YES,2,7,2,60.00,,0.1914,,3 6,yes,5_3 5_3,p3,333,hand
209337,8,2,0,1,SSSSSSSS,not tested,120.00 73.90 46.10 240.00 120.00 120.00 120.00 240.00,1.0000 3.6056 1.0000 1.0000 1.0000 1.0000 1.0000 1.0000,0 1 0 0 0 0 0 0,0 0 0 0 0 0 0 0,1,,no (tile),,,,46.10,,0.2774,,3 6,yes,5_3 5_3,p3,333,hand
209337,8,7,0,5,SSSSSSSS,not tested,120.00 120.00 240.00 120.00 73.90 46.10 240.00 120.00,1.0000 1.0000 1.0000 1.0000 3.6056 1.0000 1.0000 1.0000,0 0 0 0 4 0 0 0,0 0 0 0 0 0 0 0,1,,no (tile),,,,46.10,,0.2774,,3 6,yes,5_3 5_3,p3,333,hand
209338,8,0,1,2,JIIJJJJJ,not needed (covering theorem),90.00 90.09 90.00 89.91 90.00 180.17 270.00 179.83,1.0000 2.9985 3.0015 1.0000 1.0000 1.0000 1.0000 1.0000,0 1 2 0 0 0 0 0,0 0 0 3 0 1 2 3,,,YES,2,9,2,89.91,,0.3332,,3 4,yes,5_3 5_3,p4,442,L2
209338,8,0,1,6,JIIIIIIJ,not needed (covering theorem),90.00 89.99 90.00 180.00 270.00 180.00 90.00 90.01,1.0000 0.3336 0.3331 0.3336 0.3331 0.3336 0.3331 1.0000,0 1 2 1 2 1 2 0,0 0 0 0 0 0 0 3,,,YES,2,9,2,89.99,,0.3331,,3 4,yes,5_3 5_3,p4,442,L2
209338,8,2,1,4,JIIIIIIJ,not tested,90.00 145.72 90.00 180.00 90.00 180.00 270.00 34.28,1.0000 0.8634 0.2630 0.8634 0.2630 0.8634 0.2630 1.0000,0 1 2 1 2 1 2 0,0 0 0 0 0 0 0 3,,9,no (deep),,,,34.28,,0.2630,,3 4,yes,5_3 5_3,p4,442,L2
209338,8,7,1,6,JIIIIIIJ,not tested,90.00 37.24 270.00 180.00 90.00 180.00 90.00 142.76,1.0000 0.1909 1.0194 0.1909 1.0194 0.1909 1.0194 1.0000,0 1 2 1 2 1 2 0,0 0 0 0 0 0 0 3,,9,no (deep),,,,37.24,,0.1873,,3 4,yes,5_3 5_3,p4,442,L2
209339,8,7,0,5,SSSSSSSS,not tested,60.00 120.00 180.00 120.00 120.00 60.00 240.00 180.00,1.0000 1.0000 1.0000 1.0000 1.0000 1.0000 1.0000 1.0000,0 0 0 0 4 0 0 0,0 0 0 0 0 0 0 0,1,,no (tile),,,,60.00,,1.0000,,3 4 6,yes,5_3 5_3,p6,632,L2
209385,8,2,0,2,JJJJJJJJ,not tested,86.53 200.91 72.57 200.91 86.53 159.09 114.38 159.09,1.0000 1.0000 1.0000 1.0000 1.0000 1.0000 1.0000 1.0000,0 0 0 0 0 0 0 0,0 2 0 2 1 3 1 3,"3,4",,no (tile),,,,72.57,,1.0000,,3 4,yes,5_1 5_1,pg,1xx,L2
209385,8,2,0,6,JJJJJJJJ,not tested,109.13 161.88 88.99 198.12 72.89 198.12 88.99 161.88,1.0000 1.0000 1.0000 1.0000 1.0000 1.0000 1.0000 1.0000,0 0 0 0 0 0 0 0,0 2 1 3 1 3 0 2,"3,4",,no (tile),,,,72.89,,1.0000,,3 4,yes,5_1 5_1,pg,1xx,L2
209385,8,2,1,0,JJJJJJJJ,not tested,109.13 161.88 88.99 198.12 72.89 198.12 88.99 161.88,1.0000 1.0000 1.0000 1.0000 1.0000 1.0000 1.0000 1.0000,0 0 0 0 0 0 0 0,0 2 2 0 1 3 3 1,"3,4,5",,no (tile),,,,72.89,,1.0000,,3 4,yes,5_1 5_1,pg,1xx,L2
209385,8,2,1,4,JJJJJJJJ,not tested,86.53 200.91 72.57 200.91 86.53 159.09 114.38 159.09,1.0000 1.0000 1.0000 1.0000 1.0000 1.0000 1.0000 1.0000,0 0 0 0 0 0 0 0,0 2 3 1 1 3 2 0,"3,4,5",,no (tile),,,,72.57,,1.0000,,3 4,yes,5_1 5_1,pg,1xx,L2
209385,8,3,0,0,SSSSSSSS,not tested,74.28 223.52 62.20 136.48 223.52 57.80 136.48 165.72,1.0000 1.1012 1.0000 1.1012 1.0000 1.1012 1.0000 1.0000,0 1 0 1 0 1 0 0,0 0 1 1 1 0 0 1,2,,no (tile),,,,57.80,,0.9081,,3 4,yes,5_1 5_1,pg,1xx,L2
209385,8,3,0,2,SSSSSSSS,not tested,240.95 119.05 57.58 240.95 61.47 178.53 119.05 62.42,1.0000 1.0746 1.0000 1.0746 1.0746 1.0746 1.0000 1.0746,0 1 0 1 1 1 0 1,0 0 1 1 0 1 1 0,2,,no (tile),,,,57.58,,0.9306,,3 4,yes,5_1 5_1,pg,1xx,L2
209385,8,3,0,3,JJJJJJJJ,not tested,90.00 270.00 90.00 90.00 180.00 90.00 180.00 90.00,1.0000 1.0000 1.0000 1.0000 1.0000 1.0000 1.0000 1.0000,0 0 0 0 0 0 0 0,0 3 2 1 2 1 2 1,2,,no (tile),,,,90.00,,1.0000,,3 4,yes,5_1 5_1,pg,1xx,L2
209385,8,3,0,7,JJJJJJJJ,not tested,180.00 90.00 90.00 270.00 90.00 90.00 180.00 90.00,1.0000 1.0000 1.0000 1.0000 1.0000 1.0000 1.0000 1.0000,0 0 0 0 0 0 0 0,0 3 2 1 0 3 0 3,2,,no (tile),,,,90.00,,1.0000,,3 4,yes,5_1 5_1,pg,1xx,L2
209385,8,3,1,1,JJJJJJJJ,not tested,180.00 90.00 90.00 270.00 90.00 90.00 180.00 90.00,1.0000 1.0000 1.0000 1.0000 1.0000 1.0000 1.0000 1.0000,0 0 0 0 0 0 0 0,0 1 2 3 0 1 2 3,2,,no (tile),,,,90.00,,1.0000,,3 4,yes,5_1 5_1,pg,1xx,L2
209385,8,3,1,2,JJJJJJJJ,not tested,114.87 185.13 60.00 174.87 185.13 60.00 174.87 125.13,1.0000 1.0000 1.0000 1.0000 1.0000 1.0000 1.0000 1.0000,0 0 0 0 0 0 0 0,0 2 2 0 2 2 0 1,3,,no (tile),,,,60.00,,1.0000,,3 4,yes,5_1 5_1,pg,1xx,L2
209385,8,3,1,4,JJJJJJJJ,not tested,171.83 188.17 60.00 171.83 128.17 111.83 188.17 60.00,1.0000 1.0000 1.0000 1.0000 1.0000 1.0000 1.0000 1.0000,0 0 0 0 0 0 0 0,0 2 2 0 1 0 2 2,3,,no (tile),,,,60.00,,1.0000,,3 4,yes,5_1 5_1,pg,1xx,L2
209385,8,3,1,5,JJJJJJJJ,not tested,90.00 270.00 90.00 90.00 180.00 90.00 180.00 90.00,1.0000 1.0000 1.0000 1.0000 1.0000 1.0000 1.0000 1.0000,0 0 0 0 0 0 0 0,0 1 2 3 0 1 2 3,2,,no (tile),,,,90.00,,1.0000,,3 4,yes,5_1 5_1,pg,1xx,L2
209387,8,0,0,1,SSISSISI,not needed (covering theorem),77.79 132.42 149.79 113.79 36.00 246.21 210.21 113.79,1.0000 1.0000 0.2614 1.0000 1.0000 0.2614 1.0000 0.2614,0 0 2 0 0 2 0 2,0 1 0 0 0 0 1 0,,,YES,2,"2,3",2,36.00,,0.2614,,3 4,yes,4_2 6_2,pg,1xx,L2
209387,8,2,0,1,SSISISSI,not needed (covering theorem),149.78 132.45 77.78 113.78 210.22 246.22 36.00 113.78,1.0000 1.0000 0.2617 1.0000 0.2617 1.0000 1.0000 0.2617,0 0 2 0 2 0 0 2,0 1 0 0 0 1 1 0,,,YES,2,"2,3",2,36.00,,0.2617,,3 4,yes,4_2 6_2,pg,1xx,L2
209387,8,3,0,4,UUUUUUUU,not tested,0.00 240.00 120.00 120.00 120.00 120.00 120.00 240.00,1.0000 1.0000 1.4043 1.0000 1.0000 1.0000 1.0000 1.4043,0 0 2 0 0 0 0 2,0 2 0 2 0 2 0 2,"3,4,5",,no (tile),,,,0.00,,0.7121,,3 4,yes,4_2 6_2,pg,1xx,L2
209387,8,3,0,6,UUUUUUUU,not tested,120.00 240.00 0.00 240.00 120.00 120.00 120.00 120.00,1.0000 1.0000 0.8887 1.0000 1.0000 1.0000 1.0000 0.8887,0 0 2 0 0 0 0 2,0 2 0 2 0 2 0 2,"3,4,5",,no (tile),,,,0.00,,0.8887,,3 4,yes,4_2 6_2,pg,1xx,L2
209387,8,3,1,6,SSUSSISU,not tested,129.69 220.62 9.69 230.31 139.38 110.31 110.31 129.69,1.0000 1.0000 1.4512 1.0000 1.0000 1.2772 1.0000 1.4512,0 0 2 0 0 5 0 2,0 1 0 1 0 0 1 2,"1,2,6",,no (tile),,,,9.69,,0.6891,,3 4,yes,4_2 6_2,pg,1xx,L2
209387,8,4,0,1,SSSSUSSU,not tested,115.32 144.92 44.43 215.08 200.25 55.32 144.92 159.75,1.0000 2.5250 1.0000 2.5250 1.6274 1.0000 2.5250 1.6274,0 1 0 1 4 0 1 4,0 0 1 1 0 0 0 2,"2,6",,no (tile),,,,44.43,,0.3960,,3 4,yes,4_2 6_2,pg,1xx,L2
209387,8,4,0,3,SSSSUSSU,not tested,178.32 268.05 35.31 91.95 146.37 181.68 91.95 86.37,1.0000 0.6308 1.0000 0.6308 0.8007 1.0000 0.6308 0.8007,0 1 0 1 4 0 1 4,0 0 1 1 0 1 1 2,"2,6",,no (tile),,,,35.31,,0.6308,,3 4,yes,4_2 6_2,pg,1xx,L2
209387,8,4,1,1,JJJJUJJU,not tested,99.04 161.93 60.00 198.07 200.96 39.04 161.93 159.04,1.0000 1.0000 1.0000 1.0000 1.0000 1.0000 1.0000 1.0000,0 0 0 0 4 0 0 4,0 2 2 0 0 0 2 2,"3,5",,no (tile),,,,39.04,,1.0000,,3 4,yes,4_2 6_2,pg,1xx,L2
209387,8,4,1,3,JJJJUJJU,not tested,192.16 215.69 60.00 144.31 107.84 167.84 144.31 47.84,1.0000 1.0000 1.0000 1.0000 0.7392 1.0000 1.0000 0.7392,0 0 0 0 4 0 0 4,0 2 2 0 0 2 0 2,"3,5",,no (tile),,,,47.84,,0.7392,,3 4,yes,4_2 6_2,pg,1xx,L2
209387,8,4,1,5,SSSSSISS,not tested,108.00 108.00 237.38 252.00 14.62 118.69 118.69 122.62,1.0000 1.0000 1.0000 1.0000 1.0000 2.2197 1.0000 1.0000,0 0 0 0 0 5 0 0,0 0 1 1 0 0 1 0,"2,6",,no (tile),,,,14.62,,0.4505,,3 4,yes,4_2 6_2,pg,1xx,L2
209387,8,4,1,7,SSSSSSIS,not tested,12.99 252.00 239.01 108.00 108.00 120.99 119.50 119.50,1.0000 1.0000 1.0000 1.0000 1.0000 1.0000 2.1861 1.0000,0 0 0 0 0 0 6 0,0 0 1 1 1 0 0 1,"2,6",,no (tile),,,,12.99,,0.4574,,3 4,yes,4_2 6_2,pg,1xx,L2
209389,8,0,1,4,UUUUUUUU,not tested,106.56 146.88 106.56 180.00 33.12 253.44 180.00 73.44,1.0000 1.0000 1.0000 0.4300 1.0000 1.0000 0.4300 1.0000,0 0 0 3 0 0 3 0,0 2 0 0 0 2 2 2,"3,5",,no (tile),,,,33.12,,0.4300,,3 4,yes,4_2 6_2,pg,1xx,L2
209389,8,2,0,3,UUUUUUUU,not tested,102.58 154.85 102.58 77.42 180.00 257.42 25.15 180.00,1.0000 1.0000 1.0000 0.5645 1.0000 1.0000 0.5645 1.0000,0 0 0 3 0 0 3 0,0 2 0 0 0 2 2 2,"3,5",,no (tile),,,,25.15,,0.5645,,3 4,yes,4_2 6_2,pg,1xx,L2
209389,8,4,0,0,SSSSSSSS,not tested,154.58 85.42 137.36 274.58 68.06 51.94 222.64 85.42,1.0000 0.2675 1.0000 0.2675 0.2675 0.2675 1.0000 0.2675,0 1 0 1 1 1 0 1,0 0 1 1 0 1 0 0,"2,6",,no (tile),,,,51.94,,0.2675,,3 4,yes,4_2 6_2,pg,1xx,L2
209389,8,4,0,4,JJJJJJJJ,not tested,180.00 60.00 159.62 300.00 20.38 99.62 200.38 60.00,1.0000 1.0000 1.0000 1.0000 1.0000 1.0000 1.0000 1.0000,0 0 0 0 0 0 0 0,0 0 2 2 3 2 0 0,"3,5",,no (tile),,,,20.38,,1.0000,,3 4,yes,4_2 6_2,pg,1xx,L2
209389,8,4,1,4,JJJJJJJJ,not tested,-24.68 420.00 204.68 -60.00 180.00 -60.00 155.32 264.68,1.0000 1.0000 1.0000 1.0000 1.0000 1.0000 1.0000 1.0000,0 0 0 0 0 0 0 0,0 0 2 2 2 2 0 1,"3,5",,no (tile),,,,24.68,,1.0000,,3 4,yes,4_2 6_2,pg,1xx,L2
209403,8,4,1,4,UUUUUUUU,not tested,75.52 151.04 104.48 255.52 28.96 104.48 255.52 104.48,1.0000 1.0000 1.0000 1.0000 1.0000 1.0000 1.0000 1.0000,0 0 0 0 0 0 0 0,0 2 0 2 2 0 2 0,"5,6",,no (tile),,,,28.96,,1.0000,,3 4,yes,5_3 5_3,pg,1xx,L2
209403,8,4,1,6,SSSISISI,not tested,313.40 -146.79 -60.00 253.40 106.60 253.40 253.40 106.60,1.0000 1.0000 1.0000 0.2675 1.0000 0.2675 1.0000 0.2675,0 0 0 3 0 3 0 3,0 1 1 0 1 0 0 0,"1,2,6",,no (tile),,,,46.60,,0.2675,,3 4,yes,5_3 5_3,pg,1xx,L2
209403,8,5,1,3,UUUUUUUU,not needed (covering theorem),720.00 3040.46 -2060.23 -1340.23 1700.23 -2060.23 -1340.23 2420.23,1.0000 1.0000 0.3303 0.3303 0.3303 1.0000 1.0000 0.3303,0 0 2 2 2 0 0 2,0 2 0 2 0 2 0 2,,,YES,2,3,2,0.00,,0.3303,,3 4,yes,5_3 5_3,pg,1xx,L2
209403,8,5,1,7,UUUUUUUU,not needed (covering theorem),84.04 191.92 0.00 275.96 84.04 84.04 275.96 84.04,1.0000 1.0000 0.6038 1.0000 1.0000 0.6038 0.6038 0.6038,0 0 2 0 0 2 2 2,0 2 0 2 0 2 0 2,,,YES,2,3,2,0.00,,0.6038,,3 4,yes,5_3 5_3,pg,1xx,L2
209403,8,7,0,2,SSSSSISS,not tested,183.60 124.97 25.71 235.03 176.40 117.52 91.80 124.97,1.0000 1.0000 1.0000 1.0000 1.0000 0.6501 1.0000 1.0000,0 0 0 0 0 5 0 0,0 1 1 0 1 0 0 1,6,,no (tile),,,,25.71,,0.6501,,3 4,yes,5_3 5_3,pg,1xx,L2
209403,8,7,1,4,SSISISIS,not tested,60.00 163.30 38.35 261.65 98.35 98.35 261.65 98.35,1.0000 1.0000 0.4260 1.0000 0.4260 1.0000 0.4260 1.0000,0 0 2 0 2 0 2 0,0 1 0 1 0 0 0 0,"1,2,6",,no (tile),,,,38.35,,0.4260,,3 4,yes,5_3 5_3,pg,1xx,L2
209403,8,7,1,6,UUUUUUUU,not tested,104.48 151.04 75.52 104.48 255.52 104.48 28.96 255.52,1.0000 1.0000 1.0000 1.0000 1.0000 1.0000 1.0000 1.0000,0 0 0 0 0 0 0 0,0 2 2 0 2 0 0 2,"5,6",,no (tile),,,,28.96,,1.0000,,3 4,yes,5_3 5_3,pg,1xx,L2
209403,8,10,0,0,ISISIISI,not tested,60.00 210.00 90.00 150.00 150.00 60.00 210.00 150.00,1.0000 0.2675 1.0000 0.2675 1.0000 1.0000 0.2675 1.0000,0 1 0 1 0 0 1 0,0 0 0 1 0 0 0 0,"2,6",,no (tile),,,,60.00,,0.2675,,3 4,yes,5_3 5_3,pg,1xx,L2
209403,8,10,1,5,SISISSIS,not tested,-60.00 188.88 248.88 171.12 248.88 -77.77 248.88 111.12,1.0000 0.2675 1.0000 0.2675 1.0000 1.0000 0.2675 1.0000,0 1 0 1 0 0 1 0,0 0 1 0 1 0 0 0,"2,6",,no (tile),,,,60.00,,0.2675,,3 4,yes,5_3 5_3,pg,1xx,L2
209403,8,11,0,0,IIIIIIII,not tested,-68.52 180.00 248.52 180.00 248.52 -25.55 111.48 205.55,1.0000 0.2675 1.0000 0.2675 1.0000 0.2675 1.0000 1.0000,0 1 0 1 0 1 0 0,0 0 0 0 0 0 0 0,2,,no (tile),,,,25.55,,0.2675,,3 4,yes,5_3 5_3,pg,1xx,L2
209403,8,11,0,1,SSSSSSSS,not tested,99.65 140.35 98.73 219.65 21.27 239.07 120.93 140.35,1.0000 1.3896 1.0000 1.3896 1.0000 1.0000 1.0000 1.3896,0 1 0 1 0 0 0 1,0 0 1 1 0 1 0 0,"2,6",,no (tile),,,,21.27,,0.7196,,3 4,yes,5_3 5_3,pg,1xx,L2
209403,8,11,0,3,SSSSSSSS,not tested,95.53 291.21 24.47 68.79 171.21 68.79 266.74 93.26,1.0000 0.3640 1.0000 0.3640 1.0000 0.3640 0.3640 0.3640,0 1 0 1 0 1 1 1,0 0 1 1 1 1 0 1,"2,6",,no (tile),,,,24.47,,0.3640,,3 4,yes,5_3 5_3,pg,1xx,L2
209403,8,11,1,5,SSSSSSSS,not tested,138.85 101.15 64.08 258.85 120.00 37.07 258.85 101.15,1.0000 1.7636 1.0000 1.7636 1.7636 1.7636 1.0000 1.7636,0 1 0 1 1 1 0 1,0 0 1 1 1 0 0 0,"2,6",,no (tile),,,,37.07,,0.5670,,3 4,yes,5_3 5_3,pg,1xx,L2
209403,8,11,1,7,SSSSSSSS,not tested,120.00 130.94 86.67 229.06 10.94 229.06 130.94 142.39,1.0000 1.8586 1.0000 1.8586 1.0000 1.8586 1.0000 1.0000,0 1 0 1 0 1 0 0,0 0 1 1 1 1 1 0,"2,6",,no (tile),,,,10.94,,0.5380,,3 4,yes,5_3 5_3,pg,1xx,L2
209403,8,12,0,3,SSSSSSIS,not needed (covering theorem),77.14 206.27 77.14 153.73 51.99 282.86 76.86 154.01,1.0000 1.0000 1.0000 1.0000 1.0000 1.0000 0.6962 1.0000,0 0 0 0 0 0 6 0,0 1 1 0 1 1 0 0,,,YES,2,3,2,51.99,,0.6962,,3 4,yes,5_3 5_3,pg,1xx,L2
209403,8,12,0,4,SISIISII,not tested,150.00 150.00 90.00 210.00 60.00 150.00 210.00 60.00,1.0000 0.5517 1.0000 0.5517 0.5517 1.0000 0.5517 0.5517,0 1 0 1 1 0 1 1,0 0 1 0 0 1 0 0,"2,6",,no (tile),,,,60.00,,0.5517,,3 4,yes,5_3 5_3,pg,1xx,L2
209403,8,12,1,7,ISISSISS,not tested,88.01 211.99 88.01 148.01 60.00 271.99 88.01 123.98,1.0000 1.0898 1.0000 1.0898 1.0898 1.0000 1.0898 1.0898,0 1 0 1 1 0 1 1,0 0 0 1 1 0 1 0,"2,6",,no (tile),,,,60.00,,0.9176,,3 4,yes,5_3 5_3,pg,1xx,L2
209471,8,0,0,0,SJIIIIIJ,not tested,90.00 90.00 90.00 180.00 180.00 180.00 180.00 90.00,1.0000 1.0000 0.2000 0.2000 0.2000 0.2000 0.2000 1.0000,0 1 2 2 2 2 2 1,0 0 0 0 0 0 0 3,1,,no (tile),,,,90.00,,0.2000,,3 4,yes,5_3 5_3,pg,1xx,hand
209471,8,0,0,2,UJUJJJJJ,not tested,42.24 137.76 103.79 76.21 146.03 213.97 146.03 213.97,1.0000 0.2675 1.0000 0.2675 0.2675 0.2675 0.2675 0.2675,0 1 0 1 1 1 1 1,0 0 2 3 1 3 1 3,5,,no (tile),,,,42.24,,0.2675,,3 4,yes,5_3 5_3,pg,1xx,hand
209471,8,1,0,0,SJIIIIIJ,not tested,90.00 90.00 90.00 180.00 180.00 180.00 180.00 90.00,1.0000 1.0000 0.2000 0.2000 0.2000 0.2000 0.2000 1.0000,0 1 2 2 2 2 2 1,0 0 0 0 0 0 0 3,1,,no (tile),,,,90.00,,0.2000,,3 4,yes,5_3 5_3,pg,1xx,hand
209471,8,2,0,0,SJIIIIIJ,not tested,90.00 90.00 90.00 180.00 180.00 180.00 180.00 90.00,1.0000 1.0000 0.2000 0.2000 0.2000 0.2000 0.2000 1.0000,0 1 2 2 2 2 2 1,0 0 0 0 0 0 0 3,1,,no (tile),,,,90.00,,0.2000,,3 4,yes,5_3 5_3,pg,1xx,hand
209471,8,3,0,0,SJIIIIIJ,not tested,90.00 90.00 90.00 180.00 180.00 180.00 180.00 90.00,1.0000 1.0000 0.2000 0.2000 0.2000 0.2000 0.2000 1.0000,0 1 2 2 2 2 2 1,0 0 0 0 0 0 0 3,1,,no (tile),,,,90.00,,0.2000,,3 4,yes,5_3 5_3,pg,1xx,hand
209471,8,3,0,6,UJJJJJUJ,not tested,176.72 3.28 270.49 89.51 270.49 89.51 93.77 86.23,1.0000 0.4704 0.4704 0.4704 0.4704 0.4704 1.0000 0.4704,0 1 1 1 1 1 0 1,0 0 2 0 2 0 2 3,5,,no (tile),,,,3.28,,0.4704,,3 4,yes,5_3 5_3,pg,1xx,hand
209471,8,6,0,2,UUUUUUUU,not tested,80.51 180.00 99.49 180.00 80.51 99.49 260.51 99.49,1.0000 1.0000 1.0000 1.0000 1.0000 1.0000 1.0000 1.0000,0 1 1 0 1 1 1 1,0 0 2 2 2 0 2 0,5,,no (tile),,,,80.51,,1.0000,,3 4,yes,5_3 5_3,pg,1xx,hand
209471,8,7,1,0,JJJJJJJJ,not tested,90.00 180.00 90.00 90.00 270.00 90.00 90.00 180.00,1.0000 1.0000 1.0000 1.0000 1.0000 1.0000 1.0000 1.0000,0 0 0 0 0 0 0 0,0 3 2 1 0 3 2 1,2,,no (tile),,,,90.00,,1.0000,,3 4,yes,5_3 5_3,pg,1xx,hand
209471,8,7,1,5,JJJJJJJJ,not needed (covering theorem),68.04 171.96 120.00 120.00 188.04 51.96 188.04 171.96,1.0000 1.0000 1.0000 1.0000 1.0000 1.0000 1.0000 1.0000,0 0 0 0 0 0 0 0,0 2 2 2 0 1 3 1,,,YES,2,"3,4,5",2,51.96,,1.0000,,3 4,yes,5_3 5_3,pg,1xx,hand
209471,8,7,1,7,JJJJJJJJ,not needed (covering theorem),120.00 171.98 68.02 171.98 188.02 51.98 188.02 120.00,1.0000 1.0000 1.0000 1.0000 1.0000 1.0000 1.0000 1.0000,0 0 0 0 0 0 0 0,0 2 3 1 3 2 0 0,,,YES,2,"3,4,5",2,51.98,,1.0000,,3 4,yes,5_3 5_3,pg,1xx,hand
209471,8,8,0,6,UUUUUUUU,not tested,95.84 180.00 84.16 95.84 264.16 95.84 84.16 180.00,1.0000 1.0000 1.0000 1.0000 1.0000 1.0000 1.0000 1.0000,0 1 0 0 0 0 1 0,0 0 0 2 0 2 2 2,5,,no (tile),,,,84.16,,1.0000,,3 4,yes,5_3 5_3,pg,1xx,hand
209471,8,9,0,2,UUUUUUUU,not tested,104.97 180.00 75.03 180.00 104.97 180.00 75.03 180.00,1.0000 0.2675 0.2675 1.0000 0.2675 1.0000 1.0000 0.2675,0 1 1 0 1 0 0 1,0 0 2 2 2 2 0 0,"4,5",,no (tile),,,,75.03,,0.2675,,3 4,yes,5_3 5_3,pg,1xx,hand
209471,8,9,0,6,UUUUUUUU,not tested,90.00 180.00 90.00 180.00 90.00 180.00 90.00 180.00,1.0000 0.2675 1.0000 0.2675 0.2675 1.0000 0.2675 1.0000,0 1 0 1 1 0 1 0,0 0 0 0 2 2 2 2,"4,5,9",,no (tile),,,,90.00,,0.2675,,3 4,yes,5_3 5_3,pg,1xx,hand
209471,8,9,1,0,UUUUUUUU,not tested,101.84 180.00 78.16 180.00 101.84 180.00 78.16 180.00,1.0000 0.2675 0.2675 1.0000 0.2675 1.0000 1.0000 0.2675,0 1 1 0 1 0 0 1,0 0 0 0 2 2 2 2,"3,4,5",,no (tile),,,,78.16,,0.2675,,3 4,yes,5_3 5_3,pg,1xx,hand
209471,8,9,1,4,UUUUUUUU,not tested,107.17 180.00 72.83 180.00 107.17 180.00 72.83 180.00,1.0000 0.2675 1.0000 0.2675 0.2675 1.0000 0.2675 1.0000,0 1 0 1 1 0 1 0,0 0 2 2 2 2 0 0,"3,4,5",,no (tile),,,,72.83,,0.2675,,3 4,yes,5_3 5_3,pg,1xx,hand
209472,8,0,1,1,IJIIIIIJ,not tested,90.00 90.00 90.00 180.00 180.00 180.00 180.00 90.00,1.0000 1.0000 0.2000 0.2000 0.2000 0.2000 0.2000 1.0000,0 1 2 2 2 2 2 1,0 0 0 0 0 0 0 3,1,,no (tile),,,,90.00,,0.2000,,3 4,yes,5_3 5_3,p1,o1,hand
209472,8,0,1,3,JJJJJJJJ,not tested,42.24 137.76 103.79 76.21 146.03 213.97 146.03 213.97,1.0000 0.2675 1.0000 0.2675 0.2675 0.2675 0.2675 0.2675,0 1 0 1 1 1 1 1,0 0 2 3 1 3 1 3,5,,no (tile),,,,42.24,,0.2675,,3 4,yes,5_3 5_3,p1,o1,hand
209472,8,1,1,1,IJIIIIIJ,not tested,90.00 90.00 90.00 180.00 180.00 180.00 180.00 90.00,1.0000 1.0000 0.2000 0.2000 0.2000 0.2000 0.2000 1.0000,0 1 2 2 2 2 2 1,0 0 0 0 0 0 0 3,1,,no (tile),,,,90.00,,0.2000,,3 4,yes,5_3 5_3,p1,o1,hand
209472,8,2,1,1,IJIIIIIJ,not tested,90.00 90.00 90.00 180.00 180.00 180.00 180.00 90.00,1.0000 1.0000 0.2000 0.2000 0.2000 0.2000 0.2000 1.0000,0 1 2 2 2 2 2 1,0 0 0 0 0 0 0 3,1,,no (tile),,,,90.00,,0.2000,,3 4,yes,5_3 5_3,p1,o1,hand
209472,8,3,1,1,IJIIIIIJ,not tested,90.00 90.00 90.00 180.00 180.00 180.00 180.00 90.00,1.0000 1.0000 0.2000 0.2000 0.2000 0.2000 0.2000 1.0000,0 1 2 2 2 2 2 1,0 0 0 0 0 0 0 3,1,,no (tile),,,,90.00,,0.2000,,3 4,yes,5_3 5_3,p1,o1,hand
209472,8,3,1,7,JJJJJJJJ,not tested,176.72 3.28 270.49 89.51 270.49 89.51 93.77 86.23,1.0000 0.4704 0.4704 0.4704 0.4704 0.4704 1.0000 0.4704,0 1 1 1 1 1 0 1,0 0 2 0 2 0 2 3,5,,no (tile),,,,3.28,,0.4704,,3 4,yes,5_3 5_3,p1,o1,hand
209472,8,6,1,4,JJJJJJJJ,not tested,89.36 180.00 90.64 180.00 89.36 90.64 269.36 90.64,1.0000 1.0000 1.0000 1.0000 1.0000 1.0000 1.0000 1.0000,0 0 0 0 0 0 0 0,0 0 2 2 3 1 3 1,"4,5",,no (tile),,,,89.36,,1.0000,,3 4,yes,5_3 5_3,p1,o1,hand
209472,8,7,0,3,SSSSSSSS,not needed (covering theorem),428.02 -548.02 -600.00 480.00 908.02 51.98 908.02 -548.02,1.0000 0.8691 0.8691 0.8691 1.0000 0.8691 1.0000 0.8691,0 1 1 1 0 1 0 1,0 0 0 0 0 0 0 0,,,YES,2,"1,4",2,51.98,,0.8691,,3 4,yes,5_3 5_3,p1,o1,hand
209472,8,7,0,5,SSSSSSSS,not needed (covering theorem),-4560.00 171.99 68.01 171.99 188.01 4731.99 188.01 120.00,1.0000 1.1516 1.0000 1.1516 1.0000 1.1516 1.0000 1.0000,0 1 0 1 0 1 0 0,0 0 0 0 0 0 0 0,,,YES,2,"1,4",2,51.99,,0.8683,,3 4,yes,5_3 5_3,p1,o1,hand
209472,8,7,0,6,JJJJJJJJ,not needed (covering theorem),-810.00 -900.00 990.00 -450.00 -630.00 630.00 990.00 1260.00,1.0000 1.0000 1.0000 1.0000 1.0000 1.0000 1.0000 1.0000,0 0 0 0 0 0 0 0,0 3 0 3 0 3 0 3,,,YES,2,4,2,90.00,,1.0000,,3 4,yes,5_3 5_3,p1,o1,hand
209472,8,8,1,0,JJJJJJJJ,not tested,81.49 180.00 98.51 81.49 278.51 81.49 98.51 180.00,1.0000 1.0000 1.0000 1.0000 1.0000 1.0000 1.0000 1.0000,0 0 0 0 0 0 0 0,0 0 1 3 1 3 2 2,"4,5",,no (tile),,,,81.49,,1.0000,,3 4,yes,5_3 5_3,p1,o1,hand
209472,8,9,0,2,JJJJJJJJ,not tested,90.79 180.00 89.21 180.00 90.79 180.00 89.21 180.00,1.0000 1.0000 1.0000 1.0000 1.0000 1.0000 1.0000 1.0000,0 0 0 0 0 0 0 0,0 0 3 3 3 3 0 0,4,,no (tile),,,,89.21,,1.0000,,3 4,yes,5_3 5_3,p1,o1,hand
209472,8,9,0,6,JJJJJJJJ,not tested,75.39 180.00 104.61 180.00 75.39 180.00 104.61 180.00,1.0000 1.0000 1.0000 1.0000 1.0000 1.0000 1.0000 1.0000,0 0 0 0 0 0 0 0,0 0 0 0 3 3 3 3,4,,no (tile),,,,75.39,,1.0000,,3 4,yes,5_3 5_3,p1,o1,hand
209472,8,9,1,0,JJJJJJJJ,not tested,75.39 180.00 104.61 180.00 75.39 180.00 104.61 180.00,1.0000 1.0000 1.0000 1.0000 1.0000 1.0000 1.0000 1.0000,0 0 0 0 0 0 0 0,0 0 1 1 3 3 2 2,"3,4,5",,no (tile),,,,75.39,,1.0000,,3 4,yes,5_3 5_3,p1,o1,hand
209472,8,9,1,4,JJJJJJJJ,not tested,90.79 180.00 89.21 180.00 90.79 180.00 89.21 180.00,1.0000 1.0000 1.0000 1.0000 1.0000 1.0000 1.0000 1.0000,0 0 0 0 0 0 0 0,0 0 2 2 3 3 1 1,"3,4,5",,no (tile),,,,89.21,,1.0000,,3 4,yes,5_3 5_3,p1,o1,hand
209472,8,10,0,4,JJJJJJJJ,not tested,63.82 180.00 180.00 116.18 63.82 180.00 180.00 116.18,1.0000 1.0000 1.0000 0.2675 1.0000 1.0000 1.0000 0.2675,0 0 0 3 0 0 0 3,0 0 0 0 3 3 3 3,4,,no (tile),,,,63.82,,0.2675,,3 4,yes,5_3 5_3,p1,o1,hand
209472,8,10,1,2,JJJJJJJJ,not tested,79.83 280.17 79.83 100.17 180.00 79.83 180.00 100.17,1.0000 1.0000 1.0000 1.0000 1.0000 1.0000 1.0000 1.0000,0 0 0 0 0 0 0 0,0 2 0 1 1 3 3 2,"4,5",,no (tile),,,,79.83,,1.0000,,3 4,yes,5_3 5_3,p1,o1,hand
209472,8,10,1,7,JJJJJJJJ,not tested,63.82 180.00 180.00 116.18 63.82 180.00 180.00 116.18,1.0000 1.0000 1.0000 0.2675 1.0000 1.0000 1.0000 0.2675,0 0 0 3 0 0 0 3,0 0 0 0 2 2 2 3,5,,no (tile),,,,63.82,,0.2675,,3 4,yes,5_3 5_3,p1,o1,hand
209472,8,11,0,4,JJJJJJJJ,not tested,63.82 180.00 180.00 116.18 63.82 180.00 180.00 116.18,1.0000 1.0000 1.0000 0.2675 1.0000 1.0000 1.0000 0.2675,0 0 0 3 0 0 0 3,0 0 0 0 3 3 3 3,4,,no (tile),,,,63.82,,0.2675,,3 4,yes,5_3 5_3,p1,o1,hand
209472,8,11,1,4,JJJJJJJJ,not tested,91.20 88.80 271.20 88.80 91.20 180.00 88.80 180.00,1.0000 1.0000 1.0000 1.0000 1.0000 1.0000 1.0000 1.0000,0 0 0 0 0 0 0 0,0 2 0 2 3 3 1 1,"4,5",,no (tile),,,,88.80,,1.0000,,3 4,yes,5_3 5_3,p1,o1,hand
209472,8,11,1,7,JJJJJJJJ,not tested,63.82 180.00 180.00 116.18 63.82 180.00 180.00 116.18,1.0000 1.0000 1.0000 0.2675 1.0000 1.0000 1.0000 0.2675,0 0 0 3 0 0 0 3,0 0 0 0 2 2 2 3,5,,no (tile),,,,63.82,,0.2675,,3 4,yes,5_3 5_3,p1,o1,hand
209516,8,0,1,1,ISSSSSSS,not tested,175.65 115.65 8.70 291.30 68.70 291.30 68.70 60.00,1.0000 0.7188 0.7188 0.7188 0.7188 0.7188 0.7188 0.7188,0 1 1 1 1 1 1 1,0 0 1 0 1 0 1 1,"1,6",,no (tile),,,,8.70,,0.7188,,3 4,yes,5_3 5_3,pg,1xx,hand
209516,8,1,0,3,IIIIIIII,not tested,180.00 141.02 116.93 141.02 63.07 218.98 180.00 38.98,1.0000 0.9522 0.9522 1.0000 0.9522 1.0000 0.9522 0.9522,0 1 1 0 1 0 1 1,0 0 0 0 0 0 0 0,2,,no (tile),,,,38.98,,0.9522,,3 4,yes,5_3 5_3,pg,1xx,hand
209516,8,1,1,2,JJJJJJJJ,not needed (covering theorem),523.87 -245.83 81.97 -163.87 409.64 -49.64 409.64 114.23,1.0000 1.0000 1.0000 1.0000 1.0000 1.0000 1.0000 1.0000,0 0 0 0 0 0 0 0,0 2 3 3 1 3 1 0,,,YES,2,"4,5",2,49.64,,1.0000,,3 4,yes,5_3 5_3,pg,1xx,hand
209516,8,2,0,2,ISIIIISS,not tested,193.27 133.27 106.73 60.00 300.00 60.00 166.73 60.00,1.0000 0.7294 1.0000 1.0000 1.0000 1.0000 0.7294 0.7294,0 1 0 0 0 0 1 1,0 0 0 0 0 0 1 1,6,,no (tile),,,,60.00,,0.7294,,3 4,yes,5_3 5_3,pg,1xx,hand
209516,8,2,0,5,JJUJJJUJ,not tested,215.46 95.42 29.98 245.44 144.54 120.03 114.56 114.56,1.0000 1.0000 0.2675 1.0000 1.0000 1.0000 0.2675 1.0000,0 0 2 0 0 0 2 0,0 0 0 0 2 3 2 2,5,,no (tile),,,,29.98,,0.2675,,3 4,yes,5_3 5_3,pg,1xx,hand
209516,8,2,1,2,JJJJUJUJ,not tested,180.00 96.66 83.34 180.00 228.33 48.33 131.67 131.67,1.0000 1.0000 1.0000 1.0000 0.2675 1.0000 0.2675 1.0000,0 0 0 0 4 0 4 0,0 2 3 3 0 1 2 0,"3,4",,no (tile),,,,48.33,,0.2675,,3 4,yes,5_3 5_3,pg,1xx,hand
209516,8,3,0,0,SJJJJJSJ,not tested,153.95 61.87 144.18 215.82 144.18 215.82 29.80 114.37,1.0000 0.4161 0.4161 0.4161 0.4161 0.4161 1.2842 0.4161,0 1 1 1 1 1 6 1,0 0 2 0 2 0 0 2,6,,no (tile),,,,29.80,,0.3240,,3 4,yes,5_3 5_3,pg,1xx,hand
209516,8,3,0,2,JJJJJJJJ,not tested,113.85 118.70 61.30 184.85 175.15 184.85 175.15 66.15,1.0000 4.5144 1.0000 1.0000 1.0000 1.0000 1.0000 4.5144,0 1 0 0 0 0 0 1,0 0 3 1 3 1 3 2,5,,no (tile),,,,61.30,,0.2215,,3 4,yes,5_3 5_3,pg,1xx,hand
209516,8,4,0,3,ISSIISSS,not tested,204.65 96.65 252.00 47.35 108.00 155.35 108.00 108.00,1.0000 0.2819 0.2819 1.0000 1.0000 0.2819 0.2819 0.2819,0 1 1 0 0 1 1 1,0 0 0 0 0 1 1 1,6,,no (tile),,,,47.35,,0.2819,,3 4,yes,5_3 5_3,pg,1xx,hand
209516,8,4,0,5,UUUUUUUU,not tested,180.00 60.00 240.00 60.00 180.00 120.00 120.00 120.00,1.0000 1.0000 1.0000 1.0000 1.0000 1.0000 1.0000 1.0000,0 0 0 0 0 0 0 0,0 0 0 0 2 2 2 2,"1,2,3,4,5,6",,no (tile),,,,60.00,,1.0000,,3 4,yes,5_3 5_3,pg,1xx,hand
209516,8,4,0,6,UUUUUUUU,not tested,144.00 72.00 216.00 72.00 108.00 288.00 36.00 144.00,1.0000 1.0000 1.0000 1.0000 1.0000 1.0000 1.0000 1.0000,0 0 0 0 0 0 0 0,0 0 0 0 2 2 2 2,3,,no (tile),,,,36.00,,1.0000,,3 4,yes,5_3 5_3,pg,1xx,hand
209516,8,4,1,1,ISSSSSSS,not tested,167.66 59.66 252.00 24.69 227.31 132.69 108.00 108.00,1.0000 0.6610 0.6610 0.6610 0.6610 0.6610 0.6610 0.6610,0 1 1 1 1 1 1 1,0 0 0 1 0 1 1 1,6,,no (tile),,,,24.69,,0.6610,,3 4,yes,5_3 5_3,pg,1xx,hand
209516,8,4,1,7,JJUUJUJU,not tested,174.20 79.21 265.02 21.58 185.80 94.98 164.23 94.98,1.0000 1.0000 0.2675 0.2675 1.0000 0.2675 1.0000 0.2675,0 0 2 2 0 2 0 2,0 0 0 0 2 2 2 2,5,,no (tile),,,,21.58,,0.2675,,3 4,yes,5_3 5_3,pg,1xx,hand
209516,8,5,0,6,UUUUUUUU,not tested,180.00 60.00 240.00 60.00 180.00 120.00 120.00 120.00,1.0000 1.0000 0.2675 0.2675 1.0000 0.2675 1.0000 0.2675,0 0 2 2 0 2 0 2,0 0 0 0 2 2 2 2,"4,5",,no (tile),,,,60.00,,0.2675,,3 4,yes,5_3 5_3,pg,1xx,hand
209516,8,5,1,0,JJJJJJJJ,not needed (covering theorem),-3113.13 1530.00 -2700.00 413.13 -1170.00 1530.00 1530.00 3060.00,1.0000 1.0000 1.0000 1.0000 1.0000 1.0000 1.0000 1.0000,0 0 0 0 0 0 0 0,0 3 0 2 1 2 1 2,,,YES,2,5,2,53.13,,1.0000,,3 4,yes,5_3 5_3,pg,1xx,hand
209516,8,5,1,1,ISUUSUSU,not tested,120.00 34.33 205.67 120.00 205.67 154.33 85.67 154.33,1.0000 0.4721 0.1101 0.1101 0.4721 0.1101 0.4721 0.1101,0 1 2 2 1 2 1 2,0 0 0 0 1 2 1 2,"1,6",,no (tile),,,,34.33,,0.1101,,3 4,yes,5_3 5_3,pg,1xx,hand
209516,8,5,1,3,USUSUISU,not tested,120.00 129.72 230.28 9.72 230.28 120.00 110.28 129.72,1.0000 1.3597 1.0000 1.3597 1.0000 1.0577 1.3597 1.0000,0 1 0 1 0 5 1 0,0 0 2 0 2 0 1 0,"1,6",,no (tile),,,,9.72,,0.7355,,3 4,yes,5_3 5_3,pg,1xx,hand
209516,8,5,1,4,JJJJJJJJ,not needed (covering theorem),-3780.00 -413.13 -1710.00 2070.00 2070.00 4140.00 -3366.87 2070.00,1.0000 1.0000 1.0000 1.0000 1.0000 1.0000 1.0000 1.0000,0 0 0 0 0 0 0 0,0 2 1 2 1 2 0 3,,,YES,2,5,2,53.13,,1.0000,,3 4,yes,5_3 5_3,pg,1xx,hand
209516,8,6,1,4,JUJUJJJJ,not needed (covering theorem),104.47 180.00 75.54 180.00 104.47 75.52 284.48 75.52,1.0000 0.9997 1.0000 0.9997 1.0000 1.0000 1.0000 1.0000,0 1 0 1 0 0 0 0,0 0 2 2 2 0 2 0,,,YES,2,"4,5",2,75.52,,0.9997,,3 4,yes,5_3 5_3,pg,1xx,hand
209516,8,6,1,7,UUUUUUUU,not tested,120.00 180.00 180.00 60.00 120.00 180.00 180.00 60.00,1.0000 1.0000 1.0000 1.0000 1.0000 1.0000 1.0000 1.0000,0 0 0 0 0 0 0 0,0 0 0 0 2 2 2 2,"3,4,5,6",,no (tile),,,,60.00,,1.0000,,3 4,yes,5_3 5_3,pg,1xx,hand
209516,8,7,1,1,UUUUUUUU,not needed (covering theorem),136.96 223.04 -86.08 223.04 223.04 223.04 136.96 0.00,1.0000 1.0000 1.0000 0.5383 1.0000 1.0000 0.5383 1.0000,0 0 0 3 0 0 3 0,0 2 0 0 0 2 2 2,,,YES,2,"3,4,5",2,0.00,,0.5383,,3 4,yes,5_3 5_3,pg,1xx,hand
209516,8,7,1,5,UUUUUUUU,not needed (covering theorem),113.49 123.26 123.26 123.26 236.74 -0.00 236.74 123.26,1.0000 0.9032 1.0000 1.0000 0.9032 1.0000 1.0000 1.0000,0 1 0 0 1 0 0 0,0 0 0 2 2 2 0 2,,,YES,2,"4,5",2,0.00,,0.9032,,3 4,yes,5_3 5_3,pg,1xx,hand
209516,8,8,0,2,ISSIIIIS,not tested,108.86 168.86 60.00 191.14 60.00 300.00 60.00 131.14,1.0000 1.5469 1.5469 1.0000 1.0000 1.0000 1.0000 1.5469,0 1 1 0 0 0 0 1,0 0 0 0 0 0 0 1,6,,no (tile),,,,60.00,,0.6464,,3 4,yes,5_3 5_3,pg,1xx,hand
209516,8,8,0,5,JUJJJUJJ,not tested,193.36 224.27 57.64 101.91 166.64 135.73 135.73 64.72,1.0000 0.6509 1.0000 1.0000 1.0000 0.6509 1.0000 1.0000,0 1 0 0 0 1 0 0,0 0 0 0 2 2 3 2,5,,no (tile),,,,57.64,,0.6509,,3 4,yes,5_3 5_3,pg,1xx,hand
209516,8,8,1,4,JUJUJJJJ,not tested,180.00 226.93 46.93 133.07 133.07 180.00 93.86 86.14,1.0000 0.2675 1.0000 0.2675 1.0000 1.0000 1.0000 1.0000,0 1 0 1 0 0 0 0,0 0 2 2 3 3 1 0,"3,4",,no (tile),,,,46.93,,0.2675,,3 4,yes,5_3 5_3,pg,1xx,hand
209516,8,9,0,5,UUUUUUUU,not tested,60.00 240.00 60.00 180.00 120.00 120.00 120.00 180.00,1.0000 1.0000 1.0000 1.0000 1.0000 1.0000 1.0000 1.0000,0 0 0 0 0 0 0 0,0 0 0 2 2 2 2 0,"1,2,3,4,5,6",,no (tile),,,,60.00,,1.0000,,3 4,yes,5_3 5_3,pg,1xx,hand
209516,8,9,1,3,SSSSSISS,not tested,-77.46 185.46 174.54 252.00 252.00 218.73 -33.27 108.00,1.0000 1.0000 1.0000 1.0000 1.0000 3.1431 1.0000 1.0000,0 0 0 0 0 5 0 0,0 1 0 0 0 0 1 1,6,,no (tile),,,,33.27,,0.3182,,3 4,yes,5_3 5_3,pg,1xx,hand
209516,8,9,1,4,JUJUUJJU,not tested,207.42 114.54 48.67 245.46 103.91 152.58 92.88 114.54,1.0000 1.0374 1.0000 1.0374 1.0374 1.0000 1.0000 1.0374,0 1 0 1 1 0 0 1,0 0 2 2 2 2 0 0,3,,no (tile),,,,48.67,,0.9640,,3 4,yes,5_3 5_3,pg,1xx,hand
209516,8,9,1,5,JUUJUJUJ,not tested,71.38 255.24 37.24 183.86 104.76 146.62 104.76 176.14,1.0000 0.2675 0.2675 1.0000 0.2675 1.0000 0.2675 1.0000,0 1 1 0 1 0 1 0,0 0 0 2 2 2 2 0,5,,no (tile),,,,37.24,,0.2675,,3 4,yes,5_3 5_3,pg,1xx,hand
209516,8,10,1,2,JJJJUJUJ,not needed (covering theorem),284.47 75.53 284.47 -2264.47 180.00 2444.47 180.00 -104.47,1.0000 1.0000 1.0000 1.0000 1.0000 1.0000 1.0000 1.0000,0 0 0 0 4 0 4 0,0 2 0 0 0 2 2 2,,,YES,2,"3,4,5",2,75.53,,1.0000,,3 4,yes,5_3 5_3,pg,1xx,hand
209516,8,10,1,7,UUUUUUUU,not tested,120.00 180.00 180.00 60.00 120.00 180.00 180.00 60.00,1.0000 1.0000 1.0000 1.0000 1.0000 1.0000 1.0000 1.0000,0 0 0 0 0 0 0 0,0 0 0 0 2 2 2 2,"3,4,5,6",,no (tile),,,,60.00,,1.0000,,3 4,yes,5_3 5_3,pg,1xx,hand
209516,8,11,0,3,IIIIIIII,not tested,125.65 138.12 180.00 41.88 180.00 221.88 54.35 138.12,1.0000 1.6010 1.0000 1.0000 1.6010 1.0000 1.6010 1.0000,0 1 0 0 1 0 1 0,0 0 0 0 0 0 0 0,2,,no (tile),,,,41.88,,0.6246,,3 4,yes,5_3 5_3,pg,1xx,hand
209516,8,11,1,4,JJJJJJJJ,not needed (covering theorem),196.13 49.63 310.37 49.63 114.24 163.87 114.15 81.98,1.0000 1.0000 1.0000 1.0000 1.0000 1.0000 1.0000 1.0000,0 0 0 0 0 0 0 0,0 2 0 2 3 3 1 0,,,YES,2,"3,4,5",2,49.63,,1.0000,,3 4,yes,5_3 5_3,pg,1xx,hand
209516,8,12,1,5,SSSSSSIS,not tested,17.36 282.64 77.36 282.64 77.36 60.00 171.32 111.32,1.0000 1.0000 1.0000 1.0000 1.0000 1.0000 1.7726 1.0000,0 0 0 0 0 0 6 0,0 1 0 1 0 0 0 1,"1,6",,no (tile),,,,17.36,,0.5642,,3 4,yes,5_3 5_3,pg,1xx,hand
600158,8,4,1,0,IIIIIIII,not tested,90.78 180.00 89.22 180.00 90.78 89.22 270.78 89.22,1.0000 1.0000 1.0000 1.0000 1.0000 1.0000 1.0000 1.0000,0 1 1 0 1 1 1 1,0 0 0 0 0 0 0 0,"1,2,3,4,5,6",,no (tile),,,,89.22,,1.0000,,3 4,yes,5_2 6_2,pmg,22*,hand
600158,8,4,1,6,IIJJJJJJ,not needed (covering theorem),-90.02 180.00 270.02 -147.20 294.36 65.64 294.36 212.84,1.0000 1.3323 0.9799 1.0758 1.0758 1.0758 1.0758 0.9799,0 1 2 3 3 3 3 2,0 0 0 0 2 0 2 3,,,YES,2,4,2,65.64,,0.7355,,3 4,yes,5_2 6_2,pmg,22*,hand
600158,8,5,0,0,IIIIIIII,not tested,60.00 180.00 120.00 120.00 180.00 60.00 180.00 180.00,1.0000 1.1471 1.1471 1.1471 1.0000 1.1471 1.0000 1.1471,0 1 1 1 0 1 0 1,0 0 0 0 0 0 0 0,2,,no (tile),,,,60.00,,0.8718,,3 4,yes,5_2 6_2,pmg,22*,hand
600158,8,5,0,2,IIIIIIII,not tested,120.00 180.00 60.00 180.00 180.00 60.00 180.00 120.00,1.0000 0.2675 1.0000 0.2675 1.0000 0.2675 1.0000 1.0000,0 1 0 1 0 1 0 0,0 0 0 0 0 0 0 0,2,,no (tile),,,,60.00,,0.2675,,3 4,yes,5_2 6_2,pmg,22*,hand
600158,8,5,0,3,IISSIISS,not needed (covering theorem),90.00 180.00 90.00 90.00 270.00 90.00 90.00 180.00,1.0000 1.0000 1.0000 1.0000 1.0000 1.0000 1.0000 1.0000,0 0 2 2 0 0 2 2,0 0 0 0 0 0 0 0,,,YES,2,"1,2",2,90.00,,1.0000,,3 4,yes,5_2 6_2,pmg,22*,hand
600158,8,5,1,0,IIJIIJJJ,not needed (covering theorem),65.88 180.00 114.12 114.11 180.00 65.89 179.99 180.01,1.0000 1.2616 0.9239 1.0000 1.2616 0.9239 0.9239 0.9239,0 1 2 0 1 2 2 2,0 0 0 0 0 3 1 3,,,YES,2,5,2,65.88,,0.7323,,3 4,yes,5_2 6_2,pmg,22*,hand
600158,8,5,1,2,IIJJJIIJ,not needed (covering theorem),114.10 180.00 65.90 180.01 179.99 65.91 180.00 114.09,1.0000 0.8890 0.7711 0.7711 0.7711 1.0000 0.8890 0.7711,0 1 2 2 2 0 1 2,0 0 0 2 0 0 0 3,,,YES,2,5,2,65.90,,0.7711,,3 4,yes,5_2 6_2,pmg,22*,hand
600158,8,6,1,2,IIIIIIII,not tested,90.78 180.00 89.22 90.78 269.22 90.78 89.22 180.00,1.0000 1.0000 1.0000 1.0000 1.0000 1.0000 1.0000 1.0000,0 1 0 0 0 0 1 0,0 0 0 0 0 0 0 0,"1,2,3,4,5,6",,no (tile),,,,89.22,,1.0000,,3 4,yes,5_2 6_2,pmg,22*,hand
600158,8,6,1,4,IIJJJJJJ,not needed (covering theorem),-90.02 180.00 270.02 -147.20 294.36 65.64 294.36 212.84,1.0000 1.3323 0.9799 1.0758 1.0758 1.0758 1.0758 0.9799,0 1 2 3 3 3 3 2,0 0 0 0 2 0 2 3,,,YES,2,4,2,65.64,,0.7355,,3 4,yes,5_2 6_2,pmg,22*,hand
600158,8,10,0,3,IIIIIIII,not tested,90.00 180.00 90.00 180.00 90.00 180.00 90.00 180.00,1.0000 1.0000 1.0000 1.0000 1.0000 1.0000 1.0000 1.0000,0 1 1 0 1 0 0 1,0 0 0 0 0 0 0 0,"1,2,3,4,5,6,9",,no (tile),,,,90.00,,1.0000,,3 4,yes,5_2 6_2,pmg,22*,hand
600158,8,10,0,7,IIIIIIII,not tested,90.00 180.00 90.00 180.00 90.00 180.00 90.00 180.00,1.0000 1.0000 1.0000 1.0000 1.0000 1.0000 1.0000 1.0000,0 1 0 1 1 0 1 0,0 0 0 0 0 0 0 0,"1,2,3,4,5,6,9",,no (tile),,,,90.00,,1.0000,,3 4,yes,5_2 6_2,pmg,22*,hand
600158,8,10,1,3,IIIIIIII,not tested,90.00 180.00 90.00 180.00 90.00 180.00 90.00 180.00,1.0000 1.0000 1.0000 1.0000 1.0000 1.0000 1.0000 1.0000,0 1 0 1 1 0 1 0,0 0 0 0 0 0 0 0,"1,2,3,4,5,6,9",,no (tile),,,,90.00,,1.0000,,3 4,yes,5_2 6_2,pmg,22*,hand
600158,8,10,1,7,IIIIIIII,not tested,90.00 180.00 90.00 180.00 90.00 180.00 90.00 180.00,1.0000 1.0000 1.0000 1.0000 1.0000 1.0000 1.0000 1.0000,0 1 1 0 1 0 0 1,0 0 0 0 0 0 0 0,"1,2,3,4,5,6,9",,no (tile),,,,90.00,,1.0000,,3 4,yes,5_2 6_2,pmg,22*,hand
600158,8,11,1,2,IIIJIIIJ,not tested,90.00 180.00 180.00 90.00 90.00 180.00 180.00 90.00,1.0000 1.0000 1.0000 1.0000 1.0000 1.0000 1.0000 1.0000,0 1 0 3 0 0 1 3,0 0 0 0 0 0 0 3,"1,4,5",,no (tile),,,,90.00,,1.0000,,3 4,yes,5_2 6_2,pmg,22*,hand
600158,8,12,0,1,IIIJIIIJ,not tested,90.00 180.00 180.00 90.00 90.00 180.00 180.00 90.00,1.0000 1.0000 1.0000 1.0000 1.0000 1.0000 1.0000 1.0000,0 1 0 3 0 0 1 3,0 0 0 0 0 0 0 3,"1,4,5",,no (tile),,,,90.00,,1.0000,,3 4,yes,5_2 6_2,pmg,22*,hand
600158,8,13,0,2,IIIJIIIJ,not tested,90.00 180.00 180.00 90.00 90.00 180.00 180.00 90.00,1.0000 1.0000 1.0000 1.0000 1.0000 1.0000 1.0000 1.0000,0 1 0 3 1 0 0 3,0 0 0 0 0 0 0 3,"1,4,5",,no (tile),,,,90.00,,1.0000,,3 4,yes,5_2 6_2,pmg,22*,hand
600158,8,14,1,1,IIIJIIIJ,not tested,90.00 180.00 180.00 90.00 90.00 180.00 180.00 90.00,1.0000 1.0000 1.0000 1.0000 1.0000 1.0000 1.0000 1.0000,0 1 0 3 1 0 0 3,0 0 0 0 0 0 0 3,"1,4,5",,no (tile),,,,90.00,,1.0000,,3 4,yes,5_2 6_2,pmg,22*,hand
600159,8,0,1,0,IIIIIIII,not tested,89.00 180.00 91.00 180.00 89.00 91.00 269.00 91.00,1.0000 1.0000 1.0000 1.0000 1.0000 1.0000 1.0000 1.0000,0 0 0 0 0 0 0 0,0 0 0 0 0 0 0 0,"1,2,3,4,5,6",,no (tile),,,,89.00,,1.0000,,3 4,yes,5_2 6_2,cm,1*x,hand
600159,8,0,1,6,IIJJJJJJ,not needed (covering theorem),90.00 180.00 90.00 148.38 63.23 296.77 63.23 148.39,1.0000 1.0000 0.8521 0.9538 0.9538 0.9538 0.9538 0.8521,0 0 2 3 3 3 3 2,0 0 0 0 2 0 2 3,,,YES,2,4,2,63.23,,0.8521,,3 4,yes,5_2 6_2,cm,1*x,hand
600159,8,1,0,0,IIIIIIII,not tested,60.00 180.00 120.00 120.00 180.00 60.00 180.00 180.00,1.0000 1.0000 1.0000 1.0000 1.0000 1.0000 1.0000 1.0000,0 0 0 0 0 0 0 0,0 0 0 0 0 0 0 0,"1,2,3,5,6",,no (tile),,,,60.00,,1.0000,,3 4,yes,5_2 6_2,cm,1*x,hand
600159,8,1,0,2,IIIIIIII,not tested,120.00 180.00 60.00 180.00 180.00 60.00 180.00 120.00,1.0000 1.0000 1.0000 1.0000 1.0000 1.0000 1.0000 1.0000,0 0 0 0 0 0 0 0,0 0 0 0 0 0 0 0,"1,2,3,5,6",,no (tile),,,,60.00,,1.0000,,3 4,yes,5_2 6_2,cm,1*x,hand
600159,8,1,0,3,IIUUIIUU,not needed (covering theorem),90.00 180.00 90.00 90.00 270.00 90.00 90.00 180.00,1.0000 1.0000 1.0000 1.0000 1.0000 1.0000 1.0000 1.0000,0 0 2 2 0 0 2 2,0 0 0 2 0 0 0 2,,,YES,2,"1,2,3",2,90.00,,1.0000,,3 4,yes,5_2 6_2,cm,1*x,hand
600159,8,1,1,0,IIJIIJJJ,not needed (covering theorem),-2454.12 180.00 2634.12 114.11 180.00 65.89 -2340.01 2700.01,1.0000 1.0000 0.8172 1.0000 1.0000 0.8172 0.8172 0.8172,0 0 2 0 0 2 2 2,0 0 0 0 0 3 1 3,,,YES,2,5,2,65.88,,0.8172,,3 4,yes,5_2 6_2,cm,1*x,hand
600159,8,1,1,2,IIJJJIIJ,not needed (covering theorem),-965.88 180.00 1145.88 -899.99 1259.99 65.89 180.00 114.11,1.0000 1.0000 0.8172 0.8172 0.8172 1.0000 1.0000 0.8172,0 0 2 2 2 0 0 2,0 0 0 2 0 0 0 3,,,YES,2,5,2,65.88,,0.8172,,3 4,yes,5_2 6_2,cm,1*x,hand
600159,8,2,1,2,IIIIIIII,not tested,89.00 180.00 91.00 89.00 271.00 89.00 91.00 180.00,1.0000 1.0000 1.0000 1.0000 1.0000 1.0000 1.0000 1.0000,0 0 0 0 0 0 0 0,0 0 0 0 0 0 0 0,"1,2,3,4,5,6",,no (tile),,,,89.00,,1.0000,,3 4,yes,5_2 6_2,cm,1*x,hand
600159,8,2,1,4,IIJJJJJJ,not needed (covering theorem),90.00 180.00 90.00 148.38 63.23 296.77 63.23 148.39,1.0000 1.0000 0.8521 0.9538 0.9538 0.9538 0.9538 0.8521,0 0 2 3 3 3 3 2,0 0 0 0 2 0 2 3,,,YES,2,4,2,63.23,,0.8521,,3 4,yes,5_2 6_2,cm,1*x,hand
600159,8,3,0,2,IIIIIIII,not tested,90.00 180.00 90.00 90.00 240.00 90.00 30.00 270.00,1.0000 1.0000 1.7321 1.0000 1.0000 1.7321 1.0000 1.7321,0 0 2 0 0 2 0 2,0 0 0 0 0 0 0 0,"1,2",,no (tile),,,,30.00,,0.5774,,3 4,yes,5_2 6_2,cm,1*x,hand
600159,8,3,1,4,IIIIIIII,not tested,60.00 180.00 120.00 180.00 90.00 90.00 180.00 180.00,1.0000 1.0000 1.0000 1.0000 1.7321 1.0000 1.0000 1.0000,0 0 0 0 4 0 0 0,0 0 0 0 0 0 0 0,"1,2,6",,no (tile),,,,60.00,,0.5774,,3 4,yes,5_2 6_2,cm,1*x,hand
600159,8,3,1,6,IIIIIIII,not tested,120.00 180.00 60.00 180.00 180.00 90.00 90.00 180.00,1.0000 1.0000 1.0000 1.0000 1.0000 1.7321 1.0000 1.0000,0 0 0 0 0 5 0 0,0 0 0 0 0 0 0 0,"1,2,6",,no (tile),,,,60.00,,0.5774,,3 4,yes,5_2 6_2,cm,1*x,hand
600159,8,4,0,3,IIIIIIII,not tested,90.00 180.00 90.00 180.00 90.00 180.00 90.00 180.00,1.0000 1.0000 1.0000 1.0000 1.0000 1.0000 1.0000 1.0000,0 0 0 0 0 0 0 0,0 0 0 0 0 0 0 0,"1,2,3,4,5,6,9",,no (tile),,,,90.00,,1.0000,,3 4,yes,5_2 6_2,cm,1*x,hand
600159,8,4,0,7,IIIIIIII,not tested,90.00 180.00 90.00 180.00 90.00 180.00 90.00 180.00,1.0000 1.0000 1.0000 1.0000 1.0000 1.0000 1.0000 1.0000,0 0 0 0 0 0 0 0,0 0 0 0 0 0 0 0,"1,2,3,4,5,6,9",,no (tile),,,,90.00,,1.0000,,3 4,yes,5_2 6_2,cm,1*x,hand
600159,8,4,1,3,IIIIIIII,not tested,90.00 180.00 90.00 180.00 90.00 180.00 90.00 180.00,1.0000 1.0000 1.0000 1.0000 1.0000 1.0000 1.0000 1.0000,0 0 0 0 0 0 0 0,0 0 0 0 0 0 0 0,"1,2,3,4,5,6,9",,no (tile),,,,90.00,,1.0000,,3 4,yes,5_2 6_2,cm,1*x,hand
600159,8,4,1,7,IIIIIIII,not tested,90.00 180.00 90.00 180.00 90.00 180.00 90.00 180.00,1.0000 1.0000 1.0000 1.0000 1.0000 1.0000 1.0000 1.0000,0 0 0 0 0 0 0 0,0 0 0 0 0 0 0 0,"1,2,3,4,5,6,9",,no (tile),,,,90.00,,1.0000,,3 4,yes,5_2 6_2,cm,1*x,hand
600180,8,4,1,2,IJIJJJJJ,not tested,74.00 106.00 117.08 62.92 180.00 234.16 180.00 125.84,1.0000 0.1918 0.7304 0.1918 0.1918 0.1918 0.1918 0.1918,0 1 2 1 1 1 1 1,0 0 0 3 0 1 2 3,1,,no (tile),,,,62.92,,0.1918,,3 4,yes,5_3 6_3,pmg,22*,L2
600180,8,5,1,7,IJJJJJIJ,not tested,65.63 114.37 41.76 180.00 318.24 180.00 20.88 159.12,1.0000 0.4937 0.4937 0.4937 0.4937 0.4937 0.7103 0.4937,0 1 1 1 1 1 6 1,0 0 1 2 3 0 0 3,1,,no (tile),,,,20.88,,0.4937,,3 4,yes,5_3 6_3,pmg,22*,L2
600180,8,16,1,3,IIJIJIJJ,not tested,16.74 180.00 163.26 94.07 94.07 163.26 196.74 171.87,1.0000 0.2675 0.4890 0.2675 0.4890 0.2675 0.4890 0.4890,0 1 2 3 2 1 2 2,0 0 0 0 1 0 2 3,"1,6",,no (tile),,,,16.74,,0.2675,,3 4,yes,5_3 6_3,pmg,22*,L2
600180,8,16,1,4,IIIIIIII,not tested,61.89 180.00 118.11 61.89 236.22 61.89 298.11 61.89,1.0000 2.0000 1.8846 1.0000 1.0000 1.8846 1.0000 1.8846,0 1 2 0 0 2 0 2,0 0 0 0 0 0 0 0,"1,6",,no (tile),,,,61.89,,0.5000,,3 4,yes,5_3 6_3,pmg,22*,L2
600180,8,18,0,2,IIJIJIJJ,not tested,155.64 180.00 24.36 263.56 24.36 263.56 96.44 72.08,1.0000 1.1104 1.1534 1.1104 1.1534 1.1104 1.1534 1.1534,0 1 2 1 2 1 2 2,0 0 0 0 0 0 3 3,1,,no (tile),,,,24.36,,0.8670,,3 4,yes,5_3 6_3,pmg,22*,L2
600180,8,18,0,3,IIIIIIII,not tested,72.00 180.00 108.00 144.00 72.00 144.00 288.00 72.00,1.0000 1.2361 1.0000 1.0000 1.0000 1.0000 1.0000 1.0000,0 1 0 0 0 0 0 0,0 0 0 0 0 0 0 0,"2,6",,no (tile),,,,72.00,,0.8090,,3 4,yes,5_3 6_3,pmg,22*,L2
600180,8,19,1,2,IIJJIJIJ,not tested,132.21 180.00 47.79 178.64 133.57 226.43 47.79 133.57,1.0000 0.9783 0.6732 0.6732 0.9783 0.6732 0.9783 0.6732,0 1 2 2 1 2 1 2,0 0 0 2 0 1 0 3,1,,no (tile),,,,47.79,,0.6732,,3 4,yes,5_3 6_3,pmg,22*,L2
600180,8,19,1,3,IIJIJIJJ,not tested,64.55 180.00 115.45 112.73 112.73 295.45 64.55 134.54,1.0000 2.1123 1.6613 0.1247 1.6613 1.0000 1.6613 1.6613,0 1 2 3 2 0 2 2,0 0 0 0 1 0 2 3,"1,6",,no (tile),,,,64.55,,0.0590,,3 4,yes,5_3 6_3,pmg,22*,L2
600180,8,21,1,0,IIJIJIJJ,not tested,58.32 180.00 121.68 144.11 58.32 215.89 144.11 157.57,1.0000 1.4515 0.8505 1.0000 0.8505 1.0000 0.8505 0.8505,0 1 2 0 2 0 2 2,0 0 0 0 2 0 1 3,1,,no (tile),,,,58.32,,0.5859,,3 4,yes,5_3 6_3,pmg,22*,L2
600180,8,22,0,0,IIJJIJIJ,not tested,99.69 180.00 80.31 108.78 208.47 151.53 99.69 151.53,1.0000 2.2225 1.0673 1.0673 1.0000 1.0673 1.0000 1.0673,0 1 2 2 0 2 0 2,0 0 0 0 0 3 0 3,1,,no (tile),,,,80.31,,0.4499,,3 4,yes,5_3 6_3,pmg,22*,L2
600180,8,22,0,7,IIIIIIII,not tested,108.00 180.00 72.00 72.00 288.00 144.00 72.00 144.00,1.0000 0.8090 0.8090 0.8090 0.8090 0.8090 0.8090 0.8090,0 1 1 1 1 1 1 1,0 0 0 0 0 0 0 0,"2,6",,no (tile),,,,72.00,,0.8090,,3 4,yes,5_3 6_3,pmg,22*,L2
600180,8,24,1,6,IIIIIIII,not tested,118.13 180.00 61.87 61.87 298.13 61.87 236.27 61.87,1.0000 0.5000 0.9431 0.5000 0.9431 0.5000 0.5000 0.9431,0 1 2 1 2 1 1 2,0 0 0 0 0 0 0 0,"1,6",,no (tile),,,,61.87,,0.5000,,3 4,yes,5_3 6_3,pmg,22*,L2
600180,8,24,1,7,IIJJIJIJ,not tested,109.58 180.00 70.42 109.28 250.42 109.58 125.36 125.36,1.0000 1.7001 0.8532 0.8532 1.0000 0.8532 1.1379 0.8532,0 1 2 2 0 2 6 2,0 0 0 1 0 2 0 3,"1,6",,no (tile),,,,70.42,,0.5019,,3 4,yes,5_3 6_3,pmg,22*,L2
600181,8,0,0,2,IIJIJIJJ,not needed (covering theorem),130.50 180.00 49.50 220.50 40.50 229.50 139.50 90.00,1.0000 1.0000 0.7093 1.0000 0.7093 1.0000 0.7093 0.7093,0 0 2 0 2 0 2 2,0 0 0 0 1 0 3 3,,,YES,2,"2,3",2,40.50,,0.7093,,3 4,yes,5_3 6_3,cm,1*x,L2
600181,8,2,0,0,IIJJIJIJ,not needed (covering theorem),-39.15 180.00 219.15 270.00 230.85 140.85 -50.85 129.15,1.0000 1.0000 0.7107 0.7107 1.0000 0.7107 1.0000 0.7107,0 0 2 2 0 2 0 2,0 0 0 0 0 2 0 3,,,YES,2,"2,3",2,39.15,,0.7107,,3 4,yes,5_3 6_3,cm,1*x,L2
600494,8,4,1,0,SSSSSSSS,not tested,89.00 180.00 91.00 180.00 89.00 91.00 269.00 91.00,1.0000 1.0000 1.0000 1.0000 1.0000 1.0000 1.0000 1.0000,0 0 0 0 0 0 0 0,0 0 1 1 0 1 0 1,"1,2,3,4,5,6",,no (tile),,,,89.00,,1.0000,,3 4,yes,5_2 6_2,p2,2222,hand
600494,8,4,1,6,SSJJJJJJ,not needed (covering theorem),90.00 180.00 90.00 148.38 63.23 296.77 63.23 148.39,1.0000 1.0000 0.8521 0.9538 0.9538 0.9538 0.9538 0.8521,0 0 2 3 3 3 3 2,0 0 0 0 2 0 2 3,,,YES,2,5,2,63.23,,0.8521,,3 4,yes,5_2 6_2,p2,2222,hand
600494,8,5,0,0,SSSSSSSS,not tested,60.00 180.00 120.00 120.00 180.00 60.00 180.00 180.00,1.0000 1.0000 1.0000 1.0000 1.0000 1.0000 1.0000 1.0000,0 0 0 0 0 0 0 0,0 0 0 0 0 0 0 0,1,,no (tile),,,,60.00,,1.0000,,3 4,yes,5_2 6_2,p2,2222,hand
600494,8,5,0,2,SSSSSSSS,not tested,120.00 180.00 60.00 180.00 180.00 60.00 180.00 120.00,1.0000 1.0000 1.0000 1.0000 1.0000 1.0000 1.0000 1.0000,0 0 0 0 0 0 0 0,0 0 0 0 0 0 0 0,1,,no (tile),,,,60.00,,1.0000,,3 4,yes,5_2 6_2,p2,2222,hand
600494,8,5,0,3,JJSSJJSS,not needed (covering theorem),90.00 180.00 90.00 90.00 270.00 90.00 90.00 180.00,1.0000 1.0000 1.0000 1.0000 1.0000 1.0000 1.0000 1.0000,0 0 2 2 0 0 2 2,0 3 0 0 0 3 0 0,,,YES,2,1,2,90.00,,1.0000,,3 4,yes,5_2 6_2,p2,2222,hand
600494,8,5,1,0,SSJSSJJJ,not needed (covering theorem),-2454.12 180.00 2634.12 114.11 180.00 65.89 -2340.01 2700.01,1.0000 1.0000 0.8172 1.0000 1.0000 0.8172 0.8172 0.8172,0 0 2 0 0 2 2 2,0 0 0 1 1 3 1 3,,,YES,2,5,2,65.88,,0.8172,,3 4,yes,5_2 6_2,p2,2222,hand
600494,8,5,1,2,SSJJJSSJ,not needed (covering theorem),-965.88 180.00 1145.88 -899.99 1259.99 65.89 180.00 114.11,1.0000 1.0000 0.8172 0.8172 0.8172 1.0000 1.0000 0.8172,0 0 2 2 2 0 0 2,0 0 0 2 0 1 1 3,,,YES,2,5,2,65.88,,0.8172,,3 4,yes,5_2 6_2,p2,2222,hand
600494,8,6,1,2,SSSSSSSS,not tested,89.00 180.00 91.00 89.00 271.00 89.00 91.00 180.00,1.0000 1.0000 1.0000 1.0000 1.0000 1.0000 1.0000 1.0000,0 0 0 0 0 0 0 0,0 0 1 0 1 0 1 1,"1,2,3,4,5,6",,no (tile),,,,89.00,,1.0000,,3 4,yes,5_2 6_2,p2,2222,hand
600494,8,6,1,4,SSJJJJJJ,not needed (covering theorem),90.00 180.00 90.00 148.38 63.23 296.77 63.23 148.39,1.0000 1.0000 0.8521 0.9538 0.9538 0.9538 0.9538 0.8521,0 0 2 3 3 3 3 2,0 0 0 0 2 0 2 3,,,YES,2,5,2,63.23,,0.8521,,3 4,yes,5_2 6_2,p2,2222,hand
600494,8,10,0,3,SSSSSSSS,not tested,90.00 180.00 90.00 180.00 90.00 180.00 90.00 180.00,1.0000 1.0000 1.0000 1.0000 1.0000 1.0000 1.0000 1.0000,0 0 0 0 0 0 0 0,0 0 0 0 0 0 0 0,"1,4,9",,no (tile),,,,90.00,,1.0000,,3 4,yes,5_2 6_2,p2,2222,hand
600494,8,10,0,7,SSSSSSSS,not tested,90.00 180.00 90.00 180.00 90.00 180.00 90.00 180.00,1.0000 1.0000 1.0000 1.0000 1.0000 1.0000 1.0000 1.0000,0 0 0 0 0 0 0 0,0 0 0 0 0 0 0 0,"1,4,9",,no (tile),,,,90.00,,1.0000,,3 4,yes,5_2 6_2,p2,2222,hand
600494,8,10,1,3,SSSSSSSS,not tested,90.00 180.00 90.00 180.00 90.00 180.00 90.00 180.00,1.0000 1.0000 1.0000 1.0000 1.0000 1.0000 1.0000 1.0000,0 0 0 0 0 0 0 0,0 0 1 1 0 0 1 1,"1,2,3,4,5,6",,no (tile),,,,90.00,,1.0000,,3 4,yes,5_2 6_2,p2,2222,hand
600494,8,10,1,7,SSSSSSSS,not tested,90.00 180.00 90.00 180.00 90.00 180.00 90.00 180.00,1.0000 1.0000 1.0000 1.0000 1.0000 1.0000 1.0000 1.0000,0 0 0 0 0 0 0 0,0 0 1 1 0 0 1 1,"1,2,3,4,5,6",,no (tile),,,,90.00,,1.0000,,3 4,yes,5_2 6_2,p2,2222,hand
600494,8,11,0,1,SSSJSSSJ,not tested,90.00 180.00 180.00 90.00 90.00 180.00 180.00 90.00,1.0000 1.0000 1.0000 1.0000 1.0000 1.0000 1.0000 1.0000,0 0 0 3 0 0 0 3,0 0 0 0 0 0 0 3,"1,4",,no (tile),,,,90.00,,1.0000,,3 4,yes,5_2 6_2,p2,2222,hand
600494,8,11,0,7,SSSJJSJJ,not needed (covering theorem),135.00 90.00 270.00 45.00 180.00 45.00 225.00 90.00,1.0000 1.0000 1.0000 1.4142 1.4142 1.0000 1.4142 1.4142,0 0 0 3 3 0 3 3,0 0 0 0 3 0 0 3,,,YES,2,1,2,45.00,,0.7071,,3 4,yes,5_2 6_2,p2,2222,hand
600494,8,11,1,2,JSJJJJSJ,not tested,63.00 222.98 137.02 117.00 84.92 180.00 137.02 138.06,1.0000 0.7173 1.0000 1.1249 1.0000 1.0000 0.7173 1.1249,0 1 0 3 0 0 1 3,0 0 3 0 1 2 1 3,"1,5",,no (tile),,,,63.00,,0.6377,,3 4,yes,5_2 6_2,p2,2222,hand
600494,8,11,1,6,SSSJIIIJ,not tested,90.00 180.00 180.00 90.00 90.00 180.00 180.00 90.00,1.0000 1.0000 1.0000 1.0000 1.0000 1.0000 1.0000 1.0000,0 0 0 3 4 4 4 3,0 0 0 0 0 0 0 3,1,,no (tile),,,,90.00,,1.0000,,3 4,yes,5_2 6_2,p2,2222,hand
600494,8,12,0,1,JSJJJJSJ,not tested,69.90 143.06 216.94 110.10 69.90 180.00 143.06 147.04,1.0000 0.2675 1.0000 1.0000 1.0000 1.0000 0.2675 1.0000,0 1 0 3 0 0 1 3,0 0 3 0 3 0 0 3,"1,4",,no (tile),,,,69.90,,0.2675,,3 4,yes,5_2 6_2,p2,2222,hand
600494,8,12,1,2,SSSJSSSJ,not tested,90.00 180.00 180.00 90.00 90.00 180.00 180.00 90.00,1.0000 1.0000 1.0000 1.0000 1.0000 1.0000 1.0000 1.0000,0 0 0 3 0 0 0 3,0 0 0 0 1 1 1 3,"1,5",,no (tile),,,,90.00,,1.0000,,3 4,yes,5_2 6_2,p2,2222,hand
600494,8,12,1,3,JSJJJSJJ,not needed (covering theorem),104.49 75.55 284.45 75.51 104.49 179.95 75.55 180.00,1.0000 1.0006 1.0000 1.0000 1.0000 1.0006 1.0000 1.0000,0 1 0 0 0 1 0 0,0 0 3 1 3 1 1 2,,,YES,2,5,2,75.51,,0.9994,,3 4,yes,5_2 6_2,p2,2222,hand
600494,8,12,1,6,SSSJIIIJ,not tested,90.00 180.00 180.00 90.00 90.00 180.00 180.00 90.00,1.0000 1.0000 1.0000 1.0000 1.0000 1.0000 1.0000 1.0000,0 0 0 3 4 4 4 3,0 0 0 0 0 0 0 3,1,,no (tile),,,,90.00,,1.0000,,3 4,yes,5_2 6_2,p2,2222,hand
600494,8,13,0,2,JSJJSJJJ,not tested,51.43 231.43 128.57 128.57 102.86 128.57 180.00 128.57,1.0000 1.0000 1.0000 1.0000 1.0000 1.0000 1.0000 1.0000,0 1 0 3 1 0 0 3,0 0 3 0 0 3 0 3,"1,4",,no (tile),,,,51.43,,1.0000,,3 4,yes,5_2 6_2,p2,2222,hand
600494,8,13,1,0,JSJJJSJJ,not needed (covering theorem),-3524.49 3884.41 -3524.41 3704.49 180.00 -3524.41 179.92 3704.49,1.0000 1.0011 1.0000 1.0000 1.0000 1.0011 1.0000 1.0000,0 1 0 0 0 1 0 0,0 0 3 1 2 1 0 2,,,YES,2,5,2,75.51,,0.9989,,3 4,yes,5_2 6_2,p2,2222,hand
600494,8,13,1,1,SSSJSSSJ,not tested,90.00 180.00 180.00 90.00 90.00 180.00 180.00 90.00,1.0000 1.0000 1.0000 1.0000 1.0000 1.0000 1.0000 1.0000,0 0 0 3 0 0 0 3,0 0 0 0 1 1 1 3,"1,5",,no (tile),,,,90.00,,1.0000,,3 4,yes,5_2 6_2,p2,2222,hand
600494,8,13,1,5,SSSJIIIJ,not tested,90.00 180.00 180.00 90.00 90.00 180.00 180.00 90.00,1.0000 1.0000 1.0000 1.0000 1.0000 1.0000 1.0000 1.0000,0 0 0 3 4 4 4 3,0 0 0 0 0 0 0 3,1,,no (tile),,,,90.00,,1.0000,,3 4,yes,5_2 6_2,p2,2222,hand
600494,8,14,0,2,SSSJSSSJ,not tested,90.00 180.00 180.00 90.00 90.00 180.00 180.00 90.00,1.0000 1.0000 1.0000 1.0000 1.0000 1.0000 1.0000 1.0000,0 0 0 3 0 0 0 3,0 0 0 0 0 0 0 3,"1,4",,no (tile),,,,90.00,,1.0000,,3 4,yes,5_2 6_2,p2,2222,hand
600494,8,14,0,4,SSSJJSJJ,not needed (covering theorem),45.00 270.00 90.00 135.00 90.00 225.00 45.00 180.00,1.0000 1.0000 1.0000 1.4142 1.4142 1.0000 1.4142 1.4142,0 0 0 3 3 0 3 3,0 0 0 0 3 0 0 3,,,YES,2,1,2,45.00,,0.7071,,3 4,yes,5_2 6_2,p2,2222,hand
600494,8,14,1,1,JSJJSJJJ,not tested,132.21 133.60 226.40 47.79 142.40 133.60 180.00 84.00,1.0000 1.3112 1.0000 1.0877 1.3112 1.0000 1.0000 1.0877,0 1 0 3 1 0 0 3,0 0 3 0 1 1 2 3,"1,5",,no (tile),,,,47.79,,0.7626,,3 4,yes,5_2 6_2,p2,2222,hand
600494,8,14,1,5,SSSJIIIJ,not tested,90.00 180.00 180.00 90.00 90.00 180.00 180.00 90.00,1.0000 1.0000 1.0000 1.0000 1.0000 1.0000 1.0000 1.0000,0 0 0 3 4 4 4 3,0 0 0 0 0 0 0 3,1,,no (tile),,,,90.00,,1.0000,,3 4,yes,5_2 6_2,p2,2222,hand
600494,8,15,0,6,SSSSJSSJ,not tested,61.41 180.00 180.00 180.00 118.59 87.53 110.58 161.89,1.0000 1.0000 1.0000 1.0000 1.6983 2.9300 1.8814 1.6983,0 0 0 0 4 5 6 4,0 0 0 0 0 0 0 3,1,,no (tile),,,,61.41,,0.3413,,3 4,yes,5_2 6_2,p2,2222,hand
600494,8,15,1,6,SSSSJJJJ,not tested,66.32 180.00 180.00 180.00 113.68 81.56 149.54 128.91,1.0000 1.0000 1.0000 1.0000 1.9509 2.0728 2.0728 1.9509,0 0 0 0 4 5 5 4,0 0 0 0 0 0 2 3,2,,no (tile),,,,66.32,,0.4824,,3 4,yes,5_2 6_2,p2,2222,hand
600494,8,17,0,6,SSSSJSSJ,not tested,61.41 180.00 180.00 180.00 118.59 87.53 110.58 161.89,1.0000 1.0000 1.0000 1.0000 1.6983 2.9300 1.8814 1.6983,0 0 0 0 4 5 6 4,0 0 0 0 0 0 0 3,1,,no (tile),,,,61.41,,0.3413,,3 4,yes,5_2 6_2,p2,2222,hand
600494,8,17,1,6,SSSSJJJJ,not tested,66.32 180.00 180.00 180.00 113.68 81.56 149.54 128.91,1.0000 1.0000 1.0000 1.0000 1.9509 2.0728 2.0728 1.9509,0 0 0 0 4 5 5 4,0 0 0 0 0 0 2 3,2,,no (tile),,,,66.32,,0.4824,,3 4,yes,5_2 6_2,p2,2222,hand
600495,8,0,1,0,UUUUUUUU,not tested,89.00 180.00 91.00 180.00 89.00 91.00 269.00 91.00,1.0000 1.0000 1.0000 1.0000 1.0000 1.0000 1.0000 1.0000,0 0 0 0 0 0 0 0,0 2 0 2 0 2 0 2,"3,5",,no (tile),,,,89.00,,1.0000,,3 4,yes,5_2 6_2,pgg,22x,hand
600495,8,0,1,6,UUJJJJJJ,not needed (covering theorem),90.00 180.00 90.00 148.38 63.23 296.77 63.23 148.39,1.0000 1.0000 0.8521 0.9538 0.9538 0.9538 0.9538 0.8521,0 0 2 3 3 3 3 2,0 2 0 0 2 0 2 3,,,YES,2,5,2,63.23,,0.8521,,3 4,yes,5_2 6_2,pgg,22x,hand
600495,8,1,0,0,UUUUUUUU,not tested,60.00 180.00 120.00 120.00 180.00 60.00 180.00 180.00,1.0000 1.0000 1.0000 1.0000 1.0000 1.0000 1.0000 1.0000,0 0 0 0 0 0 0 0,0 2 2 2 0 0 2 0,"1,2,3,6",,no (tile),,,,60.00,,1.0000,,3 4,yes,5_2 6_2,pgg,22x,hand
600495,8,1,0,2,UUUUUUUU,not tested,120.00 180.00 60.00 180.00 180.00 60.00 180.00 120.00,1.0000 1.0000 1.0000 1.0000 1.0000 1.0000 1.0000 1.0000,0 0 0 0 0 0 0 0,0 2 2 0 2 2 0 0,"1,2,3,6",,no (tile),,,,60.00,,1.0000,,3 4,yes,5_2 6_2,pgg,22x,hand
600495,8,1,0,3,JJUUJJUU,not needed (covering theorem),90.00 180.00 90.00 90.00 270.00 90.00 90.00 180.00,1.0000 1.0000 1.0000 1.0000 1.0000 1.0000 1.0000 1.0000,0 0 2 2 0 0 2 2,0 3 0 2 0 3 0 2,,,YES,2,"1,2",2,90.00,,1.0000,,3 4,yes,5_2 6_2,pgg,22x,hand
600495,8,1,1,0,UUJUUJJJ,not needed (covering theorem),-2454.12 180.00 2634.12 114.11 180.00 65.89 -2340.01 2700.01,1.0000 1.0000 0.8172 1.0000 1.0000 0.8172 0.8172 0.8172,0 0 2 0 0 2 2 2,0 2 0 2 0 3 1 3,,,YES,2,5,2,65.88,,0.8172,,3 4,yes,5_2 6_2,pgg,22x,hand
600495,8,1,1,2,UUJJJUUJ,not needed (covering theorem),-965.88 180.00 1145.88 -899.99 1259.99 65.89 180.00 114.11,1.0000 1.0000 0.8172 0.8172 0.8172 1.0000 1.0000 0.8172,0 0 2 2 2 0 0 2,0 2 0 2 0 2 0 3,,,YES,2,5,2,65.88,,0.8172,,3 4,yes,5_2 6_2,pgg,22x,hand
600495,8,2,1,2,UUUUUUUU,not tested,89.00 180.00 91.00 89.00 271.00 89.00 91.00 180.00,1.0000 1.0000 1.0000 1.0000 1.0000 1.0000 1.0000 1.0000,0 0 0 0 0 0 0 0,0 2 0 2 0 2 0 2,"3,5",,no (tile),,,,89.00,,1.0000,,3 4,yes,5_2 6_2,pgg,22x,hand
600495,8,2,1,4,UUJJJJJJ,not needed (covering theorem),90.00 180.00 90.00 148.38 63.23 296.77 63.23 148.39,1.0000 1.0000 0.8521 0.9538 0.9538 0.9538 0.9538 0.8521,0 0 2 3 3 3 3 2,0 2 0 0 2 0 2 3,,,YES,2,5,2,63.23,,0.8521,,3 4,yes,5_2 6_2,pgg,22x,hand
600495,8,3,0,2,IIIIIIII,not tested,90.00 180.00 90.00 90.00 240.00 90.00 30.00 270.00,1.0000 1.0000 1.7321 1.0000 1.0000 1.7321 1.0000 1.7321,0 0 2 0 0 2 0 2,0 0 0 0 0 0 0 0,"1,2",,no (tile),,,,30.00,,0.5774,,3 4,yes,5_2 6_2,pgg,22x,hand
600495,8,3,1,4,IIIIIIII,not tested,60.00 180.00 120.00 180.00 90.00 90.00 180.00 180.00,1.0000 1.0000 1.0000 1.0000 1.7321 1.0000 1.0000 1.0000,0 0 0 0 4 0 0 0,0 0 0 0 0 0 0 0,"1,2,6",,no (tile),,,,60.00,,0.5774,,3 4,yes,5_2 6_2,pgg,22x,hand
600495,8,3,1,6,IIIIIIII,not tested,120.00 180.00 60.00 180.00 180.00 90.00 90.00 180.00,1.0000 1.0000 1.0000 1.0000 1.0000 1.7321 1.0000 1.0000,0 0 0 0 0 5 0 0,0 0 0 0 0 0 0 0,"1,2,6",,no (tile),,,,60.00,,0.5774,,3 4,yes,5_2 6_2,pgg,22x,hand
600495,8,4,0,3,UUUUUUUU,not tested,90.00 180.00 90.00 180.00 90.00 180.00 90.00 180.00,1.0000 1.0000 1.0000 1.0000 1.0000 1.0000 1.0000 1.0000,0 0 0 0 0 0 0 0,0 2 2 0 0 2 2 0,"1,2,3,4,5,6",,no (tile),,,,90.00,,1.0000,,3 4,yes,5_2 6_2,pgg,22x,hand
600495,8,4,0,7,UUUUUUUU,not tested,90.00 180.00 90.00 180.00 90.00 180.00 90.00 180.00,1.0000 1.0000 1.0000 1.0000 1.0000 1.0000 1.0000 1.0000,0 0 0 0 0 0 0 0,0 2 2 0 0 2 2 0,"1,2,3,4,5,6",,no (tile),,,,90.00,,1.0000,,3 4,yes,5_2 6_2,pgg,22x,hand
600495,8,4,1,3,UUUUUUUU,not tested,90.00 180.00 90.00 180.00 90.00 180.00 90.00 180.00,1.0000 1.0000 1.0000 1.0000 1.0000 1.0000 1.0000 1.0000,0 0 0 0 0 0 0 0,0 2 0 2 0 2 0 2,"1,2,3,4,5,9",,no (tile),,,,90.00,,1.0000,,3 4,yes,5_2 6_2,pgg,22x,hand
600495,8,4,1,7,UUUUUUUU,not tested,90.00 180.00 90.00 180.00 90.00 180.00 90.00 180.00,1.0000 1.0000 1.0000 1.0000 1.0000 1.0000 1.0000 1.0000,0 0 0 0 0 0 0 0,0 2 0 2 0 2 0 2,"1,2,3,4,5,9",,no (tile),,,,90.00,,1.0000,,3 4,yes,5_2 6_2,pgg,22x,hand
600516,8,4,1,2,SJIJJJJJ,not tested,74.00 106.00 117.08 62.92 180.00 234.16 180.00 125.84,1.0000 0.1918 0.7304 0.1918 0.1918 0.1918 0.1918 0.1918,0 1 2 1 1 1 1 1,0 0 0 3 0 1 2 3,1,,no (tile),,,,62.92,,0.1918,,3 4,yes,5_3 6_3,p2,2222,L2
600516,8,5,0,5,SSSSSSSS,not tested,203.91 -23.91 -203.91 -101.95 563.91 383.91 78.05 180.00,1.0000 1.0000 1.0000 1.0000 1.0000 1.0000 1.0000 1.0000,0 0 0 0 0 0 0 0,0 0 0 0 0 0 0 0,(not a tile),,"n/a (not a tile: no curve choice found that clears touch, on this shape or elsewhere in its family; best clearance 0.0e+0 -- search, not proof)",,,,23.91,,1.0000,,,,5_3 6_3,p2,2222,L2
600516,8,5,1,7,SJJJJJIJ,not tested,65.63 114.37 41.76 180.00 318.24 180.00 20.88 159.12,1.0000 0.4937 0.4937 0.4937 0.4937 0.4937 0.7103 0.4937,0 1 1 1 1 1 6 1,0 0 1 2 3 0 0 3,1,,no (tile),,,,20.88,,0.4937,,3 4,yes,5_3 6_3,p2,2222,L2
600516,8,16,1,3,SSJIJSJJ,not tested,17.47 180.00 162.53 99.25 99.25 162.53 197.47 161.49,1.0000 1.0000 0.5014 0.2675 0.5014 1.0000 0.5014 0.5014,0 0 2 3 2 0 2 2,0 0 0 0 1 1 2 3,"1,6",,no (tile),,,,17.47,,0.2675,,3 4,yes,5_3 6_3,p2,2222,L2
600516,8,18,0,2,SSJSJSJJ,not tested,138.72 180.00 41.28 231.35 41.28 231.35 128.65 87.37,1.0000 1.0000 0.7570 1.0000 0.7570 1.0000 0.7570 0.7570,0 0 2 0 2 0 2 2,0 0 0 0 0 0 3 3,1,,no (tile),,,,41.28,,0.7570,,3 4,yes,5_3 6_3,p2,2222,L2
600516,8,19,1,2,SSJJSJSJ,not tested,132.83 180.00 47.17 180.00 132.83 227.17 47.17 132.83,1.0000 1.0000 0.6798 0.6798 1.0000 0.6798 1.0000 0.6798,0 0 2 2 0 2 0 2,0 0 0 2 0 1 1 3,1,,no (tile),,,,47.17,,0.6798,,3 4,yes,5_3 6_3,p2,2222,L2
600516,8,19,1,3,SSJIJSJJ,not tested,74.13 180.00 105.87 108.05 108.05 285.87 74.13 143.89,1.0000 1.0000 0.8805 0.2840 0.8805 1.0000 0.8805 0.8805,0 0 2 3 2 0 2 2,0 0 0 0 1 1 2 3,"1,6",,no (tile),,,,74.13,,0.2840,,3 4,yes,5_3 6_3,p2,2222,L2
600516,8,21,1,0,SSJSJSJJ,not tested,30.38 180.00 149.62 149.62 30.38 210.38 149.62 180.00,1.0000 1.0000 0.8627 1.0000 0.8627 1.0000 0.8627 0.8627,0 0 2 0 2 0 2 2,0 0 0 1 2 0 1 3,1,,no (tile),,,,30.38,,0.8627,,3 4,yes,5_3 6_3,p2,2222,L2
600516,8,22,0,0,SSJJSJSJ,not tested,81.78 180.00 98.22 106.69 188.47 171.53 81.78 171.53,1.0000 1.0000 0.4839 0.4839 1.0000 0.4839 1.0000 0.4839,0 0 2 2 0 2 0 2,0 0 0 0 0 3 0 3,1,,no (tile),,,,81.78,,0.4839,,3 4,yes,5_3 6_3,p2,2222,L2
600516,8,24,1,7,SSJJSJIJ,not tested,83.79 180.00 96.21 58.19 276.21 83.79 150.91 150.91,1.0000 1.0000 0.8391 0.8391 1.0000 0.8391 0.2675 0.8391,0 0 2 2 0 2 6 2,0 0 0 1 1 2 0 3,"1,6",,no (tile),,,,58.19,,0.2675,,3 4,yes,5_3 6_3,p2,2222,L2
600517,8,0,0,2,UUJUJUJJ,not needed (covering theorem),130.50 180.00 49.50 220.50 40.50 229.50 139.50 90.00,1.0000 1.0000 0.7093 1.0000 0.7093 1.0000 0.7093 0.7093,0 0 2 0 2 0 2 2,0 2 0 0 1 2 3 3,,,YES,2,"2,3",2,40.50,,0.7093,,3 4,yes,5_3 6_3,pgg,22x,hand
600517,8,2,0,0,UUJJUJUJ,not needed (covering theorem),-39.15 180.00 219.15 270.00 230.85 140.85 -50.85 129.15,1.0000 1.0000 0.7107 0.7107 1.0000 0.7107 1.0000 0.7107,0 0 2 2 0 2 0 2,0 2 0 0 0 2 2 3,,,YES,2,"2,3",2,39.15,,0.7107,,3 4,yes,5_3 6_3,pgg,22x,hand
600549,8,1,0,7,SJSJJSJS,not tested,180.00 69.23 152.31 69.23 180.00 290.77 27.69 110.77,1.0000 0.7092 1.0000 0.7092 0.7092 1.0000 0.7092 1.0000,0 1 0 1 1 0 1 0,0 0 0 0 3 0 3 0,1,,no (tile),,,,27.69,,0.7092,,3 4,yes,4_3 7_3,p2,2222,L2
600975,8,2,0,2,UJJUJUUJ,not tested,25.65 291.45 180.00 68.55 154.35 68.55 180.00 111.45,1.0000 0.7314 0.7314 1.0000 0.7314 1.0000 1.0000 0.7314,0 1 1 0 1 0 0 1,0 0 3 2 3 2 0 0,"1,2",,no (tile),,,,25.65,,0.7314,,3 4,yes,4_3 7_3,pgg,22x,L2
601048,8,1,0,5,SSSSSSSS,not tested,180.00 240.00 180.00 120.00 46.10 133.90 120.00 60.00,1.0000 1.0000 1.0000 1.0000 3.6056 1.0000 1.0000 1.0000,0 0 0 0 4 0 0 0,0 0 0 0 0 0 0 0,1,,no (tile),,,,46.10,,0.2774,,3 6,yes,4_3 7_3,p6,632,L2
601049,8,0,1,2,SUUSUSSU,not tested,66.00 294.00 180.00 66.00 114.00 127.06 166.94 66.00,1.0000 0.9551 0.9551 1.0000 0.9551 1.1448 1.0000 0.9551,0 1 1 0 1 5 0 1,0 0 2 0 0 0 1 2,"1,6",,no (tile),,,,66.00,,0.8343,,3 4,yes,4_3 7_3,pgg,22x,L2
601049,8,1,0,5,JSSJSJSJ,not tested,166.92 203.55 180.00 156.45 24.69 168.38 156.45 23.55,1.0000 1.5584 1.5584 1.0000 3.6594 1.0000 1.5584 1.0000,0 1 1 0 4 0 1 0,0 0 0 3 0 2 1 1,"1,6",,no (tile),,,,23.55,,0.2733,,3 4,yes,4_3 7_3,pgg,22x,L2
601049,8,1,0,7,JSSJJSJS,not tested,78.77 109.97 180.00 250.03 118.88 70.03 109.97 162.35,1.0000 2.8217 2.8217 1.0000 1.0000 2.8217 1.0000 5.8532,0 1 1 0 0 1 0 7,0 0 0 3 2 1 1 0,"1,6",,no (tile),,,,70.03,,0.1708,,3 4,yes,4_3 7_3,pgg,22x,L2
601049,8,2,1,2,SUUSUSSU,not tested,121.34 58.66 180.00 301.34 58.66 58.66 166.18 135.16,1.0000 1.2096 1.2096 1.0000 1.2096 1.0000 1.2112 1.2096,0 1 1 0 1 0 6 1,0 0 2 0 0 1 0 2,"1,6",,no (tile),,,,58.66,,0.8256,,3 4,yes,4_3 7_3,pgg,22x,L2
601074,8,0,1,1,SIISSSSS,not tested,118.46 120.77 90.00 149.23 180.00 61.54 118.46 241.54,1.0000 1.0232 1.7184 1.0000 1.0000 1.0000 1.0000 1.0000,0 1 2 0 0 0 0 0,0 0 0 0 0 1 0 1,1,,no (tile),,,,61.54,,0.5819,,3 4,yes,5_4 6_4,p2,2222,hand
601074,8,1,0,3,SJJSSSSS,not needed (covering theorem),90.00 116.57 90.00 153.43 90.00 180.00 90.00 270.00,1.0000 2.2361 2.2361 1.0000 1.0000 1.0000 1.0000 1.0000,0 1 1 0 0 0 0 0,0 0 3 0 0 0 0 0,,,YES,2,1,2,90.00,,0.4472,,3 4,yes,5_4 6_4,p2,2222,hand
601074,8,1,1,3,SSJSJJSJ,not tested,-18.22 180.00 249.74 198.22 -69.74 180.00 249.74 110.26,1.0000 1.0000 0.7990 1.0000 0.7990 0.7990 1.0000 0.7990,0 0 2 0 2 2 0 2,0 0 0 1 2 1 1 2,6,,no (tile),,,,18.22,,0.7990,,3 4,yes,5_4 6_4,p2,2222,hand
601074,8,2,0,2,SSSSSSSS,not tested,180.00 46.58 133.42 133.42 46.58 180.00 180.00 180.00,1.0000 2.9099 1.0000 2.9099 1.0000 1.0000 1.0000 1.0000,0 1 0 3 0 0 0 0,0 0 0 0 0 0 0 0,1,,no (tile),,,,46.58,,0.3437,,3 4,yes,5_4 6_4,p2,2222,hand
601074,8,2,0,3,SJJJJSJJ,not tested,234.04 17.44 90.00 108.52 90.00 234.04 125.96 180.00,1.0000 5.8807 5.8807 2.0898 2.0898 1.0000 2.0898 2.0898,0 1 1 3 3 0 3 3,0 0 3 0 3 0 0 3,9,,no (tile),,,,17.44,,0.1700,,3 4,yes,5_4 6_4,p2,2222,hand
601074,8,2,1,3,SJJJJSJJ,not tested,252.46 0.80 120.67 106.74 59.33 252.46 107.54 180.00,1.0000 10.2928 3.7513 10.2928 3.7513 1.0000 3.7513 3.7513,0 1 2 1 2 0 2 2,0 0 0 2 2 0 1 2,6,,no (tile),,,,0.80,,0.0972,,3 4,yes,5_4 6_4,p2,2222,hand
601074,8,3,0,3,SJJSSSSS,not tested,180.00 71.57 90.00 108.43 180.00 90.00 180.00 180.00,1.0000 3.1623 3.1623 1.0000 1.0000 1.0000 1.0000 1.0000,0 1 1 0 0 0 0 0,0 0 3 0 0 0 0 0,9,,no (tile),,,,71.57,,0.3162,,3 4,yes,5_4 6_4,p2,2222,hand
601074,8,3,1,1,SIISSSSS,not needed (covering theorem),256.00 52.00 90.00 142.00 180.00 76.00 180.00 104.00,1.0000 2.4627 1.5760 1.0000 1.0000 1.0000 1.0000 1.0000,0 1 2 0 0 0 0 0,0 0 0 1 1 0 0 1,,,YES,2,1,2,52.00,,0.4061,,3 4,yes,5_4 6_4,p2,2222,hand
601074,8,4,0,0,SSJJSJJS,not tested,90.00 180.00 71.57 90.00 288.43 71.57 180.00 108.43,1.0000 1.0000 0.6325 0.6325 1.0000 0.6325 0.6325 1.0000,0 0 2 2 0 2 2 0,0 0 0 3 0 0 3 0,9,,no (tile),,,,71.57,,0.6325,,3 4,yes,5_4 6_4,p2,2222,hand
601074,8,4,1,1,SIIISIIS,not tested,143.25 108.37 90.00 90.00 251.63 108.37 180.00 108.37,1.0000 0.8154 0.9490 0.1667 1.0000 0.1667 0.1667 1.0000,0 1 2 3 0 3 3 0,0 0 0 0 0 0 0 1,,1,no (deep),,,,90.00,,0.1667,,3 4,yes,5_4 6_4,p2,2222,hand
601074,8,6,0,2,SSSSSSSS,not tested,180.00 47.15 132.85 180.00 144.84 35.16 180.00 180.00,1.0000 1.1623 1.0000 1.0000 1.4796 1.0000 1.0000 1.0000,0 1 0 0 4 0 0 0,0 0 0 0 0 0 0 0,1,,no (tile),,,,35.16,,0.6759,,3 4,yes,5_4 6_4,p2,2222,hand
601074,8,6,1,4,SJSSJSSS,not tested,180.00 46.53 133.47 180.00 133.47 46.53 180.00 180.00,1.0000 1.4536 1.0000 1.0000 1.4536 1.0000 1.0000 1.0000,0 1 0 0 1 0 0 0,0 0 1 1 2 0 0 0,6,,no (tile),,,,46.53,,0.6880,,3 4,yes,5_4 6_4,p2,2222,hand
601074,8,10,0,1,SSSSSSSS,not tested,120.00 120.00 240.00 60.00 120.00 180.00 120.00 120.00,1.0000 1.0000 1.0000 1.0000 1.0000 1.0000 1.0000 1.0000,0 0 0 0 0 0 0 0,0 0 0 0 0 0 0 0,"1,4,7",,no (tile),,,,60.00,,1.0000,,3 4,yes,5_4 6_4,p2,2222,hand
601074,8,15,0,4,SSJJSSSS,not tested,180.00 180.00 71.57 90.00 108.43 180.00 90.00 180.00,1.0000 1.0000 3.1623 3.1623 1.0000 1.0000 1.0000 1.0000,0 0 2 2 0 0 0 0,0 0 0 3 0 0 0 0,9,,no (tile),,,,71.57,,0.3162,,3 4,yes,5_4 6_4,p2,2222,hand
601074,8,15,1,7,IISIISSS,not tested,25.71 180.00 205.71 154.29 90.00 64.29 231.42 128.58,1.0000 1.0000 1.6648 1.0000 1.4444 1.6648 1.6648 1.6648,0 0 2 0 4 2 2 2,0 0 0 0 0 1 0 1,1,,no (tile),,,,25.71,,0.6007,,3 4,yes,5_4 6_4,p2,2222,hand
601074,8,16,0,3,JJSJSJJJ,not tested,180.00 180.00 46.58 133.42 133.42 46.58 180.00 180.00,1.0000 1.0000 2.9099 1.0000 2.9099 1.0000 1.0000 1.0000,0 0 2 0 4 0 0 0,0 3 0 0 0 3 0 3,1,,no (tile),,,,46.58,,0.3437,,3 4,yes,5_4 6_4,p2,2222,hand
601074,8,16,0,4,JJJJJJJJ,not tested,180.00 180.00 56.31 90.00 123.69 90.00 180.00 180.00,1.0000 1.0000 3.6056 3.6056 1.0000 1.0000 1.0000 1.0000,0 0 2 2 0 0 0 0,0 3 0 3 0 3 0 3,9,,no (tile),,,,56.31,,0.2774,,3 4,yes,5_4 6_4,p2,2222,hand
601074,8,16,1,4,JJJJJJJJ,not tested,180.00 180.00 46.51 133.49 133.49 46.51 180.00 180.00,1.0000 1.0000 2.9061 1.0000 2.9061 1.0000 1.0000 1.0000,0 0 2 0 2 0 0 0,0 3 0 1 2 3 0 3,6,,no (tile),,,,46.51,,0.3441,,3 4,yes,5_4 6_4,p2,2222,hand
601074,8,17,1,6,SSSJJJSJ,not needed (covering theorem),79.12 180.00 180.00 19.11 261.77 98.23 100.88 160.89,1.0000 1.0000 1.0000 1.3230 1.3230 1.3230 1.0000 1.3230,0 0 0 3 3 3 0 3,0 0 0 0 2 0 1 2,,,YES,2,1,2,19.11,,0.7558,,3 4,yes,5_4 6_4,p2,2222,hand
601074,8,18,0,0,JJJSJJSJ,not tested,152.79 180.00 54.43 76.39 283.61 152.79 76.39 103.61,1.0000 1.0000 1.0000 0.9410 1.0000 1.0000 0.9410 1.0000,0 0 0 3 0 0 3 0,0 3 0 0 3 0 0 3,1,,no (tile),,,,54.43,,0.9410,,3 4,yes,5_4 6_4,p2,2222,hand
601074,8,19,0,7,JJSJSJSS,not tested,51.58 180.00 164.61 195.39 68.99 111.01 164.61 143.80,1.0000 1.0000 1.7192 1.0000 1.8200 1.0000 1.7192 2.1684,0 0 2 0 4 0 2 7,0 3 0 0 0 3 0 0,1,,no (tile),,,,51.58,,0.4612,,3 4,yes,5_4 6_4,p2,2222,hand
601074,8,19,1,5,SSSSJSSJ,not tested,42.44 180.00 180.00 180.00 42.44 137.56 180.00 137.56,1.0000 1.0000 1.0000 1.0000 1.3551 1.0000 1.0000 1.3551,0 0 0 0 4 0 0 4,0 0 0 0 0 1 1 2,6,,no (tile),,,,42.44,,0.7380,,3 4,yes,5_4 6_4,p2,2222,hand
601074,8,20,0,2,JSJSJSSJ,not tested,69.76 149.60 210.40 79.84 30.40 259.84 180.00 100.16,1.0000 1.0196 1.0000 1.0196 1.0000 1.0196 1.0196 1.0000,0 1 0 1 0 1 1 0,0 0 3 0 3 0 0 0,1,,no (tile),,,,30.40,,0.9808,,3 4,yes,5_4 6_4,p2,2222,hand
601074,8,20,0,4,JSJSJSSJ,not tested,180.00 300.47 59.53 90.77 89.23 241.33 59.14 59.53,1.0000 1.4783 1.0000 1.5935 1.0000 1.0881 1.4783 1.0000,0 1 0 3 0 5 1 0,0 0 3 0 0 0 0 3,1,,no (tile),,,,59.14,,0.6275,,3 4,yes,5_4 6_4,p2,2222,hand
601074,8,20,0,5,SSSJJSSS,not tested,180.00 180.00 180.00 56.31 90.00 123.69 90.00 180.00,1.0000 1.0000 1.0000 3.6056 3.6056 1.0000 1.0000 1.0000,0 0 0 3 3 0 0 0,0 0 0 0 3 0 0 0,9,,no (tile),,,,56.31,,0.2774,,3 4,yes,5_4 6_4,p2,2222,hand
601074,8,20,1,5,SSSJSJSS,not tested,180.00 180.00 180.00 46.51 133.49 133.49 46.51 180.00,1.0000 1.0000 1.0000 2.9061 1.0000 2.9061 1.0000 1.0000,0 0 0 3 0 3 0 0,0 0 0 0 1 2 0 0,6,,no (tile),,,,46.51,,0.3441,,3 4,yes,5_4 6_4,p2,2222,hand
601097,8,0,0,0,JJJJJJJJ,not needed (covering theorem),-407.03 180.00 1174.05 -10829.77 587.03 11009.77 -814.05 180.00,1.0000 1.0000 1.0000 1.0000 1.0000 1.0000 1.0000 1.0000,0 0 0 0 0 0 0 0,0 3 0 1 2 3 0 3,,,YES,2,2,2,29.77,,1.0000,,3 4,yes,5_4 6_4,pgg,22x,hand
601097,8,0,1,1,SSSSSSSS,not tested,314.51 180.00 -134.51 285.75 208.77 -134.51 314.51 45.49,1.0000 1.0000 1.0000 1.4818 1.0000 1.0000 1.0000 1.0000,0 0 0 3 0 0 0 0,0 0 1 0 0 1 0 1,1,,no (tile),,,,45.49,,0.6749,,3 4,yes,5_4 6_4,pgg,22x,hand
601097,8,0,1,3,JJJJJJJJ,not tested,60.00 180.00 240.00 60.00 120.00 120.00 180.00 120.00,1.0000 1.0000 1.0000 1.0000 1.0000 1.0000 1.0000 1.0000,0 0 0 0 0 0 0 0,0 3 3 1 3 2 1 1,"3,5",,no (tile),,,,60.00,,1.0000,,3 4,yes,5_4 6_4,pgg,22x,hand
601097,8,1,1,2,IIIIIIII,not tested,60.00 180.00 150.00 90.00 120.00 180.00 120.00 180.00,1.0000 1.0000 1.7321 1.0000 1.0000 1.0000 1.0000 1.0000,0 0 2 0 0 0 0 0,0 0 0 0 0 0 0 0,"1,2,6",,no (tile),,,,60.00,,0.5774,,3 4,yes,5_4 6_4,pgg,22x,hand
601097,8,1,1,6,IIIIIIII,not tested,120.00 180.00 150.00 90.00 90.00 270.00 90.00 90.00,1.0000 1.0000 1.7321 1.0000 1.7321 1.0000 1.7321 1.0000,0 0 2 0 2 0 2 0,0 0 0 0 0 0 0 0,"1,6",,no (tile),,,,90.00,,0.5774,,3 4,yes,5_4 6_4,pgg,22x,hand
601097,8,2,0,7,SSSSSSSS,not tested,90.00 180.00 180.00 90.00 90.00 180.00 180.00 90.00,1.0000 1.0000 1.0000 1.0000 1.0000 1.0000 1.0000 1.0000,0 0 0 0 0 0 0 7,0 0 0 1 0 0 0 0,"1,2",,no (tile),,,,90.00,,1.0000,,3 4,yes,5_4 6_4,pgg,22x,hand
601097,8,2,1,1,SSSSSSSS,not tested,87.14 180.00 92.86 180.00 87.14 92.86 267.14 92.86,1.0000 1.0000 1.0000 1.0000 1.0000 1.0000 1.0000 1.0000,0 0 0 3 0 0 0 0,0 0 1 0 0 1 0 1,"1,2,6",,no (tile),,,,87.14,,1.0000,,3 4,yes,5_4 6_4,pgg,22x,hand
601097,8,2,1,3,JJJJJJJJ,not tested,113.36 180.00 113.36 133.28 46.72 246.64 180.00 66.64,1.0000 1.0000 1.0000 1.0000 1.0000 1.0000 1.0000 1.0000,0 0 0 0 0 0 0 0,0 3 3 1 3 2 1 1,"3,5",,no (tile),,,,46.72,,1.0000,,3 4,yes,5_4 6_4,pgg,22x,hand
601097,8,2,1,4,JJJJJJJJ,not tested,90.00 180.00 180.00 90.00 90.00 180.00 180.00 90.00,1.0000 1.0000 1.0000 1.0000 1.0000 1.0000 1.0000 1.0000,0 0 0 0 0 0 0 0,0 3 0 1 2 1 2 3,6,,no (tile),,,,90.00,,1.0000,,3 4,yes,5_4 6_4,pgg,22x,hand
601097,8,3,0,3,JJSUJSJU,not tested,165.23 180.00 52.79 141.98 194.77 109.73 70.27 165.23,1.0000 1.0000 1.3076 1.3351 1.0000 1.5958 1.0000 1.3351,0 0 2 3 0 5 0 3,0 3 0 0 2 0 1 2,"1,6",,no (tile),,,,52.79,,0.6267,,3 4,yes,5_4 6_4,pgg,22x,hand
601097,8,3,1,4,SSSUSSSU,not tested,112.95 180.00 28.84 218.21 218.21 28.84 151.16 141.79,1.0000 1.0000 1.4887 1.0000 1.4887 1.0000 1.4887 1.0000,0 0 2 3 2 0 2 3,0 0 0 0 1 1 1 2,"1,6",,no (tile),,,,28.84,,0.6717,,3 4,yes,5_4 6_4,pgg,22x,hand
601097,8,3,1,5,JJJJUJJU,not tested,143.88 180.00 76.50 103.50 216.12 139.62 76.50 143.88,1.0000 1.0000 1.0605 1.0000 0.2675 1.0605 1.0000 0.2675,0 0 2 0 4 2 0 4,0 3 0 3 0 2 1 2,"5,6",,no (tile),,,,76.50,,0.2522,,3 4,yes,5_4 6_4,pgg,22x,hand
601097,8,4,0,1,JJJUJUJJ,not tested,106.44 180.00 73.56 159.66 159.66 93.90 200.34 106.44,1.0000 1.0000 1.0000 0.2675 1.0000 0.2675 1.0000 1.0000,0 0 0 3 0 3 0 0,0 3 3 0 2 2 0 0,2,,no (tile),,,,73.56,,0.2675,,3 4,yes,5_4 6_4,pgg,22x,hand
601097,8,4,0,2,JJJUJJUJ,not tested,102.86 180.00 128.57 51.43 231.43 128.57 128.57 128.57,1.0000 1.0000 1.0000 0.7531 1.0000 1.0000 0.7531 1.0000,0 0 0 3 0 0 3 0,0 3 0 0 1 2 2 3,6,,no (tile),,,,51.43,,0.7531,,3 4,yes,5_4 6_4,pgg,22x,hand
601097,8,4,1,3,UUUUUUUU,not tested,151.04 180.00 104.48 104.48 180.00 104.48 180.00 75.52,1.0000 1.0000 1.0000 1.0000 1.0000 1.0000 1.0000 1.0000,0 0 0 0 0 0 0 0,0 2 0 2 0 2 0 2,6,,no (tile),,,,75.52,,1.0000,,3 4,yes,5_4 6_4,pgg,22x,hand
601097,8,4,1,6,UUUUUUUU,not tested,120.00 180.00 60.00 180.00 180.00 60.00 180.00 120.00,1.0000 1.0000 1.0000 1.0000 1.0000 1.0000 1.0000 1.0000,0 0 0 0 0 0 0 0,0 2 2 0 2 2 0 0,"1,2,3,6",,no (tile),,,,60.00,,1.0000,,3 4,yes,5_4 6_4,pgg,22x,hand
601097,8,5,0,1,JJJJJJJJ,not needed (covering theorem),-120.00 180.00 300.00 540.00 -60.00 420.00 -60.00 -120.00,1.0000 1.0000 1.0000 1.0000 1.0000 1.0000 1.0000 1.0000,0 0 0 0 0 0 0 0,0 3 3 2 0 2 0 0,,,YES,2,5,2,60.00,,1.0000,,3 4,yes,5_4 6_4,pgg,22x,hand
601097,8,5,0,7,SSSSSSSS,not tested,37.38 180.00 180.00 28.22 331.78 28.22 151.78 142.62,1.0000 1.0000 1.0000 1.0000 1.0000 1.0000 1.0000 1.5578,0 0 0 0 0 0 0 7,0 0 0 1 0 1 0 0,1,,no (tile),,,,28.22,,0.6419,,3 4,yes,5_4 6_4,pgg,22x,hand
601097,8,6,0,0,IIIIIIII,not tested,148.19 180.00 63.62 180.00 121.81 90.00 116.38 180.00,1.0000 1.0000 1.0000 1.0000 2.7286 1.0000 1.0000 1.0000,0 0 0 0 4 0 0 0,0 0 0 0 0 0 0 0,6,,no (tile),,,,63.62,,0.3665,,3 4,yes,5_4 6_4,pgg,22x,hand
601097,8,7,0,7,SSSSSSSS,not tested,25.88 180.00 180.00 180.00 34.94 145.06 180.00 154.12,1.0000 1.0000 1.0000 1.0000 1.0000 1.0000 1.0000 1.3119,0 0 0 0 0 0 0 7,0 0 0 0 1 0 0 0,"1,2",,no (tile),,,,25.88,,0.7623,,3 4,yes,5_4 6_4,pgg,22x,hand
601097,8,7,1,1,SSSSSSSS,not tested,35.97 180.00 144.03 215.97 26.26 117.78 215.97 144.03,1.0000 1.0000 1.0000 1.0000 1.3276 1.0000 1.0000 1.0000,0 0 0 0 4 0 0 0,0 0 1 0 0 1 0 1,"1,2,6",,no (tile),,,,26.26,,0.7532,,3 4,yes,5_4 6_4,pgg,22x,hand
601097,8,7,1,3,JJJJJJJJ,not needed (covering theorem),-2280.00 180.00 -1140.00 3780.00 -3420.00 2460.00 180.00 1320.00,1.0000 1.0000 1.0000 1.0000 1.0000 1.0000 1.0000 1.0000,0 0 0 0 0 0 0 0,0 3 2 0 2 2 1 0,,,YES,2,5,2,60.00,,1.0000,,3 4,yes,5_4 6_4,pgg,22x,hand
601097,8,8,0,6,JJUJJUJJ,not tested,91.91 180.00 131.69 131.69 90.00 228.31 136.40 90.00,1.0000 1.0000 0.0500 1.0000 1.0000 0.0500 0.9184 0.9184,0 0 2 0 0 2 6 6,0 3 0 2 1 2 0 3,9,,no (tile),,,,90.00,,0.0500,YES,3 4,yes,5_4 6_4,pgg,22x,hand
601097,8,8,0,7,SSSUSUSS,not tested,26.10 180.00 180.00 197.76 17.76 162.24 162.24 153.90,1.0000 1.0000 1.0000 1.1359 1.0000 1.1359 1.0000 1.3206,0 0 0 3 0 3 0 7,0 0 0 0 1 2 0 0,"1,2",,no (tile),,,,17.76,,0.7572,,3 4,yes,5_4 6_4,pgg,22x,hand
601097,8,8,1,3,JJUUUJJU,not needed (covering theorem),71.57 180.00 18.43 270.00 90.00 198.43 90.00 161.57,1.0000 1.0000 0.3162 0.3162 0.3162 1.0000 1.0000 0.3162,0 0 2 2 2 0 0 2,0 3 0 2 0 2 1 2,,,YES,2,2,2,18.43,,0.3162,,3 4,yes,5_4 6_4,pgg,22x,hand
601097,8,9,1,0,JJJJJJII,not needed (covering theorem),80.42 180.00 199.16 180.00 160.84 90.00 99.58 90.00,1.0000 1.0000 1.0000 1.0000 1.0000 1.0000 4.7639 1.1525,0 0 0 0 0 0 6 7,0 3 2 1 0 3 0 0,,,YES,2,2,2,80.42,,0.2099,,3 4,yes,5_4 6_4,pgg,22x,hand
601097,8,9,1,1,SSSSSSSS,not tested,134.51 180.00 45.49 314.51 45.49 105.75 208.77 45.49,1.0000 1.0000 1.0000 1.0000 1.0000 1.4818 1.0000 1.0000,0 0 0 0 0 5 0 0,0 0 1 0 1 0 0 1,"1,2,6",,no (tile),,,,45.49,,0.6749,,3 4,yes,5_4 6_4,pgg,22x,hand
601097,8,9,1,7,JJJJJJJJ,not tested,239.87 180.00 59.87 120.13 180.00 120.13 119.74 60.26,1.0000 1.0000 1.0000 1.0000 1.0000 1.0000 1.0000 1.0000,0 0 0 0 0 0 0 0,0 3 3 2 1 1 3 1,"3,5",,no (tile),,,,59.87,,1.0000,,3 4,yes,5_4 6_4,pgg,22x,hand
601097,8,10,0,5,UJJUSJSJ,not tested,170.05 170.05 180.00 189.95 54.82 135.13 115.62 64.38,1.0000 0.9411 0.9411 1.0000 3.1199 0.9411 3.5349 0.9411,0 1 1 0 4 1 6 1,0 0 3 2 0 2 0 1,"1,6",,no (tile),,,,54.82,,0.2662,,3 4,yes,5_4 6_4,pgg,22x,hand
601097,8,10,0,6,UJJUJJJJ,not tested,56.52 191.94 180.00 168.06 168.06 90.00 135.42 90.00,1.0000 1.8924 1.8924 1.0000 1.8924 1.8924 5.1689 5.1689,0 1 1 0 1 1 6 6,0 0 3 2 2 1 0 3,9,,no (tile),,,,56.52,,0.1935,,3 4,yes,5_4 6_4,pgg,22x,hand
601097,8,10,1,0,UUUUUUII,not tested,124.09 68.18 180.00 291.82 111.82 180.00 34.09 90.00,1.0000 1.0000 1.0000 1.0000 1.0000 1.0000 3.7378 1.9543,0 0 0 0 0 0 6 7,0 0 2 2 2 0 0 0,1,,no (tile),,,,34.09,,0.2675,,3 4,yes,5_4 6_4,pgg,22x,hand
601097,8,10,1,6,UJJUJJJJ,not tested,72.94 72.94 180.00 287.06 3.76 69.17 283.30 110.83,1.0000 0.0500 0.0500 1.0000 0.9875 0.0500 0.9875 0.0500,0 1 1 0 4 1 4 1,0 0 3 2 0 3 2 1,"5,6",,no (tile),,,,3.76,,0.0500,YES,3 4,yes,5_4 6_4,pgg,22x,hand
601101,8,1,1,2,SJJSSJSJ,not tested,141.43 141.43 77.15 141.43 180.00 141.43 38.57 218.57,1.0000 1.0000 1.0000 1.0000 1.0000 1.0000 1.0000 1.0000,0 1 1 0 0 1 0 1,0 0 2 0 0 0 1 2,3,,no (tile),,,,38.57,,1.0000,,3 4,yes,5_4 6_4,p2,2222,hand
601101,8,1,1,6,SJJSJSJS,not tested,180.00 132.89 94.22 132.89 132.89 227.11 47.11 132.89,1.0000 1.0825 1.0825 1.0000 1.0825 1.0000 1.0825 1.0000,0 1 1 0 1 0 1 0,0 0 2 0 0 1 2 0,3,,no (tile),,,,47.11,,0.9238,,3 4,yes,5_4 6_4,p2,2222,hand
601101,8,4,0,7,SSSSSSSS,not tested,111.77 180.00 111.77 68.23 180.00 180.00 180.00 68.23,1.0000 1.0000 2.6968 1.0000 1.0000 1.0000 1.0000 2.6968,0 0 2 0 0 0 0 7,0 0 0 0 0 0 0 0,1,,no (tile),,,,68.23,,0.3708,,3 4,yes,5_4 6_4,p2,2222,hand
601101,8,4,1,3,SJJJJSJJ,not tested,85.91 226.36 95.97 47.72 180.00 226.36 133.64 84.03,1.0000 0.7584 1.7635 0.7584 0.7584 1.0000 0.7584 1.7635,0 1 2 1 1 0 1 2,0 0 0 2 1 1 2 2,6,,no (tile),,,,47.72,,0.4301,,3 4,yes,5_4 6_4,p2,2222,hand
601101,8,5,0,1,SSJJSJJS,not tested,180.00 90.00 143.13 90.00 36.87 323.13 180.00 36.87,1.0000 1.0000 1.0000 1.0000 1.0000 1.0000 1.0000 1.0000,0 0 2 2 0 2 2 0,0 0 0 3 0 0 3 0,9,,no (tile),,,,36.87,,1.0000,,3 4,yes,5_4 6_4,p2,2222,hand
601101,8,5,0,6,SSSSSSJJ,not needed (covering theorem),90.00 180.00 90.00 180.00 270.00 90.00 90.00 90.00,1.0000 1.0000 1.0000 1.0000 1.0000 1.0000 3.0000 3.0000,0 0 0 0 0 0 6 6,0 0 0 0 0 0 0 3,,,YES,2,1,2,90.00,,0.3333,,3 4,yes,5_4 6_4,p2,2222,hand
601101,8,5,1,0,SSIISIII,not tested,153.58 52.84 153.58 180.00 206.42 153.58 90.00 90.00,1.0000 1.0000 0.1659 0.1659 1.0000 0.1659 1.3349 1.3931,0 0 2 2 0 2 6 7,0 1 0 0 1 0 0 0,,1,no (deep),,,,52.84,,0.1191,,3 4,yes,5_4 6_4,p2,2222,hand
601101,8,5,1,3,SJSJSJJS,not tested,180.00 88.29 143.15 91.71 36.85 323.15 180.00 36.85,1.0000 0.9778 1.0000 0.9778 1.0000 0.9778 0.9778 1.0000,0 1 0 1 0 1 1 0,0 0 1 2 0 1 2 0,6,,no (tile),,,,36.85,,0.9778,,3 4,yes,5_4 6_4,p2,2222,hand
601101,8,7,1,2,SJJSSJSJ,not tested,231.43 51.43 77.14 231.43 180.00 51.43 128.57 128.57,1.0000 1.0000 1.0000 1.0000 1.0000 1.0000 1.0000 1.0000,0 1 1 0 0 1 0 1,0 0 2 0 0 0 1 2,5,,no (tile),,,,51.43,,1.0000,,3 4,yes,5_4 6_4,p2,2222,hand
601101,8,8,0,6,SJJSJJJJ,not tested,128.13 106.07 90.00 253.93 106.07 180.00 125.80 90.00,1.0000 0.3117 0.3117 1.0000 0.3117 0.3117 1.1098 1.1098,0 1 1 0 1 1 6 6,0 0 3 0 0 3 0 3,9,,no (tile),,,,90.00,,0.2808,,3 4,yes,5_4 6_4,p2,2222,hand
601101,8,8,1,0,SSSSSSII,not tested,116.38 127.24 180.00 180.00 52.76 180.00 153.62 90.00,1.0000 1.0000 1.0000 1.0000 1.0000 1.0000 1.7917 1.7773,0 0 0 0 0 0 6 7,0 1 1 1 0 0 0 0,1,,no (tile),,,,52.76,,0.5581,,3 4,yes,5_4 6_4,p2,2222,hand
601101,8,9,1,0,SSSSSSII,not tested,116.38 127.24 180.00 52.76 307.24 52.76 153.62 90.00,1.0000 1.0000 1.0000 1.0000 1.0000 1.0000 1.7917 1.7773,0 0 0 0 0 0 6 7,0 1 1 0 1 0 0 0,1,,no (tile),,,,52.76,,0.5581,,3 4,yes,5_4 6_4,p2,2222,hand
601101,8,10,1,6,SSJJSJSJ,not tested,51.43 180.00 231.43 77.14 51.43 231.43 128.57 128.57,1.0000 1.0000 1.0000 1.0000 1.0000 1.0000 1.0000 1.0000,0 0 2 2 0 2 0 2,0 0 0 2 0 0 1 2,5,,no (tile),,,,51.43,,1.0000,,3 4,yes,5_4 6_4,p2,2222,hand
601101,8,12,0,6,SSSSSSJJ,not needed (covering theorem),153.43 90.00 180.00 180.00 90.00 180.00 116.57 90.00,1.0000 1.0000 1.0000 1.0000 1.0000 1.0000 2.2361 2.2361,0 0 0 0 0 0 6 6,0 0 0 0 0 0 0 3,,,YES,2,1,2,90.00,,0.4472,,3 4,yes,5_4 6_4,p2,2222,hand
601101,8,12,1,0,SSSSSSII,not needed (covering theorem),40.92 278.15 81.85 98.15 261.85 180.00 49.08 90.00,1.0000 1.0000 1.0000 1.0000 1.0000 1.0000 2.6202 3.0223,0 0 0 0 0 0 6 7,0 1 0 1 0 0 0 0,,,YES,2,1,2,40.92,,0.3309,,3 4,yes,5_4 6_4,p2,2222,hand
601101,8,12,1,2,SJJJSSSJ,not needed (covering theorem),160.90 100.97 98.13 261.87 19.10 180.00 180.00 79.03,1.0000 1.3223 1.3223 1.3223 1.0000 1.0000 1.0000 1.3223,0 1 1 1 0 0 0 1,0 0 2 0 1 1 1 2,,,YES,2,5,2,19.10,,0.7563,,3 4,yes,5_4 6_4,p2,2222,hand
601101,8,13,0,6,SSSSSSJJ,not needed (covering theorem),45.00 270.00 90.00 180.00 90.00 270.00 45.00 90.00,1.0000 1.0000 1.0000 1.0000 1.0000 1.0000 2.8284 2.8284,0 0 0 0 0 0 6 6,0 0 0 0 0 0 0 3,,,YES,2,1,2,45.00,,0.3536,,3 4,yes,5_4 6_4,p2,2222,hand
601101,8,13,1,0,SSSSSSII,not tested,44.86 270.28 89.72 180.00 90.28 269.72 45.14 90.00,1.0000 1.0000 1.0000 1.0000 1.0000 1.0000 2.8216 2.8352,0 0 0 0 0 0 6 7,0 1 0 0 1 0 0 0,1,,no (tile),,,,44.86,,0.3527,,3 4,yes,5_4 6_4,p2,2222,hand
601101,8,14,1,0,SSSSSSII,not tested,161.65 36.71 323.29 36.71 180.00 143.29 108.35 90.00,1.0000 1.0000 1.0000 1.0000 1.0000 1.0000 1.2595 1.8983,0 0 0 0 0 0 6 7,0 1 0 1 1 0 0 0,1,,no (tile),,,,36.71,,0.5268,,3 4,yes,5_4 6_4,p2,2222,hand
601101,8,15,0,3,SSSSSSSS,not tested,180.00 180.00 47.15 132.85 180.00 144.84 35.16 180.00,1.0000 1.0000 1.1623 1.0000 1.0000 1.4796 1.0000 1.0000,0 0 2 0 0 5 0 0,0 0 0 0 0 0 0 0,1,,no (tile),,,,35.16,,0.6759,,3 4,yes,5_4 6_4,p2,2222,hand
601101,8,15,1,5,JJJJSJJS,not tested,176.20 180.00 67.23 114.77 176.20 116.57 65.23 183.80,1.0000 1.0000 2.4803 1.0000 0.7149 2.4803 1.0000 0.7149,0 0 2 0 4 2 0 4,0 3 0 1 0 2 3 1,6,,no (tile),,,,65.23,,0.2882,,3 4,yes,5_4 6_4,p2,2222,hand
601101,8,18,0,6,SSSSSSJJ,not needed (covering theorem),116.57 180.00 90.00 180.00 180.00 90.00 153.43 90.00,1.0000 1.0000 1.0000 1.0000 1.0000 1.0000 2.2361 2.2361,0 0 0 0 0 0 6 6,0 0 0 0 0 0 0 3,,,YES,2,1,2,90.00,,0.4472,,3 4,yes,5_4 6_4,p2,2222,hand
601101,8,18,1,0,SSSSSSII,not needed (covering theorem),40.92 180.00 278.15 81.85 98.15 261.85 49.08 90.00,1.0000 1.0000 1.0000 1.0000 1.0000 1.0000 2.6202 3.0223,0 0 0 0 0 0 6 7,0 0 1 0 1 0 0 0,,,YES,2,1,2,40.92,,0.3309,,3 4,yes,5_4 6_4,p2,2222,hand
601101,8,18,1,6,SSJJJSJS,not needed (covering theorem),180.00 180.00 19.10 261.96 98.04 101.06 160.90 78.94,1.0000 1.0000 1.3216 1.3216 1.3216 1.0000 1.3216 1.0000,0 0 2 2 2 0 2 0,0 0 0 2 0 1 2 0,,,YES,2,1,2,19.10,,0.7567,,3 4,yes,5_4 6_4,p2,2222,hand
601101,8,19,0,6,JJSJJSJJ,not tested,120.81 180.00 85.25 274.75 90.00 85.25 153.94 90.00,1.0000 1.0000 2.0964 1.0000 1.0000 2.0964 2.1264 2.1264,0 0 2 0 0 2 6 6,0 3 0 0 3 0 0 3,9,,no (tile),,,,85.25,,0.4703,,3 4,yes,5_4 6_4,p2,2222,hand
601101,8,19,1,0,SSSSSSII,not tested,161.65 180.00 36.71 180.00 180.00 143.29 108.35 90.00,1.0000 1.0000 1.0000 1.0000 1.0000 1.0000 1.2595 1.8983,0 0 0 0 0 0 6 7,0 0 1 1 1 0 0 0,1,,no (tile),,,,36.71,,0.5268,,3 4,yes,5_4 6_4,p2,2222,hand
601101,8,20,0,3,JSJJSSSJ,not tested,180.00 323.13 36.87 90.00 143.13 90.00 180.00 36.87,1.0000 1.0000 1.0000 1.0000 1.0000 1.0000 1.0000 1.0000,0 1 0 0 1 1 1 0,0 0 3 0 0 0 0 3,9,,no (tile),,,,36.87,,1.0000,,3 4,yes,5_4 6_4,p2,2222,hand
601101,8,20,0,6,SSSSSSJJ,not needed (covering theorem),90.00 90.00 270.00 180.00 90.00 180.00 90.00 90.00,1.0000 1.0000 1.0000 1.0000 1.0000 1.0000 3.0000 3.0000,0 0 0 0 0 0 6 6,0 0 0 0 0 0 0 3,,,YES,2,1,2,90.00,,0.3333,,3 4,yes,5_4 6_4,p2,2222,hand
601101,8,20,1,0,ISIISSII,not tested,90.00 47.74 312.26 180.00 47.74 264.52 47.74 90.00,1.0000 1.0003 1.0000 1.0000 1.0003 1.0003 2.3273 2.2211,0 1 0 0 1 1 6 7,0 0 0 0 0 1 0 0,,1,no (deep),,,,47.74,,0.4297,,3 4,yes,5_4 6_4,p2,2222,hand
601101,8,20,1,5,JSJSJSSJ,not tested,180.00 323.15 36.85 88.29 143.15 91.71 180.00 36.85,1.0000 0.9778 1.0000 0.9778 1.0000 0.9778 0.9778 1.0000,0 1 0 1 0 1 1 0,0 0 3 1 1 0 0 3,6,,no (tile),,,,36.85,,0.9778,,3 4,yes,5_4 6_4,p2,2222,hand
601141,8,0,1,1,UUUJJUUU,not needed (covering theorem),90.00 180.00 90.00 153.43 90.00 116.57 90.00 270.00,1.0000 1.0000 1.0000 2.2361 2.2361 1.0000 1.0000 1.0000,0 0 0 3 3 0 0 0,0 2 0 0 3 2 0 2,,,YES,2,6,2,90.00,,0.4472,,3 4,yes,5_4 6_4,pgg,22x,hand
601141,8,0,1,2,JJIJSJJJ,not tested,288.03 180.00 35.99 144.01 83.69 96.31 71.97 180.00,1.0000 1.0000 2.1384 1.0000 3.1775 1.0000 1.0000 1.0000,0 0 2 0 4 0 0 0,0 3 0 0 0 3 2 1,1,,no (tile),,,,35.99,,0.3147,,3 4,yes,5_4 6_4,pgg,22x,hand
601141,8,2,0,3,UUSSUSUS,not tested,223.74 180.00 18.91 117.35 43.74 223.74 136.26 136.26,1.0000 1.0000 6.5868 3.0881 1.0000 3.0881 1.0000 3.0881,0 0 2 3 0 3 0 3,0 2 0 0 0 1 2 0,"1,6",,no (tile),,,,18.91,,0.1518,,3 4,yes,5_4 6_4,pgg,22x,hand
601141,8,3,0,1,JJJJJJJJ,not needed (covering theorem),-51.99 180.00 231.99 -51.99 463.98 -103.98 283.98 128.01,1.0000 1.0000 1.0000 1.0000 1.0000 1.0000 1.0000 1.0000,0 0 0 0 0 0 0 0,0 3 3 2 0 2 0 0,,,YES,2,6,2,51.99,,1.0000,,3 4,yes,5_4 6_4,pgg,22x,hand
601141,8,3,1,3,JJSSJSJS,not tested,88.23 180.00 251.81 19.96 251.81 63.70 116.30 108.19,1.0000 1.0000 3.5398 3.5398 1.0000 4.5770 1.0000 3.5398,0 0 2 2 0 5 0 2,0 3 0 1 2 0 1 1,"1,6",,no (tile),,,,19.96,,0.2185,,3 4,yes,5_4 6_4,pgg,22x,hand
601141,8,3,1,5,JJJJJJJJ,not tested,60.00 180.00 180.00 60.00 180.00 120.00 120.00 180.00,1.0000 1.0000 1.0000 1.0000 1.0000 1.0000 1.0000 1.0000,0 0 0 0 0 0 0 0,0 3 0 0 3 2 2 1,6,,no (tile),,,,60.00,,1.0000,,3 4,yes,5_4 6_4,pgg,22x,hand
601141,8,4,0,3,UUSSUSUS,not tested,94.77 180.00 94.77 170.45 94.77 94.77 265.23 85.23,1.0000 1.0000 0.2675 0.2675 1.0000 0.2675 1.0000 0.2675,0 0 2 3 0 3 0 3,0 2 0 0 0 1 2 0,"1,2",,no (tile),,,,85.23,,0.2675,,3 4,yes,5_4 6_4,pgg,22x,hand
601141,8,4,0,7,UUSUSUSS,not tested,102.84 180.00 102.84 77.16 257.16 102.84 102.84 154.32,1.0000 1.0000 0.3766 1.0000 0.3766 1.0000 0.3766 0.3766,0 0 2 0 2 0 2 7,0 2 0 0 1 2 0 0,"1,2",,no (tile),,,,77.16,,0.3766,,3 4,yes,5_4 6_4,pgg,22x,hand
601141,8,5,0,7,UUSUSUSS,not tested,43.78 180.00 253.61 106.39 106.39 253.61 73.61 62.61,1.0000 1.0000 5.5636 1.0000 5.5636 1.0000 5.5636 7.7146,0 0 2 0 2 0 2 7,0 2 0 0 1 2 0 0,"1,6",,no (tile),,,,43.78,,0.1296,,3 4,yes,5_4 6_4,pgg,22x,hand
601141,8,6,1,1,UUUUJJUU,not needed (covering theorem),90.00 180.00 90.00 270.00 45.00 90.00 45.00 270.00,1.0000 1.0000 1.0000 1.0000 2.8284 2.8284 1.0000 1.0000,0 0 0 0 4 4 0 0,0 2 0 2 0 3 0 2,,,YES,2,6,2,45.00,,0.3536,,3 4,yes,5_4 6_4,pgg,22x,hand
601141,8,7,0,1,JJJJJJJJ,not needed (covering theorem),4448.00 180.00 -4268.00 -4088.00 4396.01 -4216.01 4576.01 52.00,1.0000 1.0000 1.0000 1.0000 1.0000 1.0000 1.0000 1.0000,0 0 0 0 0 0 0 0,0 3 3 3 1 3 1 0,,,YES,2,6,2,52.00,,1.0000,,3 4,yes,5_4 6_4,pgg,22x,hand
601141,8,7,1,5,JJJJJJJJ,not tested,180.00 180.00 60.00 180.00 120.00 120.00 180.00 60.00,1.0000 1.0000 1.0000 1.0000 1.0000 1.0000 1.0000 1.0000,0 0 0 0 0 0 0 0,0 3 2 1 1 0 3 3,6,,no (tile),,,,60.00,,1.0000,,3 4,yes,5_4 6_4,pgg,22x,hand
601141,8,7,1,7,JJSJSJSS,not tested,85.31 180.00 120.66 274.69 31.52 148.48 85.31 154.03,1.0000 1.0000 3.9424 1.0000 4.2723 1.0000 3.9424 3.9424,0 0 2 0 4 0 2 2,0 3 0 2 0 1 0 1,"1,6",,no (tile),,,,31.52,,0.2341,,3 4,yes,5_4 6_4,pgg,22x,hand
601141,8,9,1,0,JJJJJSJI,not tested,53.84 180.00 252.32 180.00 107.68 73.86 106.14 126.16,1.0000 1.0000 1.0000 1.0000 1.0000 4.0819 1.0000 2.4964,0 0 0 0 0 5 0 7,0 3 2 1 0 0 3 0,1,,no (tile),,,,53.84,,0.2450,,3 4,yes,5_4 6_4,pgg,22x,hand
601141,8,9,1,1,UUUUUJJU,not needed (covering theorem),90.00 180.00 90.00 270.00 90.00 116.57 90.00 153.43,1.0000 1.0000 1.0000 1.0000 1.0000 2.2361 2.2361 1.0000,0 0 0 0 0 5 5 0,0 2 0 2 0 0 3 2,,,YES,2,6,2,90.00,,0.4472,,3 4,yes,5_4 6_4,pgg,22x,hand
601141,8,10,1,1,SJJSJSJS,not tested,174.38 126.31 180.00 233.69 59.31 82.54 97.46 126.31,1.0000 3.5973 3.5973 1.0000 3.5973 9.2265 3.5973 1.0000,0 1 1 0 1 5 1 0,0 0 3 0 2 0 1 1,"1,6",,no (tile),,,,59.31,,0.1084,,3 4,yes,5_4 6_4,pgg,22x,hand
601141,8,10,1,3,SJJSSJSJ,not tested,53.25 218.54 180.00 141.46 165.29 141.46 72.21 107.79,1.0000 1.7969 1.7969 1.0000 1.0000 1.7969 6.1098 1.7969,0 1 1 0 0 1 6 1,0 0 3 0 1 2 0 1,"1,6",,no (tile),,,,53.25,,0.1637,,3 4,yes,5_4 6_4,pgg,22x,hand
601142,8,1,0,4,JJJJJJJJ,not tested,120.00 180.00 120.00 120.00 120.00 120.00 240.00 60.00,1.0000 1.0000 1.0000 1.0000 1.0000 1.0000 1.0000 1.0000,0 0 0 0 0 0 0 0,0 3 0 3 0 3 0 3,7,,no (tile),,,,60.00,,1.0000,,3 6,yes,5_3 6_3,p6,632,hand
601142,8,1,1,2,IIIIIIII,not tested,120.00 180.00 120.00 120.00 120.00 120.00 240.00 60.00,1.0000 1.0000 1.0000 1.0000 1.0000 1.0000 1.0000 1.0000,0 0 2 0 0 0 0 0,0 0 0 0 0 0 0 0,"1,2,3,4,5,6,7",,no (tile),,,,60.00,,1.0000,,3 6,yes,5_3 6_3,p6,632,hand
601142,8,2,0,1,SSSSSSSS,not needed (covering theorem),120.00 180.00 60.00 240.00 60.00 120.00 240.00 60.00,1.0000 1.0000 1.0000 1.0000 1.0000 1.0000 1.0000 1.0000,0 0 0 0 0 0 6 0,0 0 0 0 0 0 0 0,,,YES,2,8,2,60.00,,1.0000,,3 6,yes,5_3 6_3,p6,632,hand
601142,8,2,1,5,JJJJJJJJ,not tested,180.00 180.00 60.00 180.00 120.00 120.00 180.00 60.00,1.0000 1.0000 1.0000 1.0000 1.0000 1.0000 1.0000 1.0000,0 0 0 0 0 0 0 0,0 3 0 3 1 2 1 3,6,,no (tile),,,,60.00,,1.0000,,3 6,yes,5_3 6_3,p6,632,hand
601143,8,2,0,1,SSSSSSSS,not tested,90.00 180.00 90.00 270.00 90.00 90.00 153.43 116.57,1.0000 1.0000 1.0000 1.0000 1.0000 1.0000 2.2361 1.0000,0 0 0 0 0 0 6 0,0 0 0 0 0 0 0 0,1,,no (tile),,,,90.00,,0.4472,,3 4,yes,5_3 6_3,p4,442,L2
601143,8,2,1,3,JJJJJJJJ,not needed (covering theorem),90.00 180.00 53.13 216.87 143.13 90.00 126.87 180.00,1.0000 1.0000 1.0000 1.0000 1.0000 1.0000 1.0000 1.0000,0 0 0 0 0 0 0 0,0 3 1 3 1 2 0 3,,,YES,2,9,2,53.13,,1.0000,,3 4,yes,5_3 6_3,p4,442,L2
601144,8,2,0,1,SSSSSSSS,not needed (covering theorem),60.00 180.00 120.00 300.00 120.00 60.00 840.00 -600.00,1.0000 1.0000 1.0000 1.0000 1.0000 1.0000 3.0000 1.0000,0 0 0 0 0 0 6 0,0 0 0 0 0 0 0 0,,,YES,2,8,2,60.00,,0.3333,,3 6,yes,5_3 6_3,p6,632,L2
601144,8,2,0,7,SSSSSSSS,not tested,30.00 180.00 120.00 180.00 120.00 60.00 180.00 210.00,1.0000 1.0000 1.0000 1.0000 1.0000 1.0000 1.0000 1.7321,0 0 0 0 0 0 0 7,0 0 0 0 0 0 0 0,1,,no (tile),,,,30.00,,0.5774,,3 6,yes,5_3 6_3,p6,632,L2
1726795,8,0,0,0,SSSSSSSS,not tested,102.75 180.00 77.25 180.00 102.75 77.25 282.75 77.25,1.0000 1.0000 1.0000 1.0000 1.0000 1.0000 1.0000 1.0000,0 1 0 1 1 0 1 0,0 0 0 0 0 0 0 0,1,,no (tile),,,,77.25,,1.0000,,3,yes,6_2 6_2,p2,2222,hand
1726795,8,0,0,2,SJSSJSSS,not tested,252.56 54.48 128.58 110.53 120.89 52.97 252.56 107.44,1.0000 1.9564 1.7922 1.6069 1.9564 0.7217 1.0000 0.7217,0 1 2 3 1 5 0 5,0 0 0 0 3 0 0 0,1,,no (tile),,,,52.97,,0.3689,,3,yes,6_2 6_2,p2,2222,hand
1726795,8,0,0,7,SSSSSSSS,not tested,97.57 262.43 -97.57 97.57 360.00 0.00 360.00 0.00,1.0000 3.2636 1.0000 1.0000 3.2636 1.0000 3.2636 1.0000,0 1 0 0 1 0 1 0,0 0 0 0 0 0 0 0,(not a tile),,"n/a (not a tile: rep 1 (S) must bulge opposite ways: to clear v0 on edge 6 (code 0) and to clear v3 on edge 4 (code 0) -- exact via the outside lemma (validated by John, 2026-09-13) [curve_sides])",,,,0.00,,0.3064,,,,6_2 6_2,p2,2222,hand
1726795,8,0,1,3,SSISSSSS,not tested,203.13 91.05 134.47 134.47 91.05 65.82 294.18 65.82,1.0000 1.0000 0.9794 1.0000 1.0000 0.3831 1.0000 0.3831,0 0 2 0 0 5 0 5,0 1 0 0 1 0 1 0,1,,no (tile),,,,65.82,,0.3831,,3,yes,6_2 6_2,p2,2222,hand
1726795,8,0,1,5,SSSISSSS,not tested,372.26 -98.93 86.67 136.67 136.67 86.67 372.26 -12.26,1.0000 2.4045 2.4045 0.6188 2.4045 2.4045 1.0000 2.4045,0 1 1 3 1 1 0 1,0 0 1 0 0 1 0 1,1,,no (tile),,,,12.26,,0.2573,,3,yes,6_2 6_2,p2,2222,hand
1726795,8,1,0,2,SJSSJSSS,not tested,180.00 72.00 143.98 108.02 108.00 108.00 180.00 180.00,1.0000 1.0000 2.4724 2.4713 1.0000 1.0000 1.0000 1.0000,0 1 2 3 1 0 0 0,0 0 0 0 3 0 0 0,1,,no (tile),,,,72.00,,0.4045,,3,yes,6_2 6_2,p2,2222,hand
1726795,8,1,1,4,SJJJJSSS,not tested,180.00 74.98 108.44 173.15 78.40 105.02 180.00 180.00,1.0000 1.7087 2.0036 2.0036 1.7087 1.0000 1.0000 1.0000,0 1 2 2 1 0 0 0,0 0 0 2 3 0 0 0,2,,no (tile),,,,74.98,,0.4991,,3,yes,6_2 6_2,p2,2222,hand
1726795,8,2,0,1,SSSSSSSS,not tested,179.44 120.74 119.63 119.63 120.74 59.81 300.19 59.81,1.0000 1.0000 1.0000 1.0000 1.0000 0.5028 1.0000 0.5028,0 0 0 0 0 5 0 5,0 0 0 0 0 0 0 0,1,,no (tile),,,,59.81,,0.5028,,3,yes,6_2 6_2,p2,2222,hand
1726795,8,2,0,3,SSSSSSSS,not tested,405.43 -223.71 178.28 90.86 90.86 178.28 405.43 -45.43,1.0000 1.4249 1.4249 1.4249 1.4249 1.4249 1.0000 1.4249,0 1 1 1 1 1 0 1,0 0 0 0 0 0 0 0,1,,no (tile),,,,45.43,,0.7018,,3,yes,6_2 6_2,p2,2222,hand
1726795,8,2,1,2,SSSSSSSS,not tested,50.84 176.32 132.84 176.32 50.84 132.84 227.16 132.84,1.0000 0.9699 0.9699 1.0000 0.9699 0.9699 0.9699 0.9699,0 1 1 0 1 1 1 1,0 0 1 1 0 1 0 1,"1,5,6",,no (tile),,,,50.84,,0.9699,,3,yes,6_2 6_2,p2,2222,hand
1726795,8,2,1,4,SJJJJSSS,not tested,217.31 50.07 127.04 166.96 66.01 92.63 217.31 142.69,1.0000 1.2151 1.3043 1.3043 1.2151 0.3499 1.0000 0.3499,0 1 2 2 1 5 0 5,0 0 0 2 3 0 0 0,2,,no (tile),,,,50.07,,0.2683,,3,yes,6_2 6_2,p2,2222,hand
1726795,8,3,0,3,SSSSSSSS,not tested,96.55 194.00 69.45 145.27 145.27 69.45 290.55 69.45,1.0000 0.6597 0.6597 0.6597 0.6597 0.6597 0.6597 0.6597,0 1 1 1 1 1 1 1,0 0 0 0 0 0 0 0,1,,no (tile),,,,69.45,,0.6597,,3,yes,6_2 6_2,p2,2222,hand
1726795,8,3,1,5,SSSISSSS,not tested,58.65 166.18 135.16 112.42 112.42 135.16 224.84 135.16,1.0000 0.4363 0.4363 0.5911 0.4363 0.4363 0.4363 0.4363,0 1 1 3 1 1 1 1,0 0 1 0 0 1 0 1,"1,6",,no (tile),,,,58.65,,0.4363,,3,yes,6_2 6_2,p2,2222,hand
1726795,8,4,0,6,SJSSSJSS,not tested,180.00 90.00 90.00 180.00 180.00 90.00 90.00 180.00,1.0000 1.0000 1.0000 1.0000 1.0000 1.0000 1.0000 1.0000,0 1 0 0 0 1 0 0,0 0 0 0 0 3 0 0,"1,4",,no (tile),,,,90.00,,1.0000,,3,yes,6_2 6_2,p2,2222,hand
1726795,8,4,1,1,SJSSSJSS,not tested,180.00 90.00 90.00 180.00 180.00 90.00 90.00 180.00,1.0000 1.0000 1.0000 1.0000 1.0000 1.0000 1.0000 1.0000,0 1 0 0 0 1 0 0,0 0 1 1 1 3 0 0,"1,5",,no (tile),,,,90.00,,1.0000,,3,yes,6_2 6_2,p2,2222,hand
1726795,8,5,0,6,SJSSSJSS,not tested,180.00 90.00 90.00 180.00 180.00 90.00 90.00 180.00,1.0000 1.0000 1.0000 1.0000 1.0000 1.0000 1.0000 1.0000,0 1 0 0 0 1 0 0,0 0 0 0 0 3 0 0,"1,4",,no (tile),,,,90.00,,1.0000,,3,yes,6_2 6_2,p2,2222,hand
1726795,8,5,1,5,SJIIIJSS,not tested,180.00 90.00 90.00 180.00 180.00 90.00 90.00 180.00,1.0000 1.0000 1.0000 1.0000 1.0000 1.0000 1.0000 1.0000,0 1 2 2 2 1 0 0,0 0 0 0 0 3 0 0,1,,no (tile),,,,90.00,,1.0000,,3,yes,6_2 6_2,p2,2222,hand
1726795,8,6,1,0,SSSSSSSS,not tested,159.92 135.16 159.92 64.93 135.16 224.84 135.16 64.93,1.0000 1.0000 1.2539 1.0000 1.0000 1.0000 1.0000 1.2539,0 0 2 0 0 0 0 2,0 1 0 0 1 0 1 1,"1,5,6",,no (tile),,,,64.93,,0.7975,,3,yes,6_2 6_2,p2,2222,hand
1726795,8,6,1,1,SISSISIS,not tested,57.65 122.35 122.35 57.65 180.00 180.00 180.00 180.00,1.0000 0.2675 1.0000 0.2675 0.2675 0.2675 0.2675 0.2675,0 1 0 3 1 3 1 3,0 0 1 0 0 1 0 0,"1,6",,no (tile),,,,57.65,,0.2675,,3,yes,6_2 6_2,p2,2222,hand
1726795,8,6,1,6,SJJJJJJS,not needed (covering theorem),104.18 134.42 75.74 208.53 151.47 208.53 75.73 121.40,1.0000 0.4808 0.4800 0.4800 0.4800 0.4800 0.4808 1.3432,0 1 2 2 2 2 1 7,0 0 0 2 0 2 3 0,,,YES,2,5,2,75.73,,0.3573,,3,yes,6_2 6_2,p2,2222,hand
1726795,8,7,0,6,SJSSSJSS,not tested,180.00 90.00 90.00 180.00 180.00 90.00 90.00 180.00,1.0000 1.0000 1.0000 1.0000 1.0000 1.0000 1.0000 1.0000,0 1 0 0 0 1 0 0,0 0 0 0 0 3 0 0,"1,4",,no (tile),,,,90.00,,1.0000,,3,yes,6_2 6_2,p2,2222,hand
1726795,8,7,1,1,SJSSSJSS,not tested,180.00 90.00 90.00 180.00 180.00 90.00 90.00 180.00,1.0000 1.0000 1.0000 1.0000 1.0000 1.0000 1.0000 1.0000,0 1 0 0 0 1 0 0,0 0 1 1 1 3 0 0,"1,5",,no (tile),,,,90.00,,1.0000,,3,yes,6_2 6_2,p2,2222,hand
1726795,8,8,0,0,SJJSJJSS,not needed (covering theorem),90.00 180.00 90.00 180.00 90.00 180.00 90.00 180.00,1.0000 1.0000 1.0000 1.0000 1.0000 1.0000 1.0000 1.0000,0 1 1 0 1 1 0 0,0 0 3 0 0 3 0 0,,,YES,2,1,2,90.00,,1.0000,,3,yes,6_2 6_2,p2,2222,hand
1726795,8,8,0,4,SSSJJSJJ,not needed (covering theorem),90.00 180.00 90.00 180.00 90.00 180.00 90.00 180.00,1.0000 1.0000 1.0000 1.0000 1.0000 1.0000 1.0000 1.0000,0 0 0 3 3 0 3 3,0 0 0 0 3 0 0 3,,,YES,2,1,2,90.00,,1.0000,,3,yes,6_2 6_2,p2,2222,hand
1726795,8,8,1,1,SJSSSJSS,not tested,180.00 90.00 90.00 180.00 180.00 90.00 90.00 180.00,1.0000 1.0000 1.0000 1.0000 1.0000 1.0000 1.0000 1.0000,0 1 0 0 0 1 0 0,0 0 1 1 1 3 0 0,"1,5",,no (tile),,,,90.00,,1.0000,,3,yes,6_2 6_2,p2,2222,hand
1726795,8,8,1,2,SSSSSSSS,not tested,90.00 180.00 90.00 180.00 90.00 180.00 90.00 180.00,1.0000 1.0000 1.0000 1.0000 1.0000 1.0000 1.0000 1.0000,0 0 0 0 0 0 0 0,0 0 1 1 0 0 1 1,"1,2,3,4,5,6",,no (tile),,,,90.00,,1.0000,,3,yes,6_2 6_2,p2,2222,hand
1726795,8,8,1,5,SJIIIJSS,not tested,180.00 90.00 90.00 180.00 180.00 90.00 90.00 180.00,1.0000 1.0000 1.0000 1.0000 1.0000 1.0000 1.0000 1.0000,0 1 2 2 2 1 0 0,0 0 0 0 0 3 0 0,1,,no (tile),,,,90.00,,1.0000,,3,yes,6_2 6_2,p2,2222,hand
1726795,8,8,1,6,SSSSSSSS,not tested,90.00 180.00 90.00 180.00 90.00 180.00 90.00 180.00,1.0000 1.0000 1.0000 1.0000 1.0000 1.0000 1.0000 1.0000,0 0 0 0 0 0 0 0,0 0 1 1 0 0 1 1,"1,2,3,4,5,6",,no (tile),,,,90.00,,1.0000,,3,yes,6_2 6_2,p2,2222,hand
1726795,8,8,1,7,SIIIIIII,not tested,90.00 90.00 180.00 180.00 90.00 90.00 180.00 180.00,1.0000 1.0000 1.0000 1.0000 1.0000 1.0000 1.0000 1.0000,0 1 1 3 4 1 3 3,0 0 0 0 0 0 0 0,"1,2,6",,no (tile),,,,90.00,,1.0000,,3,yes,6_2 6_2,p2,2222,hand
1726795,8,9,0,0,SSSSSSSS,not needed (covering theorem),187.53 93.76 86.24 266.24 86.24 93.76 187.53 78.71,1.0000 1.0000 1.0000 1.0000 1.0000 1.0000 1.0000 1.0000,0 1 1 0 0 1 1 0,0 0 0 0 0 0 0 0,,,YES,2,1,2,78.71,,1.0000,,3,yes,6_2 6_2,p2,2222,hand
1726795,8,9,0,4,SSSSSSSS,not needed (covering theorem),187.56 -3161.33 187.56 3333.78 86.22 -2973.78 86.22 3333.78,1.0000 1.0000 1.0000 1.0000 1.0000 1.0000 1.0000 1.0000,0 1 1 0 0 1 1 0,0 0 0 0 0 0 0 0,,,YES,2,1,2,78.67,,1.0000,,3,yes,6_2 6_2,p2,2222,hand
1726795,8,9,0,5,SSSSSSSS,not needed (covering theorem),179.98 -2040.00 -2040.00 180.02 2219.98 180.02 179.98 2220.02,1.0000 1.0000 1.0000 0.9998 1.0000 0.9998 1.0000 0.9998,0 0 0 3 0 3 0 3,0 0 0 0 0 0 0 0,,,YES,2,"1,4",2,59.98,,0.9998,,3,yes,6_2 6_2,p2,2222,hand
1726795,8,9,0,7,SSSSSSSS,not needed (covering theorem),-3771.98 4011.98 -3771.98 4131.98 -3891.98 4131.98 120.00 120.00,1.0000 0.8691 1.0000 0.8691 1.0000 0.8691 0.8691 0.8691,0 1 0 1 0 1 1 1,0 0 0 0 0 0 0 0,,,YES,2,"1,4",2,51.98,,0.8691,,3,yes,6_2 6_2,p2,2222,hand
1726795,8,9,1,1,SJSSJJJS,not needed (covering theorem),171.59 122.43 105.79 188.41 65.81 171.76 188.24 65.98,1.0000 0.7213 0.7202 1.0000 0.7213 0.7213 0.7213 0.7202,0 1 2 0 1 1 1 2,0 0 0 1 3 1 3 1,,,YES,2,5,2,65.81,,0.7202,,3,yes,6_2 6_2,p2,2222,hand
1726795,8,9,1,3,SJJJSSJS,not needed (covering theorem),122.33 84.21 214.63 145.37 61.18 237.67 61.15 153.45,1.0000 0.8582 0.8582 0.8582 1.4135 1.0000 0.8582 1.4135,0 1 1 1 4 0 1 4,0 0 2 0 0 1 3 1,,,YES,2,5,2,61.15,,0.6071,,3,yes,6_2 6_2,p2,2222,hand
1726795,8,10,1,3,SISISSIS,not tested,47.10 180.00 180.00 180.00 180.00 47.10 132.90 132.90,1.0000 0.4065 1.0000 0.4065 1.0000 2.5019 0.4065 2.5019,0 1 0 1 0 5 1 5,0 0 1 0 0 0 0 1,"1,6",,no (tile),,,,47.10,,0.1625,,3,yes,6_2 6_2,p2,2222,hand
1726795,8,10,1,4,SSSSSSSS,not tested,155.31 96.58 108.11 251.89 108.11 96.58 155.31 108.11,1.0000 0.6058 0.6058 0.6058 0.6058 1.0000 0.6058 0.6058,0 1 1 1 1 0 1 1,0 0 1 0 1 1 0 1,"1,5,6",,no (tile),,,,96.58,,0.6058,,3,yes,6_2 6_2,p2,2222,hand
1726795,8,10,1,6,SJJJJJJS,not needed (covering theorem),104.18 134.42 75.74 208.53 151.47 208.53 75.73 121.40,1.0000 0.4808 0.4800 0.4800 0.4800 0.4800 0.4808 1.3432,0 1 2 2 2 2 1 7,0 0 0 2 0 2 3 0,,,YES,2,5,2,75.73,,0.3573,,3,yes,6_2 6_2,p2,2222,hand
1726795,8,11,0,4,SSSSSSSS,not tested,88.80 78.84 281.16 78.84 140.58 140.58 78.84 192.36,1.0000 1.0000 1.0000 1.0000 1.0000 1.0000 1.0000 1.6164,0 0 0 0 0 0 0 7,0 0 0 0 0 0 0 0,1,,no (tile),,,,78.84,,0.6187,,3,yes,6_2 6_2,p2,2222,hand
1726795,8,11,1,4,SSSISSSS,not tested,58.65 166.18 135.16 112.42 112.42 135.16 224.84 135.16,1.0000 0.4363 0.4363 0.5911 0.4363 0.4363 0.4363 0.4363,0 1 1 3 1 1 1 1,0 0 1 0 0 1 0 1,"1,6",,no (tile),,,,58.65,,0.4363,,3,yes,6_2 6_2,p2,2222,hand
1726795,8,12,0,2,SJJJJJJS,not needed (covering theorem),180.00 135.00 180.00 90.00 90.00 180.00 180.00 45.00,1.0000 1.4142 1.4142 1.4142 1.4142 1.4142 1.4142 1.0000,0 1 1 1 1 1 1 0,0 0 3 0 3 0 3 0,,,YES,2,1,2,45.00,,0.7071,,3,yes,6_2 6_2,p2,2222,hand
1726795,8,12,0,4,SJJJJJJS,not needed (covering theorem),180.00 45.00 180.00 180.00 90.00 90.00 180.00 135.00,1.0000 1.4142 1.4142 1.4142 1.4142 1.4142 1.4142 1.0000,0 1 1 1 1 1 1 0,0 0 3 0 3 0 3 0,,,YES,2,1,2,45.00,,0.7071,,3,yes,6_2 6_2,p2,2222,hand
1726795,8,12,1,4,SIIIIIIS,not tested,180.00 134.87 180.00 90.00 90.00 180.00 180.00 45.13,1.0000 1.4109 1.4109 1.4175 1.4109 1.4109 1.4109 1.0000,0 1 1 3 1 1 1 0,0 0 0 0 0 0 0 0,1,,no (tile),,,,45.13,,0.7055,,3,yes,6_2 6_2,p2,2222,hand
1726795,8,12,1,6,SIIIIIIS,not tested,180.00 44.83 180.00 180.00 90.00 90.00 180.00 135.17,1.0000 1.4185 1.4185 1.4185 1.4099 1.4185 1.4185 1.0000,0 1 1 1 4 1 1 0,0 0 0 0 0 0 0 0,1,,no (tile),,,,44.83,,0.7050,,3,yes,6_2 6_2,p2,2222,hand
1726795,8,13,0,2,SSSSSSSS,not tested,96.55 194.00 69.45 145.27 145.27 69.45 290.55 69.45,1.0000 0.6597 0.6597 0.6597 0.6597 0.6597 0.6597 0.6597,0 1 1 1 1 1 1 1,0 0 0 0 0 0 0 0,1,,no (tile),,,,69.45,,0.6597,,3,yes,6_2 6_2,p2,2222,hand
1726795,8,13,1,6,SSSSISSS,not tested,86.51 114.33 245.67 114.33 122.84 122.84 114.33 159.16,1.0000 1.0000 1.0000 1.0000 2.2855 1.0000 1.0000 2.8368,0 0 0 0 4 0 0 7,0 1 0 1 0 0 1 0,"1,6",,no (tile),,,,86.51,,0.3525,,3,yes,6_2 6_2,p2,2222,hand
1726795,8,14,0,0,SSSSSSSS,not tested,76.13 103.87 180.00 180.00 103.87 76.13 180.00 180.00,1.0000 1.0000 1.4794 1.0000 1.0000 1.4794 1.0000 1.4794,0 0 2 0 0 2 0 2,0 0 0 0 0 0 0 0,1,,no (tile),,,,76.13,,0.6759,,3,yes,6_2 6_2,p2,2222,hand
1726795,8,14,0,1,SSSSSSSS,not tested,135.00 90.00 225.00 45.00 225.00 90.00 135.00 135.00,1.0000 1.0000 1.0000 1.0000 1.0000 1.0000 1.0000 1.0000,0 0 2 0 2 2 0 2,0 0 0 0 0 0 0 0,"1,4,9",,no (tile),,,,45.00,,1.0000,,3,yes,6_2 6_2,p2,2222,hand
1726795,8,14,0,2,SSSSSSSS,not tested,93.82 172.35 187.65 86.18 86.18 187.65 172.35 93.82,1.0000 1.0000 1.0000 1.0000 1.0000 1.0000 1.0000 0.8666,0 0 0 0 0 0 0 7,0 0 0 0 0 0 0 0,1,,no (tile),,,,86.18,,0.8666,,3,yes,6_2 6_2,p2,2222,hand
1726795,8,14,0,4,SSSSSSSS,not tested,91.50 91.50 177.01 182.99 88.50 88.50 182.99 177.01,1.0000 1.0551 1.0551 1.0551 1.0551 1.0551 1.0551 1.0551,0 1 1 1 1 1 1 1,0 0 0 0 0 0 0 0,1,,no (tile),,,,88.50,,0.9478,,3,yes,6_2 6_2,p2,2222,hand
1726795,8,14,0,5,SSSSSSSS,not tested,217.31 46.28 217.31 96.41 142.69 120.90 142.69 96.41,1.0000 0.9560 1.0000 1.0000 0.9560 1.0000 0.9560 0.9560,0 1 0 0 1 0 1 1,0 0 0 0 0 0 0 0,"1,4",,no (tile),,,,46.28,,0.9560,,3,yes,6_2 6_2,p2,2222,hand
1726795,8,14,0,6,SSSSSSSS,not tested,91.08 180.00 180.00 91.08 88.92 180.00 180.00 88.92,1.0000 1.0391 1.0000 1.0391 1.0391 1.0000 1.0391 1.0391,0 1 0 1 1 0 1 1,0 0 0 0 0 0 0 0,1,,no (tile),,,,88.92,,0.9624,,3,yes,6_2 6_2,p2,2222,hand
1726795,8,14,1,0,SISSISIS,not tested,107.83 180.00 180.00 107.83 72.17 180.00 180.00 72.17,1.0000 1.5924 1.0000 0.9673 1.5924 1.0000 1.5924 0.9673,0 1 0 3 1 0 1 3,0 0 0 0 0 0 0 1,"1,6",,no (tile),,,,72.17,,0.6075,,3,yes,6_2 6_2,p2,2222,hand
1726795,8,14,1,2,SISISSIS,not tested,115.07 64.93 180.00 180.00 64.93 115.07 180.00 180.00,1.0000 0.8974 0.0500 0.8974 1.0000 0.0500 0.8974 0.0500,0 1 2 1 0 2 1 2,0 0 0 0 1 0 0 0,"1,6",,no (tile),,,,64.93,,0.0500,YES,3,yes,6_2 6_2,p2,2222,hand
1726795,8,14,1,3,SSSSSSSS,not tested,135.00 90.00 225.00 45.00 225.00 90.00 135.00 135.00,1.0000 1.0000 1.0000 1.0000 1.0000 1.0000 1.0000 1.0000,0 1 0 0 1 0 1 1,0 0 1 0 1 1 0 1,"1,3,4,5",,no (tile),,,,45.00,,1.0000,,3,yes,6_2 6_2,p2,2222,hand
1726795,8,14,1,4,SSSISSSS,not tested,125.24 109.52 250.48 54.76 54.76 250.48 109.52 125.24,1.0000 1.0000 1.0000 1.7448 1.0000 1.0000 1.0000 0.5908,0 0 0 3 0 0 0 7,0 1 0 0 1 0 1 0,"1,6",,no (tile),,,,54.76,,0.3386,,3,yes,6_2 6_2,p2,2222,hand
1726795,8,14,1,6,SSSSISSS,not tested,100.13 100.13 159.74 200.26 79.87 79.87 200.26 159.74,1.0000 1.1973 1.1973 1.1973 1.4211 1.1973 1.1973 1.1973,0 1 1 1 4 1 1 1,0 0 1 0 0 1 0 1,"1,6",,no (tile),,,,79.87,,0.7037,,3,yes,6_2 6_2,p2,2222,hand
1726795,8,14,1,7,SSSSSSSS,not tested,217.31 46.28 217.31 96.41 142.69 120.90 142.69 96.41,1.0000 1.0000 0.9560 1.0000 0.9560 0.9560 1.0000 0.9560,0 0 2 0 2 2 0 2,0 1 0 0 1 0 1 1,"1,3,4,5",,no (tile),,,,46.28,,0.9560,,3,yes,6_2 6_2,p2,2222,hand
1726795,8,15,0,3,SSJSSJSS,not tested,180.00 180.00 72.00 143.98 108.02 108.00 108.00 180.00,1.0000 1.0000 1.0000 2.4724 2.4713 1.0000 1.0000 1.0000,0 0 2 3 4 2 0 0,0 0 0 0 0 3 0 0,1,,no (tile),,,,72.00,,0.4045,,3,yes,6_2 6_2,p2,2222,hand
1726795,8,15,1,5,SSJJJJSS,not tested,180.00 180.00 74.98 108.44 173.15 78.40 105.02 180.00,1.0000 1.0000 1.7087 2.0036 2.0036 1.7087 1.0000 1.0000,0 0 2 3 3 2 0 0,0 0 0 0 2 3 0 0,2,,no (tile),,,,74.98,,0.4991,,3,yes,6_2 6_2,p2,2222,hand
1726795,8,16,0,0,JJJJJJJJ,not tested,60.00 180.00 120.00 120.00 180.00 60.00 180.00 180.00,1.0000 1.0000 1.0001 1.0000 1.0000 1.0001 1.0001 1.0001,0 0 2 0 0 2 2 2,0 3 0 3 0 3 0 3,1,,no (tile),,,,60.00,,0.9999,,3,yes,6_2 6_2,p2,2222,hand
1726795,8,16,0,6,JJJJJJJJ,not tested,60.45 180.00 180.00 60.45 180.00 119.55 119.55 180.00,1.0000 1.0000 1.0000 1.0137 1.0137 1.0000 1.0137 1.0137,0 0 0 3 3 0 3 3,0 3 0 0 3 3 3 0,1,,no (tile),,,,60.45,,0.9865,,3,yes,6_2 6_2,p2,2222,hand
1726795,8,16,1,0,JJJJJJJJ,not tested,60.45 180.00 180.00 60.45 180.00 119.55 119.55 180.00,1.0000 1.0000 1.0000 1.0137 1.0137 1.0000 1.0137 1.0137,0 0 0 3 3 0 3 3,0 3 0 0 3 3 1 2,1,,no (tile),,,,60.45,,0.9865,,3,yes,6_2 6_2,p2,2222,hand
1726795,8,16,1,2,JJJJJJJJ,not tested,60.00 180.00 120.00 120.00 180.00 60.00 180.00 180.00,1.0000 1.0000 1.0001 1.0000 1.0000 1.0001 1.0001 1.0001,0 0 2 0 0 2 2 2,0 3 0 1 2 3 0 3,1,,no (tile),,,,60.00,,0.9999,,3,yes,6_2 6_2,p2,2222,hand
1726795,8,17,0,3,SSJSSJSS,not tested,180.00 180.00 72.00 143.98 108.02 108.00 108.00 180.00,1.0000 1.0000 1.0000 2.4724 2.4713 1.0000 1.0000 1.0000,0 0 2 3 4 2 0 0,0 0 0 0 0 3 0 0,1,,no (tile),,,,72.00,,0.4045,,3,yes,6_2 6_2,p2,2222,hand
1726795,8,17,1,5,SSJJJJSS,not tested,180.00 180.00 74.98 108.44 173.15 78.40 105.02 180.00,1.0000 1.0000 1.7087 2.0036 2.0036 1.7087 1.0000 1.0000,0 0 2 3 3 2 0 0,0 0 0 0 2 3 0 0,2,,no (tile),,,,74.98,,0.4991,,3,yes,6_2 6_2,p2,2222,hand
1726795,8,18,0,2,JJJJJJSS,not needed (covering theorem),45.00 180.00 180.00 90.00 90.00 180.00 135.00 180.00,1.0000 1.0000 1.0000 1.0000 1.0000 1.0000 0.7071 0.7071,0 0 0 0 0 0 6 6,0 3 0 3 0 3 0 0,,,YES,2,1,2,45.00,,0.7071,,3,yes,6_2 6_2,p2,2222,hand
1726795,8,18,0,4,SSJJJJJJ,not needed (covering theorem),45.00 180.00 135.00 180.00 90.00 90.00 180.00 180.00,1.0000 1.0000 1.4142 1.4142 1.4142 1.4142 1.4142 1.4142,0 0 2 2 2 2 2 2,0 0 0 3 0 3 0 3,,,YES,2,1,2,45.00,,0.7071,,3,yes,6_2 6_2,p2,2222,hand
1726795,8,18,1,4,IIIIIISS,not tested,44.83 180.00 180.00 90.00 90.00 180.00 135.17 180.00,1.0000 1.0000 1.0000 0.9942 1.0000 1.0000 0.7051 0.7051,0 0 0 3 0 0 6 6,0 0 0 0 0 0 0 0,1,,no (tile),,,,44.83,,0.7051,,3,yes,6_2 6_2,p2,2222,hand
1726795,8,18,1,6,SSIIIIII,not tested,44.83 180.00 135.17 180.00 90.00 90.00 180.00 180.00,1.0000 1.0000 1.4185 1.4185 1.4099 1.4185 1.4185 1.4185,0 0 2 2 4 2 2 2,0 0 0 0 0 0 0 0,1,,no (tile),,,,44.83,,0.7050,,3,yes,6_2 6_2,p2,2222,hand
1726795,8,19,0,1,JJSJJSSS,not needed (covering theorem),90.00 180.00 90.00 180.00 90.00 180.00 90.00 180.00,1.0000 1.0000 1.0000 1.0000 1.0000 1.0000 1.0000 1.0000,0 0 2 0 0 2 2 2,0 3 0 0 3 0 0 0,,,YES,2,1,2,90.00,,1.0000,,3,yes,6_2 6_2,p2,2222,hand
1726795,8,19,0,5,SSJJSJJS,not needed (covering theorem),90.00 180.00 90.00 180.00 90.00 180.00 90.00 180.00,1.0000 1.0000 1.0000 1.0000 1.0000 1.0000 1.0000 1.0000,0 0 2 2 0 2 2 0,0 0 0 3 0 0 3 0,,,YES,2,1,2,90.00,,1.0000,,3,yes,6_2 6_2,p2,2222,hand
1726795,8,19,1,0,JJJSJJJS,not needed (covering theorem),-90.00 180.00 180.00 -90.00 270.00 180.00 180.00 270.00,1.0000 1.0000 1.0000 1.0007 1.0000 1.0000 1.0000 1.0007,0 0 0 3 0 0 0 3,0 3 0 0 3 1 3 1,,,YES,2,1,2,90.00,,0.9993,,3,yes,6_2 6_2,p2,2222,hand
1726795,8,19,1,1,SSSSSSSS,not tested,90.00 180.00 90.00 180.00 90.00 180.00 90.00 180.00,1.0000 1.0000 1.0000 1.0000 1.0000 1.0000 1.0000 1.0000,0 0 0 0 0 0 0 0,0 0 1 1 0 0 1 1,"1,2,3,4,5,6",,no (tile),,,,90.00,,1.0000,,3,yes,6_2 6_2,p2,2222,hand
1726795,8,19,1,2,SSJSSSJS,not tested,180.00 180.00 90.00 90.00 180.00 180.00 90.00 90.00,1.0000 1.0000 1.0000 1.0000 1.0000 1.0000 1.0000 1.0000,0 0 2 0 0 0 2 0,0 0 0 1 1 1 3 0,"1,5",,no (tile),,,,90.00,,1.0000,,3,yes,6_2 6_2,p2,2222,hand
1726795,8,19,1,4,IIIIIIIS,not tested,90.00 180.00 180.00 90.00 90.00 180.00 180.00 90.00,1.0000 1.0000 1.0000 1.0000 1.0000 1.0000 1.0000 1.0000,0 0 2 3 0 2 2 7,0 0 0 0 0 0 0 0,"1,2,6",,no (tile),,,,90.00,,1.0000,,3,yes,6_2 6_2,p2,2222,hand
1726795,8,19,1,5,SSSSSSSS,not tested,90.00 180.00 90.00 180.00 90.00 180.00 90.00 180.00,1.0000 1.0000 1.0000 1.0000 1.0000 1.0000 1.0000 1.0000,0 0 0 0 0 0 0 0,0 0 1 1 0 0 1 1,"1,2,3,4,5,6",,no (tile),,,,90.00,,1.0000,,3,yes,6_2 6_2,p2,2222,hand
1726795,8,19,1,6,SSJIIIJS,not tested,180.00 180.00 90.00 90.00 180.00 180.00 90.00 90.00,1.0000 1.0000 1.0000 1.0000 1.0000 1.0000 1.0000 1.0000,0 0 2 3 3 3 2 0,0 0 0 0 0 0 3 0,1,,no (tile),,,,90.00,,1.0000,,3,yes,6_2 6_2,p2,2222,hand
1726795,8,20,0,7,SSJSSSJS,not tested,180.00 180.00 90.00 90.00 180.00 180.00 90.00 90.00,1.0000 1.0000 1.0000 1.0000 1.0000 1.0000 1.0000 1.0000,0 0 2 0 0 0 2 0,0 0 0 0 0 0 3 0,"1,4",,no (tile),,,,90.00,,1.0000,,3,yes,6_2 6_2,p2,2222,hand
1726795,8,20,1,2,SSJSSSJS,not tested,180.00 180.00 90.00 90.00 180.00 180.00 90.00 90.00,1.0000 1.0000 1.0000 1.0000 1.0000 1.0000 1.0000 1.0000,0 0 2 0 0 0 2 0,0 0 0 1 1 1 3 0,"1,5",,no (tile),,,,90.00,,1.0000,,3,yes,6_2 6_2,p2,2222,hand
1726795,8,21,0,7,SSJSSSJS,not tested,180.00 180.00 90.00 90.00 180.00 180.00 90.00 90.00,1.0000 1.0000 1.0000 1.0000 1.0000 1.0000 1.0000 1.0000,0 0 2 0 0 0 2 0,0 0 0 0 0 0 3 0,"1,4",,no (tile),,,,90.00,,1.0000,,3,yes,6_2 6_2,p2,2222,hand
1726795,8,21,1,6,SSJIIIJS,not tested,180.00 180.00 90.00 90.00 180.00 180.00 90.00 90.00,1.0000 1.0000 1.0000 1.0000 1.0000 1.0000 1.0000 1.0000,0 0 2 3 3 3 2 0,0 0 0 0 0 0 3 0,1,,no (tile),,,,90.00,,1.0000,,3,yes,6_2 6_2,p2,2222,hand
1726795,8,22,0,7,SSJSSSJS,not tested,180.00 180.00 90.00 90.00 180.00 180.00 90.00 90.00,1.0000 1.0000 1.0000 1.0000 1.0000 1.0000 1.0000 1.0000,0 0 2 0 0 0 2 0,0 0 0 0 0 0 3 0,"1,4",,no (tile),,,,90.00,,1.0000,,3,yes,6_2 6_2,p2,2222,hand
1726795,8,22,1,2,SSJSSSJS,not tested,180.00 180.00 90.00 90.00 180.00 180.00 90.00 90.00,1.0000 1.0000 1.0000 1.0000 1.0000 1.0000 1.0000 1.0000,0 0 2 0 0 0 2 0,0 0 0 1 1 1 3 0,"1,5",,no (tile),,,,90.00,,1.0000,,3,yes,6_2 6_2,p2,2222,hand
1726795,8,23,0,3,SSSSSSSS,not tested,60.64 299.36 60.64 117.44 121.28 121.28 117.44 181.92,1.0000 0.4903 1.0000 1.0000 1.0000 1.0000 1.0000 0.4903,0 1 0 0 0 0 0 1,0 0 0 0 0 0 0 0,1,,no (tile),,,,60.64,,0.4903,,3,yes,6_2 6_2,p2,2222,hand
1726795,8,23,0,5,SSSSSSSS,not tested,180.82 60.27 299.73 60.27 118.91 120.54 120.54 118.91,1.0000 2.0166 1.0000 2.0166 2.0166 2.0166 2.0166 2.0166,0 1 0 1 1 1 1 1,0 0 0 0 0 0 0 0,1,,no (tile),,,,60.27,,0.4959,,3,yes,6_2 6_2,p2,2222,hand
1726795,8,23,1,0,SSSSSSSS,not tested,74.36 135.86 224.14 135.86 74.36 149.78 135.86 149.78,1.0000 1.0000 1.0000 1.0000 1.5151 1.0000 1.0000 1.5151,0 0 0 0 4 0 0 4,0 1 0 1 0 0 1 1,"1,5,6",,no (tile),,,,74.36,,0.6600,,3,yes,6_2 6_2,p2,2222,hand
1726795,8,23,1,1,ISISISSS,not tested,44.99 180.00 180.00 180.00 180.00 44.99 135.01 135.01,1.0000 0.1383 1.0000 0.1383 1.0000 2.2187 0.1383 2.2187,0 1 0 1 0 5 1 5,0 0 0 0 0 0 0 1,"1,6",,no (tile),,,,44.99,,0.0623,,3,yes,6_2 6_2,p2,2222,hand
1726795,8,23,1,6,SSSJJJJS,not tested,89.99 270.01 89.99 135.01 90.01 135.00 134.99 135.00,1.0000 0.4146 1.0000 1.0000 1.1717 1.1717 1.0000 0.4146,0 1 0 3 4 4 3 1,0 0 0 0 0 2 3 0,2,,no (tile),,,,89.99,,0.3538,,3,yes,6_2 6_2,p2,2222,hand
1726795,8,24,0,4,SSSJSSJS,not tested,180.00 180.00 180.00 72.00 143.98 108.02 108.00 108.00,1.0000 1.0000 1.0000 1.0000 2.4724 2.4713 1.0000 1.0000,0 0 0 3 4 5 3 0,0 0 0 0 0 0 3 0,1,,no (tile),,,,72.00,,0.4045,,3,yes,6_2 6_2,p2,2222,hand
1726795,8,24,1,6,SSSJJJJS,not tested,180.00 180.00 180.00 74.98 108.44 173.15 78.40 105.02,1.0000 1.0000 1.0000 1.7087 2.0036 2.0036 1.7087 1.0000,0 0 0 3 4 4 3 0,0 0 0 0 0 2 3 0,2,,no (tile),,,,74.98,,0.4991,,3,yes,6_2 6_2,p2,2222,hand
1726795,8,25,0,4,SSSJSSJS,not tested,89.99 270.01 89.99 135.01 90.01 135.00 134.99 135.00,1.0000 0.4487 1.0000 1.0000 1.2681 1.1034 1.0000 0.4487,0 1 0 3 4 5 3 1,0 0 0 0 0 0 3 0,1,,no (tile),,,,89.99,,0.3538,,3,yes,6_2 6_2,p2,2222,hand
1726795,8,25,0,6,SSSSSSSS,not tested,77.69 102.31 257.69 102.31 77.69 180.00 102.31 180.00,1.0000 1.0000 1.0000 1.0000 1.0000 1.0000 1.0000 1.0000,0 1 0 1 1 0 1 0,0 0 0 0 0 0 0 0,1,,no (tile),,,,77.69,,1.0000,,3,yes,6_2 6_2,p2,2222,hand
1726795,8,25,1,5,SSSSISSS,not tested,47.86 312.14 47.86 150.29 104.85 104.85 150.29 161.85,1.0000 0.5763 1.0000 1.0000 0.8842 1.0000 1.0000 0.5763,0 1 0 0 4 0 0 1,0 0 0 1 0 0 1 0,1,,no (tile),,,,47.86,,0.5763,,3,yes,6_2 6_2,p2,2222,hand
1726795,8,25,1,7,SSSSSISS,not tested,178.58 47.82 312.18 47.82 133.60 113.20 113.20 133.60,1.0000 1.9782 1.0000 1.9782 1.9782 1.6125 1.9782 1.9782,0 1 0 1 1 5 1 1,0 0 0 0 1 0 0 1,1,,no (tile),,,,47.82,,0.5055,,3,yes,6_2 6_2,p2,2222,hand
1726795,8,26,0,3,SSSSSSSS,not tested,88.80 78.84 281.16 78.84 140.58 140.58 78.84 192.36,1.0000 1.0000 1.0000 1.0000 1.0000 1.0000 1.0000 1.6164,0 0 0 0 0 0 0 7,0 0 0 0 0 0 0 0,1,,no (tile),,,,78.84,,0.6187,,3,yes,6_2 6_2,p2,2222,hand
1726795,8,26,1,5,SSSSISSS,not tested,86.51 114.33 245.67 114.33 122.84 122.84 114.33 159.16,1.0000 1.0000 1.0000 1.0000 2.2855 1.0000 1.0000 2.8368,0 0 0 0 4 0 0 7,0 1 0 1 0 0 1 0,"1,6",,no (tile),,,,86.51,,0.3525,,3,yes,6_2 6_2,p2,2222,hand
1726796,8,0,0,0,SSSSSSSS,not tested,90.00 180.00 90.00 180.00 90.00 90.00 270.00 90.00,1.0000 1.0000 1.0000 1.0000 1.0000 1.0000 1.0000 1.0000,0 0 0 0 0 0 0 0,0 1 0 1 1 0 0 0,"1,2,3,6",,no (tile),,,,90.00,,1.0000,,3,yes,6_2 6_2,pgg,22x,hand
1726796,8,0,0,2,SJSSJUSU,not tested,62.03 182.74 256.18 29.82 74.00 115.22 297.97 62.03,1.0000 1.3704 0.9448 3.7126 1.3704 1.9343 1.0000 1.9343,0 1 2 3 1 5 0 5,0 0 0 0 3 0 1 2,"1,2",,no (tile),,,,29.82,,0.2545,,3,yes,6_2 6_2,pgg,22x,hand
1726796,8,0,1,2,SSSSSSSS,not tested,90.00 180.00 90.00 180.00 90.00 90.00 270.00 90.00,1.0000 1.0000 1.0000 1.0000 1.0000 1.0000 1.0000 1.0000,0 0 0 0 0 0 0 0,0 1 0 1 1 0 0 0,"1,2,3,6",,no (tile),,,,90.00,,1.0000,,3,yes,6_2 6_2,pgg,22x,hand
1726796,8,0,1,4,SJJJJUSU,not tested,64.67 159.70 146.71 157.84 55.45 135.63 295.33 64.67,1.0000 1.6211 0.9240 0.9240 1.6211 1.3346 1.0000 1.3346,0 1 2 2 1 5 0 5,0 0 0 2 3 0 1 2,"2,3",,no (tile),,,,55.45,,0.5699,,3,yes,6_2 6_2,pgg,22x,hand
1726796,8,1,1,5,SSSISSSS,not tested,94.92 214.02 51.07 154.47 154.47 51.07 308.93 51.07,1.0000 1.0000 1.0000 0.5068 1.0000 1.0000 1.0000 1.0000,0 0 0 3 0 0 0 0,0 0 1 0 0 1 0 1,"1,2,6",,no (tile),,,,51.07,,0.5068,,3,yes,6_2 6_2,pgg,22x,hand
1726796,8,2,1,0,SSSSSSSS,not tested,180.00 87.48 180.00 92.52 87.48 272.52 87.48 92.52,1.0000 1.0000 1.0000 1.0000 1.0000 1.0000 1.0000 1.0000,0 0 0 0 0 0 0 0,0 1 0 0 1 0 1 1,"1,2,5,6",,no (tile),,,,87.48,,1.0000,,3,yes,6_2 6_2,pgg,22x,hand
1726796,8,2,1,6,SJJJJJJS,not needed (covering theorem),88.71 105.37 171.56 77.44 282.56 77.44 111.00 165.92,1.0000 0.5461 0.5588 0.5588 0.5588 0.5588 0.5461 1.0000,0 1 2 2 2 2 1 0,0 0 0 2 0 2 3 1,,,YES,2,5,2,77.44,,0.5461,,3,yes,6_2 6_2,pgg,22x,hand
1726796,8,3,0,0,SUUSSUUS,not needed (covering theorem),187.53 93.76 86.24 266.24 86.24 93.76 187.53 78.71,1.0000 1.0000 1.0000 1.0000 1.0000 1.0000 1.0000 1.0000,0 1 1 0 0 1 1 0,0 0 2 0 0 0 2 0,,,YES,2,2,2,78.71,,1.0000,,3,yes,6_2 6_2,pgg,22x,hand
1726796,8,3,0,4,SUUSSUUS,not needed (covering theorem),187.56 -3161.33 187.56 3333.78 86.22 -2973.78 86.22 3333.78,1.0000 1.0000 1.0000 1.0000 1.0000 1.0000 1.0000 1.0000,0 1 1 0 0 1 1 0,0 0 2 0 0 0 2 0,,,YES,2,2,2,78.67,,1.0000,,3,yes,6_2 6_2,pgg,22x,hand
1726796,8,3,0,5,SSSSSSSS,not tested,180.47 120.00 120.00 179.53 60.47 179.53 180.47 59.53,1.0000 1.0000 1.0000 1.0000 1.0000 1.0000 1.0000 1.0000,0 0 0 0 0 0 0 0,0 0 0 1 0 1 0 1,6,,no (tile),,,,59.53,,1.0000,,3,yes,6_2 6_2,pgg,22x,hand
1726796,8,3,0,7,SSSSSSSS,not tested,194.48 45.52 194.48 165.52 74.48 165.52 120.00 120.00,1.0000 1.0000 1.0000 1.0000 1.0000 1.0000 1.0000 1.0000,0 0 0 0 0 0 0 0,0 1 0 1 0 1 1 1,6,,no (tile),,,,45.52,,1.0000,,3,yes,6_2 6_2,pgg,22x,hand
1726796,8,3,1,1,SJSSJJJS,not needed (covering theorem),240.01 60.00 179.99 119.99 60.02 239.98 120.02 60.00,1.0000 0.9996 1.0000 1.0000 0.9996 0.9996 0.9996 1.0000,0 1 0 0 1 1 1 0,0 0 0 1 3 1 3 1,,,YES,2,5,2,60.00,,0.9996,,3,yes,6_2 6_2,pgg,22x,hand
1726796,8,3,1,3,SJJJSSJS,not needed (covering theorem),220.31 60.73 139.67 220.33 60.71 139.69 159.60 78.96,1.0000 0.9782 0.9782 0.9782 1.0000 1.0000 0.9782 1.0000,0 1 1 1 0 0 1 0,0 0 2 0 0 1 3 1,,,YES,2,5,2,60.71,,0.9782,,3,yes,6_2 6_2,pgg,22x,hand
1726796,8,4,1,4,SSSSSSSS,not tested,180.00 247.56 -67.56 427.56 -67.56 247.56 180.00 -67.56,1.0000 1.0000 1.0000 1.0000 1.0000 1.0000 1.0000 1.0000,0 0 0 0 0 0 0 0,0 0 1 0 1 1 0 1,"1,2,5,6",,no (tile),,,,67.56,,1.0000,,3,yes,6_2 6_2,pgg,22x,hand
1726796,8,4,1,6,SJJJJJJS,not needed (covering theorem),88.71 105.37 171.56 77.44 282.56 77.44 111.00 165.92,1.0000 0.5461 0.5588 0.5588 0.5588 0.5588 0.5461 1.0000,0 1 2 2 2 2 1 0,0 0 0 2 0 2 3 1,,,YES,2,5,2,77.44,,0.5461,,3,yes,6_2 6_2,pgg,22x,hand
1726796,8,5,0,0,SISSISIS,not tested,116.17 121.91 121.91 176.17 121.91 61.91 238.09 121.91,1.0000 0.9416 1.0000 1.0000 0.9416 1.0000 0.9416 1.0000,0 1 0 0 1 0 1 0,0 0 1 0 0 1 0 1,"1,2",,no (tile),,,,61.91,,0.9416,,3,yes,6_2 6_2,pgg,22x,hand
1726796,8,5,0,2,SSSSSSSS,not tested,120.00 180.00 120.00 120.00 120.00 120.00 240.00 60.00,1.0000 1.0000 1.0000 1.0000 1.0000 1.0000 1.0000 1.0000,0 0 0 0 0 0 0 0,0 1 1 1 1 1 1 0,"1,2,5,6,7",,no (tile),,,,60.00,,1.0000,,3,yes,6_2 6_2,pgg,22x,hand
1726796,8,5,0,4,SSSSSSSS,not tested,120.00 60.00 240.00 120.00 120.00 120.00 120.00 180.00,1.0000 1.0000 1.0000 1.0000 1.0000 1.0000 1.0000 1.0000,0 0 0 0 0 0 0 0,0 1 1 1 1 1 1 0,"1,2,5,6,7",,no (tile),,,,60.00,,1.0000,,3,yes,6_2 6_2,pgg,22x,hand
1726796,8,5,0,6,SISISSIS,not tested,106.38 126.81 233.19 66.81 126.81 166.38 126.81 126.81,1.0000 0.7875 1.0000 0.7875 1.0000 1.0000 0.7875 1.0000,0 1 0 1 0 0 1 0,0 0 0 0 1 0 0 1,"1,2",,no (tile),,,,66.81,,0.7875,,3,yes,6_2 6_2,pgg,22x,hand
1726796,8,5,1,0,SSSSSSSS,not tested,120.00 120.00 240.00 60.00 120.00 180.00 120.00 120.00,1.0000 1.0000 1.0000 1.0000 1.0000 1.0000 1.0000 1.0000,0 0 0 0 0 0 0 0,0 0 0 1 1 0 0 0,"1,2,5,6,7",,no (tile),,,,60.00,,1.0000,,3,yes,6_2 6_2,pgg,22x,hand
1726796,8,5,1,2,SSSSSSSS,not tested,120.00 120.00 120.00 180.00 120.00 60.00 240.00 120.00,1.0000 1.0000 1.0000 1.0000 1.0000 1.0000 1.0000 1.0000,0 0 0 0 0 0 0 0,0 0 0 1 1 0 0 0,"1,2,5,6,7",,no (tile),,,,60.00,,1.0000,,3,yes,6_2 6_2,pgg,22x,hand
1726796,8,5,1,4,SSSISSSS,not tested,193.95 106.05 193.95 83.02 83.02 193.95 166.05 60.00,1.0000 1.0000 1.0000 1.8407 1.0000 1.0000 1.0000 1.0000,0 0 0 3 0 0 0 0,0 1 0 0 1 0 1 1,"1,2",,no (tile),,,,60.00,,0.5433,,3,yes,6_2 6_2,pgg,22x,hand
1726796,8,5,1,6,SSSSISSS,not tested,98.11 60.00 261.89 98.11 130.94 130.94 98.11 201.89,1.0000 1.0000 1.0000 1.0000 0.6530 1.0000 1.0000 1.0000,0 0 0 0 4 0 0 0,0 0 1 0 0 1 0 1,"1,2",,no (tile),,,,60.00,,0.6530,,3,yes,6_2 6_2,pgg,22x,hand
1726796,8,6,0,0,SSSSSSSS,not tested,90.00 90.00 180.00 180.00 90.00 90.00 180.00 180.00,1.0000 1.0000 1.0000 1.0000 1.0000 1.0000 1.0000 1.0000,0 0 0 0 0 0 0 0,0 0 1 0 0 1 0 1,"1,2,5,6",,no (tile),,,,90.00,,1.0000,,3,yes,6_2 6_2,pgg,22x,hand
1726796,8,6,0,1,SSSSSSSS,not tested,135.00 90.00 225.00 45.00 225.00 90.00 135.00 135.00,1.0000 1.0000 1.0000 1.0000 1.0000 1.0000 1.0000 1.0000,0 0 0 0 0 0 0 0,0 0 1 0 1 1 0 1,"1,2,3,4,5,6,9",,no (tile),,,,45.00,,1.0000,,3,yes,6_2 6_2,pgg,22x,hand
1726796,8,6,0,2,SSSSSSSS,not tested,90.00 180.00 180.00 90.00 90.00 180.00 180.00 90.00,1.0000 1.0000 1.0000 1.0000 1.0000 1.0000 1.0000 1.0000,0 0 0 0 0 0 0 0,0 0 0 0 0 0 0 1,"1,2,5,6",,no (tile),,,,90.00,,1.0000,,3,yes,6_2 6_2,pgg,22x,hand
1726796,8,6,0,4,SSSSSSSS,not tested,90.00 90.00 180.00 180.00 90.00 90.00 180.00 180.00,1.0000 1.0000 1.0000 1.0000 1.0000 1.0000 1.0000 1.0000,0 0 0 0 0 0 0 0,0 1 1 1 1 1 1 1,"1,2,5,6",,no (tile),,,,90.00,,1.0000,,3,yes,6_2 6_2,pgg,22x,hand
1726796,8,6,0,5,SSSSSSSS,not tested,193.04 100.95 193.04 66.01 166.96 127.03 166.96 66.01,1.0000 1.0000 1.0000 1.0000 1.0000 1.0000 1.0000 1.0000,0 0 0 0 0 0 0 0,0 1 0 0 1 0 1 1,"1,2,3,4,5,6",,no (tile),,,,66.01,,1.0000,,3,yes,6_2 6_2,pgg,22x,hand
1726796,8,6,0,6,SSSSSSSS,not tested,90.00 180.00 180.00 90.00 90.00 180.00 180.00 90.00,1.0000 1.0000 1.0000 1.0000 1.0000 1.0000 1.0000 1.0000,0 0 0 0 0 0 0 0,0 1 0 1 1 0 1 1,"1,2,5,6",,no (tile),,,,90.00,,1.0000,,3,yes,6_2 6_2,pgg,22x,hand
1726796,8,6,1,0,SISSISIS,not tested,91.04 180.00 180.00 91.04 88.96 180.00 180.00 88.96,1.0000 1.0363 1.0000 1.0000 1.0363 1.0000 1.0363 1.0000,0 1 0 0 1 0 1 0,0 0 0 1 0 0 0 0,"1,2,6",,no (tile),,,,88.96,,0.9650,,3,yes,6_2 6_2,pgg,22x,hand
1726796,8,6,1,2,SISISSIS,not tested,77.91 102.09 180.00 180.00 102.09 77.91 180.00 180.00,1.0000 0.5810 1.0000 0.5810 1.0000 1.0000 0.5810 1.0000,0 1 0 1 0 0 1 0,0 0 0 0 1 0 0 0,"1,2,6",,no (tile),,,,77.91,,0.5810,,3,yes,6_2 6_2,pgg,22x,hand
1726796,8,6,1,3,SSSSSSSS,not tested,135.00 90.00 225.00 45.00 225.00 90.00 135.00 135.00,1.0000 1.0000 1.0000 1.0000 1.0000 1.0000 1.0000 1.0000,0 0 0 0 0 0 0 0,0 0 1 0 1 1 0 1,"1,2,3,4,5,6,9",,no (tile),,,,45.00,,1.0000,,3,yes,6_2 6_2,pgg,22x,hand
1726796,8,6,1,4,SSSISSSS,not tested,89.73 180.53 179.47 90.27 90.27 179.47 180.53 89.73,1.0000 1.0000 1.0000 0.9907 1.0000 1.0000 1.0000 1.0000,0 0 0 3 0 0 0 0,0 1 0 0 1 0 1 0,"1,2,6",,no (tile),,,,89.73,,0.9907,,3,yes,6_2 6_2,pgg,22x,hand
1726796,8,6,1,6,SSSSISSS,not tested,91.49 91.49 177.02 182.98 88.51 88.51 182.98 177.02,1.0000 1.0000 1.0000 1.0000 1.0520 1.0000 1.0000 1.0000,0 0 0 0 4 0 0 0,0 1 0 1 0 0 1 0,"1,2,6",,no (tile),,,,88.51,,0.9505,,3,yes,6_2 6_2,pgg,22x,hand
1726796,8,6,1,7,SSSSSSSS,not tested,193.04 100.95 193.04 66.01 166.96 127.03 166.96 66.01,1.0000 1.0000 1.0000 1.0000 1.0000 1.0000 1.0000 1.0000,0 0 0 0 0 0 0 0,0 1 0 0 1 0 1 1,"1,2,3,4,5,6",,no (tile),,,,66.01,,1.0000,,3,yes,6_2 6_2,pgg,22x,hand
1726796,8,7,0,0,JJJJJJJJ,not tested,60.00 180.00 120.00 120.00 180.00 60.00 180.00 180.00,1.0000 1.0000 1.0000 1.0000 1.0000 1.0000 1.0000 1.0000,0 0 0 0 0 0 0 0,0 3 2 3 0 1 2 1,"1,2,6",,no (tile),,,,60.00,,1.0000,,3,yes,6_2 6_2,pgg,22x,hand
1726796,8,7,0,6,JJJJJJJJ,not tested,60.00 180.00 180.00 60.00 180.00 120.00 120.00 180.00,1.0000 1.0000 1.0000 1.0000 1.0000 1.0000 1.0000 1.0000,0 0 0 0 0 0 0 0,0 3 0 1 2 3 2 1,"1,2,6",,no (tile),,,,60.00,,1.0000,,3,yes,6_2 6_2,pgg,22x,hand
1726796,8,7,1,0,JJJJJJJJ,not tested,60.00 180.00 180.00 60.00 180.00 120.00 120.00 180.00,1.0000 1.0000 1.0000 1.0000 1.0000 1.0000 1.0000 1.0000,0 0 0 0 0 0 0 0,0 3 0 1 2 3 0 3,"1,2,6",,no (tile),,,,60.00,,1.0000,,3,yes,6_2 6_2,pgg,22x,hand
1726796,8,7,1,2,JJJJJJJJ,not tested,60.00 180.00 120.00 120.00 180.00 60.00 180.00 180.00,1.0000 1.0000 1.0000 1.0000 1.0000 1.0000 1.0000 1.0000,0 0 0 0 0 0 0 0,0 3 0 1 2 3 0 3,"1,2,6",,no (tile),,,,60.00,,1.0000,,3,yes,6_2 6_2,pgg,22x,hand
1726796,8,8,0,2,JJJJJJUU,not needed (covering theorem),45.00 180.00 180.00 90.00 90.00 180.00 135.00 180.00,1.0000 1.0000 1.0000 1.0000 1.0000 1.0000 0.7071 0.7071,0 0 0 0 0 0 6 6,0 3 0 3 0 3 0 2,,,YES,2,"1,2",2,45.00,,0.7071,,3,yes,6_2 6_2,pgg,22x,hand
1726796,8,8,0,4,UUJJJJJJ,not needed (covering theorem),45.00 180.00 135.00 180.00 90.00 90.00 180.00 180.00,1.0000 1.0000 1.4142 1.4142 1.4142 1.4142 1.4142 1.4142,0 0 2 2 2 2 2 2,0 2 0 3 0 3 0 3,,,YES,2,"1,2",2,45.00,,0.7071,,3,yes,6_2 6_2,pgg,22x,hand
1726796,8,8,1,4,IIIIIIUU,not tested,44.83 180.00 180.00 90.00 90.00 180.00 135.17 180.00,1.0000 1.0000 1.0000 0.9942 1.0000 1.0000 0.7051 0.7051,0 0 0 3 0 0 6 6,0 0 0 0 0 0 0 2,"1,2",,no (tile),,,,44.83,,0.7051,,3,yes,6_2 6_2,pgg,22x,hand
1726796,8,8,1,6,UUIIIIII,not tested,44.83 180.00 135.17 180.00 90.00 90.00 180.00 180.00,1.0000 1.0000 1.4185 1.4185 1.4099 1.4185 1.4185 1.4185,0 0 2 2 4 2 2 2,0 2 0 0 0 0 0 0,"1,2",,no (tile),,,,44.83,,0.7050,,3,yes,6_2 6_2,pgg,22x,hand
1726796,8,9,0,4,USUJSSJS,not tested,75.12 75.12 284.88 135.29 120.38 77.87 161.76 149.59,1.0000 0.7549 1.0000 1.4343 0.7350 1.5978 1.4343 0.7549,0 1 0 3 4 5 3 1,0 0 2 0 0 0 3 1,"1,2",,no (tile),,,,75.12,,0.4600,,3,yes,6_2 6_2,pgg,22x,hand
1726796,8,9,0,6,SSSSSSSS,not tested,90.00 90.00 270.00 90.00 90.00 180.00 90.00 180.00,1.0000 1.0000 1.0000 1.0000 1.0000 1.0000 1.0000 1.0000,0 0 0 0 0 0 0 0,0 0 0 1 1 0 1 0,"1,2,3,6",,no (tile),,,,90.00,,1.0000,,3,yes,6_2 6_2,pgg,22x,hand
1726796,8,9,1,0,SSSSSSSS,not tested,90.00 90.00 270.00 90.00 90.00 180.00 90.00 180.00,1.0000 1.0000 1.0000 1.0000 1.0000 1.0000 1.0000 1.0000,0 0 0 0 0 0 0 0,0 0 0 1 1 0 1 0,"1,2,3,6",,no (tile),,,,90.00,,1.0000,,3,yes,6_2 6_2,pgg,22x,hand
1726796,8,9,1,6,USUJJJJS,not tested,93.94 93.94 266.06 127.17 72.40 140.87 146.73 138.90,1.0000 0.5312 1.0000 1.0000 1.1000 1.1000 1.0000 0.5312,0 1 0 3 4 4 3 1,0 0 2 0 0 2 3 1,"2,3",,no (tile),,,,72.40,,0.4830,,3,yes,6_2 6_2,pgg,22x,hand
1726796,8,9,1,7,USUSSISS,not tested,90.38 225.30 134.70 134.70 134.93 112.54 112.54 134.93,1.0000 1.9196 1.0000 1.9196 1.9196 3.6174 1.9196 1.9196,0 1 0 1 1 5 1 1,0 0 2 1 0 0 1 0,"1,2",,no (tile),,,,90.38,,0.2764,,3,yes,6_2 6_2,pgg,22x,hand
1726796,8,10,1,5,SSSSISSS,not tested,106.31 45.64 314.36 45.64 157.18 157.18 45.64 208.05,1.0000 1.0000 1.0000 1.0000 0.6311 1.0000 1.0000 1.0000,0 0 0 0 4 0 0 0,0 1 0 1 0 0 1 1,"1,2,6",,no (tile),,,,45.64,,0.6311,,3,yes,6_2 6_2,pgg,22x,hand
1726810,8,0,0,4,SJJSJJSS,not needed (covering theorem),90.00 -270.00 180.00 630.00 -360.00 90.00 540.00 180.00,1.0000 2.0000 2.0000 1.0000 2.0000 2.0000 1.0000 1.0000,0 1 1 0 1 1 0 0,0 0 3 0 0 3 0 0,,,YES,2,1,2,0.00,,0.5000,,3,yes,5_3 7_3,p2,2222,hand
1726810,8,0,1,3,SIIIIIII,not tested,35.89 144.11 90.00 90.00 180.00 180.00 180.00 180.00,1.0000 0.2027 0.5862 0.2025 0.2027 0.2027 0.2025 0.2025,0 1 2 3 1 1 3 3,0 0 0 0 0 0 0 0,1,,no (tile),,,,35.89,,0.2025,,3,yes,5_3 7_3,p2,2222,hand
1726810,8,1,0,0,SSSSSSSS,not tested,90.00 90.00 180.00 180.00 90.00 90.00 180.00 180.00,1.0000 1.0000 1.0000 1.0000 1.0000 1.0000 1.0000 1.0000,0 0 0 0 0 0 0 0,0 0 0 0 0 0 0 0,"1,4",,no (tile),,,,90.00,,1.0000,,3,yes,5_3 7_3,p2,2222,hand
1726810,8,1,1,1,SJSJJJJJ,not needed (covering theorem),90.02 89.98 179.91 180.09 89.93 90.07 180.00 180.00,1.0000 0.9984 1.0000 0.9984 0.9984 0.9984 0.9984 0.9984,0 1 0 1 1 1 1 1,0 0 1 3 1 3 0 3,,,YES,2,1,2,89.93,,0.9984,,3,yes,5_3 7_3,p2,2222,hand
1726810,8,1,1,5,SSSSSSSS,not tested,90.00 90.00 180.00 180.00 90.00 90.00 180.00 180.00,1.0000 1.0000 1.0000 1.0000 1.0000 1.0000 1.0000 1.0000,0 0 0 0 0 0 0 0,0 1 1 1 0 1 1 1,"1,2,3,4,5,6",,no (tile),,,,90.00,,1.0000,,3,yes,5_3 7_3,p2,2222,hand
1726810,8,1,1,6,SJJJIJSS,not tested,180.00 54.19 147.93 180.00 106.04 106.04 125.81 180.00,1.0000 1.2273 1.2273 1.2273 1.1752 1.2273 1.0000 1.0000,0 1 1 1 4 1 0 0,0 0 1 2 0 3 0 0,"1,6",,no (tile),,,,54.19,,0.8148,,3,yes,5_3 7_3,p2,2222,hand
1726810,8,2,1,3,SJIJJJSS,not tested,180.00 114.13 116.07 116.07 180.00 127.86 65.87 180.00,1.0000 1.2829 0.7930 1.2829 1.2829 1.2829 1.0000 1.0000,0 1 2 1 1 1 0 0,0 0 0 1 2 3 0 0,"1,6",,no (tile),,,,65.87,,0.6181,,3,yes,5_3 7_3,p2,2222,hand
1726810,8,4,0,5,SSSSSSSS,not tested,3.02 169.43 15.11 172.45 187.55 172.45 172.45 187.55,1.0000 0.2004 0.2004 0.2004 0.2004 0.2004 0.2004 0.2004,0 1 1 1 1 1 1 1,0 0 0 0 0 0 0 0,1,,no (tile),,,,3.02,,0.2004,,3,yes,5_3 7_3,p2,2222,hand
1726810,8,4,0,6,SSSSSSSS,not tested,285.52 -136.55 211.03 211.03 285.52 74.48 -62.07 211.03,1.0000 0.2675 0.2675 0.2675 1.0000 0.2675 0.2675 0.2675,0 1 1 1 0 1 1 1,0 0 0 0 0 0 0 0,1,,no (tile),,,,62.07,,0.2675,,3,yes,5_3 7_3,p2,2222,hand
1726810,8,4,1,3,SJIJSJJS,not tested,77.05 198.23 105.18 105.18 198.23 161.77 149.65 84.73,1.0000 0.4645 1.0604 0.4645 1.0000 0.4645 0.4645 2.5663,0 1 2 1 0 1 1 7,0 0 0 1 1 2 3 0,"1,6",,no (tile),,,,77.05,,0.1810,,3,yes,5_3 7_3,p2,2222,hand
1726810,8,4,1,4,SISSISIS,not tested,166.36 127.81 65.83 228.34 65.83 294.17 65.83 65.83,1.0000 0.9677 0.4330 0.4330 0.9677 0.4330 0.9677 0.4330,0 1 2 2 1 2 1 2,0 0 0 1 0 1 0 0,"1,6",,no (tile),,,,65.83,,0.4330,,3,yes,5_3 7_3,p2,2222,hand
1726810,8,5,0,1,SJJJJJJS,not tested,180.00 132.67 91.55 180.00 91.55 180.00 176.89 47.33,1.0000 0.6977 0.6977 0.6977 0.6977 0.6977 0.6977 1.0000,0 1 1 1 1 1 1 0,0 0 3 0 3 0 3 0,1,,no (tile),,,,47.33,,0.6977,,3,yes,5_3 7_3,p2,2222,hand
1726810,8,5,1,4,SJJJJJJS,not tested,180.00 108.38 180.00 53.18 180.00 180.00 126.82 71.62,1.0000 0.7903 0.7903 0.7903 0.7903 0.7903 0.7903 1.0000,0 1 1 1 1 1 1 0,0 0 3 1 2 1 3 0,6,,no (tile),,,,53.18,,0.7903,,3,yes,5_3 7_3,p2,2222,hand
1726810,8,6,0,0,SJSJSJJS,not tested,143.03 63.04 211.65 63.04 211.65 148.35 85.31 153.93,1.0000 0.5723 1.0000 0.5723 1.0000 0.5723 0.5723 1.2068,0 1 0 1 0 1 1 7,0 0 0 0 0 3 3 0,1,,no (tile),,,,63.04,,0.4743,,3,yes,5_3 7_3,p2,2222,hand
1726810,8,6,0,1,SSSSSSSS,not needed (covering theorem),129.62 131.00 130.31 99.38 130.31 260.62 99.38 99.38,1.0000 0.4948 0.4948 0.4948 0.4948 0.4948 0.4948 0.4948,0 1 1 1 1 1 1 1,0 0 0 0 0 0 0 0,,,YES,2,1,2,99.38,,0.4948,,3,yes,5_3 7_3,p2,2222,hand
1726810,8,7,0,5,SSSSSSSS,not tested,126.79 103.18 153.64 103.18 256.82 103.18 103.18 130.03,1.0000 1.0000 1.0000 1.0000 1.0000 1.0000 1.0000 2.4315,0 0 0 0 0 0 0 7,0 0 0 0 0 0 0 0,1,,no (tile),,,,103.18,,0.4113,,3,yes,5_3 7_3,p2,2222,hand
1726810,8,7,0,6,SSSSSSSS,not tested,123.50 137.64 98.86 98.86 261.14 98.86 162.28 98.86,1.0000 0.4220 0.4220 0.4220 0.4220 0.4220 0.4220 0.4220,0 1 1 1 1 1 1 1,0 0 0 0 0 0 0 0,1,,no (tile),,,,98.86,,0.4220,,3,yes,5_3 7_3,p2,2222,hand
1726810,8,7,1,2,SJJSJSJS,not tested,172.64 59.53 202.85 97.62 262.38 59.53 97.62 127.83,1.0000 0.3689 0.3689 1.0000 0.3689 1.0000 0.3689 0.8922,0 1 1 0 1 0 1 7,0 0 2 0 1 1 3 0,1,,no (tile),,,,59.53,,0.3689,,3,yes,5_3 7_3,p2,2222,hand
1726810,8,7,1,3,SJIJSJJS,not tested,92.29 153.56 97.29 97.29 245.86 114.14 165.43 114.14,1.0000 0.2445 0.2660 0.2445 0.7925 0.2445 0.2445 0.7925,0 1 2 1 4 1 1 4,0 0 0 1 0 2 3 1,"1,6",,no (tile),,,,92.29,,0.2445,,3,yes,5_3 7_3,p2,2222,hand
1726810,8,8,0,1,SJJJJJJS,not tested,180.00 108.43 90.00 180.00 180.00 90.00 180.00 71.57,1.0000 0.6325 0.6325 0.6325 0.6325 0.6325 0.6325 1.0000,0 1 1 1 1 1 1 0,0 0 3 0 3 0 3 0,9,,no (tile),,,,71.57,,0.6325,,3,yes,5_3 7_3,p2,2222,hand
1726810,8,8,0,5,SJJJJJJS,not tested,180.00 71.57 180.00 90.00 180.00 180.00 90.00 108.43,1.0000 0.6325 0.6325 0.6325 0.6325 0.6325 0.6325 1.0000,0 1 1 1 1 1 1 0,0 0 3 0 3 0 3 0,9,,no (tile),,,,71.57,,0.6325,,3,yes,5_3 7_3,p2,2222,hand
1726810,8,8,1,3,SIIIIIIS,not tested,180.00 148.87 90.00 90.00 180.00 180.00 180.00 31.13,1.0000 0.5706 1.0341 0.5706 0.5706 0.5706 0.5706 1.0000,0 1 2 1 1 1 1 0,0 0 0 0 0 0 0 0,1,,no (tile),,,,31.13,,0.5519,,3,yes,5_3 7_3,p2,2222,hand
1726810,8,8,1,7,SIIIIIIS,not tested,180.00 26.45 180.00 180.00 180.00 90.00 90.00 153.55,1.0000 0.5969 0.5969 0.5969 0.5969 0.8908 0.5969 1.0000,0 1 1 1 1 5 1 0,0 0 0 0 0 0 0 0,1,,no (tile),,,,26.45,,0.5969,,3,yes,5_3 7_3,p2,2222,hand
1726810,8,9,0,0,SSSSSSSS,not tested,126.79 103.18 153.64 103.18 256.82 103.18 103.18 130.03,1.0000 1.0000 1.0000 1.0000 1.0000 1.0000 1.0000 2.4315,0 0 0 0 0 0 0 7,0 0 0 0 0 0 0 0,1,,no (tile),,,,103.18,,0.4113,,3,yes,5_3 7_3,p2,2222,hand
1726810,8,9,0,1,SSSSSSSS,not tested,123.50 137.64 98.86 98.86 261.14 98.86 162.28 98.86,1.0000 0.4220 0.4220 0.4220 0.4220 0.4220 0.4220 0.4220,0 1 1 1 1 1 1 1,0 0 0 0 0 0 0 0,1,,no (tile),,,,98.86,,0.4220,,3,yes,5_3 7_3,p2,2222,hand
1726810,8,9,1,0,SJSJSJJS,not tested,237.01 57.27 203.22 65.72 156.78 203.22 91.05 65.72,1.0000 0.5410 0.6100 0.5410 0.6100 0.5410 0.5410 0.6100,0 1 2 1 2 1 1 2,0 0 0 2 1 1 3 1,1,,no (tile),,,,57.27,,0.5410,,3,yes,5_3 7_3,p2,2222,hand
1726810,8,9,1,7,SJJSJIJS,not tested,76.99 198.31 60.98 198.31 161.69 149.51 149.51 84.70,1.0000 0.1685 0.1685 1.0000 0.1685 0.9177 0.1685 2.0659,0 1 1 0 1 5 1 7,0 0 1 1 2 0 3 0,"1,6",,no (tile),,,,60.98,,0.0816,,3,yes,5_3 7_3,p2,2222,hand
1726810,8,10,0,4,SSSSSSSS,not needed (covering theorem),129.62 99.38 99.38 260.62 130.31 99.38 130.31 131.00,1.0000 1.0000 1.0000 1.0000 1.0000 1.0000 1.0000 2.0208,0 0 0 0 0 0 0 7,0 0 0 0 0 0 0 0,,,YES,2,1,2,99.38,,0.4948,,3,yes,5_3 7_3,p2,2222,hand
1726810,8,10,0,5,SJJSJSJS,not tested,107.10 140.32 77.64 190.21 169.79 112.58 169.79 112.58,1.0000 0.2664 0.2664 0.4664 0.2664 0.4664 0.2664 0.4664,0 1 1 3 1 3 1 3,0 0 0 0 3 0 3 0,1,,no (tile),,,,77.64,,0.2664,,3,yes,5_3 7_3,p2,2222,hand
1726810,8,11,0,4,SJJJJJJS,not tested,180.00 53.49 168.69 180.00 95.66 180.00 95.66 126.51,1.0000 0.6746 0.6746 0.6746 0.6746 0.6746 0.6746 1.0000,0 1 1 1 1 1 1 0,0 0 3 0 3 0 3 0,1,,no (tile),,,,53.49,,0.6746,,3,yes,5_3 7_3,p2,2222,hand
1726810,8,11,1,7,SJJJJJJS,not tested,180.00 83.06 116.26 180.00 180.00 63.74 180.00 96.94,1.0000 0.7380 0.7380 0.7380 0.7380 0.7380 0.7380 1.0000,0 1 1 1 1 1 1 0,0 0 2 1 2 0 3 0,6,,no (tile),,,,63.74,,0.7380,,3,yes,5_3 7_3,p2,2222,hand
1726810,8,12,0,0,SSSSSSSS,not tested,31.51 263.14 96.86 96.86 263.14 96.86 166.27 65.35,1.0000 1.0000 1.0000 1.0000 1.0000 1.0000 1.0000 3.7992,0 0 0 0 0 0 0 7,0 0 0 0 0 0 0 0,1,,no (tile),,,,31.51,,0.2632,,3,yes,5_3 7_3,p2,2222,hand
1726810,8,12,0,7,SSSSSSSS,not tested,66.32 132.63 94.74 293.68 66.32 132.63 132.63 161.05,1.0000 1.0000 1.0000 2.4895 1.0000 1.0000 1.0000 2.4895,0 0 0 3 0 0 0 3,0 0 0 0 0 0 0 0,1,,no (tile),,,,66.32,,0.4017,,3,yes,5_3 7_3,p2,2222,hand
1726810,8,12,1,0,SJJSJIJS,not tested,228.23 47.79 92.74 276.01 83.99 133.63 133.63 83.99,1.0000 0.6890 0.6890 0.9447 0.6890 0.6182 0.6890 0.9447,0 1 1 3 1 5 1 3,0 0 1 0 2 0 3 1,"1,6",,no (tile),,,,47.79,,0.6182,,3,yes,5_3 7_3,p2,2222,hand
1726810,8,12,1,7,SISISSIS,not tested,161.05 64.50 64.50 295.50 64.50 230.99 64.50 134.45,1.0000 2.6318 1.0000 2.6318 1.0000 1.0000 2.6318 2.5288,0 1 0 1 0 0 1 7,0 0 1 0 1 0 0 0,"1,6",,no (tile),,,,64.50,,0.3800,,3,yes,5_3 7_3,p2,2222,hand
1726810,8,14,1,7,SSJJJIJS,not tested,180.00 180.00 54.19 147.93 180.00 106.04 106.04 125.81,1.0000 1.0000 1.2273 1.2273 1.2273 1.1752 1.2273 1.0000,0 0 2 2 2 5 2 0,0 0 0 1 2 0 3 0,"1,6",,no (tile),,,,54.19,,0.8148,,3,yes,5_3 7_3,p2,2222,hand
1726810,8,15,0,6,SSSSSSSS,not tested,90.00 180.00 180.00 90.00 90.00 180.00 180.00 90.00,1.0000 1.0000 1.0000 1.0000 1.0000 1.0000 1.0000 1.0000,0 0 0 0 0 0 0 0,0 0 0 0 0 0 0 0,"1,4",,no (tile),,,,90.00,,1.0000,,3,yes,5_3 7_3,p2,2222,hand
1726810,8,15,1,1,JJJJJSJS,not needed (covering theorem),-1890.01 180.00 180.00 2070.01 -1890.01 180.00 180.00 2070.01,1.0000 1.0000 1.0000 1.0000 1.0000 1.0000 1.0000 1.0000,0 0 0 0 0 5 0 5,0 3 0 2 0 0 3 1,,,YES,2,1,2,89.99,,1.0000,,3,yes,5_3 7_3,p2,2222,hand
1726810,8,15,1,4,SSJIJJJS,not tested,180.00 180.00 114.13 116.07 116.07 180.00 127.86 65.87,1.0000 1.0000 1.2829 0.7930 1.2829 1.2829 1.2829 1.0000,0 0 2 3 2 2 2 0,0 0 0 0 1 2 3 0,"1,6",,no (tile),,,,65.87,,0.6181,,3,yes,5_3 7_3,p2,2222,hand
1726810,8,15,1,5,SSSSSSSS,not tested,90.00 180.00 180.00 90.00 90.00 180.00 180.00 90.00,1.0000 1.0000 1.0000 1.0000 1.0000 1.0000 1.0000 1.0000,0 0 0 0 0 0 0 0,0 0 0 1 0 0 0 1,"1,2,3,4,5,6",,no (tile),,,,90.00,,1.0000,,3,yes,5_3 7_3,p2,2222,hand
1726810,8,16,0,2,SSJJSJJS,not needed (covering theorem),90.00 180.00 180.00 90.00 0.00 270.00 180.00 90.00,1.0000 1.0000 2.0000 2.0000 1.0000 2.0000 2.0000 1.0000,0 0 2 2 0 2 2 0,0 0 0 3 0 0 3 0,,,YES,2,1,2,0.00,,0.5000,,3,yes,5_3 7_3,p2,2222,hand
1726810,8,16,1,7,IIIIIIIS,not tested,2.63 180.00 180.00 180.00 180.00 90.00 90.00 177.37,1.0000 1.0000 0.0500 0.0500 1.0000 0.1401 0.0500 3.0532,0 0 2 2 0 5 2 7,0 0 0 0 0 0 0 0,1,,no (tile),,,,2.63,,0.0164,YES,3,yes,5_3 7_3,p2,2222,hand
1726816,8,0,0,0,SJSJSJJS,not needed (covering theorem),-4161.07 4375.55 -4105.55 55.53 214.47 4465.55 90.00 145.53,1.0000 0.5659 1.0000 0.5659 1.0000 0.5659 0.5659 1.0000,0 1 0 1 0 1 1 0,0 0 0 1 0 3 3 1,,,YES,2,"2,3",2,55.53,,0.5659,,3,yes,5_3 7_3,pgg,22x,hand
1726816,8,0,0,6,SSSISSSS,not needed (covering theorem),137.81 168.74 137.81 95.63 95.63 222.19 168.74 53.44,1.0000 1.0000 1.0000 0.8038 1.0000 1.0000 1.0000 1.0000,0 0 0 3 0 0 0 0,0 1 1 0 0 0 1 0,,,YES,2,2,2,53.44,,0.8038,,3,yes,5_3 7_3,pgg,22x,hand
1726816,8,0,1,0,SUSSUUUS,not needed (covering theorem),148.04 180.00 74.02 105.98 180.00 105.98 254.02 31.96,1.0000 0.4494 1.0000 1.0000 0.4494 0.4494 0.4494 1.0000,0 1 0 0 1 1 1 0,0 0 1 1 2 0 2 0,,,YES,2,2,2,31.96,,0.4494,,3,yes,5_3 7_3,pgg,22x,hand
1726816,8,1,0,1,SSSSSSSS,not tested,216.00 72.00 72.00 252.00 144.00 36.00 216.00 72.00,1.0000 1.0000 1.0000 1.0000 1.0000 1.0000 1.0000 1.0000,0 0 0 0 0 0 0 0,0 0 0 1 1 0 0 0,2,,no (tile),,,,36.00,,1.0000,,3,yes,5_3 7_3,pgg,22x,hand
1726816,8,1,0,5,SSSSSSSS,not tested,216.00 72.00 216.00 36.00 144.00 252.00 72.00 72.00,1.0000 1.0000 1.0000 1.0000 1.0000 1.0000 1.0000 1.0000,0 0 0 0 0 0 0 0,0 0 0 1 1 0 0 0,2,,no (tile),,,,36.00,,1.0000,,3,yes,5_3 7_3,pgg,22x,hand
1726816,8,2,0,5,SJJSJSJS,not needed (covering theorem),157.22 146.37 90.00 146.41 213.63 56.37 213.59 56.41,1.0000 0.5535 0.5535 1.0000 0.5535 1.0000 0.5535 1.0000,0 1 1 0 1 0 1 0,0 0 0 1 2 1 3 1,,,YES,2,"2,3",2,56.37,,0.5535,,3,yes,5_3 7_3,pgg,22x,hand
1726816,8,2,0,7,SSSSISSS,not needed (covering theorem),137.83 53.48 168.70 222.17 95.65 95.65 137.83 168.70,1.0000 1.0000 1.0000 1.0000 0.8030 1.0000 1.0000 1.0000,0 0 0 0 4 0 0 0,0 1 0 0 0 1 1 0,,,YES,2,2,2,53.48,,0.8030,,3,yes,5_3 7_3,pgg,22x,hand
1726816,8,2,1,3,SUUUSSUS,not needed (covering theorem),148.03 31.97 254.02 105.98 180.00 105.98 74.02 180.00,1.0000 0.4493 0.4493 0.4493 1.0000 1.0000 0.4493 1.0000,0 1 1 1 0 0 1 0,0 0 2 0 1 1 2 0,,,YES,2,2,2,31.97,,0.4493,,3,yes,5_3 7_3,pgg,22x,hand
1727264,8,0,0,3,SSSSSSIS,not tested,2.91 280.64 79.36 280.64 79.36 76.45 140.32 140.32,1.0000 1.0000 1.0000 1.0000 1.0000 1.0000 1.7446 1.0000,0 0 0 0 0 0 6 0,0 1 0 1 0 0 0 1,"1,6",,no (tile),,,,2.91,,0.5732,,3,yes,4_3 8_3,pgg,22x,L2
1727264,8,0,1,2,SSSSSSSS,not tested,45.81 71.76 288.24 71.76 288.24 25.95 118.36 169.87,1.0000 0.5023 1.0000 0.5023 1.0000 1.0000 1.7684 0.5023,0 1 0 1 0 0 6 1,0 0 0 0 0 1 0 1,"1,6",,no (tile),,,,25.95,,0.2840,,3,yes,4_3 8_3,pgg,22x,L2
1727264,8,0,1,3,USSSUSSS,not tested,55.73 192.79 85.87 274.13 167.21 30.14 137.06 137.06,1.0000 6.6230 6.6230 6.6230 1.0000 6.6230 6.6230 6.6230,0 1 1 1 0 1 1 1,0 0 0 0 2 1 1 1,1,,no (tile),,,,30.14,,0.1510,,3,yes,4_3 8_3,pgg,22x,L2
1727308,8,0,0,0,SSSSSSSS,not needed (covering theorem),81.66 196.68 128.67 68.00 210.34 149.66 81.66 163.32,1.0000 1.0000 0.7392 1.0000 0.7392 1.0000 1.0000 1.0000,0 0 2 0 2 0 0 0,0 0 0 0 0 0 0 0,,,YES,2,1,2,68.00,,0.7392,,3,yes,5_4 7_4,p2,2222,hand
1727308,8,0,0,2,SSSSSSSS,not tested,194.79 23.24 141.97 194.79 94.96 70.25 194.79 165.21,1.0000 2.1311 1.0914 1.0000 1.1236 1.0914 1.0000 1.0914,0 1 2 0 4 2 0 2,0 0 0 0 0 0 0 0,1,,no (tile),,,,23.24,,0.4693,,3,yes,5_4 7_4,p2,2222,hand
1727308,8,0,0,3,SSSSSSSS,not needed (covering theorem),222.26 69.74 146.00 68.00 222.26 146.00 68.00 137.74,1.0000 1.2151 1.2151 1.2151 1.0000 1.0000 1.0000 1.2151,0 1 1 1 0 0 0 1,0 0 0 0 0 0 0 0,,,YES,2,1,2,68.00,,0.8230,,3,yes,5_4 7_4,p2,2222,hand
1727308,8,0,1,1,SISSSSSS,not tested,226.41 66.80 114.61 130.78 181.40 178.60 47.81 133.59,1.0000 1.0687 0.6739 0.6739 1.0000 0.6739 1.0000 1.0000,0 1 2 2 0 2 0 0,0 0 0 1 1 1 0 1,1,,no (tile),,,,47.81,,0.6306,,3,yes,5_4 7_4,p2,2222,hand
1727308,8,0,1,4,SJSSJSSS,not tested,247.60 5.41 52.51 247.60 106.99 59.89 247.60 112.40,1.0000 10.1258 1.0000 7.6577 10.1258 7.6577 1.0000 7.6577,0 1 0 3 1 3 0 3,0 0 1 0 2 1 0 1,6,,no (tile),,,,5.41,,0.0988,,3,yes,5_4 7_4,p2,2222,hand
1727308,8,2,0,1,SSSSSSSS,not needed (covering theorem),120.02 119.99 -180.04 420.01 119.99 -60.01 420.01 120.02,1.0000 1.0000 1.0007 1.0000 1.0000 1.0007 1.0000 1.0000,0 0 2 0 0 2 0 0,0 0 0 0 0 0 0 0,,,YES,2,1,2,60.01,,0.9993,,3,yes,5_4 7_4,p2,2222,hand
1727308,8,2,1,0,SSSSSSSI,not tested,126.98 106.03 60.97 192.99 167.01 132.02 227.98 66.01,1.0000 1.0000 0.2186 1.0000 0.2186 0.2186 0.2186 0.7793,0 0 2 0 2 2 2 7,0 1 0 0 0 1 0 0,1,,no (tile),,,,60.97,,0.2186,,3,yes,5_4 7_4,p2,2222,hand
1727308,8,2,1,6,SSSJJJSJ,not needed (covering theorem),49.35 218.85 141.15 49.38 261.27 98.73 91.80 169.47,1.0000 1.8588 1.0000 1.5356 1.5356 1.5356 1.8588 1.5356,0 1 0 3 3 3 1 3,0 0 0 0 2 0 1 2,,,YES,2,1,2,49.35,,0.5380,,3,yes,5_4 7_4,p2,2222,hand
1727308,8,3,0,0,SSSSSSSS,not needed (covering theorem),240.01 -120.02 -120.02 299.99 60.01 240.01 299.99 180.04,1.0000 1.0000 1.0000 1.0007 1.0000 1.0000 1.0007 1.0000,0 0 0 3 0 0 3 0,0 0 0 0 0 0 0 0,,,YES,2,1,2,60.01,,0.9993,,3,yes,5_4 7_4,p2,2222,hand
1727308,8,3,1,1,SISSSSSS,not tested,102.83 128.58 40.38 279.25 80.75 191.04 168.96 88.21,1.0000 1.0833 0.3017 0.3017 0.3017 1.0000 0.3017 1.0000,0 1 2 2 2 0 2 0,0 0 0 1 0 0 0 1,1,,no (tile),,,,40.38,,0.2785,,3,yes,5_4 7_4,p2,2222,hand
1727308,8,5,0,1,SSSSSSSS,not needed (covering theorem),196.71 81.64 163.29 81.64 149.70 210.30 68.06 128.65,1.0000 1.0000 1.0000 1.0000 0.7380 1.0000 0.7380 1.0000,0 0 0 0 4 0 4 0,0 0 0 0 0 0 0 0,,,YES,2,1,2,68.06,,0.7380,,3,yes,5_4 7_4,p2,2222,hand
1727308,8,5,0,6,SSSSSSSS,not needed (covering theorem),69.74 222.22 137.78 68.04 145.98 222.22 68.04 145.98,1.0000 1.2163 1.0000 1.0000 1.0000 1.2163 1.2163 1.2163,0 1 0 0 0 1 1 1,0 0 0 0 0 0 0 0,,,YES,2,1,2,68.04,,0.8221,,3,yes,5_4 7_4,p2,2222,hand
1727308,8,5,0,7,SSSSSSSS,not tested,51.60 164.61 195.39 164.61 84.39 111.00 164.61 143.79,1.0000 0.7604 1.0000 0.7604 1.4322 1.0000 0.7604 1.9637,0 1 0 1 4 0 1 7,0 0 0 0 0 0 0 0,1,,no (tile),,,,51.60,,0.3872,,3,yes,5_4 7_4,p2,2222,hand
1727308,8,5,1,0,SSSSSSSI,not tested,61.92 236.15 123.85 3.94 232.21 127.79 228.27 65.87,1.0000 1.0000 1.0000 0.6446 1.0000 0.6446 0.6446 0.6777,0 0 0 3 0 3 3 7,0 1 0 0 1 0 1 0,1,,no (tile),,,,3.94,,0.6446,,3,yes,5_4 7_4,p2,2222,hand
1727308,8,5,1,5,SSSSJSSJ,not tested,96.57 108.11 251.89 108.11 105.60 155.32 108.11 146.29,1.0000 0.8037 1.0000 0.8037 1.7420 0.8037 1.0000 1.7420,0 1 0 1 4 1 0 4,0 0 0 0 0 1 1 2,6,,no (tile),,,,96.57,,0.4614,,3,yes,5_4 7_4,p2,2222,hand
1727308,8,6,0,1,JJJSJJSJ,not tested,78.07 180.00 101.93 0.00 281.93 180.00 78.07 180.00,1.0000 1.0000 1.0000 0.4134 1.0000 1.0000 0.4134 1.0000,0 0 0 3 0 0 3 0,0 3 3 0 3 0 0 0,1,,no (tile),,,,0.00,,0.4134,,3,yes,5_4 7_4,p2,2222,hand
1727311,8,0,1,5,SJIJSJJS,not tested,143.07 150.03 94.57 94.57 293.09 66.91 170.87 66.91,1.0000 0.9188 0.2828 0.9188 1.0000 0.9188 0.9188 1.0000,0 1 2 1 0 1 1 0,0 0 0 1 0 2 3 1,"1,2,6",,no (tile),,,,66.91,,0.2828,,3,yes,5_3 7_3,pgg,22x,L2
1727311,8,0,1,6,SSJJSJSJ,not tested,190.95 131.97 37.08 228.03 94.89 265.11 37.08 94.89,1.0000 1.0000 0.7978 0.7978 1.0000 0.7978 1.0000 0.7978,0 0 2 2 0 2 0 2,0 1 0 2 1 1 0 3,"1,2",,no (tile),,,,37.08,,0.7978,,3,yes,5_3 7_3,pgg,22x,L2
1727311,8,1,0,4,SSJSJSJJ,not tested,138.88 169.04 52.08 217.00 52.08 217.00 143.00 90.91,1.0000 1.0000 0.6202 1.0000 0.6202 1.0000 0.6202 0.6202,0 0 2 0 2 0 2 2,0 1 0 1 0 1 3 3,"1,2",,no (tile),,,,52.08,,0.6202,,3,yes,5_3 7_3,pgg,22x,L2
1727311,8,2,1,4,SISSISIS,not tested,239.38 90.62 30.00 300.00 30.00 330.00 30.00 30.00,1.0000 1.7430 1.0000 1.0000 1.7430 1.0000 1.7430 1.0000,0 1 0 0 1 0 1 0,0 0 1 0 0 0 0 1,"1,2,6",,no (tile),,,,30.00,,0.5737,,3,yes,5_3 7_3,pgg,22x,L2
1727311,8,2,1,5,SSJIJSJJ,not tested,82.40 87.22 190.39 100.89 100.89 190.39 169.61 158.22,1.0000 1.0000 0.1615 0.1615 0.1615 1.0000 0.1615 0.1615,0 0 2 3 2 0 2 2,0 1 0 0 1 0 2 3,"1,2,6",,no (tile),,,,82.40,,0.1615,,3,yes,5_3 7_3,pgg,22x,L2
1727311,8,3,0,0,JJJJUUJJ,not tested,90.00 180.00 180.00 90.00 108.43 180.00 71.57 180.00,1.0000 1.0000 1.0000 1.0000 1.5811 1.5811 1.0000 1.0000,0 0 0 0 4 4 0 0,0 3 0 3 0 2 0 3,9,,no (tile),,,,71.57,,0.6325,,3,yes,5_3 7_3,pgg,22x,L2
1727311,8,3,0,4,UUJJJJJJ,not tested,71.57 180.00 108.43 90.00 180.00 180.00 90.00 180.00,1.0000 1.0000 0.6325 0.6325 0.6325 0.6325 0.6325 0.6325,0 0 2 2 2 2 2 2,0 2 0 3 0 3 0 3,9,,no (tile),,,,71.57,,0.6325,,3,yes,5_3 7_3,pgg,22x,L2
1727311,8,3,1,2,IIIIUUII,not tested,180.00 180.00 90.00 90.00 148.95 180.00 31.05 180.00,1.0000 1.0000 1.8064 1.0000 1.7509 1.7509 1.0000 1.0000,0 0 2 0 4 4 0 0,0 0 0 0 0 2 0 0,"1,2",,no (tile),,,,31.05,,0.5536,,3,yes,5_3 7_3,pgg,22x,L2
1727311,8,3,1,6,UUIIIIII,not tested,26.45 180.00 153.55 90.00 90.00 180.00 180.00 180.00,1.0000 1.0000 0.5969 0.8908 0.5969 0.5969 0.5969 0.5969,0 0 2 3 2 2 2 2,0 2 0 0 0 0 0 0,"1,2",,no (tile),,,,26.45,,0.5969,,3,yes,5_3 7_3,pgg,22x,L2
1727311,8,4,0,4,UUJJJJJJ,not tested,45.31 180.00 134.69 90.21 180.00 90.21 180.00 179.58,1.0000 1.0000 0.7058 0.7058 0.7058 0.7058 0.7058 0.7058,0 0 2 2 2 2 2 2,0 2 0 3 0 3 0 3,"1,2",,no (tile),,,,45.31,,0.7058,,3,yes,5_3 7_3,pgg,22x,L2
1727311,8,4,1,3,JJJJJUUJ,not tested,124.74 180.00 180.00 55.26 180.00 106.05 180.00 73.95,1.0000 1.0000 1.0000 1.0000 1.0000 1.2827 1.2827 1.0000,0 0 0 0 0 5 5 0,0 3 0 2 1 0 2 2,6,,no (tile),,,,55.26,,0.7796,,3,yes,5_3 7_3,pgg,22x,L2
1727311,8,5,0,2,JJJJJUUJ,not tested,171.13 180.00 94.44 180.00 94.44 128.34 180.00 51.66,1.0000 1.0000 1.0000 1.0000 1.0000 1.4679 1.4679 1.0000,0 0 0 0 0 5 5 0,0 3 0 3 0 0 2 3,"1,2",,no (tile),,,,51.66,,0.6812,,3,yes,5_3 7_3,pgg,22x,L2
1727311,8,5,1,5,UUJJJJJJ,not tested,69.84 180.00 110.16 180.00 51.60 180.00 180.00 128.40,1.0000 1.0000 0.7985 0.7985 0.7985 0.7985 0.7985 0.7985,0 0 2 2 2 2 2 2,0 2 0 3 1 2 1 3,6,,no (tile),,,,51.60,,0.7985,,3,yes,5_3 7_3,pgg,22x,L2
1727311,8,6,1,2,JSJJSSJS,not tested,45.00 240.00 120.00 195.00 45.00 165.00 150.00 120.00,1.0000 1.4141 1.0000 1.0000 1.4141 1.4141 1.0000 1.4141,0 1 0 0 1 1 0 1,0 0 3 1 0 1 2 1,"1,2",,no (tile),,,,45.00,,0.7072,,3,yes,5_3 7_3,pgg,22x,L2
1727311,8,6,1,3,JSJIJSSJ,not tested,145.80 67.00 293.00 107.10 107.10 120.37 172.63 67.00,1.0000 0.9439 1.0000 0.0500 1.0000 0.9439 0.9439 1.0000,0 1 0 3 0 1 1 0,0 0 3 0 2 0 1 1,"1,2,6",,no (tile),,,,67.00,,0.0500,YES,3,yes,5_3 7_3,pgg,22x,L2
1727311,8,7,1,3,JSJIJSSJ,not tested,33.57 291.34 68.66 163.22 163.22 68.66 164.88 126.46,1.0000 0.9651 1.0000 0.0500 1.0000 0.9651 0.9651 1.0000,0 1 0 3 0 1 1 0,0 0 3 0 2 1 0 1,"1,2,6",,no (tile),,,,33.57,,0.0500,YES,3,yes,5_3 7_3,pgg,22x,L2
1727311,8,7,1,4,ISISSISS,not tested,8.48 8.48 351.52 8.48 343.04 8.48 162.85 188.67,1.0000 0.3409 1.0000 0.3409 0.3409 1.0000 0.3409 0.3409,0 1 0 1 1 0 1 1,0 0 0 0 1 0 0 1,"1,2,6",,no (tile),,,,8.48,,0.3409,,3,yes,5_3 7_3,pgg,22x,L2
1727311,8,8,0,2,JSJSJSSJ,not tested,104.48 198.59 161.41 94.11 161.41 94.11 160.45 105.43,1.0000 2.4070 1.0000 2.4070 1.0000 2.4070 2.4070 1.0000,0 1 0 1 0 1 1 0,0 0 3 0 3 0 1 0,"1,2",,no (tile),,,,94.11,,0.4155,,3,yes,5_3 7_3,pgg,22x,L2
1727337,8,0,1,1,SISSSSSS,not tested,237.88 61.06 61.06 237.88 101.88 20.24 237.88 122.12,1.0000 2.0262 1.0000 1.0000 2.6774 1.0000 1.0000 1.0000,0 1 0 0 4 0 0 0,0 0 1 0 0 1 0 1,"1,6",,no (tile),,,,20.24,,0.3735,,3,yes,6_4 6_4,p2,2222,hand
1727337,8,0,1,7,SSSISSSS,not tested,58.65 166.18 135.16 112.42 112.42 135.16 224.84 135.16,1.0000 0.4363 0.4363 0.5911 0.4363 0.4363 0.4363 0.4363,0 1 1 3 1 1 1 1,0 0 1 0 0 1 0 1,"1,6",,no (tile),,,,58.65,,0.4363,,3,yes,6_4 6_4,p2,2222,hand
1727337,8,2,0,0,SSJJJJSS,not tested,90.00 180.00 116.57 90.00 180.00 180.00 63.43 180.00,1.0000 1.0000 0.8944 0.8944 0.8944 0.8944 1.0000 1.0000,0 0 2 2 2 2 0 0,0 0 0 3 0 3 0 0,9,,no (tile),,,,63.43,,0.8944,,3,yes,6_4 6_4,p2,2222,hand
1727337,8,3,0,1,SSSSSSSS,not needed (covering theorem),131.42 114.29 155.70 114.29 131.42 72.88 287.12 72.88,1.0000 1.0000 1.0000 1.0000 1.0000 1.0000 1.0000 1.0000,0 0 2 2 2 0 2 0,0 0 0 0 0 0 0 0,,,YES,2,1,2,72.88,,1.0000,,3,yes,6_4 6_4,p2,2222,hand
1727337,8,3,0,2,SSSSSSSS,not tested,257.17 29.61 73.22 225.72 31.44 102.83 257.17 102.83,1.0000 1.7476 0.0500 1.7485 1.0000 0.0500 1.0000 0.0500,0 1 2 3 0 2 0 2,0 0 0 0 0 0 0 0,1,,no (tile),,,,29.61,,0.0286,YES,3,yes,6_4 6_4,p2,2222,hand
1727337,8,3,0,4,SSSSSSSS,not tested,80.70 180.00 180.00 99.30 99.30 180.00 180.00 80.70,1.0000 0.2675 1.0000 0.2675 1.0000 0.2675 1.0000 1.0000,0 1 0 1 0 1 0 0,0 0 0 0 0 0 0 0,1,,no (tile),,,,80.70,,0.2675,,3,yes,6_4 6_4,p2,2222,hand
1727337,8,3,0,5,SJSJJSJS,not tested,112.90 54.26 221.17 138.83 84.58 192.84 167.16 108.27,1.0000 0.2675 1.0000 0.2675 0.2675 0.7721 0.2675 0.7721,0 1 0 1 1 5 1 5,0 0 0 3 3 0 0 0,1,,no (tile),,,,54.26,,0.2675,,3,yes,6_4 6_4,p2,2222,hand
1727337,8,3,0,6,SSSSSSSS,not needed (covering theorem),73.16 73.16 106.84 213.67 146.33 146.33 213.67 106.84,1.0000 0.1907 0.1907 0.1907 0.1907 0.1907 0.1907 0.1907,0 1 1 1 1 1 1 1,0 0 0 0 0 0 0 0,,,YES,2,1,2,73.16,,0.1907,,3,yes,6_4 6_4,p2,2222,hand
1727337,8,3,0,7,SSSSSSSS,not tested,160.46 135.06 170.07 54.87 135.06 224.94 135.06 64.48,1.0000 1.6079 1.8537 1.0000 1.6079 1.0000 1.6079 1.1369,0 1 2 0 1 0 1 7,0 0 0 0 0 0 0 0,1,,no (tile),,,,54.87,,0.5395,,3,yes,6_4 6_4,p2,2222,hand
1727337,8,3,1,1,SISSSSSS,not tested,108.67 125.67 45.86 188.48 171.52 268.29 91.71 79.81,1.0000 0.9773 0.2830 1.0000 0.2830 0.2830 0.2830 1.0000,0 1 2 0 2 2 2 0,0 0 0 0 0 1 0 1,1,,no (tile),,,,45.86,,0.2830,,3,yes,6_4 6_4,p2,2222,hand
1727337,8,3,1,7,SSSSSSSS,not tested,96.58 155.31 204.69 58.73 96.58 204.69 155.31 108.11,1.0000 0.6058 1.0000 1.0000 0.6058 1.0000 0.6058 0.6058,0 1 0 0 1 0 1 1,0 0 0 1 0 0 0 1,"1,2,3,5,6",,no (tile),,,,58.73,,0.6058,,3,yes,6_4 6_4,p2,2222,hand
1727337,8,4,0,2,SSSSSSSS,not tested,180.00 46.58 133.42 133.42 46.58 180.00 180.00 180.00,1.0000 2.9099 1.0000 2.9099 1.0000 1.0000 1.0000 1.0000,0 1 0 3 0 0 0 0,0 0 0 0 0 0 0 0,1,,no (tile),,,,46.58,,0.3437,,3,yes,6_4 6_4,p2,2222,hand
1727337,8,4,1,3,SJSJSSSS,not tested,180.00 46.51 133.49 133.49 46.51 180.00 180.00 180.00,1.0000 2.9061 1.0000 2.9061 1.0000 1.0000 1.0000 1.0000,0 1 0 1 0 0 0 0,0 0 1 2 0 0 0 0,6,,no (tile),,,,46.51,,0.3441,,3,yes,6_4 6_4,p2,2222,hand
1727337,8,5,0,1,SSSSSSSS,not needed (covering theorem),111.15 124.42 131.92 124.42 111.15 248.85 111.15 116.93,1.0000 1.0000 0.5595 0.5595 0.5595 0.5595 0.5595 1.0000,0 0 2 2 2 2 2 0,0 0 0 0 0 0 0 0,,,YES,2,1,2,111.15,,0.5595,,3,yes,6_4 6_4,p2,2222,hand
1727337,8,5,0,3,SSSSSSSS,not needed (covering theorem),111.86 115.25 122.37 132.89 122.37 115.25 244.75 115.25,1.0000 1.0000 1.0000 0.5572 0.5572 0.5572 0.5572 0.5572,0 0 0 3 3 3 3 3,0 0 0 0 0 0 0 0,,,YES,2,1,2,111.86,,0.5572,,3,yes,6_4 6_4,p2,2222,hand
1727337,8,5,0,4,SSSSSSSS,not needed (covering theorem),254.82 68.02 105.18 149.64 37.16 217.67 142.33 105.18,1.0000 2.3763 2.3763 2.3763 1.0000 2.3763 1.0000 1.0000,0 1 1 1 0 1 0 0,0 0 0 0 0 0 0 0,,,YES,2,1,2,37.16,,0.4208,,3,yes,6_4 6_4,p2,2222,hand
1727337,8,5,1,0,SSISSSSI,not tested,135.00 90.01 135.00 135.01 89.98 270.02 89.98 135.01,1.0000 1.0000 1.0000 0.5001 0.5001 0.5001 0.5001 1.0000,0 0 2 3 3 3 3 7,0 1 0 0 1 0 1 0,"1,2",,no (tile),,,,89.98,,0.5001,,3,yes,6_4 6_4,p2,2222,hand
1727337,8,5,1,2,SSSSSSSS,not tested,50.84 176.32 132.84 176.32 50.84 132.84 227.16 132.84,1.0000 0.9699 0.9699 1.0000 0.9699 0.9699 0.9699 0.9699,0 1 1 0 1 1 1 1,0 0 1 1 0 1 0 1,"1,5,6",,no (tile),,,,50.84,,0.9699,,3,yes,6_4 6_4,p2,2222,hand
1727337,8,5,1,3,SJSJSSSS,not tested,249.02 1.20 186.66 109.78 62.36 110.98 249.02 110.98,1.0000 1.8961 0.8183 1.8961 1.0000 0.8183 1.0000 0.8183,0 1 2 1 0 2 0 2,0 0 0 2 0 1 0 1,6,,no (tile),,,,1.20,,0.4316,,3,yes,6_4 6_4,p2,2222,hand
1727337,8,6,0,3,SSSSSSSS,not needed (covering theorem),160.18 120.37 119.81 79.44 239.63 119.81 120.37 120.37,1.0000 1.0000 1.0000 0.7540 0.7540 0.7540 0.7540 0.7540,0 0 0 3 3 3 3 3,0 0 0 0 0 0 0 0,,,YES,2,1,2,79.44,,0.7540,,3,yes,6_4 6_4,p2,2222,hand
1727337,8,6,0,4,SSSSSSSS,not needed (covering theorem),68.03 140.11 104.07 151.87 151.87 151.87 104.07 208.13,1.0000 0.3742 0.3742 0.3742 0.3742 0.3742 0.3742 0.3742,0 1 1 1 1 1 1 1,0 0 0 0 0 0 0 0,,,YES,2,1,2,68.03,,0.3742,,3,yes,6_4 6_4,p2,2222,hand
1727337,8,6,1,1,SISSSSSS,not tested,224.84 67.58 126.22 107.55 193.80 58.65 166.20 135.16,1.0000 2.1172 2.2918 2.2918 1.0000 2.2918 1.0000 1.0000,0 1 2 2 0 2 0 0,0 0 0 1 1 0 0 1,1,,no (tile),,,,58.65,,0.4363,,3,yes,6_4 6_4,p2,2222,hand
1727337,8,6,1,5,SSISISSI,not tested,127.10 166.94 65.95 65.95 294.05 65.95 228.09 65.95,1.0000 0.4367 0.9591 0.4367 0.9591 0.4367 0.4367 0.9591,0 1 2 1 2 1 1 2,0 0 0 1 0 1 0 0,"1,6",,no (tile),,,,65.95,,0.4367,,3,yes,6_4 6_4,p2,2222,hand
1727337,8,8,1,3,SSJSSJJJ,not tested,59.80 180.00 120.20 120.20 180.00 59.80 180.00 180.00,1.0000 1.0000 1.0060 1.0000 1.0000 1.0060 1.0060 1.0060,0 0 2 0 0 2 2 2,0 0 0 1 1 2 1 2,6,,no (tile),,,,59.80,,0.9941,,3,yes,6_4 6_4,p2,2222,hand
1727337,8,8,1,5,SSJJJSSJ,not needed (covering theorem),112.00 180.00 68.00 180.00 180.00 68.00 180.00 112.00,1.0000 1.0000 0.7491 0.7491 0.7491 1.0000 1.0000 0.7491,0 0 2 2 2 0 0 2,0 0 0 2 0 1 1 2,,,YES,2,1,2,68.00,,0.7491,,3,yes,6_4 6_4,p2,2222,hand
1727337,8,9,1,0,SSISSSSI,not tested,135.00 90.01 135.00 135.01 89.98 270.02 89.98 135.01,1.0000 1.0000 1.0000 0.5001 0.5001 0.5001 0.5001 1.0000,0 0 2 3 3 3 3 7,0 1 0 0 1 0 1 0,"1,2",,no (tile),,,,89.98,,0.5001,,3,yes,6_4 6_4,p2,2222,hand
1727337,8,9,1,2,SJJSJSSJ,not tested,142.70 155.52 61.78 -6.21 304.43 217.30 148.90 55.57,1.0000 1.0571 1.0571 0.2675 1.0571 1.0000 0.2675 1.0571,0 1 1 3 1 0 3 1,0 0 2 0 0 1 1 2,"3,5",,no (tile),,,,6.21,,0.2531,,3,yes,6_4 6_4,p2,2222,hand
1727337,8,9,1,5,SIIIIISI,not tested,132.17 47.83 180.00 180.00 180.00 180.00 46.40 133.60,1.0000 0.2624 0.5900 0.2624 0.5900 0.2624 1.0234 0.5900,0 1 2 1 2 1 6 2,0 0 0 0 0 0 0 0,1,,no (tile),,,,46.40,,0.2564,,3,yes,6_4 6_4,p2,2222,hand
1727337,8,9,1,6,SSSSSSSS,not tested,118.74 166.58 74.68 118.74 241.26 118.74 74.68 166.58,1.0000 1.1972 1.0000 1.0000 1.0000 1.0000 1.1972 1.0000,0 1 0 0 0 0 1 0,0 0 1 0 1 0 1 1,"1,5,6",,no (tile),,,,74.68,,0.8353,,3,yes,6_4 6_4,p2,2222,hand
1727337,8,10,0,0,SSSSSSSS,not needed (covering theorem),81.99 196.02 81.99 196.02 81.99 163.98 114.03 163.98,1.0000 1.0000 1.0000 1.0000 1.0000 1.0000 1.0000 1.0000,0 0 2 2 2 2 0 0,0 0 0 0 0 0 0 0,,,YES,2,1,2,81.99,,1.0000,,3,yes,6_4 6_4,p2,2222,hand
1727337,8,10,0,4,SSSSSSSS,not needed (covering theorem),114.02 163.98 81.99 196.02 81.99 196.02 81.99 163.98,1.0000 1.0000 1.0000 1.0000 1.0000 1.0000 1.0000 1.0000,0 0 0 0 4 4 4 4,0 0 0 0 0 0 0 0,,,YES,2,1,2,81.99,,1.0000,,3,yes,6_4 6_4,p2,2222,hand
1727337,8,10,1,1,SISSSSSS,not tested,231.51 64.25 64.25 231.51 128.49 115.75 115.75 128.49,1.0000 1.1766 1.0000 1.0000 1.0000 0.3076 1.0000 1.0000,0 1 0 0 0 5 0 0,0 0 1 0 1 0 0 1,"1,6",,no (tile),,,,64.25,,0.2615,,3,yes,6_4 6_4,p2,2222,hand
1727337,8,10,1,2,SJJSJSSJ,not tested,90.00 225.00 45.00 225.00 90.00 135.00 135.00 135.00,1.0000 1.0000 1.0000 1.0000 1.0000 1.0000 1.0000 1.0000,0 1 1 3 1 3 0 1,0 0 2 0 0 1 1 2,"3,5",,no (tile),,,,45.00,,1.0000,,3,yes,6_4 6_4,p2,2222,hand
1727337,8,10,1,3,SISISSIS,not tested,115.63 64.37 180.00 180.00 64.37 115.63 180.00 180.00,1.0000 0.9153 0.0500 0.9153 1.0000 0.0500 0.9153 0.0500,0 1 2 1 0 2 1 2,0 0 0 0 1 1 0 1,"1,6",,no (tile),,,,64.37,,0.0500,YES,3,yes,6_4 6_4,p2,2222,hand
1727337,8,10,1,5,SSISISSI,not tested,180.00 85.25 94.75 180.00 180.00 94.75 85.25 180.00,1.0000 0.7700 0.8724 1.0000 0.8724 0.7700 1.0000 0.8724,0 1 2 0 2 1 0 2,0 0 0 1 0 1 0 0,"1,6",,no (tile),,,,85.25,,0.7700,,3,yes,6_4 6_4,p2,2222,hand
1727337,8,10,1,6,SJSJJSJS,not tested,47.18 204.70 166.53 155.30 38.17 213.71 108.12 146.29,1.0000 1.1383 1.0000 1.1383 1.1383 1.6457 1.1383 1.6457,0 1 0 1 1 5 1 5,0 0 1 2 0 0 2 1,"3,5",,no (tile),,,,38.17,,0.6076,,3,yes,6_4 6_4,p2,2222,hand
1727337,8,10,1,7,SSSSISSS,not tested,100.13 100.13 159.74 200.26 79.87 79.87 200.26 159.74,1.0000 1.1973 1.1973 1.1973 1.4211 1.1973 1.1973 1.1973,0 1 1 1 4 1 1 1,0 0 1 0 0 1 0 1,"1,6",,no (tile),,,,79.87,,0.7037,,3,yes,6_4 6_4,p2,2222,hand
1727337,8,12,0,4,SSSSJJJJ,not tested,63.43 180.00 90.00 180.00 116.57 90.00 180.00 180.00,1.0000 1.0000 1.0000 1.0000 0.8944 0.8944 0.8944 0.8944,0 0 0 0 4 4 4 4,0 0 0 0 0 3 0 3,9,,no (tile),,,,63.43,,0.8944,,3,yes,6_4 6_4,p2,2222,hand
1727337,8,13,0,0,SSSSSSSS,not needed (covering theorem),104.08 151.84 151.84 151.84 104.08 208.16 68.02 140.14,1.0000 1.0000 1.0000 1.0000 1.0000 1.0000 2.6712 1.0000,0 0 0 0 0 0 6 0,0 0 0 0 0 0 0 0,,,YES,2,1,2,68.02,,0.3744,,3,yes,6_4 6_4,p2,2222,hand
1727337,8,13,0,1,SSSSSSSS,not needed (covering theorem),120.40 119.80 79.47 239.60 119.80 120.40 120.40 160.12,1.0000 1.0000 0.7538 0.7538 0.7538 0.7538 0.7538 1.0000,0 0 2 2 2 2 2 0,0 0 0 0 0 0 0 0,,,YES,2,1,2,79.47,,0.7538,,3,yes,6_4 6_4,p2,2222,hand
1727337,8,13,1,1,SISSSSSS,not tested,178.63 90.69 42.88 274.24 85.76 226.43 47.81 133.57,1.0000 1.0888 0.7348 0.7348 0.7348 1.0000 0.7348 1.0000,0 1 2 2 2 0 2 0,0 0 0 1 0 0 1 1,1,,no (tile),,,,42.88,,0.6748,,3,yes,6_4 6_4,p2,2222,hand
1727337,8,13,1,5,SSISISSI,not tested,58.65 242.69 58.65 301.35 58.65 58.65 166.20 135.15,1.0000 1.0000 2.7574 1.0000 2.7574 1.0000 2.4219 2.7574,0 0 2 0 2 0 6 2,0 1 0 1 0 0 0 0,"1,6",,no (tile),,,,58.65,,0.3627,,3,yes,6_4 6_4,p2,2222,hand
1727337,8,14,1,1,SISSSSSS,not tested,120.60 119.70 119.70 120.60 239.40 120.60 85.34 154.06,1.0000 2.5411 1.0000 1.0000 1.0000 1.0000 3.0782 1.0000,0 1 0 0 0 0 6 0,0 0 1 0 1 0 0 1,"1,6",,no (tile),,,,85.34,,0.3249,,3,yes,6_4 6_4,p2,2222,hand
1727337,8,14,1,7,SSSSSISS,not tested,208.34 108.38 43.28 316.72 43.28 158.36 158.36 43.28,1.0000 1.0384 1.0384 1.0384 1.0384 0.6431 1.0384 1.0384,0 1 1 1 1 5 1 1,0 0 1 0 1 0 0 1,"1,6",,no (tile),,,,43.28,,0.6193,,3,yes,6_4 6_4,p2,2222,hand
1727337,8,15,0,0,SSSSSSSS,not needed (covering theorem),104.08 151.85 151.85 151.85 104.08 140.14 68.02 208.15,1.0000 1.0000 1.0000 1.0000 1.0000 2.6714 1.0000 1.0000,0 0 0 0 0 5 0 0,0 0 0 0 0 0 0 0,,,YES,2,1,2,68.02,,0.3743,,3,yes,6_4 6_4,p2,2222,hand
1727337,8,15,0,1,SSSSSSSS,not needed (covering theorem),120.50 119.75 239.50 79.56 119.75 120.50 159.93 120.50,1.0000 1.0000 1.0000 1.3275 1.3275 1.3275 1.0000 1.0000,0 0 0 3 3 3 0 0,0 0 0 0 0 0 0 0,,,YES,2,1,2,79.56,,0.7533,,3,yes,6_4 6_4,p2,2222,hand
1727337,8,15,1,3,SISISSIS,not tested,228.24 65.88 294.12 65.88 65.88 166.37 127.75 65.88,1.0000 2.2306 1.0000 2.2306 1.0000 2.3085 2.2306 1.0000,0 1 0 1 0 5 1 0,0 0 0 0 1 0 0 1,"1,6",,no (tile),,,,65.88,,0.4332,,3,yes,6_4 6_4,p2,2222,hand
1727337,8,15,1,7,SSSSISSS,not tested,157.51 67.49 202.49 90.01 134.99 67.50 225.00 135.00,1.0000 0.3827 1.0000 1.0000 1.0000 0.3827 0.3827 0.3827,0 1 0 0 4 1 1 1,0 0 1 0 0 1 0 1,1,,no (tile),,,,67.49,,0.3827,,3,yes,6_4 6_4,p2,2222,hand
1727337,8,17,0,1,SSSSSSSS,not tested,180.00 90.00 180.00 90.00 180.00 90.00 180.00 90.00,1.0000 1.0000 1.0000 1.0000 1.0000 1.0000 1.0000 1.0000,0 0 0 0 0 0 0 0,0 0 0 0 0 0 0 0,"1,4,9",,no (tile),,,,90.00,,1.0000,,3,yes,6_4 6_4,p2,2222,hand
1727337,8,17,0,5,SSSSSSSS,not tested,180.00 90.00 180.00 90.00 180.00 90.00 180.00 90.00,1.0000 1.0000 1.0000 1.0000 1.0000 1.0000 1.0000 1.0000,0 0 0 0 0 0 0 0,0 0 0 0 0 0 0 0,"1,4,9",,no (tile),,,,90.00,,1.0000,,3,yes,6_4 6_4,p2,2222,hand
1727337,8,17,1,0,SSSIIIII,not tested,90.78 178.44 181.56 89.22 90.00 180.00 180.00 90.00,1.0000 1.0000 1.0000 1.0295 0.9999 0.9999 0.9999 1.0160,0 0 0 3 4 4 4 7,0 1 0 0 0 0 0 0,1,,no (tile),,,,89.22,,0.9712,,3,yes,6_4 6_4,p2,2222,hand
1727337,8,17,1,2,SJJJSJJJ,not needed (covering theorem),-90.00 -90.00 540.00 -180.00 270.00 270.00 180.00 180.00,1.0000 0.9988 0.9988 0.9988 1.0000 0.9988 0.9988 0.9988,0 1 1 1 0 1 1 1,0 0 2 0 1 2 1 2,,,YES,2,1,2,90.00,,0.9988,,3,yes,6_4 6_4,p2,2222,hand
1727337,8,17,1,3,SSSSSSSS,not tested,180.00 90.00 180.00 90.00 180.00 90.00 180.00 90.00,1.0000 1.0000 1.0000 1.0000 1.0000 1.0000 1.0000 1.0000,0 0 0 0 0 0 0 0,0 1 1 0 0 1 1 0,"1,2,3,4,5,6",,no (tile),,,,90.00,,1.0000,,3,yes,6_4 6_4,p2,2222,hand
1727337,8,17,1,4,SSSJSSSJ,not tested,90.00 180.00 180.00 90.00 90.00 180.00 180.00 90.00,1.0000 1.0000 1.0000 1.0000 1.0000 1.0000 1.0000 1.0000,0 0 0 3 0 0 0 3,0 0 0 0 1 1 1 2,6,,no (tile),,,,90.00,,1.0000,,3,yes,6_4 6_4,p2,2222,hand
1727337,8,17,1,6,SJJJIJJJ,not tested,93.49 86.51 186.97 180.00 86.51 93.49 180.00 173.03,1.0000 0.9564 0.9564 0.9564 1.0000 0.9564 0.9564 0.9564,0 1 1 1 4 1 1 1,0 0 1 2 0 1 2 3,1,,no (tile),,,,86.51,,0.9564,,3,yes,6_4 6_4,p2,2222,hand
1727337,8,17,1,7,SSSSSSSS,not tested,180.00 90.00 180.00 90.00 180.00 90.00 180.00 90.00,1.0000 1.0000 1.0000 1.0000 1.0000 1.0000 1.0000 1.0000,0 0 0 0 0 0 0 0,0 1 1 0 0 1 1 0,"1,2,3,4,5,6",,no (tile),,,,90.00,,1.0000,,3,yes,6_4 6_4,p2,2222,hand
1727337,8,18,0,0,SSSSSSSS,not needed (covering theorem),131.65 96.70 204.14 96.70 131.65 155.86 107.43 155.86,1.0000 1.0000 1.0000 1.0000 1.0000 1.0000 1.0000 1.0000,0 0 2 2 2 0 2 0,0 0 0 0 0 0 0 0,,,YES,2,1,2,96.70,,1.0000,,3,yes,6_4 6_4,p2,2222,hand
1727337,8,18,0,1,SSSSSSSS,not needed (covering theorem),205.15 77.42 154.85 154.85 77.42 205.15 -2057.42 2262.58,1.0000 1.0000 1.0000 1.0000 1.0000 1.0000 1.1510 1.0000,0 0 0 0 0 0 6 0,0 0 0 0 0 0 0 0,,,YES,2,1,2,77.42,,0.8688,,3,yes,6_4 6_4,p2,2222,hand
1727337,8,18,0,5,SSSSSSSS,not needed (covering theorem),102.58 102.58 205.16 77.42 154.84 154.84 77.42 205.16,1.0000 0.8694 0.8694 0.8694 0.8694 0.8694 0.8694 0.8694,0 1 1 1 1 1 1 1,0 0 0 0 0 0 0 0,,,YES,2,1,2,77.42,,0.8694,,3,yes,6_4 6_4,p2,2222,hand
1727337,8,18,0,6,SSSSSSSS,not needed (covering theorem),113.52 164.49 113.52 139.01 81.99 246.48 81.99 139.01,1.0000 1.0000 1.0000 1.0000 1.0000 1.0000 1.0000 1.0000,0 1 0 0 0 1 1 1,0 0 0 0 0 0 0 0,,,YES,2,1,2,81.99,,1.0000,,3,yes,6_4 6_4,p2,2222,hand
1727337,8,18,0,7,SSSSSSSS,not tested,160.45 135.06 224.94 80.17 54.89 224.94 135.06 64.48,1.0000 1.9294 1.0000 1.6142 1.9294 1.0000 1.9294 0.6807,0 1 0 3 1 0 1 7,0 0 0 0 0 0 0 0,1,,no (tile),,,,54.89,,0.3528,,3,yes,6_4 6_4,p2,2222,hand
1727337,8,18,1,0,SSSISSSI,not tested,117.59 124.83 235.17 62.41 98.93 162.14 197.86 81.07,1.0000 1.0000 1.0000 1.0367 0.8972 0.8972 0.8972 0.7128,0 0 0 3 4 4 4 7,0 1 0 0 0 1 0 0,1,,no (tile),,,,62.41,,0.6876,,3,yes,6_4 6_4,p2,2222,hand
1727337,8,19,0,5,SSSSSSSS,not needed (covering theorem),159.95 120.49 120.49 119.75 239.51 79.56 119.75 120.49,1.0000 1.0000 1.0000 1.0000 1.0000 1.3275 1.3275 1.3275,0 0 0 0 0 5 5 5,0 0 0 0 0 0 0 0,,,YES,2,1,2,79.56,,0.7533,,3,yes,6_4 6_4,p2,2222,hand
1727337,8,19,0,6,SSSSSSSS,not needed (covering theorem),140.12 68.02 208.14 104.07 151.86 151.86 151.86 104.07,1.0000 0.3743 0.3743 0.3743 0.3743 0.3743 0.3743 0.3743,0 1 1 1 1 1 1 1,0 0 0 0 0 0 0 0,,,YES,2,1,2,68.02,,0.3743,,3,yes,6_4 6_4,p2,2222,hand
1727337,8,19,1,3,SSISISSI,not tested,127.10 166.94 65.95 65.95 294.05 65.95 228.09 65.95,1.0000 0.4367 0.9591 0.4367 0.9591 0.4367 0.4367 0.9591,0 1 2 1 2 1 1 2,0 0 0 1 0 1 0 0,"1,6",,no (tile),,,,65.95,,0.4367,,3,yes,6_4 6_4,p2,2222,hand
1727337,8,19,1,7,SSSSSISS,not tested,177.25 48.25 182.75 128.99 231.01 64.50 112.75 134.50,1.0000 1.9574 1.0000 1.0000 1.0000 1.6181 1.9574 1.9574,0 1 0 0 0 5 1 1,0 0 1 0 1 0 0 1,1,,no (tile),,,,48.25,,0.5109,,3,yes,6_4 6_4,p2,2222,hand
1727337,8,20,1,0,SSSSISSI,not tested,152.10 55.80 304.20 55.80 152.10 91.71 176.58 91.71,1.0000 1.0000 1.0000 1.0000 0.9194 0.9363 0.9363 0.9194,0 0 0 0 4 5 5 7,0 1 0 1 0 0 1 0,"1,2",,no (tile),,,,55.80,,0.9194,,3,yes,6_4 6_4,p2,2222,hand
1727337,8,20,1,2,SSSSSSSS,not tested,155.31 96.58 108.11 251.89 108.11 96.58 155.31 108.11,1.0000 0.6058 0.6058 0.6058 0.6058 1.0000 0.6058 0.6058,0 1 1 1 1 0 1 1,0 0 1 0 1 1 0 1,"1,5,6",,no (tile),,,,96.58,,0.6058,,3,yes,6_4 6_4,p2,2222,hand
1727337,8,20,1,3,SIIIIISI,not tested,132.17 47.83 180.00 180.00 180.00 180.00 46.40 133.60,1.0000 0.2624 0.5900 0.2624 0.5900 0.2624 1.0234 0.5900,0 1 2 1 2 1 6 2,0 0 0 0 0 0 0 0,1,,no (tile),,,,46.40,,0.2564,,3,yes,6_4 6_4,p2,2222,hand
1727337,8,20,1,6,SSJSJJSJ,not tested,232.24 6.93 219.19 127.76 133.88 98.36 120.82 140.81,1.0000 0.3076 1.1332 1.0000 1.1332 1.1332 0.3076 1.1332,0 1 2 0 2 2 1 2,0 0 0 1 2 0 1 2,"3,5",,no (tile),,,,6.93,,0.2715,,3,yes,6_4 6_4,p2,2222,hand
1727337,8,21,0,4,JJJJSSSS,not tested,63.43 180.00 180.00 90.00 116.57 180.00 90.00 180.00,1.0000 1.0000 1.0000 1.0000 1.1180 1.1180 1.1180 1.1180,0 0 0 0 4 4 4 4,0 3 0 3 0 0 0 0,9,,no (tile),,,,63.43,,0.8944,,3,yes,6_4 6_4,p2,2222,hand
1727337,8,23,0,3,SSSSSSSS,not tested,180.00 180.00 46.58 133.42 133.42 46.58 180.00 180.00,1.0000 1.0000 2.9099 1.0000 2.9099 1.0000 1.0000 1.0000,0 0 2 0 4 0 0 0,0 0 0 0 0 0 0 0,1,,no (tile),,,,46.58,,0.3437,,3,yes,6_4 6_4,p2,2222,hand
1727337,8,23,1,4,SSJSJSSS,not tested,180.00 180.00 46.51 133.49 133.49 46.51 180.00 180.00,1.0000 1.0000 2.9061 1.0000 2.9061 1.0000 1.0000 1.0000,0 0 2 0 2 0 0 0,0 0 0 1 2 0 0 0,6,,no (tile),,,,46.51,,0.3441,,3,yes,6_4 6_4,p2,2222,hand
1727337,8,24,0,1,JJJJJJJJ,not tested,60.00 180.00 120.00 120.00 180.00 60.00 180.00 180.00,1.0000 1.0000 1.0000 1.0000 1.0000 1.0000 1.0000 1.0000,0 0 0 0 0 0 0 0,0 3 3 3 0 0 3 0,1,,no (tile),,,,60.00,,1.0000,,3,yes,6_4 6_4,p2,2222,hand
1727337,8,24,0,2,JJJJJJJJ,not needed (covering theorem),180.00 180.00 90.00 143.13 90.00 180.00 180.00 36.87,1.0000 1.0000 1.0000 1.0000 1.0000 1.0000 1.0000 1.0000,0 0 0 3 3 3 3 0,0 3 0 0 3 0 3 3,,,YES,2,1,2,36.87,,1.0000,,3,yes,6_4 6_4,p2,2222,hand
1727337,8,24,0,4,JJJJJJJJ,not needed (covering theorem),36.87 180.00 180.00 90.00 143.13 90.00 180.00 180.00,1.0000 1.0000 1.0000 1.0000 1.0000 1.0000 1.0000 1.0000,0 0 0 0 4 4 4 4,0 3 0 3 0 3 0 3,,,YES,2,1,2,36.87,,1.0000,,3,yes,6_4 6_4,p2,2222,hand
1727337,8,24,0,5,JJJJJJJJ,not tested,180.00 180.00 60.00 180.00 120.00 120.00 180.00 60.00,1.0000 1.0000 1.0000 1.0000 1.0000 1.0000 1.0000 1.0000,0 0 0 0 0 0 0 0,0 3 3 0 0 0 3 3,1,,no (tile),,,,60.00,,1.0000,,3,yes,6_4 6_4,p2,2222,hand
1727337,8,24,0,7,JJJSJJJS,not tested,90.00 180.00 180.00 90.00 90.00 180.00 180.00 90.00,1.0000 1.0000 1.0000 1.0000 1.0000 1.0000 1.0000 1.0000,0 0 0 3 0 0 0 7,0 3 0 0 3 0 3 0,1,,no (tile),,,,90.00,,1.0000,,3,yes,6_4 6_4,p2,2222,hand
1727337,8,24,1,0,IIIIIIII,not tested,90.00 180.00 180.00 90.00 90.00 180.00 180.00 90.00,1.0000 1.0000 1.0000 1.0000 1.0000 1.0000 1.0000 1.0000,0 0 0 3 4 4 4 7,0 0 0 0 0 0 0 0,"1,2,3,4,5,6",,no (tile),,,,90.00,,1.0000,,3,yes,6_4 6_4,p2,2222,hand
1727337,8,25,0,3,SSSSSSSS,not tested,180.00 180.00 46.58 133.42 133.42 46.58 180.00 180.00,1.0000 1.0000 2.9099 1.0000 2.9099 1.0000 1.0000 1.0000,0 0 2 0 4 0 0 0,0 0 0 0 0 0 0 0,1,,no (tile),,,,46.58,,0.3437,,3,yes,6_4 6_4,p2,2222,hand
1727337,8,25,1,4,SSJSJSSS,not tested,180.00 180.00 46.51 133.49 133.49 46.51 180.00 180.00,1.0000 1.0000 2.9061 1.0000 2.9061 1.0000 1.0000 1.0000,0 0 2 0 2 0 0 0,0 0 0 1 2 0 0 0,6,,no (tile),,,,46.51,,0.3441,,3,yes,6_4 6_4,p2,2222,hand
1727337,8,26,0,1,SSSSSSSS,not tested,90.00 180.00 90.00 180.00 90.00 180.00 90.00 180.00,1.0000 1.0000 1.0000 1.0000 1.0000 1.0000 1.0000 1.0000,0 0 0 0 0 0 0 0,0 0 0 0 0 0 0 0,"1,4,9",,no (tile),,,,90.00,,1.0000,,3,yes,6_4 6_4,p2,2222,hand
1727337,8,26,0,5,SSSSSSSS,not tested,90.00 180.00 90.00 180.00 90.00 180.00 90.00 180.00,1.0000 1.0000 1.0000 1.0000 1.0000 1.0000 1.0000 1.0000,0 0 0 0 0 0 0 0,0 0 0 0 0 0 0 0,"1,4,9",,no (tile),,,,90.00,,1.0000,,3,yes,6_4 6_4,p2,2222,hand
1727337,8,26,1,0,IIIISSSI,not tested,90.00 180.00 180.00 90.00 90.78 178.43 181.57 89.22,1.0000 1.0000 1.0000 1.0159 1.0001 1.0001 1.0001 1.0296,0 0 0 3 4 4 4 7,0 0 0 0 0 1 0 0,1,,no (tile),,,,89.22,,0.9713,,3,yes,6_4 6_4,p2,2222,hand
1727337,8,26,1,1,SSSSSSSS,not tested,90.00 180.00 90.00 180.00 90.00 180.00 90.00 180.00,1.0000 1.0000 1.0000 1.0000 1.0000 1.0000 1.0000 1.0000,0 0 0 0 0 0 0 0,0 0 1 1 0 0 1 1,"1,2,3,4,5,6",,no (tile),,,,90.00,,1.0000,,3,yes,6_4 6_4,p2,2222,hand
1727337,8,26,1,2,JJIJJJSJ,not tested,231.31 180.00 64.35 115.65 180.00 128.69 115.65 64.35,1.0000 1.0000 0.3828 1.0000 1.0000 1.0000 0.3828 1.0000,0 0 2 0 0 0 6 0,0 3 0 0 3 2 0 1,1,,no (tile),,,,64.35,,0.3828,,3,yes,6_4 6_4,p2,2222,hand
1727337,8,26,1,4,SSSJSSSJ,not tested,90.00 180.00 180.00 90.00 90.00 180.00 180.00 90.00,1.0000 1.0000 1.0000 1.0000 1.0000 1.0000 1.0000 1.0000,0 0 0 3 0 0 0 3,0 0 0 0 1 1 1 2,6,,no (tile),,,,90.00,,1.0000,,3,yes,6_4 6_4,p2,2222,hand
1727337,8,26,1,5,SSSSSSSS,not tested,90.00 180.00 90.00 180.00 90.00 180.00 90.00 180.00,1.0000 1.0000 1.0000 1.0000 1.0000 1.0000 1.0000 1.0000,0 0 0 0 0 0 0 0,0 0 1 1 0 0 1 1,"1,2,3,4,5,6",,no (tile),,,,90.00,,1.0000,,3,yes,6_4 6_4,p2,2222,hand
1727337,8,26,1,6,JJSJJJSJ,not needed (covering theorem),180.00 180.00 -90.00 -90.00 540.00 -180.00 270.00 270.00,1.0000 1.0000 1.0007 1.0000 1.0000 1.0000 1.0007 1.0000,0 0 2 0 0 0 2 0,0 3 0 1 3 1 1 3,,,YES,2,1,2,90.00,,0.9993,,3,yes,6_4 6_4,p2,2222,hand
1727337,8,28,0,2,JJJSSSSJ,not tested,180.00 180.00 90.00 116.57 180.00 90.00 180.00 63.43,1.0000 1.0000 1.0000 1.1180 1.1180 1.1180 1.1180 1.0000,0 0 0 3 3 3 3 0,0 3 0 0 0 0 0 3,9,,no (tile),,,,63.43,,0.8944,,3,yes,6_4 6_4,p2,2222,hand
1727337,8,30,1,3,SSJJJSSJ,not needed (covering theorem),112.00 180.00 68.00 180.00 180.00 68.00 180.00 112.00,1.0000 1.0000 0.7491 0.7491 0.7491 1.0000 1.0000 0.7491,0 0 2 2 2 0 0 2,0 0 0 2 0 1 1 2,,,YES,2,5,2,68.00,,0.7491,,3,yes,6_4 6_4,p2,2222,hand
1727337,8,30,1,5,JJSSJSSJ,not tested,180.00 180.00 61.52 180.00 118.48 118.48 180.00 61.52,1.0000 1.0000 1.0487 1.0487 1.0000 1.0487 1.0487 1.0000,0 0 2 2 0 2 2 0,0 3 0 0 1 1 1 3,6,,no (tile),,,,61.52,,0.9536,,3,yes,6_4 6_4,p2,2222,hand
1727337,8,32,0,2,SSSSSSSS,not needed (covering theorem),105.16 -217.70 577.70 -322.87 149.67 105.16 428.03 254.84,1.0000 2.3754 1.0000 2.3754 2.3754 2.3754 1.0000 1.0000,0 1 0 1 1 1 0 0,0 0 0 0 0 0 0 0,,,YES,2,1,2,37.13,,0.4210,,3,yes,6_4 6_4,p2,2222,hand
1727337,8,32,0,3,SSSSSSSS,not needed (covering theorem),114.82 245.18 114.82 122.59 132.79 122.59 114.82 112.39,1.0000 1.0000 1.0000 1.0000 1.7941 1.7941 1.7941 1.0000,0 0 0 0 4 4 4 0,0 0 0 0 0 0 0 0,,,YES,2,1,2,112.39,,0.5574,,3,yes,6_4 6_4,p2,2222,hand
1727337,8,32,0,5,SSSSSSSS,not needed (covering theorem),111.51 115.54 244.46 115.54 122.23 132.95 122.23 115.54,1.0000 1.0000 1.0000 1.0000 1.0000 1.7953 1.7953 1.7953,0 0 0 0 0 5 5 5,0 0 0 0 0 0 0 0,,,YES,2,1,2,111.51,,0.5570,,3,yes,6_4 6_4,p2,2222,hand
1727337,8,32,0,6,SSSSSSSS,not needed (covering theorem),68.04 254.85 105.15 142.27 217.73 37.11 149.69 105.15,1.0000 1.0000 1.0000 2.3745 1.0000 2.3745 2.3745 2.3745,0 0 0 3 0 3 3 3,0 0 0 0 0 0 0 0,,,YES,2,1,2,37.11,,0.4211,,3,yes,6_4 6_4,p2,2222,hand
1727337,8,32,1,0,SSSSISSI,not tested,152.10 55.80 304.20 55.80 152.10 91.71 176.58 91.71,1.0000 1.0000 1.0000 1.0000 0.9194 0.9363 0.9363 0.9194,0 0 0 0 4 5 5 7,0 1 0 1 0 0 1 0,"1,2",,no (tile),,,,55.80,,0.9194,,3,yes,6_4 6_4,p2,2222,hand
1727337,8,32,1,5,SSSJSJSS,not tested,249.02 110.98 249.02 1.19 186.66 109.79 62.36 110.98,1.0000 0.8186 1.0000 1.8961 0.8186 1.8961 1.0000 0.8186,0 1 0 3 1 3 0 1,0 0 0 0 1 2 0 0,6,,no (tile),,,,1.19,,0.4317,,3,yes,6_4 6_4,p2,2222,hand
1727337,8,32,1,6,SSSSSSSS,not tested,127.03 232.97 127.03 66.01 166.96 127.03 166.96 66.01,1.0000 1.0000 1.0000 1.1604 1.0000 1.0000 1.1604 1.0000,0 0 0 3 0 0 3 0,0 1 0 0 1 0 1 1,"1,5,6",,no (tile),,,,66.01,,0.8618,,3,yes,6_4 6_4,p2,2222,hand
1727337,8,33,0,4,SSSSSSSS,not tested,180.00 180.00 180.00 46.58 133.42 133.42 46.58 180.00,1.0000 1.0000 1.0000 2.9099 1.0000 2.9099 1.0000 1.0000,0 0 0 3 0 5 0 0,0 0 0 0 0 0 0 0,1,,no (tile),,,,46.58,,0.3437,,3,yes,6_4 6_4,p2,2222,hand
1727337,8,33,1,5,SSSJSJSS,not tested,180.00 180.00 180.00 46.51 133.49 133.49 46.51 180.00,1.0000 1.0000 1.0000 2.9061 1.0000 2.9061 1.0000 1.0000,0 0 0 3 0 3 0 0,0 0 0 0 1 2 0 0,6,,no (tile),,,,46.51,,0.3441,,3,yes,6_4 6_4,p2,2222,hand
1727337,8,34,0,0,SSSSSSSS,not tested,106.48 212.96 147.04 147.04 212.96 106.48 73.52 73.52,1.0000 1.0000 1.0000 1.0000 1.0000 1.0000 5.2455 1.0000,0 0 0 0 0 0 6 0,0 0 0 0 0 0 0 0,,closing m-gon self-intersects (not a simple polygon) — not p,n/a (tile degenerate at high precision),,,,73.52,,0.1906,,3,yes,6_4 6_4,p2,2222,hand
1727337,8,34,0,1,JSJJSJSS,not tested,57.54 250.11 109.89 52.35 194.81 165.19 142.46 107.65,1.0000 1.1559 1.0000 1.0000 0.4067 1.0000 0.4067 1.1559,0 1 0 0 4 0 4 1,0 0 3 3 0 0 0 0,1,,no (tile),,,,52.35,,0.3519,,3,yes,6_4 6_4,p2,2222,hand
1727337,8,34,0,2,SSSSSSSS,not tested,80.70 180.00 180.00 99.30 99.30 180.00 180.00 80.70,1.0000 0.2675 1.0000 0.2675 1.0000 0.2675 1.0000 1.0000,0 1 0 1 0 1 0 0,0 0 0 0 0 0 0 0,1,,no (tile),,,,80.70,,0.2675,,3,yes,6_4 6_4,p2,2222,hand
1727337,8,34,0,4,SSSSSSSS,not tested,194.82 165.18 194.82 23.20 141.98 124.60 70.22 165.18,1.0000 0.2938 1.0000 3.0703 0.2938 1.3651 1.0000 0.2938,0 1 0 3 1 5 0 1,0 0 0 0 0 0 0 0,1,,no (tile),,,,23.20,,0.0957,,3,yes,6_4 6_4,p2,2222,hand
1727337,8,34,0,5,SSSSSSSS,not needed (covering theorem),72.88 287.12 72.88 131.42 114.29 155.70 114.29 131.42,1.0000 1.0000 1.0000 1.0000 1.0000 1.0000 1.0000 1.0000,0 1 0 0 0 1 1 1,0 0 0 0 0 0 0 0,,,YES,2,1,2,72.88,,1.0000,,3,yes,6_4 6_4,p2,2222,hand
1727337,8,34,0,7,SSSSSSSS,not tested,51.60 164.61 195.39 164.61 84.39 111.00 164.61 143.79,1.0000 0.7604 1.0000 0.7604 1.4322 1.0000 0.7604 1.9637,0 1 0 1 4 0 1 7,0 0 0 0 0 0 0 0,1,,no (tile),,,,51.60,,0.3872,,3,yes,6_4 6_4,p2,2222,hand
1727337,8,34,1,1,SSSSSSSS,not tested,127.03 166.96 193.04 66.01 100.95 193.04 166.96 66.01,1.0000 1.1604 1.0000 1.1604 1.1604 1.0000 1.1604 1.0000,0 1 0 1 1 0 1 0,0 0 0 1 0 0 0 1,"1,2,3,5,6",,no (tile),,,,66.01,,0.8618,,3,yes,6_4 6_4,p2,2222,hand
1727337,8,34,1,3,SSSISSSS,not tested,297.65 135.35 224.65 31.17 104.18 151.64 73.00 62.35,1.0000 2.1356 1.0000 2.2343 2.1356 2.1356 1.0000 1.0000,0 1 0 3 1 1 0 0,0 0 0 0 0 1 0 1,1,,no (tile),,,,31.17,,0.4476,,3,yes,6_4 6_4,p2,2222,hand
1727337,8,34,1,7,SSSSSISS,not tested,65.53 95.35 264.65 160.87 199.13 47.67 113.20 133.60,1.0000 1.0000 1.0000 3.2174 1.0000 2.6141 3.2174 3.2174,0 0 0 3 0 5 3 3,0 1 0 0 0 0 0 1,1,,no (tile),,,,47.67,,0.3108,,3,yes,6_4 6_4,p2,2222,hand
1727342,8,0,1,7,SSSISSSS,not tested,62.42 217.85 148.79 71.08 140.13 79.74 280.26 79.74,1.0000 1.0000 1.0000 1.3046 1.0000 1.0000 1.0000 1.0000,0 0 0 3 0 0 0 0,0 1 1 0 1 0 1 0,1,,no (tile),,,,62.42,,0.7665,,3,yes,6_4 6_4,pgg,22x,hand
1727342,8,1,0,0,SSSSSSSS,not needed (covering theorem),258.05 -156.09 -156.09 258.05 594.14 258.05 101.95 -78.05,1.0000 1.0000 1.0000 1.0000 1.0000 1.0000 1.0000 1.0000,0 0 0 0 0 0 0 0,0 0 0 0 1 1 1 0,,,YES,2,"1,2",2,78.05,,1.0000,,3,yes,6_4 6_4,pgg,22x,hand
1727342,8,1,0,2,SSJSJSJJ,not tested,107.48 131.62 120.90 141.11 52.97 252.52 107.48 165.92,1.0000 1.2666 0.6225 1.1778 0.6225 1.0000 0.6225 0.6225,0 1 2 3 2 0 2 2,0 0 0 0 1 1 2 3,"1,6",,no (tile),,,,52.97,,0.4915,,3,yes,6_4 6_4,pgg,22x,hand
1727342,8,1,0,7,SISSISIS,not tested,139.42 145.93 145.93 68.13 145.93 214.07 145.93 74.64,1.0000 0.3076 1.0000 1.0000 0.3076 1.0000 0.3076 1.1617,0 1 0 0 1 0 1 7,0 0 1 0 0 0 0 0,"1,2,6",,no (tile),,,,68.13,,0.2648,,3,yes,6_4 6_4,pgg,22x,hand
1727342,8,1,1,0,SSSSSSSI,not needed (covering theorem),62.22 235.57 76.34 141.83 48.09 283.66 76.34 155.96,1.0000 1.0000 1.0000 1.0000 1.0000 1.0000 1.0000 0.6680,0 0 0 0 0 0 0 7,0 1 1 1 0 0 0 0,,,YES,2,2,2,48.09,,0.6680,,3,yes,6_4 6_4,pgg,22x,hand
1727342,8,1,1,1,SISSSSSS,not tested,199.07 80.46 80.46 199.07 74.13 199.07 160.93 86.80,1.0000 2.9632 1.0000 1.0000 1.0000 1.0000 1.0000 1.0000,0 1 0 0 0 0 0 0,0 0 1 0 1 0 1 1,"1,6",,no (tile),,,,74.13,,0.3375,,3,yes,6_4 6_4,pgg,22x,hand
1727342,8,1,1,3,SJJJJSJJ,not tested,167.12 67.02 162.54 125.86 54.14 192.88 167.12 143.31,1.0000 1.5306 0.4069 1.5306 0.4069 1.0000 0.4069 0.4069,0 1 2 1 2 0 2 2,0 0 0 2 0 1 3 2,"5,6",,no (tile),,,,54.14,,0.2658,,3,yes,6_4 6_4,pgg,22x,hand
1727342,8,1,1,4,SSSSSSSS,not tested,96.10 243.88 20.01 232.13 20.01 243.88 116.12 107.86,1.0000 1.1221 1.8394 1.8394 1.1221 1.0000 1.1221 1.8394,0 1 2 2 1 0 1 2,0 0 0 1 1 1 1 0,"1,6",,no (tile),,,,20.01,,0.5437,,3,yes,6_4 6_4,pgg,22x,hand
1727342,8,2,0,3,SSSSSSSS,not tested,120.00 180.00 120.00 60.00 240.00 120.00 120.00 120.00,1.0000 1.0000 1.0000 1.0000 1.0000 1.0000 1.0000 1.0000,0 0 0 0 0 0 0 0,0 1 1 0 0 0 0 0,"1,2,5,6,7",,no (tile),,,,60.00,,1.0000,,3,yes,6_4 6_4,pgg,22x,hand
1727342,8,2,1,1,SISSSSSS,not needed (covering theorem),308.01 25.99 118.77 144.77 122.46 70.47 237.54 51.99,1.0000 1.5415 1.0000 1.0000 1.0000 1.0000 1.0000 1.0000,0 1 0 0 0 0 0 0,0 0 0 0 1 1 0 1,,,YES,2,2,2,25.99,,0.6487,,3,yes,6_4 6_4,pgg,22x,hand
1727342,8,3,1,0,SSSSSSSI,not tested,159.10 41.80 203.82 114.38 41.80 318.20 41.80 159.10,1.0000 1.0000 1.0141 1.0000 1.0000 1.0000 1.0000 0.7206,0 0 2 0 0 0 0 7,0 1 0 0 1 0 1 0,"1,6",,no (tile),,,,41.80,,0.7106,,3,yes,6_4 6_4,pgg,22x,hand
1727342,8,3,1,1,SISSSSSS,not needed (covering theorem),46.40 156.80 51.99 104.80 256.01 150.39 103.99 209.61,1.0000 3.6629 1.0000 1.0000 1.0000 1.0000 1.0000 1.0000,0 1 0 0 0 0 0 0,0 0 1 1 0 0 1 1,,,YES,2,2,2,46.40,,0.2730,,3,yes,6_4 6_4,pgg,22x,hand
1727342,8,3,1,2,SUUSUSSU,not tested,90.00 193.75 76.25 13.75 270.00 270.00 76.25 90.00,1.0000 1.2042 1.2042 1.0000 1.2042 1.0000 1.0000 1.2042,0 1 1 0 1 0 0 1,0 0 2 0 0 1 1 2,"3,5",,no (tile),,,,13.75,,0.8304,,3,yes,6_4 6_4,pgg,22x,hand
1727342,8,3,1,5,SISISISS,not tested,132.63 47.37 180.00 180.00 180.00 180.00 47.37 132.63,1.0000 0.3372 0.3429 0.3372 0.3429 0.3372 1.0000 0.3429,0 1 2 1 2 1 0 2,0 0 0 0 1 0 1 0,"1,6",,no (tile),,,,47.37,,0.3372,,3,yes,6_4 6_4,pgg,22x,hand
1727342,8,4,0,0,SSUSUSSS,not needed (covering theorem),90.00 180.01 90.00 179.99 90.01 180.01 90.00 179.99,1.0000 1.0000 0.9998 1.0000 0.9998 1.0000 1.0000 1.0000,0 0 2 0 2 0 0 0,0 0 0 1 2 0 0 0,,,YES,2,2,2,90.00,,0.9998,,3,yes,6_4 6_4,pgg,22x,hand
1727342,8,4,0,4,SUSUSSSS,not needed (covering theorem),90.01 179.98 89.97 180.02 90.01 179.98 90.01 180.02,1.0000 1.0007 1.0000 1.0007 1.0000 1.0000 1.0000 1.0000,0 1 0 1 0 0 0 0,0 0 1 2 0 0 0 0,,,YES,2,2,2,89.97,,0.9993,,3,yes,6_4 6_4,pgg,22x,hand
1727342,8,4,1,2,SSSSSSSS,not tested,100.19 200.39 59.42 200.39 100.19 159.61 100.19 159.61,1.0000 1.0000 1.0000 1.0000 1.0000 1.0000 1.0000 1.0000,0 0 0 0 0 0 0 0,0 0 1 0 0 1 1 1,"3,5",,no (tile),,,,59.42,,1.0000,,3,yes,6_4 6_4,pgg,22x,hand
1727342,8,4,1,6,SSSSSSSS,not tested,89.00 182.00 89.00 178.00 93.00 178.00 89.00 182.00,1.0000 1.0000 1.0000 1.0000 1.0000 1.0000 1.0000 1.0000,0 0 0 0 0 0 0 0,0 1 1 0 1 1 0 0,"3,5",,no (tile),,,,89.00,,1.0000,,3,yes,6_4 6_4,pgg,22x,hand
1727342,8,5,0,0,SSUSUSSS,not tested,124.25 111.49 158.51 158.51 77.24 201.49 124.25 124.25,1.0000 1.0000 0.2675 1.0000 0.2675 1.0000 1.0000 1.0000,0 0 2 0 2 0 0 0,0 0 0 1 2 0 0 0,2,,no (tile),,,,77.24,,0.2675,,3,yes,6_4 6_4,pgg,22x,hand
1727342,8,5,0,1,SSUSSUSS,not needed (covering theorem),156.21 101.90 90.00 246.21 101.90 113.79 113.79 156.21,1.0000 1.0000 1.1501 1.0000 1.0000 1.1501 1.0000 1.0000,0 0 2 0 0 2 0 0,0 0 0 1 1 2 0 0,,,YES,2,2,2,90.00,,0.8695,,3,yes,6_4 6_4,pgg,22x,hand
1727342,8,5,0,5,SSSSSSSS,not needed (covering theorem),131.93 58.02 216.95 143.05 85.03 170.05 85.03 189.95,1.0000 1.0000 1.0000 1.0000 1.0000 1.0000 1.0000 1.0000,0 0 0 0 0 0 0 0,0 1 0 1 1 1 1 1,,,YES,2,"1,2",2,58.02,,1.0000,,3,yes,6_4 6_4,pgg,22x,hand
1727342,8,5,1,5,SSSSSSSS,not tested,131.81 96.38 131.81 228.19 73.40 131.81 131.81 154.79,1.0000 1.0000 1.0000 1.0000 1.0000 1.0000 1.0000 1.0000,0 0 0 0 0 0 0 0,0 0 0 0 1 1 1 0,6,,no (tile),,,,73.40,,1.0000,,3,yes,6_4 6_4,pgg,22x,hand
1727342,8,6,0,0,SSSSSSSS,not tested,133.08 93.84 172.32 54.60 305.40 54.60 133.08 133.08,1.0000 1.0000 1.0000 1.0000 1.0000 1.0000 1.0000 1.0000,0 0 0 0 0 0 0 0,0 0 1 0 1 0 0 0,1,,no (tile),,,,54.60,,1.0000,,3,yes,6_4 6_4,pgg,22x,hand
1727342,8,6,0,6,SSSSSSSS,not tested,133.08 133.08 54.60 305.40 54.60 172.32 93.84 133.08,1.0000 1.0000 1.0000 1.0000 1.0000 1.0000 1.0000 1.0000,0 0 0 0 0 0 0 0,0 0 1 0 1 0 0 0,1,,no (tile),,,,54.60,,1.0000,,3,yes,6_4 6_4,pgg,22x,hand
1727342,8,6,1,3,SSUSSSSU,not needed (covering theorem),-21.50 1206.55 -401.77 -825.04 783.27 -423.27 -423.27 1185.04,1.0000 1.0000 0.6709 1.0000 1.0000 1.0000 1.0000 0.6709,0 0 2 0 0 0 0 2,0 0 0 1 1 1 1 2,,,YES,2,2,2,21.50,,0.6709,,3,yes,6_4 6_4,pgg,22x,hand
1727342,8,6,1,5,SSSSUSSU,not needed (covering theorem),-974.96 296.73 296.73 63.27 1334.96 1038.23 -233.45 -741.50,1.0000 1.0000 1.0000 1.0000 0.6709 1.0000 1.0000 0.6709,0 0 0 0 4 0 0 4,0 0 0 0 0 1 1 2,,,YES,2,2,2,21.50,,0.6709,,3,yes,6_4 6_4,pgg,22x,hand
1727342,8,7,0,1,SSSSSSSS,not tested,120.00 120.00 240.00 60.00 120.00 180.00 120.00 120.00,1.0000 1.0000 1.0000 1.0000 1.0000 1.0000 1.0000 1.0000,0 0 0 0 0 0 0 0,0 0 0 1 1 0 0 0,"1,2,5,6,7",,no (tile),,,,60.00,,1.0000,,3,yes,6_4 6_4,pgg,22x,hand
1727342,8,7,1,7,SSSSISSS,not needed (covering theorem),237.55 70.47 122.45 144.77 118.77 25.99 308.01 51.99,1.0000 1.0000 1.0000 1.0000 1.5413 1.0000 1.0000 1.0000,0 0 0 0 4 0 0 0,0 0 1 1 0 1 0 1,,,YES,2,2,2,25.99,,0.6488,,3,yes,6_4 6_4,pgg,22x,hand
1727342,8,8,0,0,SSSSSSSS,not tested,135.00 90.00 225.00 90.00 135.00 135.00 135.00 135.00,1.0000 1.0000 1.0000 1.0000 1.0000 1.0000 1.0000 1.0000,0 0 0 0 0 0 0 0,0 0 0 1 0 0 0 0,"1,2",,no (tile),,,,90.00,,1.0000,,3,yes,6_4 6_4,pgg,22x,hand
1727342,8,8,0,6,SSSSSSSS,not tested,135.00 135.00 135.00 135.00 90.00 225.00 90.00 135.00,1.0000 1.0000 1.0000 1.0000 1.0000 1.0000 1.0000 1.0000,0 0 0 0 0 0 0 0,0 0 0 1 0 0 0 0,"1,2",,no (tile),,,,90.00,,1.0000,,3,yes,6_4 6_4,pgg,22x,hand
1727342,8,8,0,7,SSSISSSS,not tested,125.24 109.52 250.48 54.76 54.76 250.48 109.52 125.24,1.0000 1.0000 1.0000 1.7448 1.0000 1.0000 1.0000 0.5908,0 0 0 3 0 0 0 7,0 1 0 0 1 0 1 0,"1,6",,no (tile),,,,54.76,,0.3386,,3,yes,6_4 6_4,pgg,22x,hand
1727342,8,8,1,0,SSSSSSSI,not tested,116.39 127.21 232.79 63.61 63.61 232.79 127.21 116.39,1.0000 1.0000 1.0000 0.9391 1.0000 1.0000 1.0000 0.0500,0 0 0 3 0 0 0 7,0 1 0 0 1 0 1 0,"1,6",,no (tile),,,,63.61,,0.0500,YES,3,yes,6_4 6_4,pgg,22x,hand
1727342,8,9,0,1,SSSSSSSS,not needed (covering theorem),909.95 -274.97 -549.95 -274.97 13103.05 -12743.05 13378.02 -12468.07,1.0000 1.0000 1.0000 1.0000 1.0000 1.0000 1.0000 1.0000,0 0 0 0 0 0 0 0,0 0 0 0 1 0 1 0,,,YES,2,"1,2",2,58.02,,1.0000,,3,yes,6_4 6_4,pgg,22x,hand
1727342,8,9,0,5,SUSSUSSS,not needed (covering theorem),156.22 113.78 113.78 101.89 246.22 90.00 101.89 156.22,1.0000 1.1507 1.0000 1.0000 1.1507 1.0000 1.0000 1.0000,0 1 0 0 1 0 0 0,0 0 1 1 2 0 0 0,,,YES,2,2,2,90.00,,0.8690,,3,yes,6_4 6_4,pgg,22x,hand
1727342,8,9,0,6,SSUSUSSS,not tested,124.25 124.25 201.49 77.24 158.51 158.51 111.49 124.25,1.0000 1.0000 0.2675 1.0000 0.2675 1.0000 1.0000 1.0000,0 0 2 0 2 0 0 0,0 0 0 1 2 0 0 0,2,,no (tile),,,,77.24,,0.2675,,3,yes,6_4 6_4,pgg,22x,hand
1727342,8,9,1,3,SSSSSSSS,not tested,154.79 131.81 131.81 73.40 228.19 131.81 96.38 131.81,1.0000 1.0000 1.0000 1.0000 1.0000 1.0000 1.0000 1.0000,0 0 0 0 0 0 0 0,0 0 0 1 1 1 1 1,6,,no (tile),,,,73.40,,1.0000,,3,yes,6_4 6_4,pgg,22x,hand
1727342,8,10,0,1,SSSSISSS,not needed (covering theorem),264.30 47.85 95.70 130.51 162.59 114.74 34.81 229.49,1.0000 1.0000 1.0000 1.0000 0.6877 1.0000 1.0000 1.0000,0 0 0 0 4 0 0 0,0 0 0 1 0 0 1 0,,,YES,2,2,2,34.81,,0.6877,,3,yes,6_4 6_4,pgg,22x,hand
1727342,8,10,1,0,SSSSSSSI,not tested,135.23 89.53 270.47 89.53 104.19 166.28 89.53 135.23,1.0000 1.0000 1.0000 1.0000 2.7308 1.0000 1.0000 2.3395,0 0 0 0 4 0 0 7,0 1 0 1 0 0 1 0,"1,6",,no (tile),,,,89.53,,0.3662,,3,yes,6_4 6_4,pgg,22x,hand
1727342,8,10,1,3,SISISISS,not tested,132.63 47.37 180.00 180.00 180.00 180.00 47.37 132.63,1.0000 0.3372 0.3429 0.3372 0.3429 0.3372 1.0000 0.3429,0 1 2 1 2 1 0 2,0 0 0 0 1 0 1 1,"1,6",,no (tile),,,,47.37,,0.3372,,3,yes,6_4 6_4,pgg,22x,hand
1727342,8,10,1,6,SSUSUUSU,not tested,90.00 70.37 270.00 270.00 19.63 70.37 199.63 90.00,1.0000 1.0000 1.4447 1.0000 1.4447 1.4447 1.0000 1.4447,0 0 2 0 2 2 0 2,0 0 0 1 2 0 1 2,"3,5",,no (tile),,,,19.63,,0.6922,,3,yes,6_4 6_4,pgg,22x,hand
1727342,8,10,1,7,SSSSSISS,not needed (covering theorem),209.92 103.76 150.08 256.24 104.96 51.88 156.84 46.33,1.0000 1.0000 1.0000 1.0000 1.0000 3.6575 1.0000 1.0000,0 0 0 0 0 5 0 0,0 1 1 0 0 0 1 0,,,YES,2,2,2,46.33,,0.2734,,3,yes,6_4 6_4,pgg,22x,hand
1727342,8,11,0,7,IIIIIIIS,not tested,90.00 180.00 180.00 90.00 90.00 180.00 180.00 90.00,1.0000 1.0000 1.0000 1.0000 1.0000 1.0000 1.0000 1.0000,0 0 2 3 0 2 2 7,0 0 0 0 0 0 0 0,"1,2,6",,no (tile),,,,90.00,,1.0000,,3,yes,6_4 6_4,pgg,22x,hand
1727342,8,11,1,0,JJJSJJJI,not tested,60.00 180.00 240.00 60.00 120.00 120.00 180.00 120.00,1.0000 1.0000 1.0000 1.0000 1.0000 1.0000 1.0000 1.0000,0 0 0 3 0 0 0 7,0 3 2 0 1 0 3 0,1,,no (tile),,,,60.00,,1.0000,,3,yes,6_4 6_4,pgg,22x,hand
1727342,8,11,1,2,UUIIUIIU,not needed (covering theorem),84.27 180.00 137.87 90.00 227.87 47.87 180.00 132.13,1.0000 1.0000 0.7422 1.1183 1.0000 1.1183 1.1183 1.0000,0 0 2 3 0 3 3 0,0 2 0 0 2 0 0 0,,,YES,2,2,2,47.87,,0.6637,,3,yes,6_4 6_4,pgg,22x,hand
1727342,8,11,1,6,IIUIIUUU,not needed (covering theorem),132.13 180.00 47.87 227.87 90.00 137.87 180.00 84.26,1.0000 1.0000 0.8943 1.0000 0.6636 0.8943 0.8943 0.8943,0 0 2 0 4 2 2 2,0 0 0 0 0 0 2 2,,,YES,2,2,2,47.87,,0.6636,,3,yes,6_4 6_4,pgg,22x,hand
1727342,8,12,0,4,JSJSJSSJ,not tested,209.74 45.84 314.16 109.79 40.47 181.20 132.96 45.84,1.0000 1.3818 1.0000 0.9565 1.0000 1.1577 1.3818 1.0000,0 1 0 3 0 5 1 0,0 0 3 0 2 0 1 1,"1,6",,no (tile),,,,40.47,,0.6922,,3,yes,6_4 6_4,pgg,22x,hand
1727342,8,12,0,6,SSSSSSSS,not needed (covering theorem),1361.95 -978.05 1338.05 1314.14 1338.05 -2316.09 -2316.09 1338.05,1.0000 1.0000 1.0000 1.0000 1.0000 1.0000 1.0000 1.0000,0 0 0 0 0 0 0 0,0 0 0 1 1 1 1 1,,,YES,2,"1,2",2,78.05,,1.0000,,3,yes,6_4 6_4,pgg,22x,hand
1727342,8,12,0,7,ISISSISS,not tested,68.07 145.95 214.05 145.95 68.10 145.95 145.95 145.98,1.0000 2.2184 1.0000 2.2184 2.2184 1.0000 2.2184 2.6781,0 1 0 1 1 0 1 7,0 0 0 0 1 0 0 0,"1,2,6",,no (tile),,,,68.07,,0.3734,,3,yes,6_4 6_4,pgg,22x,hand
1727342,8,12,1,0,SSSSSSSI,not needed (covering theorem),155.97 76.25 283.75 48.06 141.88 76.25 235.69 62.15,1.0000 1.0000 1.0000 1.0000 1.0000 1.0000 1.0000 0.6692,0 0 0 0 0 0 0 7,0 0 0 1 1 1 0 0,,,YES,2,2,2,48.06,,0.6692,,3,yes,6_4 6_4,pgg,22x,hand
1727342,8,12,1,4,SSSSSSSS,not tested,3.05 175.20 184.80 1.33 355.62 1.33 184.80 173.87,1.0000 0.0500 1.0000 1.0006 1.0006 1.0000 0.0500 1.0006,0 1 0 3 3 0 1 3,0 0 0 0 1 1 1 1,"1,6",,no (tile),,,,1.33,,0.0500,YES,3,yes,6_4 6_4,pgg,22x,hand
1727342,8,12,1,5,JSJJJJSJ,not tested,85.01 144.88 215.12 110.00 70.00 164.99 145.12 144.88,1.0000 1.1457 1.0000 1.7826 1.0000 1.7826 1.1457 1.0000,0 1 0 3 0 3 1 0,0 0 3 0 3 2 1 1,"5,6",,no (tile),,,,70.00,,0.5610,,3,yes,6_4 6_4,pgg,22x,hand
1727342,8,12,1,7,SSSSSISS,not tested,118.94 297.83 62.17 178.89 62.17 148.91 148.91 62.17,1.0000 1.0000 1.0000 1.0000 1.0000 1.7700 1.0000 1.0000,0 0 0 0 0 5 0 0,0 1 0 1 0 0 1 0,"1,6",,no (tile),,,,62.17,,0.5650,,3,yes,6_4 6_4,pgg,22x,hand
1727349,8,0,0,2,SSISSISI,not tested,245.40 -65.40 180.00 245.40 -130.79 245.40 245.40 114.60,1.0000 0.8827 0.0500 1.0000 1.0000 0.0500 1.0000 0.0500,0 1 2 0 0 2 0 2,0 0 0 0 1 0 0 0,"1,2",,no (tile),,,,65.40,,0.0500,YES,3,yes,5_4 7_4,pgg,22x,hand
1727349,8,0,1,1,SISSSSSS,not tested,194.97 82.52 82.52 144.22 165.03 194.97 50.75 165.03,1.0000 2.4813 1.0000 1.0000 1.0000 1.0000 1.0000 1.0000,0 1 0 0 0 0 0 0,0 0 1 0 1 0 0 1,"1,6",,no (tile),,,,50.75,,0.4030,,3,yes,5_4 7_4,pgg,22x,hand
1727349,8,0,1,3,SSSSSSSS,not tested,222.85 52.94 222.85 84.20 121.65 15.50 222.85 137.15,1.0000 1.0000 0.8183 1.0000 3.2015 0.8183 1.0000 0.8183,0 0 2 0 4 2 0 2,0 1 0 0 0 1 0 1,"1,6",,no (tile),,,,15.50,,0.2556,,3,yes,5_4 7_4,pgg,22x,hand
1727349,8,0,1,4,SSSSSSSS,not tested,270.00 -90.00 -180.00 270.00 180.00 270.00 270.00 90.00,1.0000 1.0000 1.0000 1.0000 1.0000 1.0000 1.0000 1.0000,0 0 0 0 0 0 0 0,0 1 1 1 0 0 0 0,"1,6",,no (tile),,,,90.00,,1.0000,,3,yes,5_4 7_4,pgg,22x,hand
1727349,8,1,0,0,SSUSUUUS,not needed (covering theorem),601.14 -842.28 655.75 1256.89 -896.89 601.14 -241.14 -54.61,1.0000 1.0000 0.2896 1.0000 0.2896 0.2896 0.2896 1.0000,0 0 2 0 2 2 2 0,0 0 0 1 2 0 2 0,,,YES,2,6,2,54.61,,0.2896,,3,yes,5_4 7_4,pgg,22x,hand
1727349,8,1,0,2,SSJIJSJJ,not tested,70.27 147.77 141.96 97.38 97.38 289.73 70.27 165.24,1.0000 1.9967 1.3254 0.6777 1.3254 1.0000 1.3254 1.3254,0 1 2 3 2 0 2 2,0 0 0 0 1 1 2 3,"1,6",,no (tile),,,,70.27,,0.3394,,3,yes,5_4 7_4,pgg,22x,hand
1727349,8,1,1,0,SSSSSSSI,not tested,166.09 27.82 261.88 27.82 261.88 98.12 70.30 166.09,1.0000 1.0000 1.0000 1.0000 1.0000 1.0000 1.0000 0.9383,0 0 0 0 0 0 0 7,0 1 0 1 0 1 1 0,1,,no (tile),,,,27.82,,0.9383,,3,yes,5_4 7_4,pgg,22x,hand
1727349,8,1,1,1,SISSSSSS,not needed (covering theorem),128.24 115.88 130.95 98.10 113.17 261.90 98.10 133.66,1.0000 2.3409 1.0000 1.0000 1.0000 1.0000 1.0000 1.0000,0 1 0 0 0 0 0 0,0 0 0 1 1 0 1 1,,,YES,2,6,2,98.10,,0.4272,,3,yes,5_4 7_4,pgg,22x,hand
1727349,8,2,0,1,SSUUUSUS,not needed (covering theorem),122.18 118.91 54.64 241.09 118.91 176.81 183.19 64.27,1.0000 1.0000 0.2894 0.2894 0.2894 1.0000 0.2894 1.0000,0 0 2 2 2 0 2 0,0 0 0 2 0 1 2 0,,,YES,2,6,2,54.64,,0.2894,,3,yes,5_4 7_4,pgg,22x,hand
1727349,8,2,0,7,SJJSJIJS,not tested,76.99 198.31 60.98 198.31 161.69 149.51 149.51 84.70,1.0000 0.1685 0.1685 1.0000 0.1685 0.9177 0.1685 2.0659,0 1 1 0 1 5 1 7,0 0 1 1 2 0 3 0,"1,6",,no (tile),,,,60.98,,0.0816,,3,yes,5_4 7_4,pgg,22x,hand
1727349,8,2,1,0,SSSSSSSI,not needed (covering theorem),115.94 128.12 133.75 98.13 261.87 113.13 98.13 130.93,1.0000 1.0000 1.0000 1.0000 1.0000 1.0000 1.0000 2.3416,0 0 0 0 0 0 0 7,0 1 1 0 1 1 0 0,,,YES,2,6,2,98.13,,0.4271,,3,yes,5_4 7_4,pgg,22x,hand
1727349,8,2,1,1,SISSSSSS,not tested,86.09 136.96 136.96 78.95 165.04 194.96 86.09 194.96,1.0000 2.3528 1.0000 1.0000 1.0000 1.0000 1.0000 1.0000,0 1 0 0 0 0 0 0,0 0 1 1 0 1 0 1,1,,no (tile),,,,78.95,,0.4250,,3,yes,5_4 7_4,pgg,22x,hand
1727349,8,3,0,7,SISISSIS,not tested,61.80 118.20 241.80 118.20 118.20 123.61 118.20 180.00,1.0000 0.0500 1.0000 0.0500 1.0000 1.0000 0.0500 0.9950,0 1 0 1 0 0 1 7,0 0 0 0 1 0 0 0,"1,2",,no (tile),,,,61.80,,0.0500,YES,3,yes,5_4 7_4,pgg,22x,hand
1727349,8,3,1,0,SSSSSSSI,not tested,122.24 115.53 244.47 37.41 115.53 244.47 78.12 122.24,1.0000 1.0000 1.0000 1.0000 1.0000 1.0000 1.0000 0.8984,0 0 0 0 0 0 0 7,0 1 0 0 1 0 1 0,"1,6",,no (tile),,,,37.41,,0.8984,,3,yes,5_4 7_4,pgg,22x,hand
1727349,8,3,1,5,SSSSSSSS,not tested,90.00 90.00 270.00 90.00 90.00 180.00 90.00 180.00,1.0000 1.0000 1.0000 1.0000 1.0000 1.0000 1.0000 1.0000,0 0 0 0 0 0 0 0,0 0 0 0 0 1 1 1,"1,6",,no (tile),,,,90.00,,1.0000,,3,yes,5_4 7_4,pgg,22x,hand
1727349,8,3,1,6,SSSSSSSS,not tested,109.85 107.66 252.34 107.66 87.12 165.22 142.49 107.66,1.0000 0.4706 1.0000 0.4706 1.2945 1.0000 0.4706 1.0000,0 1 0 1 4 0 1 0,0 0 0 0 0 0 1 1,"1,6",,no (tile),,,,87.12,,0.3635,,3,yes,5_4 7_4,pgg,22x,hand
1727349,8,4,0,3,IISIIIII,not tested,180.00 180.00 2.48 177.52 90.00 90.00 180.00 180.00,1.0000 1.0000 3.0529 0.0500 0.1320 1.0000 0.0500 0.0500,0 0 2 3 4 0 3 3,0 0 0 0 0 0 0 0,1,,no (tile),,,,2.48,,0.0164,YES,3,yes,5_4 7_4,pgg,22x,hand
1727349,8,4,0,7,IIIIIIIS,not tested,2.63 180.00 180.00 180.00 180.00 90.00 90.00 177.37,1.0000 1.0000 0.0500 0.0500 1.0000 0.1401 0.0500 3.0532,0 0 2 2 0 5 2 7,0 0 0 0 0 0 0 0,1,,no (tile),,,,2.63,,0.0164,YES,3,yes,5_4 7_4,pgg,22x,hand
1727349,8,4,1,0,UUUIIUII,not tested,151.90 180.00 56.20 118.10 180.00 241.90 61.90 90.00,1.0000 1.0000 1.0000 0.8919 0.8919 1.0000 0.8919 1.4823,0 0 0 3 3 0 3 7,0 2 2 0 0 0 0 0,1,,no (tile),,,,56.20,,0.6017,,3,yes,5_4 7_4,pgg,22x,hand
1727349,8,4,1,2,UUIIUIIU,not tested,59.78 180.00 150.11 90.00 60.11 240.11 180.00 119.89,1.0000 1.0000 1.7171 0.9935 1.0000 0.9935 0.9935 1.0000,0 0 2 3 0 3 3 0,0 2 0 0 2 0 0 0,1,,no (tile),,,,59.78,,0.5786,,3,yes,5_4 7_4,pgg,22x,hand
1727349,8,4,1,4,SSUSUSSS,not tested,180.00 180.00 267.00 267.00 -87.00 94.99 -1.99 180.00,1.0000 1.0000 1.2042 1.0000 1.2042 3.0073 1.0000 1.0000,0 0 2 0 2 5 0 0,0 0 0 1 2 0 0 0,"1,6",,no (tile),,,,1.99,,0.3325,,3,yes,5_4 7_4,pgg,22x,hand
1727349,8,4,1,6,SSSSSUSU,not tested,133.81 180.00 180.00 180.00 14.17 212.02 46.19 133.81,1.0000 1.0000 1.0000 1.0000 4.0828 1.9134 1.0000 1.9134,0 0 0 0 4 5 0 5,0 0 0 0 0 0 1 2,"1,6",,no (tile),,,,14.17,,0.2449,,3,yes,5_4 7_4,pgg,22x,hand
1727363,8,0,1,1,SSSSSISS,not tested,28.96 150.96 209.04 180.08 75.48 89.96 14.48 331.04,1.0000 1.0000 1.0000 1.0000 1.0000 3.8730 1.0000 1.0000,0 0 0 0 0 5 0 0,0 0 0 1 1 0 0 1,,closing m-gon self-intersects (not a simple polygon) — not p,n/a (tile degenerate at high precision),,,,14.48,,0.2582,,3,yes,5_4 7_4,pgg,22x,hand
1727363,8,0,1,2,SSSSSSSS,not tested,225.45 314.32 45.68 88.87 91.17 179.96 88.87 45.68,1.0000 0.2675 1.0000 1.0000 1.0007 1.0000 1.0000 0.2675,0 1 0 0 4 0 0 1,0 0 0 1 0 0 1 1,"1,2",,no (tile),,,,45.68,,0.2673,,3,yes,5_4 7_4,pgg,22x,hand
1727363,8,0,1,7,USUJSJJJ,not needed (covering theorem),54.50 118.70 241.30 115.79 64.20 125.51 170.29 189.71,1.0000 1.7462 1.0000 0.9405 1.7462 0.9405 0.9405 0.9405,0 1 0 3 1 3 3 3,0 0 2 0 0 2 0 2,,,YES,2,5,2,54.50,,0.5386,,3,yes,5_4 7_4,pgg,22x,hand
1727363,8,1,0,5,SSSSSSSS,not tested,98.71 98.71 261.29 81.29 49.35 180.00 261.29 49.35,1.0000 1.0000 1.0000 1.0000 1.0000 1.0000 1.0000 1.0000,0 0 0 0 0 0 0 0,0 0 0 1 1 0 0 0,6,,no (tile),,,,49.35,,1.0000,,3,yes,5_4 7_4,pgg,22x,hand
1727363,8,1,0,7,SSSSISSS,not tested,86.51 114.33 245.67 114.33 122.84 122.84 114.33 159.16,1.0000 1.0000 1.0000 1.0000 2.2855 1.0000 1.0000 2.8368,0 0 0 0 4 0 0 7,0 1 0 1 0 0 1 0,"1,6",,no (tile),,,,86.51,,0.3525,,3,yes,5_4 7_4,pgg,22x,hand
1727363,8,2,0,1,SSSSSSSS,not tested,90.00 180.00 180.00 90.00 90.00 180.00 180.00 90.00,1.0000 1.0000 1.0000 1.0000 1.0000 1.0000 1.0000 1.0000,0 0 0 0 0 0 0 0,0 1 0 0 0 1 0 1,"1,5,6",,no (tile),,,,90.00,,1.0000,,3,yes,5_4 7_4,pgg,22x,hand
1727363,8,2,0,2,JSJSUJUJ,not tested,68.68 126.37 233.63 57.69 148.37 206.06 85.26 153.94,1.0000 0.1772 1.0000 0.1772 0.6320 1.0000 0.6320 1.0000,0 1 0 1 4 0 4 0,0 0 3 0 0 2 2 0,"2,6",,no (tile),,,,57.69,,0.1772,,3,yes,5_4 7_4,pgg,22x,hand
1727363,8,2,0,4,JSJSJSSJ,not tested,64.45 259.40 100.60 142.49 153.07 100.60 135.00 124.41,1.0000 1.1000 1.0000 1.3125 1.0000 1.1000 2.3835 1.0000,0 1 0 3 0 1 6 0,0 0 3 0 2 1 0 1,"1,6",,no (tile),,,,64.45,,0.4196,,3,yes,5_4 7_4,pgg,22x,hand
1727363,8,2,0,5,SSSSSSSS,not tested,90.00 180.00 180.00 90.00 90.00 180.00 180.00 90.00,1.0000 1.0000 1.0000 1.0000 1.0000 1.0000 1.0000 1.0000,0 0 0 0 0 0 0 0,0 0 0 1 1 1 1 1,"1,5,6",,no (tile),,,,90.00,,1.0000,,3,yes,5_4 7_4,pgg,22x,hand
1727363,8,2,0,6,SSSUSUSS,not needed (covering theorem),80.60 220.30 139.70 139.70 0.00 220.30 139.70 139.70,1.0000 1.0000 1.0000 4.5254 1.0000 4.5254 1.0000 1.0000,0 0 0 3 0 3 0 0,0 0 0 0 1 2 0 0,,,YES,2,2,2,0.00,,0.2210,,3,yes,5_4 7_4,pgg,22x,hand
1727363,8,2,1,6,JSJJSJJJ,not tested,89.25 193.16 166.84 104.93 88.22 166.84 165.82 104.93,1.0000 0.3538 1.0000 1.3864 0.3538 1.0000 1.3864 1.0000,0 1 0 3 1 0 3 0,0 0 3 0 0 3 2 1,"5,6",,no (tile),,,,88.22,,0.2552,,3,yes,5_4 7_4,pgg,22x,hand
1727363,8,2,1,7,JSJJJSJJ,not needed (covering theorem),114.15 57.07 302.93 43.39 202.47 57.07 100.46 202.47,1.0000 1.8397 1.0000 1.0000 1.0000 1.8397 1.0000 1.0000,0 1 0 0 0 1 0 0,0 0 3 2 0 0 2 0,,,YES,2,5,2,43.39,,0.5436,,3,yes,5_4 7_4,pgg,22x,hand
1727363,8,3,0,1,SSSSSISS,not tested,239.86 84.14 275.86 36.00 120.14 155.93 119.93 48.14,1.0000 1.0000 1.0000 1.0000 1.0000 1.4707 1.0000 1.0000,0 0 0 0 0 5 0 0,0 1 0 0 1 0 0 1,6,,no (tile),,,,36.00,,0.6799,,3,yes,5_4 7_4,pgg,22x,hand
1727363,8,3,0,2,JSJSJJJJ,not tested,90.42 332.20 27.80 241.78 27.80 123.52 146.06 90.42,1.0000 0.3943 1.0000 0.3943 1.0000 1.0000 1.0000 1.0000,0 1 0 1 0 0 0 0,0 0 3 0 3 2 0 0,2,,no (tile),,,,27.80,,0.3943,,3,yes,5_4 7_4,pgg,22x,hand
1727363,8,3,0,3,JSJJSJJJ,not tested,81.68 71.66 288.34 139.16 71.66 143.78 139.16 144.55,1.0000 0.7880 1.0000 1.0000 0.7880 1.0000 1.0000 1.0000,0 1 0 0 1 0 0 0,0 0 3 0 0 1 2 3,6,,no (tile),,,,71.66,,0.7880,,3,yes,5_4 7_4,pgg,22x,hand
1727363,8,3,1,1,SSSSSSIS,not tested,44.87 260.51 99.49 54.63 260.51 152.69 49.75 157.57,1.0000 1.0000 1.0000 1.0000 1.0000 1.0000 2.0470 1.0000,0 0 0 0 0 0 6 0,0 1 0 0 1 1 0 1,1,,no (tile),,,,44.87,,0.4885,,3,yes,5_4 7_4,pgg,22x,hand
1727363,8,3,1,4,SSSUUUSU,not needed (covering theorem),136.11 144.44 215.56 8.33 215.56 144.44 79.45 136.11,1.0000 1.0000 1.0000 1.4413 1.4413 1.4413 1.0000 1.4413,0 0 0 3 3 3 0 3,0 0 0 0 2 0 1 2,,,YES,2,5,2,8.33,,0.6938,,3,yes,5_4 7_4,pgg,22x,hand
1727363,8,4,0,7,SSSSSSSS,not tested,13.98 180.00 180.00 180.00 180.00 61.13 118.87 166.02,1.0000 1.0000 1.0000 1.0000 1.0000 1.0000 1.0000 3.6245,0 0 0 0 0 0 0 7,0 0 0 0 0 1 0 0,"1,2,6",,no (tile),,,,13.98,,0.2759,,3,yes,5_4 7_4,pgg,22x,hand
1727363,8,4,1,3,SSSSSSSS,not tested,91.01 180.00 180.00 180.00 88.99 91.01 180.00 88.99,1.0000 1.0000 1.0000 1.0000 1.0000 3.0000 1.0000 1.0000,0 0 0 0 0 5 0 0,0 0 0 0 1 0 0 1,1,,no (tile),,,,88.99,,0.3333,,3,yes,5_4 7_4,pgg,22x,hand
1727363,8,4,1,5,SSSSSSSS,not tested,298.04 180.00 180.00 180.00 -12.75 74.71 -12.75 192.75,1.0000 1.0000 1.0000 1.0000 3.4313 3.4313 1.0000 3.4313,0 0 0 0 4 4 0 4,0 0 0 0 0 1 1 1,"1,6",,no (tile),,,,12.75,,0.2914,,3,yes,5_4 7_4,pgg,22x,hand
1727384,8,0,1,1,SISSISSS,not tested,249.41 55.29 118.55 122.90 118.55 55.29 249.41 110.59,1.0000 1.9356 1.8717 1.8717 1.9356 1.0000 1.0000 1.0000,0 1 2 2 4 0 0 0,0 0 0 1 0 1 0 1,"1,2",,no (tile),,,,55.29,,0.5166,,3,yes,6_4 6_4,p2,2222,hand
1727384,8,0,1,6,SISSISIS,not tested,57.65 122.35 122.35 57.65 180.00 180.00 180.00 180.00,1.0000 0.2675 1.0000 0.2675 0.2675 0.2675 0.2675 0.2675,0 1 0 3 1 3 1 3,0 0 1 0 0 1 0 0,"1,6",,no (tile),,,,57.65,,0.2675,,3,yes,6_4 6_4,p2,2222,hand
1727384,8,0,1,7,SJJSJJJJ,not tested,100.29 167.02 92.69 201.24 66.07 92.69 267.31 92.69,1.0000 1.7796 1.7796 2.1906 1.7796 1.7796 1.7796 1.7796,0 1 1 3 1 1 1 1,0 0 2 0 0 2 0 2,6,,no (tile),,,,66.07,,0.4565,,3,yes,6_4 6_4,p2,2222,hand
1727384,8,1,0,3,SSSSSSSS,not needed (covering theorem),82.66 196.01 82.00 81.33 196.01 196.01 82.00 163.99,1.0000 1.0000 1.0000 0.6285 0.6285 0.6285 0.6285 0.6285,0 0 0 3 3 3 3 3,0 0 0 0 0 0 0 0,,,YES,2,1,2,81.33,,0.6285,,3,yes,6_4 6_4,p2,2222,hand
1727384,8,1,0,4,SSSSSSSS,not needed (covering theorem),128.98 150.67 115.51 128.98 80.35 231.02 115.51 128.98,1.0000 1.4009 1.4009 1.4009 1.0000 1.0000 1.0000 1.0000,0 1 1 1 0 0 0 0,0 0 0 0 0 0 0 0,,,YES,2,1,2,80.35,,0.7138,,3,yes,6_4 6_4,p2,2222,hand
1727384,8,2,1,0,SSISSSSI,not tested,135.00 90.01 135.00 135.01 89.98 270.02 89.98 135.01,1.0000 1.0000 1.0000 0.5001 0.5001 0.5001 0.5001 1.0000,0 0 2 3 3 3 3 7,0 1 0 0 1 0 1 0,"1,2",,no (tile),,,,89.98,,0.5001,,3,yes,6_4 6_4,p2,2222,hand
1727384,8,2,1,2,SJJSJJJJ,not tested,100.29 167.02 92.69 201.24 66.07 92.69 267.31 92.69,1.0000 1.7796 1.7796 2.1906 1.7796 1.7796 1.7796 1.7796,0 1 1 3 1 1 1 1,0 0 2 0 0 2 0 2,6,,no (tile),,,,66.07,,0.4565,,3,yes,6_4 6_4,p2,2222,hand
1727384,8,2,1,3,SSISSISI,not tested,180.00 20.17 159.83 159.83 20.17 180.00 180.00 180.00,1.0000 1.8473 0.4679 1.8473 1.0000 0.4679 1.0000 0.4679,0 1 2 1 0 2 0 2,0 0 0 1 0 0 1 0,"1,6",,no (tile),,,,20.17,,0.2533,,3,yes,6_4 6_4,p2,2222,hand
1727384,8,3,0,2,SSSSSSSS,not tested,180.00 90.00 90.00 180.00 180.00 90.00 90.00 180.00,1.0000 1.0000 1.0000 1.0000 1.0000 1.0000 1.0000 1.0000,0 1 0 0 0 5 0 0,0 0 0 0 0 0 0 0,1,,no (tile),,,,90.00,,1.0000,,3,yes,6_4 6_4,p2,2222,hand
1727384,8,3,1,1,SIIIIISS,not tested,193.83 83.09 90.00 180.00 180.00 90.00 96.91 166.17,1.0000 1.0750 0.9927 0.9927 0.9927 0.9547 1.0000 1.0000,0 1 2 2 2 5 0 0,0 0 0 0 0 0 0 1,1,,no (tile),,,,83.09,,0.8880,,3,yes,6_4 6_4,p2,2222,hand
1727384,8,4,0,0,SSJJJJSS,not tested,90.00 180.00 63.43 180.00 180.00 90.00 116.57 180.00,1.0000 1.0000 0.8944 0.8944 0.8944 0.8944 1.0000 1.0000,0 0 2 2 2 2 0 0,0 0 0 3 0 3 0 0,9,,no (tile),,,,63.43,,0.8944,,3,yes,6_4 6_4,p2,2222,hand
1727384,8,5,0,5,SJJJJSSS,not tested,180.00 116.57 90.00 180.00 180.00 63.43 180.00 90.00,1.0000 0.8944 0.8944 0.8944 0.8944 1.0000 1.0000 1.0000,0 1 1 1 1 0 0 0,0 0 3 0 3 0 0 0,9,,no (tile),,,,63.43,,0.8944,,3,yes,6_4 6_4,p2,2222,hand
1727384,8,6,1,3,SSJSSJJJ,not needed (covering theorem),68.00 180.00 112.00 112.00 180.00 68.00 180.00 180.00,1.0000 1.0000 0.7491 1.0000 1.0000 0.7491 0.7491 0.7491,0 0 2 0 0 2 2 2,0 0 0 1 1 2 0 2,,,YES,2,1,2,68.00,,0.7491,,3,yes,6_4 6_4,p2,2222,hand
1727384,8,6,1,5,SSJJJSSJ,not tested,116.45 180.00 63.55 180.00 180.00 63.55 180.00 116.45,1.0000 1.0000 0.8910 0.8910 0.8910 1.0000 1.0000 0.8910,0 0 2 2 2 0 0 2,0 0 0 3 0 1 1 2,6,,no (tile),,,,63.55,,0.8910,,3,yes,6_4 6_4,p2,2222,hand
1727384,8,7,0,0,SSSSSSSS,not needed (covering theorem),127.96 104.08 142.75 127.96 104.08 255.92 104.08 113.17,1.0000 1.0000 0.5644 0.5644 0.5644 0.5644 0.5644 1.0000,0 0 2 2 2 2 2 0,0 0 0 0 0 0 0 0,,,YES,2,1,2,104.08,,0.5644,,3,yes,6_4 6_4,p2,2222,hand
1727384,8,7,0,6,SSSSSSSS,not needed (covering theorem),104.07 142.75 127.97 104.07 255.93 104.07 113.18 127.97,1.0000 0.5644 0.5644 0.5644 0.5644 0.5644 1.0000 1.0000,0 1 1 1 1 1 0 0,0 0 0 0 0 0 0 0,,,YES,2,1,2,104.07,,0.5644,,3,yes,6_4 6_4,p2,2222,hand
1727384,8,7,1,1,SISSSSIS,not tested,176.57 91.71 152.09 55.82 304.18 55.82 152.09 91.71,1.0000 0.9194 1.0677 1.0677 1.0677 1.0677 0.9194 1.0000,0 1 2 2 2 2 6 0,0 0 0 1 0 1 0 1,"1,2",,no (tile),,,,55.82,,0.8611,,3,yes,6_4 6_4,p2,2222,hand
1727384,8,7,1,3,SSJSSSSJ,not tested,187.90 62.36 186.62 109.74 62.36 297.64 62.36 111.02,1.0000 1.0137 0.8385 1.0137 1.0000 1.0137 1.0000 0.8385,0 1 2 1 0 1 0 2,0 0 0 1 1 1 1 2,6,,no (tile),,,,62.36,,0.8272,,3,yes,6_4 6_4,p2,2222,hand
1727384,8,9,0,1,SSSSSSSS,not needed (covering theorem),104.04 127.98 113.19 104.04 255.96 104.04 127.98 142.77,1.0000 1.0000 0.5644 0.5644 0.5644 0.5644 0.5644 1.0000,0 0 2 2 2 2 2 0,0 0 0 0 0 0 0 0,,,YES,2,1,2,104.04,,0.5644,,3,yes,6_4 6_4,p2,2222,hand
1727384,8,9,0,3,SSSSSSSS,not needed (covering theorem),142.75 104.07 127.97 113.18 104.07 255.93 104.07 127.97,1.0000 1.0000 1.0000 0.5644 0.5644 0.5644 0.5644 0.5644,0 0 0 3 3 3 3 3,0 0 0 0 0 0 0 0,,,YES,2,1,2,104.07,,0.5644,,3,yes,6_4 6_4,p2,2222,hand
1727384,8,9,1,0,SSISSSSI,not tested,135.00 90.01 135.00 135.01 89.98 270.02 89.98 135.01,1.0000 1.0000 1.0000 0.5001 0.5001 0.5001 0.5001 1.0000,0 0 2 3 3 3 3 7,0 1 0 0 1 0 1 0,"1,2",,no (tile),,,,89.98,,0.5001,,3,yes,6_4 6_4,p2,2222,hand
1727384,8,9,1,5,SISISISS,not tested,132.69 47.31 180.00 180.00 180.00 180.00 47.31 132.69,1.0000 0.2579 0.5822 0.2579 0.5822 0.2579 1.0000 0.5822,0 1 2 1 2 1 0 2,0 0 0 0 0 0 1 1,"1,6",,no (tile),,,,47.31,,0.2579,,3,yes,6_4 6_4,p2,2222,hand
1727384,8,9,1,6,SJSSSSJS,not tested,118.48 130.99 79.67 118.48 241.52 118.48 110.53 161.85,1.0000 1.4064 1.0000 0.3664 1.0000 0.3664 1.4064 0.3664,0 1 0 3 0 3 1 3,0 0 1 0 1 0 2 1,6,,no (tile),,,,79.67,,0.2605,,3,yes,6_4 6_4,p2,2222,hand
1727384,8,10,0,0,SSSSSSSS,not needed (covering theorem),98.02 163.97 81.98 196.03 98.02 163.97 81.98 196.03,1.0000 1.0000 1.0000 1.0000 1.0000 1.0000 1.0000 1.0000,0 0 2 2 2 2 0 0,0 0 0 0 0 0 0 0,,,YES,2,1,2,81.98,,1.0000,,3,yes,6_4 6_4,p2,2222,hand
1727384,8,10,0,4,SSSSSSSS,not needed (covering theorem),98.02 163.97 81.98 196.03 98.02 163.97 81.98 196.03,1.0000 1.0000 1.0000 1.0000 1.0000 1.0000 1.0000 1.0000,0 0 0 0 4 4 4 4,0 0 0 0 0 0 0 0,,,YES,2,1,2,81.98,,1.0000,,3,yes,6_4 6_4,p2,2222,hand
1727384,8,10,1,1,SISSSISS,not tested,262.38 48.81 120.46 119.08 240.92 59.54 131.19 97.62,1.0000 1.1588 0.8730 0.8730 0.8730 0.9428 1.0000 1.0000,0 1 2 2 2 5 0 0,0 0 0 1 0 0 0 1,1,,no (tile),,,,48.81,,0.7534,,3,yes,6_4 6_4,p2,2222,hand
1727384,8,10,1,2,SSSSSSSS,not tested,90.00 225.00 45.00 225.00 90.00 135.00 135.00 135.00,1.0000 1.0000 1.0000 1.0000 1.0000 1.0000 1.0000 1.0000,0 1 1 0 1 0 0 1,0 0 1 1 0 0 1 1,"1,3,4,5",,no (tile),,,,45.00,,1.0000,,3,yes,6_4 6_4,p2,2222,hand
1727384,8,10,1,3,SIIISIII,not tested,90.00 90.00 180.00 180.00 90.00 90.00 180.00 180.00,1.0000 1.0000 1.0000 1.0000 1.0000 1.0000 1.0000 1.0000,0 1 2 1 4 2 1 2,0 0 0 0 0 0 0 0,"1,6",,no (tile),,,,90.00,,1.0000,,3,yes,6_4 6_4,p2,2222,hand
1727384,8,10,1,5,SJSSSJSS,not tested,181.25 57.58 123.14 178.75 181.25 121.17 58.11 178.75,1.0000 0.6882 0.2675 1.0000 0.2675 0.6882 1.0000 0.2675,0 1 2 0 2 1 0 2,0 0 0 1 0 2 0 1,6,,no (tile),,,,57.58,,0.2675,,3,yes,6_4 6_4,p2,2222,hand
1727384,8,10,1,6,SSSSSSSS,not tested,134.55 127.83 97.63 232.17 30.20 232.17 97.63 127.83,1.0000 0.8887 1.0000 0.8887 0.8887 1.0000 0.8887 1.0000,0 1 0 1 1 0 1 0,0 0 1 1 0 0 1 1,"1,3,4,5",,no (tile),,,,30.20,,0.8887,,3,yes,6_4 6_4,p2,2222,hand
1727384,8,10,1,7,SJJJSJJJ,not tested,58.39 155.31 146.31 213.69 38.20 108.11 213.69 146.31,1.0000 0.7034 0.7034 0.7034 1.3065 0.7034 0.7034 0.7034,0 1 1 1 4 1 1 1,0 0 2 0 0 2 0 2,6,,no (tile),,,,38.20,,0.5384,,3,yes,6_4 6_4,p2,2222,hand
1727384,8,11,0,0,SSSSSSSS,not needed (covering theorem),115.60 128.80 80.33 231.20 115.60 128.80 128.80 150.88,1.0000 1.0000 0.7146 0.7146 0.7146 0.7146 0.7146 1.0000,0 0 2 2 2 2 2 0,0 0 0 0 0 0 0 0,,,YES,2,1,2,80.33,,0.7146,,3,yes,6_4 6_4,p2,2222,hand
1727384,8,11,0,1,SSSSSSSS,not needed (covering theorem),196.65 81.67 80.70 196.65 196.65 81.67 163.35 82.65,1.0000 1.0000 0.6291 0.6291 0.6291 0.6291 0.6291 1.0000,0 0 2 2 2 2 2 0,0 0 0 0 0 0 0 0,,,YES,2,1,2,80.70,,0.6291,,3,yes,6_4 6_4,p2,2222,hand
1727384,8,12,1,4,SJSSJJJS,not tested,180.00 129.25 129.25 180.00 50.75 180.00 180.00 50.75,1.0000 1.2655 1.0000 1.0000 1.2655 1.2655 1.2655 1.0000,0 1 0 0 1 1 1 0,0 0 1 1 2 1 2 0,6,,no (tile),,,,50.75,,0.7902,,3,yes,6_4 6_4,p2,2222,hand
1727384,8,12,1,6,SJJJSSJS,not needed (covering theorem),180.00 68.04 180.00 180.00 68.04 180.00 111.96 111.96,1.0000 0.7480 0.7480 0.7480 1.0000 1.0000 0.7480 1.0000,0 1 1 1 0 0 1 0,0 0 2 0 1 1 2 0,,,YES,2,1,2,68.04,,0.7480,,3,yes,6_4 6_4,p2,2222,hand
1727384,8,13,0,4,SSSSJJJJ,not tested,116.57 180.00 90.00 180.00 63.43 180.00 180.00 90.00,1.0000 1.0000 1.0000 1.0000 0.8944 0.8944 0.8944 0.8944,0 0 0 0 4 4 4 4,0 0 0 0 0 3 0 3,9,,no (tile),,,,63.43,,0.8944,,3,yes,6_4 6_4,p2,2222,hand
1727384,8,14,1,1,SISSSSIS,not tested,176.57 91.71 152.09 55.82 304.18 55.82 152.09 91.71,1.0000 0.9194 1.0677 1.0677 1.0677 1.0677 0.9194 1.0000,0 1 2 2 2 2 6 0,0 0 0 1 0 1 0 1,"1,2",,no (tile),,,,55.82,,0.8611,,3,yes,6_4 6_4,p2,2222,hand
1727384,8,14,1,6,SISISSIS,not tested,47.10 180.00 180.00 180.00 180.00 47.10 132.90 132.90,1.0000 0.4065 1.0000 0.4065 1.0000 2.5019 0.4065 2.5019,0 1 0 1 0 5 1 5,0 0 1 0 0 0 0 1,"1,6",,no (tile),,,,47.10,,0.1625,,3,yes,6_4 6_4,p2,2222,hand
1727384,8,14,1,7,SJJJJSJJ,not tested,131.97 64.48 163.55 196.45 163.55 61.95 134.50 163.55,1.0000 0.5889 0.5889 0.5889 0.5889 1.0315 0.5889 0.5889,0 1 1 1 1 5 1 1,0 0 2 0 2 0 0 2,6,,no (tile),,,,61.95,,0.5710,,3,yes,6_4 6_4,p2,2222,hand
1727384,8,15,0,0,SSSSSSSS,not needed (covering theorem),81.56 196.87 196.87 80.48 81.56 196.87 82.64 163.13,1.0000 1.0000 1.0000 1.5888 1.5888 1.5888 1.0000 1.0000,0 0 0 3 3 3 0 0,0 0 0 0 0 0 0 0,,,YES,2,1,2,80.48,,0.6294,,3,yes,6_4 6_4,p2,2222,hand
1727384,8,15,0,1,SSSSSSSS,not needed (covering theorem),128.91 115.54 231.09 80.34 128.91 115.54 150.75 128.91,1.0000 1.0000 1.0000 1.4004 1.4004 1.4004 1.0000 1.0000,0 0 0 3 3 3 0 0,0 0 0 0 0 0 0 0,,,YES,2,1,2,80.34,,0.7141,,3,yes,6_4 6_4,p2,2222,hand
1727384,8,16,0,1,SSSSSSSS,not needed (covering theorem),196.01 82.00 163.99 98.00 196.01 82.00 163.99 98.00,1.0000 1.0000 1.0000 1.0000 1.0000 1.0000 1.0000 1.0000,0 0 0 3 3 3 3 0,0 0 0 0 0 0 0 0,,,YES,2,1,2,82.00,,1.0000,,3,yes,6_4 6_4,p2,2222,hand
1727384,8,16,0,5,SSSSSSSS,not needed (covering theorem),196.07 81.97 163.93 98.03 196.07 81.97 163.93 98.03,1.0000 1.0000 1.0000 1.0000 1.0000 1.0000 1.0000 1.0000,0 1 1 1 1 0 0 0,0 0 0 0 0 0 0 0,,,YES,2,1,2,81.97,,1.0000,,3,yes,6_4 6_4,p2,2222,hand
1727384,8,16,1,0,SSSISSSI,not tested,117.59 124.83 235.17 62.41 98.93 162.14 197.86 81.07,1.0000 1.0000 1.0000 1.0367 0.8972 0.8972 0.8972 0.7128,0 0 0 3 4 4 4 7,0 1 0 0 0 1 0 0,1,,no (tile),,,,62.41,,0.6876,,3,yes,6_4 6_4,p2,2222,hand
1727384,8,16,1,2,SJJJSJJJ,not tested,58.39 155.31 146.31 213.69 38.20 108.11 213.69 146.31,1.0000 0.7034 0.7034 0.7034 1.3065 0.7034 0.7034 0.7034,0 1 1 1 4 1 1 1,0 0 2 0 0 2 0 2,6,,no (tile),,,,38.20,,0.5384,,3,yes,6_4 6_4,p2,2222,hand
1727384,8,16,1,3,SSSSSSSS,not tested,217.31 46.28 217.31 96.41 142.69 120.90 142.69 96.41,1.0000 1.0000 0.9560 1.0000 0.9560 0.9560 1.0000 0.9560,0 0 2 0 2 2 0 2,0 1 0 0 1 0 1 1,"1,3,4,5",,no (tile),,,,46.28,,0.9560,,3,yes,6_4 6_4,p2,2222,hand
1727384,8,16,1,4,SSSJSSSJ,not tested,34.90 269.23 90.77 201.95 55.87 269.23 90.77 67.28,1.0000 10.0000 1.0000 10.3334 10.0000 1.0000 10.0000 10.3334,0 1 0 3 1 0 1 3,0 0 0 0 1 1 1 2,6,,no (tile),,,,34.90,,0.0968,,3,yes,6_4 6_4,p2,2222,hand
1727384,8,16,1,6,SIIISIII,not tested,90.00 90.00 180.00 180.00 90.00 90.00 180.00 180.00,1.0000 1.0000 1.0000 1.0000 1.0000 1.0000 1.0000 1.0000,0 1 2 1 4 2 1 2,0 0 0 0 0 0 0 0,"1,6",,no (tile),,,,90.00,,1.0000,,3,yes,6_4 6_4,p2,2222,hand
1727384,8,16,1,7,SSSSSSSS,not tested,135.00 90.00 225.00 45.00 225.00 90.00 135.00 135.00,1.0000 1.0000 1.0000 1.0000 1.0000 1.0000 1.0000 1.0000,0 1 0 0 1 0 1 1,0 0 1 0 1 1 0 1,"1,3,4,5",,no (tile),,,,45.00,,1.0000,,3,yes,6_4 6_4,p2,2222,hand
1727384,8,17,0,1,SSSJJJJS,not tested,180.00 90.00 180.00 116.57 90.00 180.00 180.00 63.43,1.0000 1.0000 1.0000 0.8944 0.8944 0.8944 0.8944 1.0000,0 0 0 3 3 3 3 0,0 0 0 0 3 0 3 0,9,,no (tile),,,,63.43,,0.8944,,3,yes,6_4 6_4,p2,2222,hand
1727384,8,18,0,7,SSSSSSSS,not tested,90.00 180.00 180.00 90.00 90.00 180.00 180.00 90.00,1.0000 1.0000 1.0000 1.0000 1.0000 1.0000 1.0000 1.0000,0 0 0 3 0 0 0 7,0 0 0 0 0 0 0 0,1,,no (tile),,,,90.00,,1.0000,,3,yes,6_4 6_4,p2,2222,hand
1727384,8,18,1,0,SSSIIIII,not tested,90.78 178.44 181.56 89.22 90.00 180.00 180.00 90.00,1.0000 1.0000 1.0000 1.0295 0.9999 0.9999 0.9999 1.0160,0 0 0 3 4 4 4 7,0 1 0 0 0 0 0 0,1,,no (tile),,,,89.22,,0.9712,,3,yes,6_4 6_4,p2,2222,hand
1727384,8,19,0,5,SSSSSSSS,not needed (covering theorem),150.79 128.87 128.87 115.57 231.13 80.34 128.87 115.57,1.0000 1.0000 1.0000 1.0000 1.0000 1.4000 1.4000 1.4000,0 0 0 0 0 5 5 5,0 0 0 0 0 0 0 0,,,YES,2,1,2,80.34,,0.7143,,3,yes,6_4 6_4,p2,2222,hand
1727384,8,19,0,6,SSSSSSSS,not needed (covering theorem),128.77 80.32 231.23 115.61 128.77 128.77 150.90 115.61,1.0000 0.7147 0.7147 0.7147 0.7147 0.7147 1.0000 1.0000,0 1 1 1 1 1 0 0,0 0 0 0 0 0 0 0,,,YES,2,1,2,80.32,,0.7147,,3,yes,6_4 6_4,p2,2222,hand
1727384,8,20,1,0,SSSSISSI,not tested,152.10 55.80 304.20 55.80 152.10 91.71 176.58 91.71,1.0000 1.0000 1.0000 1.0000 0.9194 0.9363 0.9363 0.9194,0 0 0 0 4 5 5 7,0 1 0 1 0 0 1 0,"1,2",,no (tile),,,,55.80,,0.9194,,3,yes,6_4 6_4,p2,2222,hand
1727384,8,20,1,2,SJJJJSJJ,not tested,131.97 64.48 163.55 196.45 163.55 61.95 134.50 163.55,1.0000 0.5889 0.5889 0.5889 0.5889 1.0315 0.5889 0.5889,0 1 1 1 1 5 1 1,0 0 2 0 2 0 0 2,6,,no (tile),,,,61.95,,0.5710,,3,yes,6_4 6_4,p2,2222,hand
1727384,8,20,1,3,SSISISSI,not tested,132.89 47.11 180.00 180.00 180.00 180.00 47.11 132.89,1.0000 0.2596 0.5823 0.2596 0.5823 0.2596 1.0000 0.5823,0 1 2 1 2 1 0 2,0 0 0 1 0 0 1 0,"1,6",,no (tile),,,,47.11,,0.2596,,3,yes,6_4 6_4,p2,2222,hand
1727384,8,21,0,4,JJJJSSSS,not tested,63.43 180.00 180.00 90.00 116.57 180.00 90.00 180.00,1.0000 1.0000 1.0000 1.0000 1.1180 1.1180 1.1180 1.1180,0 0 0 0 4 4 4 4,0 3 0 3 0 0 0 0,9,,no (tile),,,,63.43,,0.8944,,3,yes,6_4 6_4,p2,2222,hand
1727384,8,22,1,5,JJJSSJSS,not tested,60.45 180.00 180.00 60.45 180.00 119.55 119.55 180.00,1.0000 1.0000 1.0000 1.0137 1.0137 1.0000 1.0137 1.0137,0 0 0 3 3 0 3 3,0 3 0 0 0 2 1 1,6,,no (tile),,,,60.45,,0.9864,,3,yes,6_4 6_4,p2,2222,hand
1727384,8,22,1,7,SSJSSJJJ,not needed (covering theorem),68.00 180.00 112.00 112.00 180.00 68.00 180.00 180.00,1.0000 1.0000 0.7491 1.0000 1.0000 0.7491 0.7491 0.7491,0 0 2 0 0 2 2 2,0 0 0 1 1 2 0 2,,,YES,2,5,2,68.00,,0.7491,,3,yes,6_4 6_4,p2,2222,hand
1727384,8,23,0,7,SSSSSSSS,not tested,90.00 180.00 180.00 90.00 90.00 180.00 180.00 90.00,1.0000 1.0000 1.0000 1.0000 1.0000 1.0000 1.0000 1.0000,0 0 0 3 0 0 0 7,0 0 0 0 0 0 0 0,1,,no (tile),,,,90.00,,1.0000,,3,yes,6_4 6_4,p2,2222,hand
1727384,8,23,1,0,IIIISSSI,not tested,90.00 180.00 180.00 90.00 90.78 178.43 181.57 89.22,1.0000 1.0000 1.0000 1.0159 1.0001 1.0001 1.0001 1.0296,0 0 0 3 4 4 4 7,0 0 0 0 0 1 0 0,1,,no (tile),,,,89.22,,0.9713,,3,yes,6_4 6_4,p2,2222,hand
1727384,8,24,0,0,JJJSSSSJ,not tested,90.00 180.00 180.00 63.43 180.00 90.00 180.00 116.57,1.0000 1.0000 1.0000 1.1180 1.1180 1.1180 1.1180 1.0000,0 0 0 3 3 3 3 0,0 3 0 0 0 0 0 3,9,,no (tile),,,,63.43,,0.8944,,3,yes,6_4 6_4,p2,2222,hand
1727384,8,26,0,0,JJJJJJJJ,not needed (covering theorem),90.00 180.00 180.00 90.00 90.00 180.00 180.00 90.00,1.0000 1.0000 1.0000 1.0000 1.0000 1.0000 1.0000 1.0000,0 0 0 3 3 3 3 0,0 3 0 0 3 0 3 3,,,YES,2,1,2,90.00,,1.0000,,3,yes,6_4 6_4,p2,2222,hand
1727384,8,26,0,1,JJJJJJJJ,not tested,90.00 180.00 90.00 180.00 90.00 180.00 90.00 180.00,1.0000 1.0000 1.0000 1.0000 1.0000 1.0000 1.0000 1.0000,0 0 0 0 0 0 0 0,0 3 3 0 0 3 3 0,"1,4",,no (tile),,,,90.00,,1.0000,,3,yes,6_4 6_4,p2,2222,hand
1727384,8,26,0,2,JJJJJJJJ,not needed (covering theorem),180.00 180.00 90.00 90.00 180.00 180.00 90.00 90.00,1.0000 1.0000 1.0000 1.0000 1.0000 1.0000 1.0000 1.0000,0 0 0 3 3 3 3 0,0 3 0 0 3 0 3 3,,,YES,2,1,2,90.00,,1.0000,,3,yes,6_4 6_4,p2,2222,hand
1727384,8,26,0,4,JJJJJJJJ,not needed (covering theorem),90.00 180.00 180.00 90.00 90.00 180.00 180.00 90.00,1.0000 1.0000 1.0000 1.0000 1.0000 1.0000 1.0000 1.0000,0 0 0 0 4 4 4 4,0 3 0 3 0 3 0 3,,,YES,2,1,2,90.00,,1.0000,,3,yes,6_4 6_4,p2,2222,hand
1727384,8,26,0,5,JJJJJJJJ,not tested,90.00 180.00 90.00 180.00 90.00 180.00 90.00 180.00,1.0000 1.0000 1.0000 1.0000 1.0000 1.0000 1.0000 1.0000,0 0 0 0 0 0 0 0,0 3 3 0 0 3 3 0,"1,4",,no (tile),,,,90.00,,1.0000,,3,yes,6_4 6_4,p2,2222,hand
1727384,8,26,0,6,JJJJJJJJ,not needed (covering theorem),180.00 180.00 90.00 90.00 180.00 180.00 90.00 90.00,1.0000 1.0000 1.0000 1.0000 1.0000 1.0000 1.0000 1.0000,0 0 2 2 2 2 0 0,0 3 0 3 0 3 0 3,,,YES,2,1,2,90.00,,1.0000,,3,yes,6_4 6_4,p2,2222,hand
1727384,8,26,1,0,IIIIIIII,not tested,90.00 180.00 180.00 90.00 90.00 180.00 180.00 90.00,1.0000 1.0000 1.0000 1.0000 1.0000 1.0000 1.0000 1.0000,0 0 0 3 4 4 4 7,0 0 0 0 0 0 0 0,"1,2,3,4,5,6",,no (tile),,,,90.00,,1.0000,,3,yes,6_4 6_4,p2,2222,hand
1727384,8,26,1,1,JJJJJJJJ,not tested,90.00 180.00 90.00 180.00 90.00 180.00 90.00 180.00,1.0000 1.0000 1.0000 1.0000 1.0000 1.0000 1.0000 1.0000,0 0 0 0 0 0 0 0,0 3 1 2 0 3 1 2,"1,4",,no (tile),,,,90.00,,1.0000,,3,yes,6_4 6_4,p2,2222,hand
1727384,8,26,1,2,IIIIIIII,not tested,180.00 180.00 90.00 90.00 180.00 180.00 90.00 90.00,1.0000 1.0000 1.0000 1.0000 1.0000 1.0000 1.0000 1.0000,0 0 2 3 3 3 6 0,0 0 0 0 0 0 0 0,"1,2,3,4,5,6",,no (tile),,,,90.00,,1.0000,,3,yes,6_4 6_4,p2,2222,hand
1727384,8,26,1,4,JJJJJJJJ,not tested,90.00 180.00 180.00 90.00 90.00 180.00 180.00 90.00,1.0000 1.0000 1.0000 1.0000 1.0000 1.0000 1.0000 1.0000,0 0 0 3 0 0 0 3,0 3 0 0 2 1 2 2,6,,no (tile),,,,90.00,,1.0000,,3,yes,6_4 6_4,p2,2222,hand
1727384,8,26,1,5,JJJJJJJJ,not tested,90.00 180.00 90.00 180.00 90.00 180.00 90.00 180.00,1.0000 1.0000 1.0000 1.0000 1.0000 1.0000 1.0000 1.0000,0 0 0 0 0 0 0 0,0 3 1 2 0 3 1 2,"1,4",,no (tile),,,,90.00,,1.0000,,3,yes,6_4 6_4,p2,2222,hand
1727384,8,26,1,6,JJJJJJJJ,not tested,180.00 180.00 90.00 90.00 180.00 180.00 90.00 90.00,1.0000 1.0000 1.0000 1.0000 1.0000 1.0000 1.0000 1.0000,0 0 2 0 0 0 2 0,0 3 0 1 2 1 2 3,6,,no (tile),,,,90.00,,1.0000,,3,yes,6_4 6_4,p2,2222,hand
1727384,8,28,0,2,JJJSSSSJ,not tested,180.00 180.00 90.00 116.57 180.00 90.00 180.00 63.43,1.0000 1.0000 1.0000 1.1180 1.1180 1.1180 1.1180 1.0000,0 0 0 3 3 3 3 0,0 3 0 0 0 0 0 3,9,,no (tile),,,,63.43,,0.8944,,3,yes,6_4 6_4,p2,2222,hand
1727384,8,29,0,3,SSSSSSSS,not tested,180.00 180.00 90.00 90.00 180.00 180.00 90.00 90.00,1.0000 1.0000 1.0000 1.0000 1.0000 1.0000 1.0000 1.0000,0 0 2 0 0 0 6 0,0 0 0 0 0 0 0 0,1,,no (tile),,,,90.00,,1.0000,,3,yes,6_4 6_4,p2,2222,hand
1727384,8,29,1,2,IIISSSII,not tested,180.00 180.00 90.00 90.78 178.43 181.57 89.22 90.00,1.0000 1.0000 1.0159 1.0001 1.0001 1.0001 1.0296 1.0000,0 0 2 3 3 3 6 0,0 0 0 0 1 0 0 0,1,,no (tile),,,,89.22,,0.9713,,3,yes,6_4 6_4,p2,2222,hand
1727384,8,30,1,3,SSJJJSSJ,not needed (covering theorem),112.00 180.00 68.00 180.00 180.00 68.00 180.00 112.00,1.0000 1.0000 0.7491 0.7491 0.7491 1.0000 1.0000 0.7491,0 0 2 2 2 0 0 2,0 0 0 2 0 1 1 2,,,YES,2,5,2,68.00,,0.7491,,3,yes,6_4 6_4,p2,2222,hand
1727384,8,30,1,5,JJSSJSSJ,not tested,180.00 180.00 61.52 180.00 118.48 118.48 180.00 61.52,1.0000 1.0000 1.0487 1.0487 1.0000 1.0487 1.0487 1.0000,0 0 2 2 0 2 2 0,0 3 0 0 1 1 1 3,6,,no (tile),,,,61.52,,0.9536,,3,yes,6_4 6_4,p2,2222,hand
1727384,8,31,0,6,JJSSSSJJ,not tested,180.00 180.00 63.43 180.00 90.00 180.00 116.57 90.00,1.0000 1.0000 1.1180 1.1180 1.1180 1.1180 1.0000 1.0000,0 0 2 2 2 2 0 0,0 3 0 0 0 0 0 3,9,,no (tile),,,,63.43,,0.8944,,3,yes,6_4 6_4,p2,2222,hand
1727384,8,32,0,3,SSSSSSSS,not needed (covering theorem),103.72 256.28 103.72 128.14 142.95 103.72 128.14 113.33,1.0000 1.0000 1.0000 1.0000 1.7710 1.7710 1.7710 1.0000,0 0 0 0 4 4 4 0,0 0 0 0 0 0 0 0,,,YES,2,1,2,103.72,,0.5646,,3,yes,6_4 6_4,p2,2222,hand
1727384,8,32,0,5,SSSSSSSS,not needed (covering theorem),113.16 104.10 255.90 104.10 127.95 142.74 104.10 127.95,1.0000 1.0000 1.0000 1.0000 1.0000 1.7719 1.7719 1.7719,0 0 0 0 0 5 5 5,0 0 0 0 0 0 0 0,,,YES,2,1,2,104.10,,0.5644,,3,yes,6_4 6_4,p2,2222,hand
1727384,8,32,1,0,SSSSISSI,not tested,152.10 55.80 304.20 55.80 152.10 91.71 176.58 91.71,1.0000 1.0000 1.0000 1.0000 0.9194 0.9363 0.9363 0.9194,0 0 0 0 4 5 5 7,0 1 0 1 0 0 1 0,"1,2",,no (tile),,,,55.80,,0.9194,,3,yes,6_4 6_4,p2,2222,hand
1727384,8,32,1,5,ISISSSIS,not tested,180.00 180.00 180.00 2.68 177.32 177.32 2.68 180.00,1.0000 0.0500 1.0000 1.5267 0.0500 1.5267 1.0000 0.0500,0 1 0 3 1 3 0 1,0 0 0 0 1 1 0 0,"1,6",,no (tile),,,,2.68,,0.0328,YES,3,yes,6_4 6_4,p2,2222,hand
1727384,8,32,1,6,SSSJSSJS,not tested,47.74 312.26 47.74 178.55 228.21 47.74 133.72 84.05,1.0000 2.8360 1.0000 2.7222 1.0000 2.8360 2.7222 2.8360,0 1 0 3 0 1 3 1,0 0 0 0 1 1 2 0,6,,no (tile),,,,47.74,,0.3526,,3,yes,6_4 6_4,p2,2222,hand
1727384,8,34,0,0,SSSSSSSS,not needed (covering theorem),128.12 103.76 256.24 103.76 113.31 128.12 103.76 142.93,1.0000 1.0000 1.0000 1.0000 1.7711 1.7711 1.7711 1.0000,0 0 0 0 4 4 4 0,0 0 0 0 0 0 0 0,,,YES,2,1,2,103.76,,0.5646,,3,yes,6_4 6_4,p2,2222,hand
1727384,8,34,0,6,SSSSSSSS,not needed (covering theorem),104.10 255.90 104.10 113.16 127.95 104.10 142.74 127.95,1.0000 1.0000 1.0000 1.7719 1.7719 1.7719 1.0000 1.0000,0 0 0 3 3 3 0 0,0 0 0 0 0 0 0 0,,,YES,2,1,2,104.10,,0.5644,,3,yes,6_4 6_4,p2,2222,hand
1727384,8,34,1,3,SSSISSIS,not tested,85.95 274.05 85.95 137.03 116.97 126.06 116.97 137.03,1.0000 1.0000 1.0000 1.3923 1.5297 1.5297 1.3923 1.0000,0 0 0 3 4 4 6 0,0 1 0 0 0 1 0 1,"1,2",,no (tile),,,,85.95,,0.6537,,3,yes,6_4 6_4,p2,2222,hand
1727384,8,34,1,5,SSSSJSSJ,not tested,96.57 108.11 251.89 108.11 105.60 155.32 108.11 146.29,1.0000 0.8037 1.0000 0.8037 1.7420 0.8037 1.0000 1.7420,0 1 0 1 4 1 0 4,0 0 0 0 0 1 1 2,6,,no (tile),,,,96.57,,0.4614,,3,yes,6_4 6_4,p2,2222,hand
1727384,8,34,1,6,ISISISSS,not tested,44.99 180.00 180.00 180.00 180.00 44.99 135.01 135.01,1.0000 0.1383 1.0000 0.1383 1.0000 2.2187 0.1383 2.2187,0 1 0 1 0 5 1 5,0 0 0 0 0 0 1 1,"1,6",,no (tile),,,,44.99,,0.0623,,3,yes,6_4 6_4,p2,2222,hand
1727385,8,0,1,7,SSSSSSSS,not tested,11.77 116.09 287.18 61.05 11.77 232.14 127.86 232.14,1.0000 0.6014 0.2675 1.0000 0.6014 0.6014 0.6014 0.6014,0 1 2 0 1 1 1 1,0 0 0 1 0 1 0 1,"1,6",,no (tile),,,,11.77,,0.2675,,3,yes,6_4 6_4,pgg,22x,hand
1727385,8,1,0,1,SSUSUUUS,not needed (covering theorem),65.12 147.44 218.18 70.74 76.70 212.56 147.44 141.82,1.0000 1.0000 0.6653 1.0000 0.6653 0.6653 0.6653 1.0000,0 0 2 0 2 2 2 0,0 0 0 1 2 0 2 0,,,YES,2,6,2,65.12,,0.6653,,3,yes,6_4 6_4,pgg,22x,hand
1727385,8,1,0,2,SSSSSSSS,not tested,225.02 62.92 72.07 225.02 103.87 225.02 31.12 134.98,1.0000 1.2272 0.2356 1.0000 1.0000 0.2356 1.0000 0.2356,0 1 2 0 0 2 0 2,0 0 0 0 1 1 0 0,"1,2",,no (tile),,,,31.12,,0.1919,,3,yes,6_4 6_4,pgg,22x,hand
1727385,8,1,0,4,SSSSSSSS,not tested,180.00 90.00 180.00 90.00 90.00 270.00 90.00 90.00,1.0000 1.0000 1.0000 1.0000 1.0000 1.0000 1.0000 1.0000,0 0 0 0 0 0 0 0,0 0 0 0 1 1 1 1,"1,6",,no (tile),,,,90.00,,1.0000,,3,yes,6_4 6_4,pgg,22x,hand
1727385,8,1,1,4,SSSSSSSS,not tested,90.00 90.00 180.00 90.00 180.00 90.00 90.00 270.00,1.0000 1.0000 1.0000 1.0000 1.0000 1.0000 1.0000 1.0000,0 0 0 0 0 0 0 0,0 0 0 0 1 1 1 1,"1,6",,no (tile),,,,90.00,,1.0000,,3,yes,6_4 6_4,pgg,22x,hand
1727385,8,1,1,6,SSSSSSSS,not tested,236.40 64.61 166.86 128.53 64.61 295.39 58.99 64.61,1.0000 1.2947 0.3538 1.0000 1.2947 1.0000 1.2947 1.0000,0 1 2 0 1 0 1 0,0 0 0 0 0 0 1 1,"1,2",,no (tile),,,,58.99,,0.2733,,3,yes,6_4 6_4,pgg,22x,hand
1727385,8,1,1,7,SUSSSUUU,not needed (covering theorem),283.25 -70.70 141.85 212.55 -65.10 218.15 212.55 147.45,1.0000 0.6647 1.0000 1.0000 1.0000 0.6647 0.6647 0.6647,0 1 0 0 0 1 1 1,0 0 1 1 1 2 0 2,,,YES,2,6,2,65.10,,0.6647,,3,yes,6_4 6_4,pgg,22x,hand
1727385,8,2,0,0,SSISSSSS,not needed (covering theorem),103.18 153.63 106.97 149.85 60.30 299.70 60.30 146.07,1.0000 1.0000 0.8694 1.0000 1.0000 1.0000 1.0000 1.0000,0 0 2 0 0 0 0 0,0 0 0 0 1 0 1 0,,,YES,2,6,2,60.30,,0.8694,,3,yes,6_4 6_4,pgg,22x,hand
1727385,8,2,0,2,SSSSSSSS,not tested,62.27 187.87 109.85 186.89 62.27 110.84 249.16 110.84,1.0000 1.0311 1.0566 1.0000 1.0566 1.0566 1.0566 1.0566,0 1 2 0 2 2 2 2,0 0 0 1 1 0 1 0,"1,6",,no (tile),,,,62.27,,0.9465,,3,yes,6_4 6_4,pgg,22x,hand
1727385,8,3,0,2,SSJJSJIJ,not tested,70.17 147.76 142.07 30.25 289.83 70.17 164.88 164.88,1.0000 1.3899 1.0324 1.0324 1.0000 1.0324 0.4339 1.0324,0 1 2 2 0 2 6 2,0 0 0 1 1 2 0 3,"1,6",,no (tile),,,,30.25,,0.3122,,3,yes,6_4 6_4,pgg,22x,hand
1727385,8,3,0,4,SISISISS,not tested,149.92 77.50 227.42 77.50 132.58 227.42 132.58 55.08,1.0000 0.3027 1.0000 0.3027 1.0000 0.3027 1.0000 1.0000,0 1 0 1 0 1 0 0,0 0 0 0 1 0 1 1,6,,no (tile),,,,55.08,,0.3027,,3,yes,6_4 6_4,pgg,22x,hand
1727385,8,3,0,5,SSSISISI,not tested,-79.05 213.69 304.41 225.36 134.64 225.36 -79.05 134.64,1.0000 1.0000 1.0000 0.2675 1.0000 0.2675 1.0000 0.2675,0 0 0 3 0 3 0 3,0 1 1 0 1 0 0 0,6,,no (tile),,,,55.59,,0.2675,,3,yes,6_4 6_4,pgg,22x,hand
1727385,8,3,0,7,SJIJSJJS,not tested,77.05 198.23 105.18 105.18 198.23 161.77 149.65 84.73,1.0000 0.4645 1.0604 0.4645 1.0000 0.4645 0.4645 2.5663,0 1 2 1 0 1 1 7,0 0 0 1 1 2 3 0,"1,6",,no (tile),,,,77.05,,0.1810,,3,yes,6_4 6_4,pgg,22x,hand
1727385,8,3,1,3,SSUSSSSU,not tested,78.58 281.00 0.42 0.42 281.00 79.00 179.17 180.42,1.0000 0.0990 0.8793 0.0990 1.0000 0.0990 0.0991 0.8793,0 1 2 1 0 1 6 2,0 0 0 1 1 1 0 2,"1,6",,no (tile),,,,0.42,,0.0990,,3,yes,6_4 6_4,pgg,22x,hand
1727385,8,3,1,6,SUSSSSUS,not tested,121.92 96.96 198.34 20.53 238.08 121.92 141.13 141.13,1.0000 0.4774 1.0910 0.5471 1.0000 0.5471 0.4774 0.5471,0 1 2 3 0 3 1 3,0 0 0 0 1 0 2 1,"1,6",,no (tile),,,,20.53,,0.4376,,3,yes,6_4 6_4,pgg,22x,hand
1727385,8,4,0,0,SSSSSISS,not needed (covering theorem),80.97 198.06 83.56 114.50 245.50 57.25 138.22 161.94,1.0000 1.0000 1.0000 1.0000 1.0000 1.0008 1.0000 1.0000,0 0 0 0 0 5 0 0,0 0 1 0 1 0 0 0,,,YES,2,6,2,57.25,,0.9992,,3,yes,6_4 6_4,pgg,22x,hand
1727385,8,4,0,2,SSSUSSUS,not tested,70.12 148.19 141.68 194.42 124.30 70.12 165.58 165.58,1.0000 1.7057 2.7739 1.3968 1.0000 2.7739 1.3968 2.7739,0 1 2 3 0 2 3 2,0 0 0 0 1 1 2 0,"1,6",,no (tile),,,,70.12,,0.3605,,3,yes,6_4 6_4,pgg,22x,hand
1727385,8,4,0,3,SSSUSSSU,not tested,90.00 124.75 124.75 145.25 145.25 124.75 110.50 214.75,1.0000 1.0000 1.0000 0.2675 1.0000 1.0000 1.0000 0.2675,0 0 0 3 0 0 0 3,0 0 0 0 1 1 1 2,6,,no (tile),,,,90.00,,0.2675,,3,yes,6_4 6_4,pgg,22x,hand
1727385,8,4,1,1,SISSSSSS,not needed (covering theorem),256.59 51.71 130.98 158.56 79.28 201.44 98.03 103.41,1.0000 1.4813 1.0000 1.0000 1.0000 1.0000 1.0000 1.0000,0 1 0 0 0 0 0 0,0 0 1 1 1 1 0 1,,,YES,2,6,2,51.71,,0.6751,,3,yes,6_4 6_4,pgg,22x,hand
1727385,8,4,1,3,SSUSSSSU,not tested,75.77 104.42 179.81 179.81 104.42 75.84 179.74 180.19,1.0000 0.2675 0.8793 0.2675 1.0000 0.7590 0.2675 0.8793,0 1 2 1 0 5 1 2,0 0 0 1 1 0 1 2,"1,6",,no (tile),,,,75.77,,0.2675,,3,yes,6_4 6_4,pgg,22x,hand
1727385,8,4,1,4,SSSUSSSU,not tested,135.00 135.00 90.00 225.00 90.00 135.00 135.00 135.00,1.0000 1.0000 1.0000 1.0000 1.0000 1.0000 1.0000 1.0000,0 0 0 3 0 0 0 3,0 0 0 0 1 1 1 2,6,,no (tile),,,,90.00,,1.0000,,3,yes,6_4 6_4,pgg,22x,hand
1727385,8,5,1,0,SSSSSSSI,not needed (covering theorem),103.32 153.36 81.77 235.13 117.56 124.87 124.87 139.12,1.0000 1.0000 1.0000 1.0000 1.0000 1.0000 1.0000 1.9877,0 0 0 0 0 0 0 7,0 1 0 0 0 0 0 0,,,YES,2,6,2,81.77,,0.5031,,3,yes,6_4 6_4,pgg,22x,hand
1727385,8,6,0,1,SSSSSSIS,not needed (covering theorem),153.65 103.17 146.04 60.31 299.69 60.31 149.84 106.98,1.0000 1.0000 1.0000 1.0000 1.0000 1.0000 0.8685 1.0000,0 0 0 0 0 0 6 0,0 0 1 0 1 0 0 0,,,YES,2,6,2,60.31,,0.8685,,3,yes,6_4 6_4,pgg,22x,hand
1727385,8,6,0,7,SSSSSSSS,not tested,131.46 64.73 160.65 199.35 160.65 64.73 134.63 163.81,1.0000 0.7714 0.7714 0.7714 0.7714 1.0000 0.7714 1.1430,0 1 1 1 1 0 1 7,0 0 1 0 1 1 0 0,"1,6",,no (tile),,,,64.73,,0.6749,,3,yes,6_4 6_4,pgg,22x,hand
1727385,8,7,0,1,SSSSSISS,not needed (covering theorem),-124.90 242.45 484.90 -801.88 1286.77 -463.39 580.94 -124.90,1.0000 1.0000 1.0000 1.0000 1.0000 1.9890 1.0000 1.0000,0 0 0 0 0 5 0 0,0 0 0 1 0 0 0 0,,,YES,2,6,2,81.88,,0.5028,,3,yes,6_4 6_4,pgg,22x,hand
1727385,8,8,0,1,SSSISSSS,not needed (covering theorem),198.07 80.97 161.93 138.22 57.25 245.50 114.50 83.56,1.0000 1.0000 1.0000 1.0009 1.0000 1.0000 1.0000 1.0000,0 0 0 3 0 0 0 0,0 0 0 0 1 0 1 0,,,YES,2,6,2,57.25,,0.9991,,3,yes,6_4 6_4,pgg,22x,hand
1727385,8,8,0,6,SUSSSUSS,not tested,135.00 90.00 225.00 90.00 135.00 135.00 135.00 135.00,1.0000 1.0000 1.0000 1.0000 1.0000 1.0000 1.0000 1.0000,0 1 0 0 0 1 0 0,0 0 1 1 1 2 0 0,6,,no (tile),,,,90.00,,1.0000,,3,yes,6_4 6_4,pgg,22x,hand
1727385,8,8,0,7,SSUSSUSS,not tested,157.54 66.75 171.30 171.30 66.75 121.95 188.70 135.71,1.0000 1.3616 1.0000 1.3616 1.0000 1.0000 1.3616 0.3538,0 1 2 1 0 2 1 7,0 0 0 1 1 2 0 0,"1,6",,no (tile),,,,66.75,,0.2598,,3,yes,6_4 6_4,pgg,22x,hand
1727385,8,8,1,0,SSSSSSSI,not needed (covering theorem),57.25 245.50 114.50 83.56 198.07 80.97 161.93 138.22,1.0000 1.0000 1.0000 1.0000 1.0000 1.0000 1.0000 1.0009,0 0 0 0 0 0 0 7,0 1 0 1 1 1 1 0,,,YES,2,6,2,57.25,,0.9991,,3,yes,6_4 6_4,pgg,22x,hand
1727385,8,8,1,5,SUSSSUSS,not tested,235.25 214.75 214.75 235.25 235.25 -90.00 145.25 -110.50,1.0000 0.2675 1.0000 1.0000 1.0000 0.2675 1.0000 1.0000,0 1 0 0 0 1 0 0,0 0 1 1 1 2 0 0,6,,no (tile),,,,90.00,,0.2675,,3,yes,6_4 6_4,pgg,22x,hand
1727385,8,8,1,6,SUSSSSUS,not tested,135.00 90.00 225.00 90.00 135.00 135.00 135.00 135.00,1.0000 1.0000 1.0000 1.0000 1.0000 1.0000 1.0000 1.0000,0 1 2 3 0 2 1 2,0 0 0 0 1 0 2 1,"1,6",,no (tile),,,,90.00,,1.0000,,3,yes,6_4 6_4,pgg,22x,hand
1727385,8,9,0,0,SSUUUSUS,not needed (covering theorem),147.45 65.10 141.85 147.45 212.55 76.75 70.70 218.15,1.0000 1.0000 0.6647 0.6647 0.6647 1.0000 0.6647 1.0000,0 0 2 2 2 0 2 0,0 0 0 2 0 1 2 0,,,YES,2,6,2,65.10,,0.6647,,3,yes,6_4 6_4,pgg,22x,hand
1727385,8,9,0,5,SSSSSSSS,not tested,90.00 180.00 90.00 90.00 270.00 90.00 90.00 180.00,1.0000 1.0000 1.0000 1.0000 1.0000 1.0000 1.0000 1.0000,0 0 0 0 0 0 0 0,0 1 1 1 1 0 0 0,"1,6",,no (tile),,,,90.00,,1.0000,,3,yes,6_4 6_4,pgg,22x,hand
1727385,8,9,0,7,SSSSSSSS,not tested,85.21 138.17 221.83 84.15 138.17 137.68 138.17 136.61,1.0000 1.1027 1.0000 1.1027 1.0000 1.0000 1.1027 1.7764,0 1 0 1 0 0 1 7,0 0 0 1 1 0 0 0,"1,2",,no (tile),,,,84.15,,0.5629,,3,yes,6_4 6_4,pgg,22x,hand
1727385,8,9,1,2,SUUUSSSU,not needed (covering theorem),-70.70 283.25 147.45 212.55 218.15 -65.10 212.55 141.85,1.0000 0.6647 0.6647 0.6647 1.0000 1.0000 1.0000 0.6647,0 1 1 1 0 0 0 1,0 0 2 0 1 1 1 2,,,YES,2,6,2,65.10,,0.6647,,3,yes,6_4 6_4,pgg,22x,hand
1727385,8,9,1,3,SSSSSSSS,not tested,141.25 174.73 141.25 44.03 218.75 141.25 133.23 85.52,1.0000 1.0000 1.3789 1.0000 1.3789 1.0000 1.4414 1.3789,0 0 2 0 2 0 6 2,0 1 0 0 1 0 0 1,"1,2",,no (tile),,,,44.03,,0.6938,,3,yes,6_4 6_4,pgg,22x,hand
1727385,8,9,1,5,SSSSSSSS,not tested,90.00 90.00 270.00 90.00 90.00 180.00 90.00 180.00,1.0000 1.0000 1.0000 1.0000 1.0000 1.0000 1.0000 1.0000,0 0 0 0 0 0 0 0,0 1 1 1 1 0 0 0,"1,6",,no (tile),,,,90.00,,1.0000,,3,yes,6_4 6_4,pgg,22x,hand
1727385,8,10,1,0,SSSSSSSI,not needed (covering theorem),149.85 60.29 299.71 60.29 146.09 103.19 153.62 106.96,1.0000 1.0000 1.0000 1.0000 1.0000 1.0000 1.0000 0.8698,0 0 0 0 0 0 0 7,0 1 0 1 0 0 0 0,,,YES,2,6,2,60.29,,0.8698,,3,yes,6_4 6_4,pgg,22x,hand
1727385,8,10,1,2,SSSSSSSS,not tested,135.02 90.02 134.96 225.04 134.96 90.02 134.96 135.02,1.0000 0.4148 0.4148 0.4148 0.4148 1.0000 0.4158 0.4148,0 1 1 1 1 0 6 1,0 0 1 0 1 1 0 1,"1,6",,no (tile),,,,90.02,,0.4148,,3,yes,6_4 6_4,pgg,22x,hand
1727385,8,11,0,1,JJJJJJJJ,not tested,90.00 180.00 90.00 188.56 81.44 180.00 98.56 171.44,1.0000 1.0000 1.0000 1.0000 1.0000 1.0000 1.0000 1.0000,0 0 0 0 0 0 0 0,0 3 3 2 0 3 1 0,"1,4,5,6",,no (tile),,,,81.44,,1.0000,,3,yes,6_4 6_4,pgg,22x,hand
1727385,8,11,0,5,JJJJJJJJ,not tested,90.00 180.00 90.00 188.56 81.44 180.00 98.56 171.44,1.0000 1.0000 1.0000 1.0000 1.0000 1.0000 1.0000 1.0000,0 0 0 0 0 0 0 0,0 3 3 2 0 3 1 0,"1,4,5,6",,no (tile),,,,81.44,,1.0000,,3,yes,6_4 6_4,pgg,22x,hand
1727385,8,11,1,1,JJJJJJJJ,not tested,104.60 180.00 75.40 194.60 90.00 180.00 90.00 165.40,1.0000 1.0000 1.0000 1.0000 1.0000 1.0000 1.0000 1.0000,0 0 0 0 0 0 0 0,0 3 1 0 0 3 3 2,"1,4,5,6",,no (tile),,,,75.40,,1.0000,,3,yes,6_4 6_4,pgg,22x,hand
1727385,8,11,1,5,JJJJJJJJ,not tested,104.60 180.00 75.40 194.60 90.00 180.00 90.00 165.40,1.0000 1.0000 1.0000 1.0000 1.0000 1.0000 1.0000 1.0000,0 0 0 0 0 0 0 0,0 3 1 0 0 3 3 2,"1,4,5,6",,no (tile),,,,75.40,,1.0000,,3,yes,6_4 6_4,pgg,22x,hand
1727385,8,12,0,4,SSSSUSSU,not tested,233.73 -78.86 438.86 -18.21 144.48 205.13 -78.86 233.73,1.0000 0.3563 1.0000 1.3878 0.7315 0.3563 1.0000 0.7315,0 1 0 3 4 1 0 4,0 0 0 0 0 1 1 2,"1,6",,no (tile),,,,18.21,,0.2568,,3,yes,6_4 6_4,pgg,22x,hand
1727385,8,12,0,7,SSSUSSUS,not tested,-12.64 370.75 -10.75 246.31 246.31 -10.75 124.44 126.33,1.0000 0.4704 1.0000 0.5821 1.0000 0.4704 0.5821 1.1367,0 1 0 3 0 1 3 7,0 0 0 0 1 1 2 0,"1,6",,no (tile),,,,10.75,,0.4138,,3,yes,6_4 6_4,pgg,22x,hand
1727385,8,12,1,0,JSJJSSJI,not tested,165.29 70.30 289.70 29.42 147.69 142.01 70.30 165.29,1.0000 1.6078 1.0000 1.0000 1.6797 1.6078 1.0000 1.4838,0 1 0 0 4 1 0 7,0 0 3 2 0 1 1 0,"1,6",,no (tile),,,,29.42,,0.5953,,3,yes,6_4 6_4,pgg,22x,hand
1727385,8,12,1,3,JSJIJSSJ,not tested,52.83 279.57 80.43 153.58 153.58 80.43 165.41 114.16,1.0000 1.2562 1.0000 0.7673 1.0000 1.2562 1.4010 1.0000,0 1 0 3 0 1 6 0,0 0 3 0 2 1 0 1,"1,6",,no (tile),,,,52.83,,0.5476,,3,yes,6_4 6_4,pgg,22x,hand
1727385,8,12,1,6,ISISISSS,not tested,122.09 237.91 122.09 69.41 237.91 69.41 168.49 52.68,1.0000 2.0976 1.0000 2.0976 1.0000 2.0976 2.0976 2.0976,0 1 0 1 0 1 1 1,0 0 0 1 0 1 0 0,6,,no (tile),,,,52.68,,0.4767,,3,yes,6_4 6_4,pgg,22x,hand
1727825,8,1,0,2,SSSSSSSS,not tested,120.00 120.00 100.89 139.11 120.00 120.00 120.00 240.00,1.0000 1.0000 2.6458 1.0000 1.0000 1.0000 1.0000 1.0000,0 0 2 0 0 0 0 0,0 0 0 0 0 0 0 0,1,,no (tile),,,,100.89,,0.3780,,3,yes,5_3 7_3,p3,333,L2
1727825,8,1,0,4,SSSSSSSS,not tested,120.00 240.00 120.00 120.00 120.00 139.11 100.89 120.00,1.0000 1.0000 1.0000 1.0000 1.0000 2.6458 1.0000 1.0000,0 0 0 0 0 5 0 0,0 0 0 0 0 0 0 0,1,,no (tile),,,,100.89,,0.3780,,3,yes,5_3 7_3,p3,333,L2
1727967,8,0,1,0,JJJJJJJJ,not tested,88.63 180.00 91.37 180.00 88.63 91.37 268.63 91.37,1.0000 1.0000 1.0000 1.0000 1.0000 1.0000 1.0000 1.0000,0 0 0 0 0 0 0 0,0 2 0 2 1 3 1 3,5,,no (tile),,,,88.63,,1.0000,,3,yes,6_2 6_2,pg,1xx,hand
1727967,8,0,1,6,JJJJJJJJ,not needed (covering theorem),111.62 136.74 111.64 148.21 63.56 296.44 63.56 148.23,1.0000 1.0000 0.7904 0.8825 0.8825 0.8825 0.8825 0.7904,0 0 2 3 3 3 3 2,0 2 0 0 2 0 2 3,,,YES,2,4,2,63.56,,0.7904,,3,yes,6_2 6_2,pg,1xx,hand
1727967,8,1,0,0,JJJJJJJJ,not needed (covering theorem),68.02 171.98 120.00 120.00 188.02 51.98 188.02 171.98,1.0000 1.0000 1.0000 1.0000 1.0000 1.0000 1.0000 1.0000,0 0 0 0 0 0 0 0,0 2 2 2 0 1 3 1,,,YES,2,5,2,51.98,,1.0000,,3,yes,6_2 6_2,pg,1xx,hand
1727967,8,1,0,2,JJJJJJJJ,not needed (covering theorem),480.00 908.00 -1028.00 908.00 -548.00 428.00 -548.00 480.00,1.0000 1.0000 1.0000 1.0000 1.0000 1.0000 1.0000 1.0000,0 0 0 0 0 0 0 0,0 2 3 1 3 2 0 0,,,YES,2,5,2,52.00,,1.0000,,3,yes,6_2 6_2,pg,1xx,hand
1727967,8,1,0,3,UUUUUUUU,not needed (covering theorem),78.67 187.55 93.78 86.22 266.22 86.22 93.78 187.55,1.0000 1.0000 1.0000 1.0000 1.0000 1.0000 1.0000 1.0000,0 0 2 2 0 0 2 2,0 2 0 2 0 2 0 2,,,YES,2,3,2,78.67,,1.0000,,3,yes,6_2 6_2,pg,1xx,hand
1727967,8,1,1,0,JJJJJJJJ,not needed (covering theorem),68.03 212.37 79.60 144.32 147.63 68.04 212.36 147.64,1.0000 1.0000 0.7479 1.0000 1.0000 0.7479 0.7479 0.7479,0 0 2 0 0 2 2 2,0 2 0 2 0 3 1 3,,,YES,2,5,2,68.03,,0.7479,,3,yes,6_2 6_2,pg,1xx,hand
1727967,8,1,1,2,JJJJJJJJ,not needed (covering theorem),272.14 151.22 -63.35 208.79 151.21 -63.35 208.78 214.57,1.0000 1.0000 0.8970 0.8970 0.8970 1.0000 1.0000 0.8970,0 0 2 2 2 0 0 2,0 2 0 2 0 2 0 3,,,YES,2,5,2,63.35,,0.8970,,3,yes,6_2 6_2,pg,1xx,hand
1727967,8,2,1,2,JJJJJJJJ,not tested,92.95 180.00 87.05 92.95 267.05 92.95 87.05 180.00,1.0000 1.0000 1.0000 1.0000 1.0000 1.0000 1.0000 1.0000,0 0 0 0 0 0 0 0,0 2 1 3 1 3 0 2,5,,no (tile),,,,87.05,,1.0000,,3,yes,6_2 6_2,pg,1xx,hand
1727967,8,2,1,4,JJJJJJJJ,not needed (covering theorem),111.62 136.74 111.64 148.21 63.56 296.44 63.56 148.23,1.0000 1.0000 0.7904 0.8825 0.8825 0.8825 0.8825 0.7904,0 0 2 3 3 3 3 2,0 2 0 0 2 0 2 3,,,YES,2,4,2,63.56,,0.7904,,3,yes,6_2 6_2,pg,1xx,hand
1727967,8,3,0,0,SSISISSI,not tested,127.92 104.15 127.92 232.08 67.92 127.92 164.15 127.92,1.0000 1.0000 0.7517 1.0000 0.7517 1.0000 1.0000 0.7517,0 0 2 0 2 0 0 2,0 1 0 1 0 0 1 0,"1,2",,no (tile),,,,67.92,,0.7517,,3,yes,6_2 6_2,pg,1xx,hand
1727967,8,3,0,2,SSISSISI,not tested,142.31 75.37 142.31 142.31 135.37 142.31 82.31 217.69,1.0000 1.0000 0.2675 1.0000 1.0000 0.2675 1.0000 0.2675,0 0 2 0 0 2 0 2,0 1 0 0 1 0 0 0,"1,2",,no (tile),,,,75.37,,0.2675,,3,yes,6_2 6_2,pg,1xx,hand
1727967,8,3,0,4,UUUUUUUU,not tested,60.00 120.00 180.00 120.00 120.00 120.00 120.00 240.00,1.0000 1.0000 1.0000 1.0000 1.0000 1.0000 1.0000 1.0000,0 0 0 0 0 0 0 0,0 2 2 0 2 0 2 0,"3,4,5,7",,no (tile),,,,60.00,,1.0000,,3,yes,6_2 6_2,pg,1xx,hand
1727967,8,3,0,6,UUUUUUUU,not tested,180.00 120.00 60.00 240.00 120.00 120.00 120.00 120.00,1.0000 1.0000 1.0000 1.0000 1.0000 1.0000 1.0000 1.0000,0 0 0 0 0 0 0 0,0 2 2 0 2 0 2 0,"3,4,5,7",,no (tile),,,,60.00,,1.0000,,3,yes,6_2 6_2,pg,1xx,hand
1727967,8,3,1,0,UUUUUUUU,not tested,120.00 120.00 120.00 240.00 60.00 120.00 180.00 120.00,1.0000 1.0000 1.0000 1.0000 1.0000 1.0000 1.0000 1.0000,0 0 0 0 0 0 0 0,0 2 0 2 2 0 0 2,"3,4,5,7",,no (tile),,,,60.00,,1.0000,,3,yes,6_2 6_2,pg,1xx,hand
1727967,8,3,1,2,UUUUUUUU,not tested,120.00 120.00 120.00 120.00 180.00 120.00 60.00 240.00,1.0000 1.0000 1.0000 1.0000 1.0000 1.0000 1.0000 1.0000,0 0 0 0 0 0 0 0,0 2 0 2 2 0 0 2,"3,4,5,7",,no (tile),,,,60.00,,1.0000,,3,yes,6_2 6_2,pg,1xx,hand
1727967,8,3,1,4,SSSSISSS,not tested,60.00 170.36 129.64 170.36 94.82 94.82 170.36 189.64,1.0000 1.0000 1.0000 1.0000 1.6419 1.0000 1.0000 1.0000,0 0 0 0 4 0 0 0,0 1 0 1 0 0 1 0,"1,2",,no (tile),,,,60.00,,0.6090,,3,yes,6_2 6_2,pg,1xx,hand
1727967,8,3,1,6,SSSSSISS,not tested,178.88 121.12 60.00 238.88 121.12 119.44 119.44 121.12,1.0000 1.0000 1.0000 1.0000 1.0000 1.0168 1.0000 1.0000,0 0 0 0 0 5 0 0,0 1 1 0 1 0 0 1,"1,2",,no (tile),,,,60.00,,0.9835,,3,yes,6_2 6_2,pg,1xx,hand
1727967,8,4,0,0,JJJJJJJJ,not needed (covering theorem),1170.00 810.00 -1620.00 1980.00 -2790.00 1170.00 1980.00 -1620.00,1.0000 1.0000 1.0000 1.0000 1.0000 1.0000 1.0000 1.0000,0 0 0 0 0 0 0 0,0 2 0 2 0 3 1 3,,,YES,2,3,2,90.00,,1.0000,,3,yes,6_2 6_2,pg,1xx,hand
1727967,8,4,0,2,JJJJJJJJ,not needed (covering theorem),900.00 -270.00 -270.00 900.00 -540.00 -270.00 1170.00 -540.00,1.0000 1.0000 1.0000 1.0000 1.0000 1.0000 1.0000 1.0000,0 0 0 0 0 0 0 0,0 2 1 3 1 2 0 2,,,YES,2,3,2,90.00,,1.0000,,3,yes,6_2 6_2,pg,1xx,hand
1727967,8,4,0,3,JJJJJJJJ,not tested,109.13 161.88 88.99 198.12 72.89 198.12 88.99 161.88,1.0000 1.0000 1.0000 1.0000 1.0000 1.0000 1.0000 1.0000,0 0 0 0 0 0 0 0,0 2 2 0 1 3 3 1,"3,4,5",,no (tile),,,,72.89,,1.0000,,3,yes,6_2 6_2,pg,1xx,hand
1727967,8,4,0,4,JJJJJJJJ,not needed (covering theorem),90.00 90.00 180.00 180.00 90.00 90.00 180.00 180.00,1.0000 1.0000 1.0000 1.0000 1.0000 1.0000 1.0000 1.0000,0 0 0 0 0 0 0 0,0 2 1 2 1 2 1 2,,,YES,2,3,2,90.00,,1.0000,,3,yes,6_2 6_2,pg,1xx,hand
1727967,8,4,0,6,JJJJJJJJ,not needed (covering theorem),-3060.00 -3330.00 6750.00 -3060.00 3420.00 -1530.00 -1530.00 3420.00,1.0000 1.0000 1.0000 1.0000 1.0000 1.0000 1.0000 1.0000,0 0 0 0 0 0 0 0,0 2 0 3 0 3 0 3,,,YES,2,3,2,90.00,,1.0000,,3,yes,6_2 6_2,pg,1xx,hand
1727967,8,4,0,7,JJJJJJJJ,not tested,86.53 200.91 72.57 200.91 86.53 159.09 114.38 159.09,1.0000 1.0000 1.0000 1.0000 1.0000 1.0000 1.0000 1.0000,0 0 0 0 0 0 0 0,0 2 3 1 1 3 2 0,"3,4,5",,no (tile),,,,72.57,,1.0000,,3,yes,6_2 6_2,pg,1xx,hand
1727967,8,4,1,0,IIIIIIII,not tested,92.06 87.94 180.00 180.00 87.94 92.06 180.00 180.00,1.0000 1.0000 0.9280 1.0000 1.0000 0.9280 1.0000 0.9280,0 0 2 0 0 2 0 2,0 0 0 0 0 0 0 0,"1,2,6",,no (tile),,,,87.94,,0.9280,,3,yes,6_2 6_2,pg,1xx,hand
1727967,8,4,1,2,IIIIIIII,not tested,180.00 74.71 105.29 180.00 180.00 105.29 74.71 180.00,1.0000 1.0000 0.4727 1.0000 0.4727 1.0000 1.0000 0.4727,0 0 2 0 2 0 0 2,0 0 0 0 0 0 0 0,"1,2,6",,no (tile),,,,74.71,,0.4727,,3,yes,6_2 6_2,pg,1xx,hand
1727967,8,4,1,3,JJJJJJJJ,not tested,109.13 161.88 88.99 198.12 72.89 198.12 88.99 161.88,1.0000 1.0000 1.0000 1.0000 1.0000 1.0000 1.0000 1.0000,0 0 0 0 0 0 0 0,0 2 1 3 1 3 0 2,"3,4",,no (tile),,,,72.89,,1.0000,,3,yes,6_2 6_2,pg,1xx,hand
1727967,8,4,1,4,IIIIIIII,not tested,91.49 91.49 177.02 182.98 88.51 88.51 182.98 177.02,1.0000 1.0000 1.0000 1.0000 1.0520 1.0000 1.0000 1.0000,0 0 0 0 4 0 0 0,0 0 0 0 0 0 0 0,"1,2,6",,no (tile),,,,88.51,,0.9505,,3,yes,6_2 6_2,pg,1xx,hand
1727967,8,4,1,6,IIIIIIII,not tested,195.87 82.07 82.07 195.87 164.13 97.93 97.93 164.13,1.0000 1.0000 1.0000 1.0000 1.0000 0.7239 1.0000 1.0000,0 0 0 0 0 5 0 0,0 0 0 0 0 0 0 0,"1,2,6",,no (tile),,,,82.07,,0.7239,,3,yes,6_2 6_2,pg,1xx,hand
1727967,8,4,1,7,JJJJJJJJ,not tested,86.53 200.91 72.57 200.91 86.53 159.09 114.38 159.09,1.0000 1.0000 1.0000 1.0000 1.0000 1.0000 1.0000 1.0000,0 0 0 0 0 0 0 0,0 2 0 2 1 3 1 3,"3,4",,no (tile),,,,72.57,,1.0000,,3,yes,6_2 6_2,pg,1xx,hand
1727967,8,5,0,0,JJJJJJJJ,not needed (covering theorem),187.53 -3866.24 446.24 4226.24 -273.76 -3866.24 187.53 4038.71,1.0000 1.0000 1.0000 1.0000 1.0000 1.0000 1.0000 1.0000,0 0 0 0 0 0 0 0,0 0 2 2 0 0 3 3,,,YES,2,3,2,78.71,,1.0000,,3,yes,6_2 6_2,pg,1xx,hand
1727967,8,5,0,1,JJJJJJJJ,not tested,120.00 180.00 60.00 180.00 180.00 60.00 180.00 120.00,1.0000 1.0000 1.0000 1.0000 1.0000 1.0000 1.0000 1.0000,0 0 0 0 0 0 0 0,0 3 2 1 2 3 0 1,"1,2,6",,no (tile),,,,60.00,,1.0000,,3,yes,6_2 6_2,pg,1xx,hand
1727967,8,5,0,3,JJJJJJJJ,not tested,180.00 180.00 60.00 180.00 120.00 120.00 180.00 60.00,1.0000 1.0000 1.0000 1.0000 1.0000 1.0000 1.0000 1.0000,0 0 0 0 0 0 0 0,0 3 2 1 0 1 2 3,"1,2,6",,no (tile),,,,60.00,,1.0000,,3,yes,6_2 6_2,pg,1xx,hand
1727967,8,5,0,4,JJJJJJJJ,not needed (covering theorem),86.24 266.24 86.24 93.76 187.53 78.71 187.53 93.76,1.0000 1.0000 1.0000 1.0000 1.0000 1.0000 1.0000 1.0000,0 0 0 0 0 0 0 0,0 0 2 2 1 1 2 2,,,YES,2,3,2,78.71,,1.0000,,3,yes,6_2 6_2,pg,1xx,hand
1727967,8,5,1,0,JJJJJJJJ,not needed (covering theorem),187.53 -3866.24 446.24 4226.24 -273.76 -3866.24 187.53 4038.71,1.0000 1.0000 1.0000 1.0000 1.0000 1.0000 1.0000 1.0000,0 0 0 0 0 0 0 0,0 2 2 0 0 2 1 3,,,YES,2,3,2,78.71,,1.0000,,3,yes,6_2 6_2,pg,1xx,hand
1727967,8,5,1,1,IIIIIIII,not tested,120.00 180.00 60.00 180.00 180.00 60.00 180.00 120.00,1.0000 0.2675 1.0000 0.2675 1.0000 0.2675 1.0000 1.0000,0 1 0 1 0 1 0 0,0 0 0 0 0 0 0 0,2,,no (tile),,,,60.00,,0.2675,,3,yes,6_2 6_2,pg,1xx,hand
1727967,8,5,1,3,IIIIIIII,not tested,180.00 180.00 60.00 180.00 120.00 120.00 180.00 60.00,1.0000 0.2675 1.0000 0.2675 0.2675 0.2675 1.0000 0.2675,0 1 0 1 1 1 0 1,0 0 0 0 0 0 0 0,2,,no (tile),,,,60.00,,0.2675,,3,yes,6_2 6_2,pg,1xx,hand
1727967,8,5,1,4,JJJJJJJJ,not needed (covering theorem),86.24 266.24 86.24 93.76 187.53 78.71 187.53 93.76,1.0000 1.0000 1.0000 1.0000 1.0000 1.0000 1.0000 1.0000,0 0 0 0 0 0 0 0,0 2 2 0 3 1 2 0,,,YES,2,3,2,78.71,,1.0000,,3,yes,6_2 6_2,pg,1xx,hand
1727967,8,6,0,1,SISISSIS,not tested,176.54 121.73 61.73 238.27 121.73 116.54 121.73 121.73,1.0000 0.9472 1.0000 0.9472 1.0000 1.0000 0.9472 1.0000,0 1 0 1 0 0 1 0,0 0 1 0 1 0 0 1,"1,2",,no (tile),,,,61.73,,0.9472,,3,yes,6_2 6_2,pg,1xx,hand
1727967,8,6,0,3,ISISSISS,not tested,128.90 231.10 68.90 128.90 162.21 128.90 128.90 102.21,1.0000 1.3887 1.0000 1.3887 1.3887 1.0000 1.3887 1.3887,0 1 0 1 1 0 1 1,0 0 0 1 0 0 1 0,"1,2",,no (tile),,,,68.90,,0.7201,,3,yes,6_2 6_2,pg,1xx,hand
1727967,8,6,0,5,UUUUUUUU,not tested,180.00 120.00 60.00 240.00 120.00 120.00 120.00 120.00,1.0000 1.0000 1.0000 1.0000 1.0000 1.0000 1.0000 1.0000,0 0 0 0 0 0 0 0,0 2 2 0 2 0 2 0,"3,4,5,7",,no (tile),,,,60.00,,1.0000,,3,yes,6_2 6_2,pg,1xx,hand
1727967,8,6,0,7,UUUUUUUU,not tested,120.00 240.00 60.00 120.00 180.00 120.00 120.00 120.00,1.0000 1.0000 1.0000 1.0000 1.0000 1.0000 1.0000 1.0000,0 0 0 0 0 0 0 0,0 2 2 0 0 2 0 2,"3,4,5,7",,no (tile),,,,60.00,,1.0000,,3,yes,6_2 6_2,pg,1xx,hand
1727967,8,6,1,1,UUUUUUUU,not tested,180.00 120.00 60.00 240.00 120.00 120.00 120.00 120.00,1.0000 1.0000 1.0000 1.0000 1.0000 1.0000 1.0000 1.0000,0 0 0 0 0 0 0 0,0 2 2 0 2 0 2 0,"3,4,5,7",,no (tile),,,,60.00,,1.0000,,3,yes,6_2 6_2,pg,1xx,hand
1727967,8,6,1,3,UUUUUUUU,not tested,120.00 240.00 60.00 120.00 180.00 120.00 120.00 120.00,1.0000 1.0000 1.0000 1.0000 1.0000 1.0000 1.0000 1.0000,0 0 0 0 0 0 0 0,0 2 2 0 0 2 0 2,"3,4,5,7",,no (tile),,,,60.00,,1.0000,,3,yes,6_2 6_2,pg,1xx,hand
1727967,8,6,1,5,SSSSSISS,not tested,178.88 121.12 60.00 238.88 121.12 119.44 119.44 121.12,1.0000 1.0000 1.0000 1.0000 1.0000 1.0168 1.0000 1.0000,0 0 0 0 0 5 0 0,0 1 1 0 1 0 0 1,"1,2",,no (tile),,,,60.00,,0.9835,,3,yes,6_2 6_2,pg,1xx,hand
1727967,8,6,1,7,SSSSSSIS,not tested,144.50 215.50 60.00 144.50 155.50 144.50 107.75 107.75,1.0000 1.0000 1.0000 1.0000 1.0000 1.0000 1.3447 1.0000,0 0 0 0 0 0 6 0,0 1 1 0 1 0 0 1,"1,2",,no (tile),,,,60.00,,0.7436,,3,yes,6_2 6_2,pg,1xx,hand
1727981,8,0,0,0,IIIIIIII,not needed (covering theorem),3293.48 1217.83 -4151.30 1217.83 2255.65 2255.65 -857.83 -4151.30,1.0000 1.0000 1.0000 1.0000 0.8030 1.0000 1.0000 1.0000,0 0 0 0 4 0 0 0,0 0 0 0 0 0 0 0,,,YES,2,"2,3",2,53.48,,0.8030,,3,yes,5_3 7_3,pg,1xx,L2
1727981,8,0,0,2,JJJJJJJJ,not needed (covering theorem),-572.06 874.16 57.91 212.09 -662.06 932.06 147.91 90.00,1.0000 1.0000 0.5311 1.0000 0.5311 1.0000 0.5311 0.5311,0 0 2 0 2 0 2 2,0 2 0 1 1 2 3 3,,,YES,2,3,2,57.91,,0.5311,,3,yes,5_3 7_3,pg,1xx,L2
1727981,8,0,1,0,UUUUUUUU,not needed (covering theorem),328.04 -148.04 180.00 -74.02 254.02 180.00 254.02 105.98,1.0000 1.0000 0.4494 1.0000 1.0000 0.4494 0.4494 0.4494,0 0 2 0 0 2 2 2,0 2 0 2 0 2 0 2,,,YES,2,3,2,31.96,,0.4494,,3,yes,5_3 7_3,pg,1xx,L2
1727981,8,1,0,3,UUUUUUUU,not tested,72.00 216.00 72.00 72.00 252.00 144.00 36.00 216.00,1.0000 1.0000 1.0000 1.0000 1.0000 1.0000 1.0000 1.0000,0 0 0 0 0 0 0 0,0 2 0 2 2 0 0 2,3,,no (tile),,,,36.00,,1.0000,,3,yes,5_3 7_3,pg,1xx,L2
1727981,8,1,0,7,UUUUUUUU,not tested,72.00 216.00 72.00 216.00 36.00 144.00 252.00 72.00,1.0000 1.0000 1.0000 1.0000 1.0000 1.0000 1.0000 1.0000,0 0 0 0 0 0 0 0,0 2 0 2 2 0 0 2,3,,no (tile),,,,36.00,,1.0000,,3,yes,5_3 7_3,pg,1xx,L2
1727981,8,2,0,0,JJJJJJJJ,not needed (covering theorem),2571.16 167.72 -2378.88 -2430.00 141.16 2738.88 51.12 218.84,1.0000 1.0000 0.6275 0.6275 1.0000 0.6275 1.0000 0.6275,0 0 2 2 0 2 0 2,0 2 0 0 0 2 3 3,,,YES,2,3,2,51.12,,0.6275,,3,yes,5_3 7_3,pg,1xx,L2
1727981,8,2,0,2,IIIIIIII,not needed (covering theorem),168.70 137.83 53.48 168.70 222.17 95.65 95.65 137.83,1.0000 1.0000 1.0000 1.0000 1.0000 0.8030 1.0000 1.0000,0 0 0 0 0 5 0 0,0 0 0 0 0 0 0 0,,,YES,2,"2,3",2,53.48,,0.8030,,3,yes,5_3 7_3,pg,1xx,L2
1727981,8,2,1,2,UUUUUUUU,not needed (covering theorem),180.00 148.04 31.96 254.02 105.98 180.00 105.98 74.02,1.0000 1.0000 0.4494 0.4494 0.4494 1.0000 1.0000 0.4494,0 0 2 2 2 0 0 2,0 2 0 2 0 2 0 2,,,YES,2,3,2,31.96,,0.4494,,3,yes,5_3 7_3,pg,1xx,L2
1728357,8,0,0,0,SJJSJJJJ,not tested,100.29 167.02 92.69 201.24 66.07 92.69 267.31 92.69,1.0000 1.7796 1.7796 2.1906 1.7796 1.7796 1.7796 1.7796,0 1 1 3 1 1 1 1,0 0 2 0 0 2 0 2,6,,no (tile),,,,66.07,,0.4565,,3,yes,6_4 6_4,pg,1xx,hand
1728357,8,0,0,1,IIIIIIII,not tested,224.72 112.36 67.64 67.64 112.36 224.72 135.28 135.28,1.0000 1.0000 5.1820 1.0000 1.0000 1.0000 1.0000 1.0000,0 0 2 0 0 0 0 0,0 0 0 0 0 0 0 0,6,,no (tile),,,,67.64,,0.1930,,3,yes,6_4 6_4,pg,1xx,hand
1728357,8,0,0,2,JJJJJJJJ,not tested,193.83 224.84 70.23 95.94 128.89 166.17 135.16 64.93,1.0000 0.4820 1.0000 1.0000 0.4820 1.0000 0.4820 0.4820,0 1 0 0 1 0 1 1,0 0 3 1 0 2 2 2,"3,5",,no (tile),,,,64.93,,0.4820,,3,yes,6_4 6_4,pg,1xx,hand
1728357,8,0,0,3,IIIIIIII,not tested,90.00 180.00 180.00 90.00 90.00 180.00 180.00 90.00,1.0000 1.0000 1.0000 1.0000 1.0000 1.0000 1.0000 1.0000,0 1 0 0 0 1 0 1,0 0 0 0 0 0 0 0,"1,2,3,4,5,6",,no (tile),,,,90.00,,1.0000,,3,yes,6_4 6_4,pg,1xx,hand
1728357,8,0,0,5,IJIIIIIJ,not tested,125.19 125.19 54.81 180.00 180.00 180.00 180.00 54.81,1.0000 0.9978 0.0500 1.0000 0.0500 1.0000 0.0500 0.9978,0 1 2 0 2 0 2 1,0 0 0 0 0 0 0 2,6,,no (tile),,,,54.81,,0.0500,YES,3,yes,6_4 6_4,pg,1xx,hand
1728357,8,0,0,6,JJJJJJJJ,not needed (covering theorem),114.30 155.71 114.30 131.41 72.89 287.11 72.89 131.41,1.0000 1.0000 1.0000 1.0000 1.0000 1.0000 1.0000 1.0000,0 0 0 0 0 0 0 0,0 2 2 1 3 1 3 0,,,YES,2,5,2,72.89,,1.0000,,3,yes,6_4 6_4,pg,1xx,hand
1728357,8,0,1,0,JJJJJJJJ,not tested,94.69 180.00 180.00 85.31 94.69 180.00 180.00 85.31,1.0000 1.0000 1.0000 1.0000 1.0000 1.0000 1.0000 1.0000,0 0 0 0 0 0 0 0,0 0 0 1 3 3 3 2,"3,4,5",,no (tile),,,,85.31,,1.0000,,3,yes,6_4 6_4,pg,1xx,hand
1728357,8,1,0,2,UUUUUUUU,not tested,151.04 180.00 104.48 104.48 180.00 104.48 180.00 75.52,1.0000 1.0000 1.0000 1.0000 1.0000 1.0000 1.0000 1.0000,0 0 0 0 0 0 0 0,0 0 2 0 0 2 2 2,5,,no (tile),,,,75.52,,1.0000,,3,yes,6_4 6_4,pg,1xx,hand
1728357,8,1,0,5,UUUUUUUU,not tested,120.00 180.00 60.00 180.00 180.00 60.00 180.00 120.00,1.0000 1.0000 1.0000 1.0000 1.0000 1.0000 1.0000 1.0000,0 0 0 0 0 0 0 0,0 2 2 0 2 2 0 0,"1,2,3,6",,no (tile),,,,60.00,,1.0000,,3,yes,6_4 6_4,pg,1xx,hand
1728357,8,1,1,1,ISSSSSSS,not tested,96.51 132.51 166.98 36.00 229.02 130.98 193.02 94.98,1.0000 0.4118 0.4118 0.4118 0.4118 0.4118 0.4118 0.4118,0 1 1 1 1 1 1 1,0 0 1 1 0 1 0 1,6,,no (tile),,,,36.00,,0.4118,,3,yes,6_4 6_4,pg,1xx,hand
1728357,8,1,1,2,JJJUJUJJ,not tested,120.22 134.78 105.00 157.72 157.72 82.06 202.28 120.22,1.0000 1.0000 1.0000 0.2675 1.0000 0.2675 1.0000 1.0000,0 0 0 3 0 3 0 0,0 2 3 0 2 2 0 0,3,,no (tile),,,,82.06,,0.2675,,3,yes,6_4 6_4,pg,1xx,hand
1728357,8,1,1,3,JJJUJJUJ,not tested,149.36 131.57 105.32 98.90 230.46 105.32 129.54 129.54,1.0000 1.0000 1.0000 0.5509 1.0000 1.0000 0.5509 1.0000,0 0 0 3 0 0 3 0,0 1 2 0 1 2 2 3,5,,no (tile),,,,98.90,,0.5509,,3,yes,6_4 6_4,pg,1xx,hand
1728357,8,2,1,0,JJJJJJJJ,not needed (covering theorem),122.47 136.39 136.39 51.99 308.01 51.99 171.62 101.15,1.0000 1.0000 1.0000 1.0000 1.0000 1.0000 1.0000 1.0000,0 0 0 0 0 0 0 0,0 0 0 2 0 2 3 2,,,YES,2,"4,5",2,51.99,,1.0000,,3,yes,6_4 6_4,pg,1xx,hand
1728357,8,2,1,2,JJJJJJJJ,not needed (covering theorem),136.39 122.45 101.16 171.62 51.99 308.01 51.99 136.39,1.0000 1.0000 1.0000 1.0000 1.0000 1.0000 1.0000 1.0000,0 0 0 0 0 0 0 0,0 2 3 2 0 2 0 0,,,YES,2,"4,5",2,51.99,,1.0000,,3,yes,6_4 6_4,pg,1xx,hand
1728357,8,3,0,0,SJJJSJJJ,not tested,58.39 155.31 146.31 213.69 38.20 108.11 213.69 146.31,1.0000 0.7034 0.7034 0.7034 1.3065 0.7034 0.7034 0.7034,0 1 1 1 4 1 1 1,0 0 2 0 0 2 0 2,6,,no (tile),,,,38.20,,0.5384,,3,yes,6_4 6_4,pg,1xx,hand
1728357,8,3,0,2,JJJJJJJJ,not needed (covering theorem),120.00 171.98 68.02 171.98 188.02 51.98 188.02 120.00,1.0000 1.0000 1.0000 1.0000 1.0000 1.0000 1.0000 1.0000,0 0 0 0 0 0 0 0,0 2 3 1 3 2 0 0,,,YES,2,5,2,51.98,,1.0000,,3,yes,6_4 6_4,pg,1xx,hand
1728357,8,3,0,3,JJJJJJJJ,not tested,143.13 90.00 180.00 180.00 36.87 180.00 180.00 90.00,1.0000 1.0000 1.0000 1.0000 1.0000 1.0000 1.0000 1.0000,0 0 0 0 0 0 0 0,0 3 0 3 2 1 2 1,6,,no (tile),,,,36.87,,1.0000,,3,yes,6_4 6_4,pg,1xx,hand
1728357,8,3,0,5,JJJJJJJJ,not tested,90.00 143.13 90.00 180.00 180.00 36.87 180.00 180.00,1.0000 1.0000 1.0000 1.0000 1.0000 1.0000 1.0000 1.0000,0 0 0 0 0 0 0 0,0 1 2 1 2 3 0 3,6,,no (tile),,,,36.87,,1.0000,,3,yes,6_4 6_4,pg,1xx,hand
1728357,8,3,0,6,JJJJJJJJ,not needed (covering theorem),188.02 120.00 120.00 171.98 68.02 171.98 188.02 51.98,1.0000 1.0000 1.0000 1.0000 1.0000 1.0000 1.0000 1.0000,0 0 0 0 0 0 0 0,0 0 0 2 3 1 3 2,,,YES,2,5,2,51.98,,1.0000,,3,yes,6_4 6_4,pg,1xx,hand
1728357,8,3,1,1,IJJJIJJJ,not tested,77.39 77.39 205.22 154.78 102.61 102.61 154.78 205.22,1.0000 1.4311 1.4311 1.4311 0.3752 1.4311 1.4311 1.4311,0 1 1 1 4 1 1 1,0 0 1 0 0 2 3 2,6,,no (tile),,,,77.39,,0.2622,,3,yes,6_4 6_4,pg,1xx,hand
1728357,8,3,1,2,JJJJJJJJ,not tested,137.42 127.75 94.83 222.58 94.83 127.75 137.42 137.42,1.0000 1.0000 1.0000 1.0000 1.0000 1.0000 1.0000 1.0000,0 0 0 0 0 0 0 0,0 2 3 3 2 0 0 0,3,,no (tile),,,,94.83,,1.0000,,3,yes,6_4 6_4,pg,1xx,hand
1728357,8,4,0,3,UUUUUUUU,not tested,180.00 120.00 120.00 180.00 60.00 180.00 180.00 60.00,1.0000 1.0000 1.0000 1.0000 1.0000 1.0000 1.0000 1.0000,0 0 0 0 0 0 0 0,0 0 0 2 2 0 2 2,"1,2,3,6",,no (tile),,,,60.00,,1.0000,,3,yes,6_4 6_4,pg,1xx,hand
1728357,8,4,0,6,UUUUUUUU,not tested,180.00 151.04 75.52 180.00 104.48 180.00 104.48 104.48,1.0000 1.0000 1.0000 1.0000 1.0000 1.0000 1.0000 1.0000,0 0 0 0 0 0 0 0,0 2 2 2 0 0 2 0,5,,no (tile),,,,75.52,,1.0000,,3,yes,6_4 6_4,pg,1xx,hand
1728357,8,4,1,0,JJJUJUJJ,not tested,148.60 115.33 115.33 202.71 87.38 157.29 157.29 96.07,1.0000 1.0000 1.0000 0.2675 1.0000 0.2675 1.0000 1.0000,0 0 0 3 0 3 0 0,0 0 0 0 2 2 3 2,3,,no (tile),,,,87.38,,0.2675,,3,yes,6_4 6_4,pg,1xx,hand
1728357,8,4,1,1,ISSSSSSS,not tested,167.58 131.58 24.84 263.16 60.84 299.16 36.00 96.84,1.0000 1.1204 1.1204 1.1204 1.1204 1.1204 1.1204 1.1204,0 1 1 1 1 1 1 1,0 0 1 0 1 0 0 1,6,,no (tile),,,,24.84,,0.8926,,3,yes,6_4 6_4,pg,1xx,hand
1728357,8,4,1,7,JJUJJUJJ,not tested,128.93 130.62 140.22 140.22 114.69 219.78 90.85 114.69,1.0000 1.0000 0.2675 1.0000 1.0000 0.2675 1.0000 1.0000,0 0 2 0 0 2 0 0,0 3 0 2 1 2 2 1,5,,no (tile),,,,90.85,,0.2675,,3,yes,6_4 6_4,pg,1xx,hand
1728357,8,5,0,0,SJJJJSJJ,not tested,131.97 64.48 163.55 196.45 163.55 61.95 134.50 163.55,1.0000 0.5889 0.5889 0.5889 0.5889 1.0315 0.5889 0.5889,0 1 1 1 1 5 1 1,0 0 2 0 2 0 0 2,6,,no (tile),,,,61.95,,0.5710,,3,yes,6_4 6_4,pg,1xx,hand
1728357,8,5,0,2,JJJJJJJJ,not needed (covering theorem),-1284.29 -1325.70 1571.39 72.90 287.10 72.90 1571.39 114.30,1.0000 1.0000 1.0000 1.0000 1.0000 1.0000 1.0000 1.0000,0 0 0 0 0 0 0 0,0 0 3 1 3 1 2 2,,,YES,2,5,2,72.90,,1.0000,,3,yes,6_4 6_4,pg,1xx,hand
1728357,8,5,0,3,IJIIIIIJ,not tested,125.19 125.19 54.81 180.00 180.00 180.00 180.00 54.81,1.0000 0.9978 0.0500 1.0000 0.0500 1.0000 0.0500 0.9978,0 1 2 0 2 0 2 1,0 0 0 0 0 0 0 2,6,,no (tile),,,,54.81,,0.0500,YES,3,yes,6_4 6_4,pg,1xx,hand
1728357,8,5,0,5,IIIIIIII,not tested,180.00 90.00 90.00 180.00 180.00 90.00 90.00 180.00,1.0000 1.0000 1.0000 1.0000 1.0000 1.0000 1.0000 1.0000,0 1 0 1 0 0 0 1,0 0 0 0 0 0 0 0,"1,2,3,4,5,6",,no (tile),,,,90.00,,1.0000,,3,yes,6_4 6_4,pg,1xx,hand
1728357,8,5,0,6,JJJJJJJJ,not tested,239.17 164.20 78.95 120.83 195.80 85.25 153.92 41.88,1.0000 0.7953 0.7953 1.0000 0.7953 1.0000 1.0000 0.7953,0 1 1 0 1 0 0 1,0 0 0 2 2 1 3 2,"3,5",,no (tile),,,,41.88,,0.7953,,3,yes,6_4 6_4,pg,1xx,hand
1728357,8,5,0,7,IIIIIIII,not tested,101.44 202.89 157.11 157.11 202.89 101.44 78.56 78.56,1.0000 1.0000 1.0000 1.0000 1.0000 1.0000 5.2393 1.0000,0 0 0 0 0 0 6 0,0 0 0 0 0 0 0 0,6,,no (tile),,,,78.56,,0.1909,,3,yes,6_4 6_4,pg,1xx,hand
1728357,8,5,1,2,JJJJJJJJ,not tested,180.00 100.23 79.77 180.00 180.00 100.23 79.77 180.00,1.0000 1.0000 1.0000 1.0000 1.0000 1.0000 1.0000 1.0000,0 0 0 0 0 0 0 0,0 2 3 3 3 1 0 0,"3,4,5",,no (tile),,,,79.77,,1.0000,,3,yes,6_4 6_4,pg,1xx,hand
1728357,8,6,0,0,SIIISIII,not tested,90.00 90.00 180.00 180.00 90.00 90.00 180.00 180.00,1.0000 1.0000 1.0000 1.0000 1.0000 1.0000 1.0000 1.0000,0 1 2 1 4 2 1 2,0 0 0 0 0 0 0 0,"1,6",,no (tile),,,,90.00,,1.0000,,3,yes,6_4 6_4,pg,1xx,hand
1728357,8,6,0,1,JJJJJJJJ,not needed (covering theorem),98.01 131.00 160.20 101.79 160.20 131.00 98.01 199.80,1.0000 1.0000 1.0000 1.0000 1.0000 1.0000 1.0000 1.0000,0 0 0 0 0 0 0 0,0 3 1 3 1 2 1 3,,,YES,2,5,2,98.01,,1.0000,,3,yes,6_4 6_4,pg,1xx,hand
1728357,8,6,0,2,IIIIIIII,not tested,142.30 71.15 217.70 108.85 108.85 217.70 71.15 142.30,1.0000 1.0000 1.0000 0.2675 1.0000 1.0000 1.0000 1.0000,0 0 0 3 0 0 0 0,0 0 0 0 0 0 0 0,6,,no (tile),,,,71.15,,0.2675,,3,yes,6_4 6_4,pg,1xx,hand
1728357,8,6,0,6,IIIIIIII,not tested,87.87 175.74 175.74 87.87 184.26 92.13 92.13 184.26,1.0000 1.0000 1.0000 1.0000 1.0000 2.6978 1.0000 1.0000,0 0 0 0 0 5 0 0,0 0 0 0 0 0 0 0,6,,no (tile),,,,87.87,,0.3707,,3,yes,6_4 6_4,pg,1xx,hand
1728357,8,6,0,7,JJJJJJJJ,not needed (covering theorem),139.00 81.99 246.47 81.99 139.00 113.53 164.48 113.53,1.0000 1.0000 1.0000 1.0000 1.0000 1.0000 1.0000 1.0000,0 0 0 0 0 0 0 0,0 3 1 2 1 3 1 3,,,YES,2,5,2,81.99,,1.0000,,3,yes,6_4 6_4,pg,1xx,hand
1728357,8,6,1,0,UUUUUUUU,not tested,130.69 92.87 223.56 92.87 130.69 136.44 136.44 136.44,1.0000 1.0000 1.0000 1.0000 1.0000 1.0000 1.0000 1.0000,0 1 0 1 1 0 1 0,0 0 0 0 2 2 2 2,3,,no (tile),,,,92.87,,1.0000,,3,yes,6_4 6_4,pg,1xx,hand
1728357,8,6,1,1,IJJJIJJJ,not tested,96.44 83.56 192.89 167.11 96.44 83.56 192.89 167.11,1.0000 1.1359 1.1359 1.1359 1.0000 1.1359 1.1359 1.1359,0 1 1 1 4 1 1 1,0 0 1 0 0 3 2 3,"1,4,5",,no (tile),,,,83.56,,0.8804,,3,yes,6_4 6_4,pg,1xx,hand
1728357,8,7,0,2,UUUUUUUU,not tested,75.52 180.00 104.48 180.00 104.48 104.48 180.00 151.04,1.0000 1.0000 1.0000 1.0000 1.0000 1.0000 1.0000 1.0000,0 0 0 0 0 0 0 0,0 0 2 2 0 2 2 0,5,,no (tile),,,,75.52,,1.0000,,3,yes,6_4 6_4,pg,1xx,hand
1728357,8,7,0,5,UUUUUUUU,not tested,60.00 180.00 120.00 120.00 180.00 60.00 180.00 180.00,1.0000 1.0000 1.0000 1.0000 1.0000 1.0000 1.0000 1.0000,0 0 0 0 0 0 0 0,0 2 2 2 0 0 2 0,"1,2,3,6",,no (tile),,,,60.00,,1.0000,,3,yes,6_4 6_4,pg,1xx,hand
1728357,8,7,1,0,UJJJJJUJ,not tested,55.62 192.44 136.82 136.82 104.66 118.52 167.56 167.56,1.0000 1.5866 1.5866 1.5866 1.5866 1.5866 1.0000 1.5866,0 1 1 1 1 1 0 1,0 0 0 0 2 3 2 2,3,,no (tile),,,,55.62,,0.6303,,3,yes,6_4 6_4,pg,1xx,hand
1728357,8,7,1,1,SSSSISSS,not tested,287.92 72.08 251.92 36.08 125.96 161.96 108.08 36.00,1.0000 1.0000 1.0000 1.0000 1.1777 1.0000 1.0000 1.0000,0 0 0 0 4 0 0 0,0 1 0 1 0 0 1 1,6,,no (tile),,,,36.00,,0.8491,,3,yes,6_4 6_4,pg,1xx,hand
1728357,8,8,0,2,JJJJJJJJ,not needed (covering theorem),-998.01 196.02 81.99 163.98 1194.04 163.98 81.99 196.02,1.0000 1.0000 1.0000 1.0000 1.0000 1.0000 1.0000 1.0000,0 0 0 0 0 0 0 0,0 3 0 3 1 2 1 2,,,YES,2,5,2,81.99,,1.0000,,3,yes,6_4 6_4,pg,1xx,hand
1728357,8,8,0,6,JJJJJJJJ,not needed (covering theorem),81.99 196.02 81.99 196.02 81.99 163.98 114.04 163.98,1.0000 1.0000 1.0000 1.0000 1.0000 1.0000 1.0000 1.0000,0 0 0 0 0 0 0 0,0 3 1 2 1 2 0 3,,,YES,2,5,2,81.99,,1.0000,,3,yes,6_4 6_4,pg,1xx,hand
1728357,8,8,1,1,JJJJJJJJ,not needed (covering theorem),1260.00 -900.00 1170.00 -990.00 1260.00 -900.00 90.00 90.00,1.0000 1.0000 1.0000 1.0000 1.0000 1.0000 1.0000 1.0000,0 0 0 0 0 0 0 0,0 2 0 2 0 2 1 2,,,YES,2,5,2,90.00,,1.0000,,3,yes,6_4 6_4,pg,1xx,hand
1728357,8,8,1,3,JJJJJJJJ,not needed (covering theorem),-13050.00 12060.00 -11700.00 1350.00 1350.00 12060.00 -11700.00 10710.00,1.0000 1.0000 1.0000 1.0000 1.0000 1.0000 1.0000 1.0000,0 0 0 0 0 0 0 0,0 2 0 3 0 2 0 2,,,YES,2,5,2,90.00,,1.0000,,3,yes,6_4 6_4,pg,1xx,hand
1728357,8,8,1,4,JUJUUJUJ,not tested,91.30 180.00 88.70 180.00 91.30 180.00 88.70 180.00,1.0000 0.2675 1.0000 0.2675 0.2675 1.0000 0.2675 1.0000,0 1 0 1 4 0 4 0,0 0 2 2 0 2 2 0,"3,5",,no (tile),,,,88.70,,0.2675,,3,yes,6_4 6_4,pg,1xx,hand
1728357,8,8,1,5,JJJJJJJJ,not needed (covering theorem),180.00 180.00 90.00 90.00 180.00 180.00 90.00 90.00,1.0000 1.0000 1.0000 1.0000 1.0000 1.0000 1.0000 1.0000,0 0 0 0 0 0 0 0,0 3 1 2 1 2 1 3,,,YES,2,5,2,90.00,,1.0000,,3,yes,6_4 6_4,pg,1xx,hand
1728357,8,8,1,7,JJJJJJJJ,not needed (covering theorem),90.00 180.00 180.00 90.00 90.00 180.00 180.00 90.00,1.0000 1.0000 1.0000 1.0000 1.0000 1.0000 1.0000 1.0000,0 0 0 0 0 0 0 0,0 3 0 2 1 2 1 2,,,YES,2,5,2,90.00,,1.0000,,3,yes,6_4 6_4,pg,1xx,hand
1728357,8,9,0,3,UUUUUUUU,not tested,120.00 180.00 60.00 180.00 180.00 60.00 180.00 120.00,1.0000 1.0000 1.0000 1.0000 1.0000 1.0000 1.0000 1.0000,0 0 0 0 0 0 0 0,0 2 2 0 2 2 0 0,"1,2,3,6",,no (tile),,,,60.00,,1.0000,,3,yes,6_4 6_4,pg,1xx,hand
1728357,8,9,0,6,UUUUUUUU,not tested,104.48 180.00 75.52 151.04 180.00 104.48 104.48 180.00,1.0000 1.0000 1.0000 1.0000 1.0000 1.0000 1.0000 1.0000,0 0 0 0 0 0 0 0,0 0 0 2 2 0 2 2,5,,no (tile),,,,75.52,,1.0000,,3,yes,6_4 6_4,pg,1xx,hand
1728357,8,9,1,3,SSSSSISS,not tested,239.86 84.14 275.86 36.00 120.14 155.93 119.93 48.14,1.0000 1.0000 1.0000 1.0000 1.0000 1.4707 1.0000 1.0000,0 0 0 0 0 5 0 0,0 1 0 0 1 0 0 1,6,,no (tile),,,,36.00,,0.6799,,3,yes,6_4 6_4,pg,1xx,hand
1728357,8,9,1,4,JUJUJJJJ,not tested,110.17 202.78 92.60 157.22 157.22 85.90 163.93 110.17,1.0000 0.2533 1.0000 0.2533 1.0000 1.0000 1.0000 1.0000,0 1 0 1 0 0 0 0,0 0 2 2 3 2 0 0,3,,no (tile),,,,85.90,,0.2533,,3,yes,6_4 6_4,pg,1xx,hand
1728357,8,9,1,5,JUJJUJJJ,not tested,100.54 139.20 139.20 129.73 220.80 59.74 129.73 161.06,1.0000 0.4587 1.0000 1.0000 0.4587 1.0000 1.0000 1.0000,0 1 0 0 1 0 0 0,0 0 1 2 2 1 2 3,5,,no (tile),,,,59.74,,0.4587,,3,yes,6_4 6_4,pg,1xx,hand
1728357,8,10,1,2,JJJJJJJJ,not needed (covering theorem),51.99 308.01 51.99 136.39 136.39 122.47 101.15 171.62,1.0000 1.0000 1.0000 1.0000 1.0000 1.0000 1.0000 1.0000,0 0 0 0 0 0 0 0,0 2 0 0 0 2 3 2,,,YES,2,"3,4,5",2,51.99,,1.0000,,3,yes,6_4 6_4,pg,1xx,hand
1728357,8,10,1,4,JJJJJJJJ,not needed (covering theorem),136.38 51.99 308.01 51.99 171.62 101.14 122.48 136.38,1.0000 1.0000 1.0000 1.0000 1.0000 1.0000 1.0000 1.0000,0 0 0 0 0 0 0 0,0 2 0 2 3 2 0 0,,,YES,2,"3,4,5",2,51.99,,1.0000,,3,yes,6_4 6_4,pg,1xx,hand
1728474,8,0,1,3,JIJIIIII,not tested,47.34 132.66 132.66 47.34 180.00 180.00 180.00 180.00,1.0000 0.2675 1.0000 0.3626 0.2675 0.3626 0.2675 0.3626,0 1 0 3 1 3 1 3,0 0 2 0 0 0 0 0,6,,no (tile),,,,47.34,,0.2675,,3,yes,6_4 6_4,p1,o1,hand
1728474,8,0,1,4,JJJJJJJJ,not tested,76.86 179.05 104.09 179.05 76.86 104.09 255.91 104.09,1.0000 0.9870 0.9870 1.0000 0.9870 0.9870 0.9870 0.9870,0 1 1 0 1 1 1 1,0 0 2 2 3 1 3 1,5,,no (tile),,,,76.86,,0.9870,,3,yes,6_4 6_4,p1,o1,hand
1728474,8,0,1,6,JJJJJJJJ,not needed (covering theorem),248.79 55.61 72.97 214.06 72.98 55.60 248.79 111.21,1.0000 1.6818 1.7260 1.7260 1.6818 1.0000 1.0000 1.0000,0 1 2 2 1 0 0 0,0 0 0 2 3 2 0 2,,,YES,2,"3,4",2,55.60,,0.5794,,3,yes,6_4 6_4,p1,o1,hand
1728474,8,1,0,5,JJJJJJJJ,not tested,136.64 136.64 130.08 93.28 223.36 93.28 130.08 136.64,1.0000 1.0000 1.0000 1.0000 1.0000 1.0000 1.0000 1.0000,0 0 0 0 0 0 0 0,0 0 3 3 3 3 0 0,4,,no (tile),,,,93.28,,1.0000,,3,yes,6_4 6_4,p1,o1,hand
1728474,8,1,1,7,IJIIIJII,not tested,180.00 90.00 90.00 180.00 180.00 90.00 90.00 180.00,1.0000 1.0000 1.0000 1.0000 1.0000 1.0000 1.0000 1.0000,0 1 2 2 2 1 0 0,0 0 0 0 0 3 0 0,"1,4,5",,no (tile),,,,90.00,,1.0000,,3,yes,6_4 6_4,p1,o1,hand
1728474,8,2,1,0,JJJJJJJJ,not needed (covering theorem),88.71 105.37 171.56 77.44 282.56 77.44 111.00 165.92,1.0000 0.5461 0.5588 0.5588 0.5588 0.5588 0.5461 1.0000,0 1 2 2 2 2 1 0,0 0 0 2 0 2 3 2,,,YES,2,4,2,77.44,,0.5461,,3,yes,6_4 6_4,p1,o1,hand
1728474,8,2,1,2,JJJJJJJJ,not tested,165.09 129.01 165.09 65.90 129.01 230.99 129.01 65.90,1.0000 1.0000 1.1854 1.0000 1.0000 1.0000 1.0000 1.1854,0 0 2 0 0 0 0 2,0 2 0 3 1 3 1 2,5,,no (tile),,,,65.90,,0.8436,,3,yes,6_4 6_4,p1,o1,hand
1728474,8,2,1,3,JIJIIIII,not tested,47.34 132.66 132.66 47.34 180.00 180.00 180.00 180.00,1.0000 0.2675 1.0000 0.3626 0.2675 0.3626 0.2675 0.3626,0 1 0 3 1 3 1 3,0 0 2 0 0 0 0 0,6,,no (tile),,,,47.34,,0.2675,,3,yes,6_4 6_4,p1,o1,hand
1728474,8,3,0,2,JJJJJJJJ,not needed (covering theorem),82.00 164.00 -262.00 196.00 82.00 164.00 458.00 196.00,1.0000 1.0000 1.0000 1.0000 1.0000 1.0000 1.0000 1.0000,0 0 0 0 0 0 0 0,0 3 3 0 3 0 0 3,,,YES,2,4,2,82.00,,1.0000,,3,yes,6_4 6_4,p1,o1,hand
1728474,8,3,0,6,JJJJJJJJ,not needed (covering theorem),81.99 163.98 98.01 196.02 81.99 163.98 98.01 196.02,1.0000 1.0000 1.0000 1.0000 1.0000 1.0000 1.0000 1.0000,0 0 0 0 0 0 0 0,0 3 0 3 3 0 3 0,,,YES,2,4,2,81.99,,1.0000,,3,yes,6_4 6_4,p1,o1,hand
1728474,8,3,1,0,JJJJJJJJ,not tested,75.39 180.00 104.61 180.00 75.39 180.00 104.61 180.00,1.0000 1.0000 1.0000 1.0000 1.0000 1.0000 1.0000 1.0000,0 0 0 0 0 0 0 0,0 0 1 1 3 3 2 2,"3,4,5",,no (tile),,,,75.39,,1.0000,,3,yes,6_4 6_4,p1,o1,hand
1728474,8,3,1,1,IJJJIJJJ,not tested,96.44 83.56 192.89 167.11 96.44 83.56 192.89 167.11,1.0000 1.1359 1.1359 1.1359 1.0000 1.1359 1.1359 1.1359,0 1 1 1 4 1 1 1,0 0 1 0 0 3 2 3,"1,4,5",,no (tile),,,,83.56,,0.8804,,3,yes,6_4 6_4,p1,o1,hand
1728474,8,3,1,4,JJJJJJJJ,not tested,90.79 180.00 89.21 180.00 90.79 180.00 89.21 180.00,1.0000 1.0000 1.0000 1.0000 1.0000 1.0000 1.0000 1.0000,0 0 0 0 0 0 0 0,0 0 2 2 3 3 1 1,"3,4,5",,no (tile),,,,89.21,,1.0000,,3,yes,6_4 6_4,p1,o1,hand
1728474,8,3,1,5,JJJJJJJJ,not tested,83.34 96.66 166.68 193.32 83.34 96.66 166.68 193.32,1.0000 0.2675 0.2675 0.2675 1.0000 0.2675 0.2675 0.2675,0 1 1 1 0 1 1 1,0 0 2 0 2 3 1 3,5,,no (tile),,,,83.34,,0.2675,,3,yes,6_4 6_4,p1,o1,hand
1728474,8,3,1,7,IJIIIJII,not tested,180.00 90.00 90.00 180.00 180.00 90.00 90.00 180.00,1.0000 1.0000 1.0000 1.0000 1.0000 1.0000 1.0000 1.0000,0 1 2 2 2 1 0 0,0 0 0 0 0 3 0 0,"1,4,5",,no (tile),,,,90.00,,1.0000,,3,yes,6_4 6_4,p1,o1,hand
1728474,8,4,0,2,JJJJJJJJ,not needed (covering theorem),187.51 78.73 187.51 93.76 86.24 266.24 86.24 93.76,1.0000 1.0000 1.0000 1.0000 1.0000 1.0000 1.0000 1.0000,0 0 0 0 0 0 0 0,0 0 3 3 0 0 3 3,,,YES,2,4,2,78.73,,1.0000,,3,yes,6_4 6_4,p1,o1,hand
1728474,8,4,0,3,JJJJJJJJ,not tested,180.00 120.00 120.00 180.00 60.00 180.00 180.00 60.00,1.0000 1.0000 1.0000 1.0000 1.0000 1.0000 1.0000 1.0000,0 0 0 0 0 0 0 0,0 0 0 3 3 0 3 3,1,,no (tile),,,,60.00,,1.0000,,3,yes,6_4 6_4,p1,o1,hand
1728474,8,4,0,5,JJJJJJJJ,not tested,180.00 60.00 180.00 180.00 60.00 180.00 120.00 120.00,1.0000 1.0000 1.0000 1.0000 1.0000 1.0000 1.0000 1.0000,0 0 0 0 0 0 0 0,0 0 3 0 0 3 3 3,1,,no (tile),,,,60.00,,1.0000,,3,yes,6_4 6_4,p1,o1,hand
1728474,8,4,0,6,JJJJJJJJ,not needed (covering theorem),187.53 93.77 86.23 266.23 86.23 93.77 187.53 78.70,1.0000 1.0000 1.0000 1.0000 1.0000 1.0000 1.0000 1.0000,0 0 0 0 0 0 0 0,0 0 3 3 0 0 3 3,,,YES,2,4,2,78.70,,1.0000,,3,yes,6_4 6_4,p1,o1,hand
1728474,8,4,1,3,JJJJJJJJ,not needed (covering theorem),180.00 114.08 114.10 180.00 65.90 180.01 179.99 65.92,1.0000 0.8164 1.0000 1.0000 0.8164 0.8164 0.8164 1.0000,0 1 0 0 1 1 1 0,0 0 2 2 3 1 3 0,,,YES,2,4,2,65.90,,0.8164,,3,yes,6_4 6_4,p1,o1,hand
1728474,8,4,1,5,JJJJJJJJ,not needed (covering theorem),180.00 65.88 180.03 179.97 65.91 180.00 114.09 114.12,1.0000 0.8169 0.8169 0.8169 1.0000 1.0000 0.8169 1.0000,0 1 1 1 0 0 1 0,0 0 2 0 2 2 3 0,,,YES,2,4,2,65.88,,0.8169,,3,yes,6_4 6_4,p1,o1,hand
1728474,8,5,1,0,JJJJJJJJ,not needed (covering theorem),88.71 105.37 171.56 77.44 282.56 77.44 111.00 165.92,1.0000 0.5461 0.5588 0.5588 0.5588 0.5588 0.5461 1.0000,0 1 2 2 2 2 1 0,0 0 0 2 0 2 3 2,,,YES,2,4,2,77.44,,0.5461,,3,yes,6_4 6_4,p1,o1,hand
1728474,8,5,1,5,IIIIIJIJ,not tested,1.42 180.00 180.00 180.00 180.00 1.42 178.58 178.58,1.0000 0.0500 1.0000 0.0500 1.0000 1.5255 0.0500 1.5255,0 1 0 1 0 5 1 5,0 0 0 0 0 0 0 2,6,,no (tile),,,,1.42,,0.0328,YES,3,yes,6_4 6_4,p1,o1,hand
1728474,8,5,1,6,JJJJJJJJ,not tested,138.44 54.79 166.77 193.23 166.77 54.79 138.44 166.77,1.0000 0.6713 0.6713 0.6713 0.6713 1.0000 0.6713 0.6713,0 1 1 1 1 0 1 1,0 0 2 0 2 2 3 1,5,,no (tile),,,,54.79,,0.6713,,3,yes,6_4 6_4,p1,o1,hand
1728474,8,6,0,1,JJJJJJJJ,not needed (covering theorem),1710.00 270.00 -3060.00 540.00 -1530.00 -90.00 3420.00 -180.00,1.0000 1.0000 1.0000 1.0000 1.0000 1.0000 1.0000 1.0000,0 0 0 0 0 0 0 0,0 3 0 3 0 3 0 3,,,YES,2,"1,4",2,90.00,,1.0000,,3,yes,6_4 6_4,p1,o1,hand
1728474,8,6,0,2,JJJJJJJJ,not tested,201.31 102.63 201.31 56.05 158.69 145.26 158.69 56.05,1.0000 0.5192 1.0000 1.0000 0.5192 1.0000 0.5192 0.5192,0 1 0 0 1 0 1 1,0 0 3 3 0 0 3 3,4,,no (tile),,,,56.05,,0.5192,,3,yes,6_4 6_4,p1,o1,hand
1728474,8,6,0,3,JJJJJJJJ,not needed (covering theorem),4590.00 180.00 180.00 6750.00 -4410.00 180.00 180.00 -6570.00,1.0000 1.0000 1.0000 1.0000 1.0000 1.0000 1.0000 1.0000,0 0 0 0 0 0 0 0,0 3 0 3 0 3 0 3,,,YES,2,"1,4",2,90.00,,1.0000,,3,yes,6_4 6_4,p1,o1,hand
1728474,8,6,0,5,JJJJJJJJ,not needed (covering theorem),990.00 1710.00 180.00 180.00 -810.00 -1530.00 180.00 180.00,1.0000 1.0000 1.0000 1.0000 1.0000 1.0000 1.0000 1.0000,0 0 0 0 0 0 0 0,0 3 0 3 0 3 0 3,,,YES,2,"1,4",2,90.00,,1.0000,,3,yes,6_4 6_4,p1,o1,hand
1728474,8,6,0,6,JJJJJJJJ,not tested,158.67 145.32 201.33 13.36 201.33 145.32 158.67 56.01,1.0000 1.0000 0.5620 1.0000 0.5620 0.5620 1.0000 0.5620,0 0 2 0 2 2 0 2,0 0 0 3 3 3 3 0,4,,no (tile),,,,13.36,,0.5620,,3,yes,6_4 6_4,p1,o1,hand
1728474,8,6,0,7,JJJJJJJJ,not needed (covering theorem),90.00 180.00 180.00 90.00 90.00 180.00 180.00 90.00,1.0000 1.0000 1.0000 1.0000 1.0000 1.0000 1.0000 1.0000,0 0 0 0 0 0 0 0,0 3 0 3 0 3 0 3,,,YES,2,"1,4",2,90.00,,1.0000,,3,yes,6_4 6_4,p1,o1,hand
1728474,8,6,1,1,IJJJIJJJ,not tested,77.39 77.39 205.22 154.78 102.61 102.61 154.78 205.22,1.0000 1.4311 1.4311 1.4311 0.3752 1.4311 1.4311 1.4311,0 1 1 1 4 1 1 1,0 0 1 0 0 2 3 2,6,,no (tile),,,,77.39,,0.2622,,3,yes,6_4 6_4,p1,o1,hand
1728474,8,6,1,2,JJJJJJJJ,not tested,201.28 102.70 201.28 56.02 158.72 145.26 158.72 56.02,1.0000 1.0000 0.2819 1.0000 0.2819 0.2819 1.0000 0.2819,0 0 2 0 2 2 0 2,0 2 0 3 1 3 1 2,4,,no (tile),,,,56.02,,0.2819,,3,yes,6_4 6_4,p1,o1,hand
1728474,8,6,1,3,IIIJIIIJ,not tested,90.00 180.00 180.00 90.00 90.00 180.00 180.00 90.00,1.0000 1.0000 1.0000 1.0000 1.0000 1.0000 1.0000 1.0000,0 1 0 3 1 0 1 3,0 0 0 0 0 0 0 2,"5,6",,no (tile),,,,90.00,,1.0000,,3,yes,6_4 6_4,p1,o1,hand
1728474,8,6,1,5,JIIIJIII,not tested,90.00 90.00 180.00 180.00 90.00 90.00 180.00 180.00,1.0000 1.0000 1.0000 1.0000 1.0000 1.0000 1.0000 1.0000,0 1 2 1 0 2 1 2,0 0 0 0 2 0 0 0,"5,6",,no (tile),,,,90.00,,1.0000,,3,yes,6_4 6_4,p1,o1,hand
1728474,8,6,1,6,JJJJJJJJ,not tested,160.16 84.71 199.84 75.45 199.84 84.71 160.16 115.13,1.0000 0.2675 1.0000 1.0000 0.2675 1.0000 0.2675 0.2675,0 1 0 0 1 0 1 1,0 0 1 3 2 2 3 1,4,,no (tile),,,,75.45,,0.2675,,3,yes,6_4 6_4,p1,o1,hand
1728474,8,6,1,7,JJJIJJJI,not tested,114.86 130.27 229.73 65.14 65.14 229.73 130.27 114.86,1.0000 1.0000 1.0000 1.1486 1.0000 1.0000 1.0000 0.3076,0 0 0 3 0 0 0 7,0 1 0 0 2 3 2 0,6,,no (tile),,,,65.14,,0.2678,,3,yes,6_4 6_4,p1,o1,hand
1728474,8,7,0,2,JJJJJJJJ,not needed (covering theorem),86.23 -93.77 86.23 453.77 187.54 -281.31 187.54 453.77,1.0000 1.0000 1.0000 1.0000 1.0000 1.0000 1.0000 1.0000,0 0 0 0 0 0 0 0,0 0 3 3 0 0 3 3,,,YES,2,4,2,78.69,,1.0000,,3,yes,6_4 6_4,p1,o1,hand
1728474,8,7,0,3,JJJJJJJJ,not tested,60.00 180.00 180.00 60.00 180.00 120.00 120.00 180.00,1.0000 1.0000 1.0000 1.0000 1.0000 1.0000 1.0000 1.0000,0 0 0 0 0 0 0 0,0 3 0 0 3 3 3 0,1,,no (tile),,,,60.00,,1.0000,,3,yes,6_4 6_4,p1,o1,hand
1728474,8,7,0,5,JJJJJJJJ,not tested,60.00 180.00 120.00 120.00 180.00 60.00 180.00 180.00,1.0000 1.0000 1.0000 1.0000 1.0000 1.0000 1.0000 1.0000,0 0 0 0 0 0 0 0,0 3 3 3 0 0 3 0,1,,no (tile),,,,60.00,,1.0000,,3,yes,6_4 6_4,p1,o1,hand
1728474,8,7,0,6,JJJJJJJJ,not needed (covering theorem),446.24 453.76 -532.48 438.71 -532.48 453.76 446.24 -93.76,1.0000 1.0000 1.0000 1.0000 1.0000 1.0000 1.0000 1.0000,0 0 0 0 0 0 0 0,0 0 3 3 0 0 3 3,,,YES,2,4,2,78.71,,1.0000,,3,yes,6_4 6_4,p1,o1,hand
1728474,8,7,1,3,JJJJJJJJ,not needed (covering theorem),65.85 180.03 179.97 65.88 180.00 114.12 114.15 180.00,1.0000 1.0000 1.0000 1.2228 1.2228 1.0000 1.2228 1.2228,0 0 0 3 3 0 3 3,0 2 0 0 0 3 2 2,,,YES,2,"3,4,5",2,65.85,,0.8178,,3,yes,6_4 6_4,p1,o1,hand
1728474,8,7,1,5,JJJJJJJJ,not needed (covering theorem),65.88 180.00 114.12 114.11 180.00 65.89 179.99 180.01,1.0000 1.0000 0.8172 1.0000 1.0000 0.8172 0.8172 0.8172,0 0 2 0 0 2 2 2,0 0 0 2 2 3 1 3,,,YES,2,4,2,65.88,,0.8172,,3,yes,6_4 6_4,p1,o1,hand
1728474,8,8,0,2,JJJJJJJJ,not needed (covering theorem),98.00 164.00 82.00 196.00 98.00 164.00 82.00 196.00,1.0000 1.0000 1.0000 1.0000 1.0000 1.0000 1.0000 1.0000,0 0 0 0 0 0 0 0,0 3 0 3 3 0 3 0,,,YES,2,4,2,82.00,,1.0000,,3,yes,6_4 6_4,p1,o1,hand
1728474,8,8,0,6,JJJJJJJJ,not needed (covering theorem),98.00 164.00 82.00 196.00 98.00 164.00 82.00 196.00,1.0000 1.0000 1.0000 1.0000 1.0000 1.0000 1.0000 1.0000,0 0 0 0 0 0 0 0,0 3 3 0 3 0 0 3,,,YES,2,4,2,82.00,,1.0000,,3,yes,6_4 6_4,p1,o1,hand
1728474,8,8,1,0,JJJJJJJJ,not tested,75.39 180.00 104.61 180.00 75.39 180.00 104.61 180.00,1.0000 1.0000 1.0000 1.0000 1.0000 1.0000 1.0000 1.0000,0 0 0 0 0 0 0 0,0 0 1 1 3 3 2 2,"3,4,5",,no (tile),,,,75.39,,1.0000,,3,yes,6_4 6_4,p1,o1,hand
1728474,8,8,1,1,IIJIIIJI,not tested,180.00 180.00 90.00 90.00 180.00 180.00 90.00 90.00,1.0000 1.0000 1.0000 1.0000 1.0000 1.0000 1.0000 1.0000,0 0 2 3 3 3 2 0,0 0 0 0 0 0 3 0,"1,4,5",,no (tile),,,,90.00,,1.0000,,3,yes,6_4 6_4,p1,o1,hand
1728474,8,8,1,3,JJJJJJJJ,not tested,88.81 182.39 177.61 91.19 88.81 182.39 177.61 91.19,1.0000 1.0000 1.0000 0.2675 1.0000 1.0000 1.0000 0.2675,0 0 0 3 0 0 0 3,0 2 0 0 3 1 3 2,5,,no (tile),,,,88.81,,0.2675,,3,yes,6_4 6_4,p1,o1,hand
1728474,8,8,1,4,JJJJJJJJ,not tested,90.79 180.00 89.21 180.00 90.79 180.00 89.21 180.00,1.0000 1.0000 1.0000 1.0000 1.0000 1.0000 1.0000 1.0000,0 0 0 0 0 0 0 0,0 0 2 2 3 3 1 1,"3,4,5",,no (tile),,,,89.21,,1.0000,,3,yes,6_4 6_4,p1,o1,hand
1728474,8,8,1,5,JJJJJJJJ,not tested,180.00 180.00 105.87 74.13 180.00 180.00 105.87 74.13,1.0000 1.0000 0.2675 1.0000 1.0000 1.0000 0.2675 1.0000,0 0 2 0 0 0 2 0,0 0 0 2 2 2 3 0,5,,no (tile),,,,74.13,,0.2675,,3,yes,6_4 6_4,p1,o1,hand
1728474,8,8,1,7,JJJIJJJI,not tested,53.26 253.48 106.52 126.74 53.26 253.48 106.52 126.74,1.0000 1.0000 1.0000 1.1125 1.0000 1.0000 1.0000 1.1125,0 0 0 3 0 0 0 7,0 1 0 0 3 2 3 0,"1,4,5",,no (tile),,,,53.26,,0.8989,,3,yes,6_4 6_4,p1,o1,hand
1728474,8,9,0,3,JJJJJJJJ,not tested,136.64 136.64 130.08 93.28 223.36 93.28 130.08 136.64,1.0000 1.0000 1.0000 1.0000 1.0000 1.0000 1.0000 1.0000,0 0 0 0 0 0 0 0,0 0 3 3 3 3 0 0,4,,no (tile),,,,93.28,,1.0000,,3,yes,6_4 6_4,p1,o1,hand
1728474,8,9,0,4,JJJJJJJJ,not tested,180.00 180.00 105.87 74.13 180.00 180.00 105.87 74.13,1.0000 1.0000 0.2675 1.0000 1.0000 1.0000 0.2675 1.0000,0 0 2 0 0 0 2 0,0 0 0 3 3 3 3 0,4,,no (tile),,,,74.13,,0.2675,,3,yes,6_4 6_4,p1,o1,hand
1728474,8,9,0,5,JJJJJJJJ,not tested,91.99 224.00 91.99 132.01 136.00 136.00 136.00 132.01,1.0000 1.0000 1.0000 1.0000 1.0000 1.0000 1.0000 1.0000,0 0 0 0 0 0 0 0,0 0 0 3 3 3 3 0,4,,no (tile),,,,91.99,,1.0000,,3,yes,6_4 6_4,p1,o1,hand
1728474,8,9,1,1,IIJIIIJI,not tested,180.00 180.00 90.00 90.00 180.00 180.00 90.00 90.00,1.0000 1.0000 1.0000 1.0000 1.0000 1.0000 1.0000 1.0000,0 0 2 3 3 3 2 0,0 0 0 0 0 0 3 0,"1,4,5",,no (tile),,,,90.00,,1.0000,,3,yes,6_4 6_4,p1,o1,hand
1728474,8,10,1,2,JJJJJJJJ,not needed (covering theorem),68.23 291.77 68.23 145.89 105.31 149.37 105.31 145.88,1.0000 1.0000 1.0000 0.9289 1.1630 1.1630 0.9289 1.0000,0 0 0 3 4 4 3 0,0 2 0 0 0 2 3 2,,,YES,2,"3,4",2,68.23,,0.7987,,3,yes,6_4 6_4,p1,o1,hand
1728474,8,10,1,4,JJJJJJJJ,not tested,54.12 141.93 218.07 141.93 54.12 163.95 141.93 163.95,1.0000 1.0000 1.0000 1.0000 1.1552 1.0000 1.0000 1.1552,0 0 0 0 4 0 0 4,0 2 0 2 0 3 1 2,5,,no (tile),,,,54.12,,0.8656,,3,yes,6_4 6_4,p1,o1,hand
1728474,8,10,1,5,IIIIIJIJ,not tested,1.42 180.00 180.00 180.00 180.00 1.42 178.58 178.58,1.0000 0.0500 1.0000 0.0500 1.0000 1.5255 0.0500 1.5255,0 1 0 1 0 5 1 5,0 0 0 0 0 0 0 2,6,,no (tile),,,,1.42,,0.0328,YES,3,yes,6_4 6_4,p1,o1,hand
1728475,8,0,1,4,JJJJJJJJ,not tested,93.16 180.00 86.84 180.00 93.16 86.84 273.16 86.84,1.0000 1.0000 1.0000 1.0000 1.0000 1.0000 1.0000 1.0000,0 0 0 0 0 0 0 0,0 1 3 2 2 0 2 0,5,,no (tile),,,,86.84,,1.0000,,3,yes,6_4 6_4,pg,1xx,hand
1728475,8,0,1,6,JJSSJJJJ,not needed (covering theorem),288.67 35.66 139.17 112.49 108.34 35.67 288.67 71.33,1.0000 1.2335 0.7942 1.9100 1.2335 1.0000 1.0000 1.0000,0 1 2 3 1 0 0 0,0 0 0 0 3 2 0 2,,,YES,2,"1,5",2,35.66,,0.4158,,3,yes,6_4 6_4,pg,1xx,hand
1728475,8,1,0,2,UUUUUUUU,not tested,120.00 240.00 60.00 120.00 120.00 240.00 60.00 120.00,1.0000 1.0000 1.0000 1.0000 1.0000 1.0000 1.0000 1.0000,0 0 0 0 0 0 0 0,0 2 2 0 2 0 0 2,"3,4,5,7",,no (tile),,,,60.00,,1.0000,,3,yes,6_4 6_4,pg,1xx,hand
1728475,8,1,0,5,JJJUJJJU,not needed (covering theorem),134.98 135.00 135.04 89.98 225.02 89.96 135.04 134.98,1.0000 1.0000 1.0000 1.0006 1.0000 1.0000 1.0000 1.0006,0 0 0 3 0 0 0 3,0 0 2 0 2 3 1 2,,,YES,2,5,2,89.96,,0.9994,,3,yes,6_4 6_4,pg,1xx,hand
1728475,8,1,0,6,SSISSSSS,not needed (covering theorem),120.05 240.00 59.97 119.97 120.00 240.05 60.00 119.95,1.0000 1.0000 1.0008 1.0000 1.0000 1.0000 1.0000 1.0000,0 0 2 0 0 0 0 0,0 0 0 1 1 0 0 1,,,YES,2,5,2,59.97,,0.9992,,3,yes,6_4 6_4,pg,1xx,hand
1728475,8,1,1,2,JJJUJJJU,not needed (covering theorem),-630.02 855.03 -585.00 134.98 134.98 855.03 89.97 225.02,1.0000 1.0000 1.0000 1.0006 1.0000 1.0000 1.0000 1.0006,0 0 0 3 0 0 0 3,0 2 2 0 3 1 0 2,,,YES,2,"4,5",2,89.97,,0.9994,,3,yes,6_4 6_4,pg,1xx,hand
1728475,8,1,1,3,JJJJUJJU,not tested,134.60 163.35 107.45 89.20 225.40 117.95 107.45 134.60,1.0000 0.2675 1.0000 1.0000 0.2675 0.2675 1.0000 0.2675,0 1 0 0 4 1 0 4,0 0 2 3 0 3 1 2,"4,5",,no (tile),,,,89.20,,0.2675,,3,yes,6_4 6_4,pg,1xx,hand
1728475,8,1,1,5,UUUUUUUU,not tested,120.00 60.00 240.00 120.00 120.00 60.00 240.00 120.00,1.0000 1.0000 1.0000 1.0000 1.0000 1.0000 1.0000 1.0000,0 0 0 0 0 0 0 0,0 0 2 0 2 2 0 2,"3,4,5,7",,no (tile),,,,60.00,,1.0000,,3,yes,6_4 6_4,pg,1xx,hand
1728475,8,2,0,0,SJJJJJJS,not needed (covering theorem),104.18 134.42 75.74 208.53 151.47 208.53 75.73 121.40,1.0000 0.4808 0.4800 0.4800 0.4800 0.4800 0.4808 1.3432,0 1 2 2 2 2 1 7,0 0 0 2 0 2 3 0,,,YES,2,5,2,75.73,,0.3573,,3,yes,6_4 6_4,pg,1xx,hand
1728475,8,2,0,2,JJJJJJJJ,not tested,180.00 89.68 180.00 90.32 89.68 270.32 89.68 90.32,1.0000 1.0000 1.0000 1.0000 1.0000 1.0000 1.0000 1.0000,0 0 0 0 0 0 0 0,0 2 3 3 1 3 1 1,5,,no (tile),,,,89.68,,1.0000,,3,yes,6_4 6_4,pg,1xx,hand
1728475,8,3,0,2,SSSSISSS,not needed (covering theorem),300.00 2039.94 -2279.94 -240.00 1019.97 1319.97 600.00 -1679.94,1.0000 1.0000 1.0000 1.0000 0.9991 1.0000 1.0000 1.0000,0 0 0 0 4 0 0 0,0 1 0 0 0 1 1 0,,,YES,2,5,2,60.00,,0.9991,,3,yes,6_4 6_4,pg,1xx,hand
1728475,8,3,0,3,JJUJJJUJ,not needed (covering theorem),89.99 135.01 134.99 134.99 135.01 135.01 90.00 225.01,1.0000 1.0000 1.0006 1.0000 1.0000 1.0000 1.0006 1.0000,0 0 2 0 0 0 2 0,0 2 0 3 3 1 2 1,,,YES,2,5,2,89.99,,0.9994,,3,yes,6_4 6_4,pg,1xx,hand
1728475,8,3,0,4,JJUJJJJU,not tested,135.80 144.80 79.41 224.20 91.60 144.80 123.61 135.80,1.0000 0.2675 0.2675 1.0000 1.0000 0.2675 1.0000 0.2675,0 1 2 0 0 1 0 2,0 0 0 2 3 3 1 2,"4,5",,no (tile),,,,79.41,,0.2675,,3,yes,6_4 6_4,pg,1xx,hand
1728475,8,3,0,6,UUUUUUUU,not tested,-60.00 -120.00 240.00 120.00 300.00 240.00 240.00 120.00,1.0000 1.0000 1.0000 1.0000 1.0000 1.0000 1.0000 1.0000,0 0 0 0 0 0 0 0,0 2 0 2 2 0 2 0,"3,4,5,7",,no (tile),,,,60.00,,1.0000,,3,yes,6_4 6_4,pg,1xx,hand
1728475,8,3,1,2,JJUJJJUJ,not needed (covering theorem),135.00 135.00 90.00 225.00 90.01 135.00 135.00 135.00,1.0000 1.0000 0.9997 1.0000 1.0000 1.0000 0.9997 1.0000,0 0 2 0 0 0 2 0,0 2 0 2 3 1 2 0,,,YES,2,"4,5",2,90.00,,0.9997,,3,yes,6_4 6_4,pg,1xx,hand
1728475,8,3,1,5,UUUUUUUU,not tested,60.00 120.00 120.00 240.00 60.00 120.00 120.00 240.00,1.0000 1.0000 1.0000 1.0000 1.0000 1.0000 1.0000 1.0000,0 0 0 0 0 0 0 0,0 2 0 2 2 0 2 0,"3,4,5,7",,no (tile),,,,60.00,,1.0000,,3,yes,6_4 6_4,pg,1xx,hand
1728475,8,4,0,3,UJUUJJJU,not needed (covering theorem),180.00 114.10 114.10 180.00 65.90 180.00 180.00 65.90,1.0000 0.8123 0.9894 1.0000 0.8123 0.8123 0.8123 0.9894,0 1 2 0 1 1 1 2,0 0 0 2 3 1 3 2,,,YES,2,5,2,65.90,,0.8123,,3,yes,6_4 6_4,pg,1xx,hand
1728475,8,4,0,5,UJJJUUJU,not needed (covering theorem),180.00 65.89 180.03 179.97 65.92 180.00 114.08 114.11,1.0000 0.8611 0.8611 0.8611 1.1095 1.0000 0.8611 1.1095,0 1 1 1 4 0 1 4,0 0 2 0 0 2 3 2,,,YES,2,5,2,65.89,,0.7761,,3,yes,6_4 6_4,pg,1xx,hand
1728475,8,4,1,2,JJJJJJJJ,not needed (covering theorem),187.51 78.73 187.51 93.76 86.24 266.24 86.24 93.76,1.0000 1.0000 1.0000 1.0000 1.0000 1.0000 1.0000 1.0000,0 0 0 0 0 0 0 0,0 2 1 3 0 2 1 3,,,YES,2,5,2,78.73,,1.0000,,3,yes,6_4 6_4,pg,1xx,hand
1728475,8,4,1,3,IIIIIIII,not tested,180.00 120.00 120.00 180.00 60.00 180.00 180.00 60.00,1.0000 1.0000 1.0000 0.2675 1.0000 0.2675 1.0000 0.2675,0 0 0 3 0 3 0 3,0 0 0 0 0 0 0 0,2,,no (tile),,,,60.00,,0.2675,,3,yes,6_4 6_4,pg,1xx,hand
1728475,8,4,1,5,IIIIIIII,not tested,180.00 60.00 180.00 180.00 60.00 180.00 120.00 120.00,1.0000 0.2675 1.0000 0.2675 1.0000 0.2675 0.2675 0.2675,0 1 0 1 0 1 1 1,0 0 0 0 0 0 0 0,2,,no (tile),,,,60.00,,0.2675,,3,yes,6_4 6_4,pg,1xx,hand
1728475,8,4,1,6,JJJJJJJJ,not needed (covering theorem),187.53 93.77 86.23 266.23 86.23 93.77 187.53 78.70,1.0000 1.0000 1.0000 1.0000 1.0000 1.0000 1.0000 1.0000,0 0 0 0 0 0 0 0,0 2 1 3 0 2 1 3,,,YES,2,5,2,78.70,,1.0000,,3,yes,6_4 6_4,pg,1xx,hand
1728475,8,5,0,0,SJJJJJJS,not needed (covering theorem),104.18 134.42 75.74 208.53 151.47 208.53 75.73 121.40,1.0000 0.4808 0.4800 0.4800 0.4800 0.4800 0.4808 1.3432,0 1 2 2 2 2 1 7,0 0 0 2 0 2 3 0,,,YES,2,5,2,75.73,,0.3573,,3,yes,6_4 6_4,pg,1xx,hand
1728475,8,5,0,6,JJJJJJJJ,not tested,180.00 92.74 87.26 272.74 87.26 92.74 180.00 87.26,1.0000 1.0000 1.0000 1.0000 1.0000 1.0000 1.0000 1.0000,0 0 0 0 0 0 0 0,0 0 2 0 2 2 3 1,5,,no (tile),,,,87.26,,1.0000,,3,yes,6_4 6_4,pg,1xx,hand
1728475,8,6,0,1,IIIIIIII,not tested,85.85 85.85 188.30 171.70 94.15 94.15 171.70 188.30,1.0000 1.0000 1.0000 1.0000 0.8553 1.0000 1.0000 1.0000,0 0 0 0 4 0 0 0,0 0 0 0 0 0 0 0,"1,2,6",,no (tile),,,,85.85,,0.8553,,3,yes,6_4 6_4,pg,1xx,hand
1728475,8,6,0,2,JJJJJJJJ,not tested,210.97 40.32 210.97 108.71 149.03 102.26 149.03 108.71,1.0000 1.0000 1.0000 1.0000 1.0000 1.0000 1.0000 1.0000,0 0 0 0 0 0 0 0,0 2 3 3 2 0 1 1,"4,5,6",,no (tile),,,,40.32,,1.0000,,3,yes,6_4 6_4,pg,1xx,hand
1728475,8,6,0,3,IIIIIIII,not tested,90.00 180.00 180.00 90.00 90.00 180.00 180.00 90.00,1.0000 1.0000 1.0000 1.0000 1.0000 1.0000 1.0000 1.0000,0 1 0 0 1 0 1 0,0 0 0 0 0 0 0 0,"1,2,3,4,5,6",,no (tile),,,,90.00,,1.0000,,3,yes,6_4 6_4,pg,1xx,hand
1728475,8,6,0,5,IIIIIIII,not tested,90.00 90.00 180.00 180.00 90.00 90.00 180.00 180.00,1.0000 1.0000 1.0000 1.0000 1.0000 1.0000 1.0000 1.0000,0 1 0 1 0 0 1 0,0 0 0 0 0 0 0 0,"1,2,3,4,5,6",,no (tile),,,,90.00,,1.0000,,3,yes,6_4 6_4,pg,1xx,hand
1728475,8,6,0,6,JJJJJJJJ,not tested,163.24 98.13 196.76 65.12 196.76 98.13 163.24 98.63,1.0000 1.0000 1.0000 1.0000 1.0000 1.0000 1.0000 1.0000,0 0 0 0 0 0 0 0,0 0 1 3 2 2 3 1,"4,5,6",,no (tile),,,,65.12,,1.0000,,3,yes,6_4 6_4,pg,1xx,hand
1728475,8,6,0,7,IIIIIIII,not tested,91.91 176.19 183.81 88.09 88.09 183.81 176.19 91.91,1.0000 1.0000 1.0000 1.0665 1.0000 1.0000 1.0000 1.0000,0 0 0 3 0 0 0 0,0 0 0 0 0 0 0 0,"1,2,6",,no (tile),,,,88.09,,0.9376,,3,yes,6_4 6_4,pg,1xx,hand
1728475,8,6,1,1,IIIIIIII,not tested,86.17 86.17 187.67 172.33 93.83 93.83 172.33 187.67,1.0000 0.8820 0.8820 0.8820 0.8820 0.8820 0.8820 0.8820,0 1 1 1 1 1 1 1,0 0 0 0 0 0 0 0,"1,2,6",,no (tile),,,,86.17,,0.8820,,3,yes,6_4 6_4,pg,1xx,hand
1728475,8,6,1,2,JJJJJJJJ,not tested,210.97 40.32 210.97 108.71 149.03 102.26 149.03 108.71,1.0000 1.0000 1.0000 1.0000 1.0000 1.0000 1.0000 1.0000,0 0 0 0 0 0 0 0,0 2 3 3 2 0 1 1,"4,5,6",,no (tile),,,,40.32,,1.0000,,3,yes,6_4 6_4,pg,1xx,hand
1728475,8,6,1,3,IIIIIIII,not tested,90.00 180.00 180.00 90.00 90.00 180.00 180.00 90.00,1.0000 1.0000 1.0000 1.0000 1.0000 1.0000 1.0000 1.0000,0 1 0 1 1 0 1 1,0 0 0 0 0 0 0 0,"1,2,3,4,5,6",,no (tile),,,,90.00,,1.0000,,3,yes,6_4 6_4,pg,1xx,hand
1728475,8,6,1,5,IIIIIIII,not tested,90.00 90.00 180.00 180.00 90.00 90.00 180.00 180.00,1.0000 1.0000 1.0000 1.0000 1.0000 1.0000 1.0000 1.0000,0 0 2 0 0 2 0 2,0 0 0 0 0 0 0 0,"1,2,3,4,5,6",,no (tile),,,,90.00,,1.0000,,3,yes,6_4 6_4,pg,1xx,hand
1728475,8,6,1,6,JJJJJJJJ,not tested,163.24 98.13 196.76 65.12 196.76 98.13 163.24 98.63,1.0000 1.0000 1.0000 1.0000 1.0000 1.0000 1.0000 1.0000,0 0 0 0 0 0 0 0,0 0 1 3 2 2 3 1,"4,5,6",,no (tile),,,,65.12,,1.0000,,3,yes,6_4 6_4,pg,1xx,hand
1728475,8,6,1,7,IIIIIIII,not tested,91.49 177.02 182.98 88.51 88.51 182.98 177.02 91.49,1.0000 1.0000 1.0000 1.0000 1.0000 1.0000 1.0000 0.9481,0 0 0 0 0 0 0 7,0 0 0 0 0 0 0 0,"1,2,6",,no (tile),,,,88.51,,0.9481,,3,yes,6_4 6_4,pg,1xx,hand
1728475,8,7,0,2,JJJJJJJJ,not needed (covering theorem),86.23 -93.77 86.23 453.77 187.54 -281.31 187.54 453.77,1.0000 1.0000 1.0000 1.0000 1.0000 1.0000 1.0000 1.0000,0 0 0 0 0 0 0 0,0 2 1 3 0 2 1 3,,,YES,2,5,2,78.69,,1.0000,,3,yes,6_4 6_4,pg,1xx,hand
1728475,8,7,0,3,IIIIIIII,not tested,60.00 180.00 180.00 60.00 180.00 120.00 120.00 180.00,1.0000 0.2675 1.0000 0.2675 1.0000 1.0000 1.0000 0.2675,0 1 0 1 0 0 0 1,0 0 0 0 0 0 0 0,2,,no (tile),,,,60.00,,0.2675,,3,yes,6_4 6_4,pg,1xx,hand
1728475,8,7,0,5,IIIIIIII,not tested,60.00 180.00 120.00 120.00 180.00 60.00 180.00 180.00,1.0000 0.2675 0.2675 0.2675 1.0000 0.2675 1.0000 0.2675,0 1 1 1 0 1 0 1,0 0 0 0 0 0 0 0,2,,no (tile),,,,60.00,,0.2675,,3,yes,6_4 6_4,pg,1xx,hand
1728475,8,7,0,6,JJJJJJJJ,not needed (covering theorem),446.24 453.76 -532.48 438.71 -532.48 453.76 446.24 -93.76,1.0000 1.0000 1.0000 1.0000 1.0000 1.0000 1.0000 1.0000,0 0 0 0 0 0 0 0,0 2 1 3 0 2 1 3,,,YES,2,5,2,78.71,,1.0000,,3,yes,6_4 6_4,pg,1xx,hand
1728475,8,7,1,3,JJJUUJUU,not needed (covering theorem),65.92 179.96 180.04 65.88 180.00 114.12 114.08 180.00,1.0000 1.0000 1.0000 1.3512 1.0979 1.0000 1.3512 1.0979,0 0 0 3 4 0 3 4,0 2 0 0 0 3 2 2,,,YES,2,"3,4,5",2,65.88,,0.7401,,3,yes,6_4 6_4,pg,1xx,hand
1728475,8,8,0,2,UUUUUUUU,not tested,60.00 240.00 120.00 120.00 60.00 240.00 120.00 120.00,1.0000 1.0000 1.0000 1.0000 1.0000 1.0000 1.0000 1.0000,0 0 0 0 0 0 0 0,0 2 0 2 2 0 2 0,"3,4,5,7",,no (tile),,,,60.00,,1.0000,,3,yes,6_4 6_4,pg,1xx,hand
1728475,8,8,0,5,JUJJJUJJ,not needed (covering theorem),90.00 225.00 90.00 135.00 135.00 135.00 135.00 135.00,1.0000 1.0000 1.0000 1.0000 1.0000 1.0000 1.0000 1.0000,0 1 0 0 0 1 0 0,0 0 0 2 2 2 3 1,,,YES,2,5,2,90.00,,1.0000,,3,yes,6_4 6_4,pg,1xx,hand
1728475,8,8,0,6,SSSISSSS,not needed (covering theorem),60.00 239.97 120.00 120.02 60.02 240.00 119.97 120.03,1.0000 1.0000 1.0000 0.9995 1.0000 1.0000 1.0000 1.0000,0 0 0 3 0 0 0 0,0 1 1 0 0 0 1 0,,,YES,2,5,2,60.00,,0.9995,,3,yes,6_4 6_4,pg,1xx,hand
1728475,8,8,1,3,UUUUUUUU,not tested,60.00 240.00 120.00 120.00 60.00 240.00 120.00 120.00,1.0000 1.0000 1.0000 1.0000 1.0000 1.0000 1.0000 1.0000,0 0 0 0 0 0 0 0,0 2 0 2 2 0 2 0,"3,4,5,7",,no (tile),,,,60.00,,1.0000,,3,yes,6_4 6_4,pg,1xx,hand
1728475,8,8,1,5,JUJJUJJJ,not tested,90.00 225.00 90.00 135.00 135.00 135.00 135.00 135.00,1.0000 1.0000 1.0000 1.0000 1.0000 1.0000 1.0000 1.0000,0 1 2 0 1 0 2 0,0 0 0 2 2 3 3 1,"4,5",,no (tile),,,,90.00,,1.0000,,3,yes,6_4 6_4,pg,1xx,hand
1728475,8,8,1,6,JUJJJUJJ,not needed (covering theorem),-3465.00 -3465.02 -3465.02 3735.04 89.97 3825.02 89.98 3735.04,1.0000 1.0006 1.0000 1.0000 1.0000 1.0006 1.0000 1.0000,0 1 0 0 0 1 0 0,0 0 1 3 2 2 2 0,,,YES,2,"4,5",2,89.97,,0.9994,,3,yes,6_4 6_4,pg,1xx,hand
1728475,8,8,1,7,SSSSSSSI,not needed (covering theorem),60.01 240.00 119.98 120.02 60.00 239.98 120.00 120.01,1.0000 1.0000 1.0000 1.0000 1.0000 1.0000 1.0000 0.9997,0 0 0 0 0 0 0 7,0 0 1 0 0 1 1 0,,,YES,2,5,2,60.00,,0.9997,,3,yes,6_4 6_4,pg,1xx,hand
1728475,8,9,0,3,UJJJUJJJ,not needed (covering theorem),135.00 135.00 135.01 89.99 225.00 89.99 135.01 135.00,1.0000 1.0000 1.0000 1.0000 1.0000 1.0000 1.0000 1.0000,0 1 1 1 0 1 1 1,0 0 2 3 2 3 1 1,,,YES,2,5,2,89.99,,1.0000,,3,yes,6_4 6_4,pg,1xx,hand
1728475,8,9,0,4,JUJJUJJJ,not tested,90.00 225.00 90.00 135.00 135.00 135.00 135.00 135.00,1.0000 1.0000 1.0000 1.0000 1.0000 1.0000 1.0000 1.0000,0 1 2 0 1 0 2 0,0 0 0 2 2 3 3 1,"4,5",,no (tile),,,,90.00,,1.0000,,3,yes,6_4 6_4,pg,1xx,hand
1728475,8,9,0,6,UUUUUUUU,not tested,240.00 240.00 300.00 120.00 240.00 -120.00 -60.00 120.00,1.0000 1.0000 1.0000 1.0000 1.0000 1.0000 1.0000 1.0000,0 0 0 0 0 0 0 0,0 2 2 0 2 0 0 2,"3,4,5,7",,no (tile),,,,60.00,,1.0000,,3,yes,6_4 6_4,pg,1xx,hand
1728475,8,9,1,3,UUUUUUUU,not tested,-120.00 240.00 120.00 -60.00 240.00 240.00 120.00 300.00,1.0000 1.0000 1.0000 1.0000 1.0000 1.0000 1.0000 1.0000,0 0 0 0 0 0 0 0,0 2 0 0 2 0 2 2,"3,4,5,7",,no (tile),,,,60.00,,1.0000,,3,yes,6_4 6_4,pg,1xx,hand
1728475,8,9,1,6,UJJJUJJJ,not needed (covering theorem),90.00 225.00 90.00 135.00 135.00 135.00 135.00 135.00,1.0000 1.0000 1.0000 1.0000 1.0000 1.0000 1.0000 1.0000,0 1 1 1 0 1 1 1,0 0 1 3 2 2 2 0,,,YES,2,"4,5",2,90.00,,1.0000,,3,yes,6_4 6_4,pg,1xx,hand
1728475,8,9,1,7,SSSSSSSI,not needed (covering theorem),239.97 600.00 480.06 300.00 -120.06 -119.94 -240.00 -60.03,1.0000 1.0000 1.0000 1.0000 1.0000 1.0000 1.0000 0.9991,0 0 0 0 0 0 0 7,0 0 1 1 0 1 1 0,,,YES,2,5,2,60.00,,0.9991,,3,yes,6_4 6_4,pg,1xx,hand
1728475,8,10,1,2,JJJJSSJJ,not needed (covering theorem),43.19 316.81 43.19 158.40 75.86 210.32 73.83 158.41,1.0000 1.0000 1.0000 0.8811 0.8123 0.7127 0.8811 1.0000,0 0 0 3 4 5 3 0,0 2 0 0 0 0 3 2,,,YES,2,"1,5",2,43.19,,0.7127,,3,yes,6_4 6_4,pg,1xx,hand
1728475,8,10,1,4,JJJJJJJJ,not tested,91.93 88.07 271.93 88.07 91.93 180.00 88.07 180.00,1.0000 1.0000 1.0000 1.0000 1.0000 1.0000 1.0000 1.0000,0 0 0 0 0 0 0 0,0 2 0 2 2 3 1 0,5,,no (tile),,,,88.07,,1.0000,,3,yes,6_4 6_4,pg,1xx,hand
1728480,8,0,0,4,JJJJJJJJ,not tested,89.94 180.00 180.00 90.06 89.94 180.00 180.00 90.06,1.0000 1.0000 1.0000 1.0000 1.0000 1.0000 1.0000 1.0000,0 0 0 0 0 0 0 0,0 0 0 1 3 3 3 2,"3,4,5",,no (tile),,,,89.94,,1.0000,,3,yes,6_4 6_4,pg,1xx,hand
1728480,8,0,1,0,JUJUUJUJ,not tested,72.61 115.60 188.21 171.79 56.19 171.79 188.21 115.60,1.0000 0.2675 1.0000 0.2675 0.2675 1.0000 0.2675 1.0000,0 1 0 3 1 0 3 0,0 0 0 0 2 2 2 2,"3,5",,no (tile),,,,56.19,,0.2675,,3,yes,6_4 6_4,pg,1xx,hand
1728480,8,0,1,1,IIIIIIII,not tested,95.63 95.63 84.37 168.74 191.26 191.26 168.74 84.37,1.0000 0.2098 0.2098 0.2098 0.2098 0.2098 0.2098 0.2098,0 1 1 1 1 1 1 1,0 0 0 0 0 0 0 0,6,,no (tile),,,,84.37,,0.2098,,3,yes,6_4 6_4,pg,1xx,hand
1728480,8,0,1,2,JJJJJJJJ,not tested,165.09 129.01 165.09 65.90 129.01 230.99 129.01 65.90,1.0000 1.0000 1.1854 1.0000 1.0000 1.0000 1.0000 1.1854,0 0 2 0 0 0 0 2,0 2 0 3 1 3 1 2,5,,no (tile),,,,65.90,,0.8436,,3,yes,6_4 6_4,pg,1xx,hand
1728480,8,0,1,4,JJJJJJJJ,not needed (covering theorem),131.42 114.29 155.70 114.29 131.42 72.88 287.12 72.88,1.0000 1.0000 1.0000 1.0000 1.0000 1.0000 1.0000 1.0000,0 0 0 0 0 0 0 0,0 3 1 2 1 3 1 3,,,YES,2,5,2,72.88,,1.0000,,3,yes,6_4 6_4,pg,1xx,hand
1728480,8,0,1,5,ISISIIII,not tested,180.00 56.91 123.09 123.09 56.91 180.00 180.00 180.00,1.0000 3.6096 0.9411 3.6096 1.0000 0.9411 1.0000 0.9411,0 1 2 3 0 2 0 2,0 0 0 0 0 0 0 0,1,,no (tile),,,,56.91,,0.2607,,3,yes,6_4 6_4,pg,1xx,hand
1728480,8,0,1,7,IIIIIIII,not tested,80.70 180.00 180.00 99.30 99.30 180.00 180.00 80.70,1.0000 0.2675 1.0000 0.2675 1.0000 0.2675 1.0000 1.0000,0 1 0 1 0 1 0 0,0 0 0 0 0 0 0 0,"1,6",,no (tile),,,,80.70,,0.2675,,3,yes,6_4 6_4,pg,1xx,hand
1728480,8,1,0,6,UUUUUUUU,not needed (covering theorem),90.00 180.00 90.00 90.00 270.00 90.00 90.00 180.00,1.0000 1.0000 1.0000 1.0000 1.0000 1.0000 1.0000 1.0000,0 0 0 0 0 0 0 0,0 2 0 0 2 0 2 2,,,YES,2,5,2,90.00,,1.0000,,3,yes,6_4 6_4,pg,1xx,hand
1728480,8,1,1,0,UUUUUUUU,not needed (covering theorem),-3150.00 6660.00 -3150.00 -540.00 -3150.00 -3150.00 3510.00 4050.00,1.0000 1.0000 1.0000 1.0000 1.0000 1.0000 1.0000 1.0000,0 0 0 0 0 0 0 0,0 2 0 0 2 0 2 2,,,YES,2,"4,5,6",2,90.00,,1.0000,,3,yes,6_4 6_4,pg,1xx,hand
1728480,8,1,1,2,JJUJUJUU,not tested,122.79 114.41 122.79 122.79 237.21 57.21 122.79 180.00,1.0000 1.0000 0.2675 1.0000 0.2675 1.0000 0.2675 0.2675,0 0 2 0 2 0 2 2,0 2 0 3 0 1 2 2,"3,4",,no (tile),,,,57.21,,0.2675,,3,yes,6_4 6_4,pg,1xx,hand
1728480,8,2,0,0,SIIIIISI,not tested,132.17 47.83 180.00 180.00 180.00 180.00 46.40 133.60,1.0000 0.2624 0.5900 0.2624 0.5900 0.2624 1.0234 0.5900,0 1 2 1 2 1 6 2,0 0 0 0 0 0 0 0,1,,no (tile),,,,46.40,,0.2564,,3,yes,6_4 6_4,pg,1xx,hand
1728480,8,2,0,1,JJJJJJJJ,not needed (covering theorem),-924.30 114.29 131.41 1152.88 -792.88 1152.88 131.41 114.29,1.0000 1.0000 1.0000 1.0000 1.0000 1.0000 1.0000 1.0000,0 0 0 0 0 0 0 0,0 3 0 2 0 2 1 2,,,YES,2,5,2,72.88,,1.0000,,3,yes,6_4 6_4,pg,1xx,hand
1728480,8,2,0,3,JJJJJJJJ,not tested,165.09 129.01 165.09 65.90 129.01 230.99 129.01 65.90,1.0000 1.0000 1.1854 1.0000 1.0000 1.0000 1.0000 1.1854,0 0 2 0 0 0 0 2,0 2 0 3 1 3 1 2,5,,no (tile),,,,65.90,,0.8436,,3,yes,6_4 6_4,pg,1xx,hand
1728480,8,2,0,4,IIIIIIII,not tested,88.75 91.25 91.25 88.75 177.50 182.50 182.50 177.50,1.0000 4.9544 1.0000 1.0000 1.0000 1.0000 1.0000 1.0000,0 1 0 0 0 0 0 0,0 0 0 0 0 0 0 0,6,,no (tile),,,,88.75,,0.2018,,3,yes,6_4 6_4,pg,1xx,hand
1728480,8,2,0,5,UJJUJUUJ,not tested,208.92 67.16 141.76 67.16 208.92 151.08 83.93 151.08,1.0000 1.2160 1.2160 0.3076 1.2160 1.0000 0.3076 1.2160,0 1 1 3 1 0 3 1,0 0 2 0 2 2 2 0,"3,5",,no (tile),,,,67.16,,0.2530,,3,yes,6_4 6_4,pg,1xx,hand
1728480,8,2,0,6,IIIIIIII,not tested,180.00 180.00 112.46 112.46 180.00 180.00 67.54 67.54,1.0000 0.0934 0.0934 0.0934 1.0000 0.0934 1.0000 0.0934,0 1 1 1 0 1 0 1,0 0 0 0 0 0 0 0,"1,6",,no (tile),,,,67.54,,0.0934,,3,yes,6_4 6_4,pg,1xx,hand
1728480,8,2,1,3,JJJJJJJJ,not tested,180.00 180.00 102.04 77.96 180.00 180.00 102.04 77.96,1.0000 1.0000 1.0000 1.0000 1.0000 1.0000 1.0000 1.0000,0 0 0 0 0 0 0 0,0 0 2 3 3 3 1 0,"3,4,5",,no (tile),,,,77.96,,1.0000,,3,yes,6_4 6_4,pg,1xx,hand
1728480,8,3,0,2,JJJJJJJJ,not needed (covering theorem),82.00 196.01 82.00 163.99 114.01 163.99 82.00 196.01,1.0000 1.0000 1.0000 1.0000 1.0000 1.0000 1.0000 1.0000,0 0 0 0 0 0 0 0,0 3 3 0 2 1 1 2,,,YES,2,5,2,82.00,,1.0000,,3,yes,6_4 6_4,pg,1xx,hand
1728480,8,3,0,6,JJJJJJJJ,not needed (covering theorem),81.98 163.96 114.06 163.96 81.98 196.04 81.98 196.04,1.0000 1.0000 1.0000 1.0000 1.0000 1.0000 1.0000 1.0000,0 0 0 0 0 0 0 0,0 3 1 2 2 1 3 0,,,YES,2,5,2,81.98,,1.0000,,3,yes,6_4 6_4,pg,1xx,hand
1728480,8,3,1,0,JJJJJJJJ,not needed (covering theorem),114.02 163.99 81.99 196.01 81.99 196.01 81.99 163.99,1.0000 1.0000 1.0000 1.0000 1.0000 1.0000 1.0000 1.0000,0 0 0 0 0 0 0 0,0 3 3 0 2 1 1 2,,,YES,2,5,2,81.99,,1.0000,,3,yes,6_4 6_4,pg,1xx,hand
1728480,8,3,1,4,JJJJJJJJ,not tested,90.02 179.96 90.02 179.96 90.02 180.04 89.94 180.04,1.0000 1.0000 1.0000 1.0000 1.0000 1.0000 1.0000 1.0000,0 0 0 0 0 0 0 0,0 3 1 2 2 1 3 0,"1,6",,no (tile),,,,89.94,,1.0000,,3,yes,6_4 6_4,pg,1xx,hand
1728480,8,4,0,2,UUUUUUUU,not needed (covering theorem),-450.00 -900.00 -450.00 1260.00 -450.00 1710.00 810.00 -450.00,1.0000 1.0000 1.0000 1.0000 1.0000 1.0000 1.0000 1.0000,0 0 0 0 0 0 0 0,0 0 2 0 2 2 0 2,,,YES,2,5,2,90.00,,1.0000,,3,yes,6_4 6_4,pg,1xx,hand
1728480,8,4,0,4,JUJUJJUU,not tested,124.16 55.84 235.84 124.16 124.16 111.69 124.16 180.00,1.0000 0.2675 1.0000 0.2675 1.0000 1.0000 0.2675 0.2675,0 1 0 1 0 0 1 1,0 0 2 0 3 1 2 2,"3,4",,no (tile),,,,55.84,,0.2675,,3,yes,6_4 6_4,pg,1xx,hand
1728480,8,4,1,0,UUUUUUUU,not needed (covering theorem),90.00 90.00 270.00 90.00 90.00 180.00 90.00 180.00,1.0000 1.0000 1.0000 1.0000 1.0000 1.0000 1.0000 1.0000,0 0 0 0 0 0 0 0,0 0 2 0 2 2 0 2,,,YES,2,"4,5,6",2,90.00,,1.0000,,3,yes,6_4 6_4,pg,1xx,hand
1728480,8,5,0,1,JJJJJJJJ,not tested,143.13 90.00 180.00 180.00 36.87 180.00 180.00 90.00,1.0000 1.0000 1.0000 1.0000 1.0000 1.0000 1.0000 1.0000,0 0 0 0 0 0 0 0,0 3 0 3 2 1 2 1,6,,no (tile),,,,36.87,,1.0000,,3,yes,6_4 6_4,pg,1xx,hand
1728480,8,5,0,2,JJJJJJJJ,not tested,126.95 113.05 186.95 60.00 173.05 186.95 60.00 173.05,1.0000 1.0000 1.0000 1.0000 1.0000 1.0000 1.0000 1.0000,0 0 0 0 0 0 0 0,0 1 3 3 1 3 3 1,3,,no (tile),,,,60.00,,1.0000,,3,yes,6_4 6_4,pg,1xx,hand
1728480,8,5,0,4,JJJJJJJJ,not tested,88.81 182.39 177.61 91.19 88.81 182.39 177.61 91.19,1.0000 1.0000 1.0000 0.2675 1.0000 1.0000 1.0000 0.2675,0 0 0 3 0 0 0 3,0 2 0 0 3 1 3 2,5,,no (tile),,,,88.81,,0.2675,,3,yes,6_4 6_4,pg,1xx,hand
1728480,8,5,0,6,JJJJJJJJ,not tested,176.45 60.00 183.55 176.45 60.00 183.55 116.45 123.55,1.0000 1.0000 1.0000 1.0000 1.0000 1.0000 1.0000 1.0000,0 0 0 0 0 0 0 0,0 0 2 0 0 2 3 2,3,,no (tile),,,,60.00,,1.0000,,3,yes,6_4 6_4,pg,1xx,hand
1728480,8,5,0,7,JJJJJJJJ,not tested,90.00 180.00 180.00 36.87 180.00 180.00 90.00 143.13,1.0000 1.0000 1.0000 1.0000 1.0000 1.0000 1.0000 1.0000,0 0 0 0 0 0 0 0,0 3 0 1 2 1 2 3,6,,no (tile),,,,36.87,,1.0000,,3,yes,6_4 6_4,pg,1xx,hand
1728480,8,5,1,1,IIIIIIII,not tested,86.56 86.56 173.12 93.44 186.88 186.88 93.44 173.12,1.0000 0.2887 0.2887 0.2887 0.2887 0.2887 0.2887 0.2887,0 1 1 1 1 1 1 1,0 0 0 0 0 0 0 0,6,,no (tile),,,,86.56,,0.2887,,3,yes,6_4 6_4,pg,1xx,hand
1728480,8,5,1,2,JJJJJJJJ,not needed (covering theorem),-246.48 524.49 -246.48 139.01 81.99 606.48 81.99 139.01,1.0000 1.0000 1.0000 1.0000 1.0000 1.0000 1.0000 1.0000,0 0 0 0 0 0 0 0,0 2 0 0 3 1 2 2,,,YES,2,5,2,81.99,,1.0000,,3,yes,6_4 6_4,pg,1xx,hand
1728480,8,5,1,3,IIIJIIIJ,not tested,90.00 180.00 180.00 90.00 90.00 180.00 180.00 90.00,1.0000 1.0000 1.0000 1.0000 1.0000 1.0000 1.0000 1.0000,0 1 0 3 1 0 1 3,0 0 0 0 0 0 0 2,"5,6",,no (tile),,,,90.00,,1.0000,,3,yes,6_4 6_4,pg,1xx,hand
1728480,8,5,1,4,JJJJJJJJ,not needed (covering theorem),220.99 -81.99 113.53 -81.99 220.99 246.47 195.52 246.47,1.0000 1.0000 1.0000 1.0000 1.0000 1.0000 1.0000 1.0000,0 0 0 0 0 0 0 0,0 3 1 2 2 0 2 0,,,YES,2,5,2,81.99,,1.0000,,3,yes,6_4 6_4,pg,1xx,hand
1728480,8,5,1,5,IIIIIIII,not tested,217.70 71.15 142.30 142.30 71.15 217.70 108.85 108.85,1.0000 1.0000 1.0000 1.0000 1.0000 1.0000 0.2675 1.0000,0 0 0 0 0 0 6 0,0 0 0 0 0 0 0 0,6,,no (tile),,,,71.15,,0.2675,,3,yes,6_4 6_4,pg,1xx,hand
1728480,8,6,0,0,SIIIIISI,not tested,132.17 47.83 180.00 180.00 180.00 180.00 46.40 133.60,1.0000 0.2624 0.5900 0.2624 0.5900 0.2624 1.0234 0.5900,0 1 2 1 2 1 6 2,0 0 0 0 0 0 0 0,1,,no (tile),,,,46.40,,0.2564,,3,yes,6_4 6_4,pg,1xx,hand
1728480,8,6,0,2,IIIIIIII,not tested,76.20 76.20 180.00 180.00 103.80 103.80 180.00 180.00,1.0000 0.2675 1.0000 0.2675 0.2675 0.2675 1.0000 0.2675,0 1 0 1 1 1 0 1,0 0 0 0 0 0 0 0,"1,6",,no (tile),,,,76.20,,0.2675,,3,yes,6_4 6_4,pg,1xx,hand
1728480,8,6,0,4,IIIIIIII,not tested,234.11 125.89 125.89 234.11 117.06 62.94 62.94 117.06,1.0000 1.0000 1.0000 1.0000 1.0000 5.0821 1.0000 1.0000,0 0 0 0 0 5 0 0,0 0 0 0 0 0 0 0,6,,no (tile),,,,62.94,,0.1968,,3,yes,6_4 6_4,pg,1xx,hand
1728480,8,6,0,5,JJJJJJJJ,not tested,54.12 141.93 218.07 141.93 54.12 163.95 141.93 163.95,1.0000 1.0000 1.0000 1.0000 1.1552 1.0000 1.0000 1.1552,0 0 0 0 4 0 0 4,0 2 0 2 0 3 1 2,5,,no (tile),,,,54.12,,0.8656,,3,yes,6_4 6_4,pg,1xx,hand
1728480,8,6,0,7,JJJJJJJJ,not needed (covering theorem),114.29 131.43 72.87 287.13 72.87 131.43 114.29 155.70,1.0000 1.0000 1.0000 1.0000 1.0000 1.0000 1.0000 1.0000,0 0 0 0 0 0 0 0,0 3 1 3 1 2 1 3,,,YES,2,5,2,72.87,,1.0000,,3,yes,6_4 6_4,pg,1xx,hand
1728480,8,6,1,3,JJJJJJJJ,not tested,91.03 88.97 180.00 180.00 91.03 88.97 180.00 180.00,1.0000 1.0000 1.0000 1.0000 1.0000 1.0000 1.0000 1.0000,0 0 0 0 0 0 0 0,0 2 2 2 3 1 1 1,"3,4,5",,no (tile),,,,88.97,,1.0000,,3,yes,6_4 6_4,pg,1xx,hand
1728480,8,7,0,2,IIIIIIII,not tested,142.30 142.30 71.15 217.70 108.85 108.85 217.70 71.15,1.0000 1.0000 1.0000 1.0000 0.2675 1.0000 1.0000 1.0000,0 0 0 0 4 0 0 0,0 0 0 0 0 0 0 0,6,,no (tile),,,,71.15,,0.2675,,3,yes,6_4 6_4,pg,1xx,hand
1728480,8,7,0,3,JJJJJJJJ,not needed (covering theorem),98.01 199.79 98.01 131.00 160.21 101.78 160.21 131.00,1.0000 1.0000 1.0000 1.0000 1.0000 1.0000 1.0000 1.0000,0 0 0 0 0 0 0 0,0 2 1 1 3 1 3 3,,,YES,2,5,2,98.01,,1.0000,,3,yes,6_4 6_4,pg,1xx,hand
1728480,8,7,0,4,IIIJIIIJ,not tested,90.00 180.00 180.00 90.00 90.00 180.00 180.00 90.00,1.0000 1.0000 1.0000 1.0000 1.0000 1.0000 1.0000 1.0000,0 1 0 3 1 0 1 3,0 0 0 0 0 0 0 2,"5,6",,no (tile),,,,90.00,,1.0000,,3,yes,6_4 6_4,pg,1xx,hand
1728480,8,7,0,5,JJJJJJJJ,not needed (covering theorem),-139.00 246.46 -164.47 246.46 221.00 278.01 113.54 278.01,1.0000 1.0000 1.0000 1.0000 1.0000 1.0000 1.0000 1.0000,0 0 0 0 0 0 0 0,0 2 0 2 2 1 3 0,,,YES,2,5,2,81.99,,1.0000,,3,yes,6_4 6_4,pg,1xx,hand
1728480,8,7,0,6,IIIIIIII,not tested,70.62 218.76 109.38 109.38 218.76 70.62 141.24 141.24,1.0000 1.0000 0.1973 1.0000 1.0000 1.0000 1.0000 1.0000,0 0 2 0 0 0 0 0,0 0 0 0 0 0 0 0,6,,no (tile),,,,70.62,,0.1973,,3,yes,6_4 6_4,pg,1xx,hand
1728480,8,7,1,0,JJJJJJJJ,not tested,36.87 180.00 180.00 90.00 143.13 90.00 180.00 180.00,1.0000 1.0000 1.0000 1.0000 1.0000 1.0000 1.0000 1.0000,0 0 0 0 0 0 0 0,0 3 0 3 2 1 2 1,6,,no (tile),,,,36.87,,1.0000,,3,yes,6_4 6_4,pg,1xx,hand
1728480,8,7,1,1,JJJJJJJJ,not tested,179.63 180.37 60.00 179.63 120.37 119.63 180.37 60.00,1.0000 1.0000 1.0000 1.0000 1.0000 1.0000 1.0000 1.0000,0 0 0 0 0 0 0 0,0 2 2 0 1 0 2 2,3,,no (tile),,,,60.00,,1.0000,,3,yes,6_4 6_4,pg,1xx,hand
1728480,8,7,1,3,JJJJJJJJ,not tested,88.81 182.39 177.61 91.19 88.81 182.39 177.61 91.19,1.0000 1.0000 1.0000 0.2675 1.0000 1.0000 1.0000 0.2675,0 0 0 3 0 0 0 3,0 2 0 0 3 1 3 2,5,,no (tile),,,,88.81,,0.2675,,3,yes,6_4 6_4,pg,1xx,hand
1728480,8,7,1,5,JJJJJJJJ,not tested,60.00 176.21 123.79 116.21 183.79 60.00 176.21 183.79,1.0000 1.0000 1.0000 1.0000 1.0000 1.0000 1.0000 1.0000,0 0 0 0 0 0 0 0,0 2 3 2 0 0 2 0,3,,no (tile),,,,60.00,,1.0000,,3,yes,6_4 6_4,pg,1xx,hand
1728480,8,7,1,6,JJJJJJJJ,not tested,180.00 180.00 90.00 143.13 90.00 180.00 180.00 36.87,1.0000 1.0000 1.0000 1.0000 1.0000 1.0000 1.0000 1.0000,0 0 0 0 0 0 0 0,0 3 0 1 2 1 2 3,6,,no (tile),,,,36.87,,1.0000,,3,yes,6_4 6_4,pg,1xx,hand
1728480,8,8,0,4,UJJUJUJU,not tested,180.00 82.04 195.92 82.04 82.04 277.96 97.96 82.04,1.0000 0.2675 0.2675 1.0000 0.2675 1.0000 0.2675 1.0000,0 1 1 0 1 0 1 0,0 0 2 2 3 2 1 0,"3,4",,no (tile),,,,82.04,,0.2675,,3,yes,6_4 6_4,pg,1xx,hand
1728480,8,8,0,6,UUUUUUUU,not needed (covering theorem),90.00 270.00 90.00 90.00 180.00 90.00 180.00 90.00,1.0000 1.0000 1.0000 1.0000 1.0000 1.0000 1.0000 1.0000,0 0 0 0 0 0 0 0,0 2 2 0 2 0 0 2,,,YES,2,"5,6",2,90.00,,1.0000,,3,yes,6_4 6_4,pg,1xx,hand
1728480,8,8,1,4,JUJUUJJU,not tested,136.60 223.40 43.40 136.60 180.00 136.60 86.81 136.60,1.0000 0.2675 1.0000 0.2675 0.2675 1.0000 1.0000 0.2675,0 1 0 1 1 0 0 1,0 0 2 2 2 3 1 0,"3,4",,no (tile),,,,43.40,,0.2675,,3,yes,6_4 6_4,pg,1xx,hand
1728480,8,8,1,6,UUUUUUUU,not needed (covering theorem),180.00 90.00 180.00 90.00 90.00 270.00 90.00 90.00,1.0000 1.0000 1.0000 1.0000 1.0000 1.0000 1.0000 1.0000,0 0 0 0 0 0 0 0,0 2 2 0 2 0 0 2,,,YES,2,"4,5",2,90.00,,1.0000,,3,yes,6_4 6_4,pg,1xx,hand
1728480,8,9,0,2,UUUUUUUU,not needed (covering theorem),-900.00 -450.00 -450.00 810.00 1710.00 -450.00 1260.00 -450.00,1.0000 1.0000 1.0000 1.0000 1.0000 1.0000 1.0000 1.0000,0 0 0 0 0 0 0 0,0 2 0 2 2 0 2 0,,,YES,2,"5,6",2,90.00,,1.0000,,3,yes,6_4 6_4,pg,1xx,hand
1728480,8,9,0,4,JUJUUJJU,not tested,136.60 223.40 43.40 136.60 180.00 136.60 86.81 136.60,1.0000 0.2675 1.0000 0.2675 0.2675 1.0000 1.0000 0.2675,0 1 0 1 1 0 0 1,0 0 2 2 2 3 1 0,"3,4",,no (tile),,,,43.40,,0.2675,,3,yes,6_4 6_4,pg,1xx,hand
1728480,8,9,1,4,UJUJUJJU,not tested,180.00 98.43 81.57 261.57 98.43 98.43 163.14 98.43,1.0000 0.2675 1.0000 0.2675 1.0000 0.2675 0.2675 1.0000,0 1 0 1 0 1 1 0,0 0 2 2 2 3 1 0,"3,4",,no (tile),,,,81.57,,0.2675,,3,yes,6_4 6_4,pg,1xx,hand
1728480,8,9,1,6,UUUUUUUU,not needed (covering theorem),450.00 270.00 90.00 90.00 -180.00 90.00 180.00 90.00,1.0000 1.0000 1.0000 1.0000 1.0000 1.0000 1.0000 1.0000,0 0 0 0 0 0 0 0,0 2 0 2 2 0 2 0,,,YES,2,"4,5",2,90.00,,1.0000,,3,yes,6_4 6_4,pg,1xx,hand
1728480,8,10,0,4,JJJJJJJJ,not tested,115.51 180.00 180.00 64.49 115.51 180.00 180.00 64.49,1.0000 1.0000 1.0000 1.0000 1.0000 1.0000 1.0000 1.0000,0 0 0 0 0 0 0 0,0 0 0 2 3 3 3 1,"3,4,5",,no (tile),,,,64.49,,1.0000,,3,yes,6_4 6_4,pg,1xx,hand
1728480,8,10,1,1,IIISISII,not tested,180.00 180.00 180.00 2.75 177.25 177.25 2.75 180.00,1.0000 0.0500 1.0000 1.5268 0.0500 1.5268 1.0000 0.0500,0 1 0 3 1 5 0 1,0 0 0 0 0 0 0 0,1,,no (tile),,,,2.75,,0.0327,YES,3,yes,6_4 6_4,pg,1xx,hand
1728480,8,10,1,2,JJJJJJJJ,not needed (covering theorem),-432.88 792.88 -432.88 588.58 -114.29 204.30 -114.29 588.58,1.0000 1.0000 1.0000 1.0000 1.0000 1.0000 1.0000 1.0000,0 0 0 0 0 0 0 0,0 2 0 3 0 2 1 2,,,YES,2,5,2,72.88,,1.0000,,3,yes,6_4 6_4,pg,1xx,hand
1728480,8,10,1,4,JJJJJJJJ,not tested,54.12 141.93 218.07 141.93 54.12 163.95 141.93 163.95,1.0000 1.0000 1.0000 1.0000 1.1552 1.0000 1.0000 1.1552,0 0 0 0 4 0 0 4,0 2 0 2 0 3 1 2,5,,no (tile),,,,54.12,,0.8656,,3,yes,6_4 6_4,pg,1xx,hand
1728480,8,10,1,5,IIIIIIII,not tested,121.59 243.19 116.81 116.81 243.19 121.59 58.41 58.41,1.0000 1.0000 1.0000 1.0000 1.0000 1.0000 4.9499 1.0000,0 0 0 0 0 0 6 0,0 0 0 0 0 0 0 0,6,,no (tile),,,,58.41,,0.2020,,3,yes,6_4 6_4,pg,1xx,hand
1728480,8,10,1,7,IIIIIIII,not tested,80.70 180.00 180.00 99.30 99.30 180.00 180.00 80.70,1.0000 0.2675 1.0000 0.2675 1.0000 0.2675 1.0000 1.0000,0 1 0 1 0 1 0 0,0 0 0 0 0 0 0 0,"1,6",,no (tile),,,,80.70,,0.2675,,3,yes,6_4 6_4,pg,1xx,hand
