id,m,si,orient,off,curves,patch_ov,angles,lengths,whichEdge,mapping,iso_criteria,deep_criteria,aniso,min_block,block_criteria,block_bound,min_angle,spike_fatal,edge_ratio,on_clamp,vertex_figure,vdeg_match,homeo,wp,orbifold,evidence
5,4,0,0,0,IIII,not tested,90.00 90.00 90.00 90.00,1.0000 1.0000 1.0000 1.0000,0 0 0 0,0 0 0 0,"1,2,3,4,5,6,9",,no (tile),,,,90.00,,1.0000,,4,yes,4_4 4_4,p4m,*442,L3
5,4,0,0,1,IIII,not tested,90.00 90.00 90.00 90.00,1.0000 1.0000 1.0000 1.0000,0 0 0 0,0 0 0 0,"1,2,3,4,5,6,9",,no (tile),,,,90.00,,1.0000,,4,yes,4_4 4_4,p4m,*442,L3
5,4,0,0,2,IIII,not tested,90.00 90.00 90.00 90.00,1.0000 1.0000 1.0000 1.0000,0 0 0 0,0 0 0 0,"1,2,3,4,5,6,9",,no (tile),,,,90.00,,1.0000,,4,yes,4_4 4_4,p4m,*442,L3
5,4,0,0,3,IIII,not tested,90.00 90.00 90.00 90.00,1.0000 1.0000 1.0000 1.0000,0 0 0 0,0 0 0 0,"1,2,3,4,5,6,9",,no (tile),,,,90.00,,1.0000,,4,yes,4_4 4_4,p4m,*442,L3
5,4,0,1,0,IIII,not tested,90.00 90.00 90.00 90.00,1.0000 1.0000 1.0000 1.0000,0 0 0 0,0 0 0 0,"1,2,3,4,5,6,9",,no (tile),,,,90.00,,1.0000,,4,yes,4_4 4_4,p4m,*442,L3
5,4,0,1,1,IIII,not tested,90.00 90.00 90.00 90.00,1.0000 1.0000 1.0000 1.0000,0 0 0 0,0 0 0 0,"1,2,3,4,5,6,9",,no (tile),,,,90.00,,1.0000,,4,yes,4_4 4_4,p4m,*442,L3
5,4,0,1,2,IIII,not tested,90.00 90.00 90.00 90.00,1.0000 1.0000 1.0000 1.0000,0 0 0 0,0 0 0 0,"1,2,3,4,5,6,9",,no (tile),,,,90.00,,1.0000,,4,yes,4_4 4_4,p4m,*442,L3
5,4,0,1,3,IIII,not tested,90.00 90.00 90.00 90.00,1.0000 1.0000 1.0000 1.0000,0 0 0 0,0 0 0 0,"1,2,3,4,5,6,9",,no (tile),,,,90.00,,1.0000,,4,yes,4_4 4_4,p4m,*442,L3
38,4,0,0,0,IIII,not tested,90.00 90.00 90.00 90.00,1.0000 1.0000 1.0000 1.0000,0 0 0 0,0 0 0 0,"1,2,3,4,5,6,9",,no (tile),,,,90.00,,1.0000,,4,yes,4_2 4_2,pmm,*2222,L3
38,4,0,0,1,IIII,not tested,90.00 90.00 90.00 90.00,1.0000 1.0000 1.0000 1.0000,0 1 0 1,0 0 0 0,"1,2,3,4,5,6,9",,no (tile),,,,90.00,,1.0000,,4,yes,4_2 4_2,pmm,*2222,L3
38,4,0,0,2,IIII,not tested,90.00 90.00 90.00 90.00,1.0000 1.0000 1.0000 1.0000,0 0 0 0,0 0 0 0,"1,2,3,4,5,6,9",,no (tile),,,,90.00,,1.0000,,4,yes,4_2 4_2,pmm,*2222,L3
38,4,0,0,3,IIII,not tested,90.00 90.00 90.00 90.00,1.0000 1.0000 1.0000 1.0000,0 1 0 1,0 0 0 0,"1,2,3,4,5,6,9",,no (tile),,,,90.00,,1.0000,,4,yes,4_2 4_2,pmm,*2222,L3
38,4,0,1,0,IIII,not tested,90.00 90.00 90.00 90.00,1.0000 1.0000 1.0000 1.0000,0 1 0 1,0 0 0 0,"1,2,3,4,5,6,9",,no (tile),,,,90.00,,1.0000,,4,yes,4_2 4_2,pmm,*2222,L3
38,4,0,1,1,IIII,not tested,90.00 90.00 90.00 90.00,1.0000 1.0000 1.0000 1.0000,0 0 0 0,0 0 0 0,"1,2,3,4,5,6,9",,no (tile),,,,90.00,,1.0000,,4,yes,4_2 4_2,pmm,*2222,L3
38,4,0,1,2,IIII,not tested,90.00 90.00 90.00 90.00,1.0000 1.0000 1.0000 1.0000,0 1 0 1,0 0 0 0,"1,2,3,4,5,6,9",,no (tile),,,,90.00,,1.0000,,4,yes,4_2 4_2,pmm,*2222,L3
38,4,0,1,3,IIII,not tested,90.00 90.00 90.00 90.00,1.0000 1.0000 1.0000 1.0000,0 0 0 0,0 0 0 0,"1,2,3,4,5,6,9",,no (tile),,,,90.00,,1.0000,,4,yes,4_2 4_2,pmm,*2222,L3
41,4,0,0,0,IIII,not tested,90.00 90.00 90.00 90.00,1.0000 1.0000 1.0000 1.0000,0 1 0 1,0 0 0 0,"1,2,3,4,5,6,9",,no (tile),,,,90.00,,1.0000,,4,yes,4_4 4_4,cmm,2*22,L3
41,4,0,0,1,UUUU,not tested,90.00 90.00 90.00 90.00,1.0000 1.0000 1.0000 1.0000,0 0 0 0,0 2 0 2,"3,5,9",,no (tile),,,,90.00,,1.0000,,4,yes,4_4 4_4,cmm,2*22,L3
41,4,0,0,2,IIII,not tested,90.00 90.00 90.00 90.00,1.0000 1.0000 1.0000 1.0000,0 1 0 1,0 0 0 0,"1,2,3,4,5,6,9",,no (tile),,,,90.00,,1.0000,,4,yes,4_4 4_4,cmm,2*22,L3
41,4,0,0,3,UUUU,not tested,90.00 90.00 90.00 90.00,1.0000 1.0000 1.0000 1.0000,0 0 0 0,0 2 0 2,"3,5,9",,no (tile),,,,90.00,,1.0000,,4,yes,4_4 4_4,cmm,2*22,L3
41,4,0,1,0,UUUU,not tested,90.00 90.00 90.00 90.00,1.0000 1.0000 1.0000 1.0000,0 0 0 0,0 2 0 2,"3,5,9",,no (tile),,,,90.00,,1.0000,,4,yes,4_4 4_4,cmm,2*22,L3
41,4,0,1,1,IIII,not tested,90.00 90.00 90.00 90.00,1.0000 1.0000 1.0000 1.0000,0 1 0 1,0 0 0 0,"1,2,3,4,5,6,9",,no (tile),,,,90.00,,1.0000,,4,yes,4_4 4_4,cmm,2*22,L3
41,4,0,1,2,UUUU,not tested,90.00 90.00 90.00 90.00,1.0000 1.0000 1.0000 1.0000,0 0 0 0,0 2 0 2,"3,5,9",,no (tile),,,,90.00,,1.0000,,4,yes,4_4 4_4,cmm,2*22,L3
41,4,0,1,3,IIII,not tested,90.00 90.00 90.00 90.00,1.0000 1.0000 1.0000 1.0000,0 1 0 1,0 0 0 0,"1,2,3,4,5,6,9",,no (tile),,,,90.00,,1.0000,,4,yes,4_4 4_4,cmm,2*22,L3
48,4,0,0,0,SSSS,not tested,90.00 90.00 90.00 90.00,1.0000 1.0000 1.0000 1.0000,0 0 0 0,0 1 0 1,"1,2,3,4,5,6",,no (tile),,,,90.00,,1.0000,,4,yes,4_4 4_4,pmm,*2222,L2
48,4,0,0,1,IIII,not tested,90.00 90.00 90.00 90.00,1.0000 1.0000 1.0000 1.0000,0 0 0 0,0 0 0 0,"1,2,3,4,5,6,9",,no (tile),,,,90.00,,1.0000,,4,yes,4_4 4_4,pmm,*2222,L2
48,4,0,0,2,SSSS,not tested,90.00 90.00 90.00 90.00,1.0000 1.0000 1.0000 1.0000,0 0 0 0,0 1 0 1,"1,2,3,4,5,6",,no (tile),,,,90.00,,1.0000,,4,yes,4_4 4_4,pmm,*2222,L2
48,4,0,0,3,IIII,not tested,90.00 90.00 90.00 90.00,1.0000 1.0000 1.0000 1.0000,0 0 0 0,0 0 0 0,"1,2,3,4,5,6,9",,no (tile),,,,90.00,,1.0000,,4,yes,4_4 4_4,pmm,*2222,L2
48,4,0,1,0,SSSS,not tested,90.00 90.00 90.00 90.00,1.0000 1.0000 1.0000 1.0000,0 0 0 0,0 1 0 1,"1,2,3,4,5,6",,no (tile),,,,90.00,,1.0000,,4,yes,4_4 4_4,pmm,*2222,L2
48,4,0,1,1,IIII,not tested,90.00 90.00 90.00 90.00,1.0000 1.0000 1.0000 1.0000,0 0 0 0,0 0 0 0,"1,2,3,4,5,6,9",,no (tile),,,,90.00,,1.0000,,4,yes,4_4 4_4,pmm,*2222,L2
48,4,0,1,2,SSSS,not tested,90.00 90.00 90.00 90.00,1.0000 1.0000 1.0000 1.0000,0 0 0 0,0 1 0 1,"1,2,3,4,5,6",,no (tile),,,,90.00,,1.0000,,4,yes,4_4 4_4,pmm,*2222,L2
48,4,0,1,3,IIII,not tested,90.00 90.00 90.00 90.00,1.0000 1.0000 1.0000 1.0000,0 0 0 0,0 0 0 0,"1,2,3,4,5,6,9",,no (tile),,,,90.00,,1.0000,,4,yes,4_4 4_4,pmm,*2222,L2
49,4,0,0,0,IIII,not tested,90.00 90.00 90.00 90.00,1.0000 1.0000 1.0000 1.0000,0 0 0 0,0 0 0 0,"1,2,3,4,5,6,9",,no (tile),,,,90.00,,1.0000,,4,yes,4_4 4_4,p4g,4*2,L3
49,4,0,0,1,IIII,not tested,90.00 90.00 90.00 90.00,1.0000 1.0000 1.0000 1.0000,0 0 0 0,0 0 0 0,"1,2,3,4,5,6,9",,no (tile),,,,90.00,,1.0000,,4,yes,4_4 4_4,p4g,4*2,L3
49,4,0,0,2,IIII,not tested,90.00 90.00 90.00 90.00,1.0000 1.0000 1.0000 1.0000,0 0 0 0,0 0 0 0,"1,2,3,4,5,6,9",,no (tile),,,,90.00,,1.0000,,4,yes,4_4 4_4,p4g,4*2,L3
49,4,0,0,3,IIII,not tested,90.00 90.00 90.00 90.00,1.0000 1.0000 1.0000 1.0000,0 0 0 0,0 0 0 0,"1,2,3,4,5,6,9",,no (tile),,,,90.00,,1.0000,,4,yes,4_4 4_4,p4g,4*2,L3
49,4,0,1,0,IIII,not tested,90.00 90.00 90.00 90.00,1.0000 1.0000 1.0000 1.0000,0 0 0 0,0 0 0 0,"1,2,3,4,5,6,9",,no (tile),,,,90.00,,1.0000,,4,yes,4_4 4_4,p4g,4*2,L3
49,4,0,1,1,IIII,not tested,90.00 90.00 90.00 90.00,1.0000 1.0000 1.0000 1.0000,0 0 0 0,0 0 0 0,"1,2,3,4,5,6,9",,no (tile),,,,90.00,,1.0000,,4,yes,4_4 4_4,p4g,4*2,L3
49,4,0,1,2,IIII,not tested,90.00 90.00 90.00 90.00,1.0000 1.0000 1.0000 1.0000,0 0 0 0,0 0 0 0,"1,2,3,4,5,6,9",,no (tile),,,,90.00,,1.0000,,4,yes,4_4 4_4,p4g,4*2,L3
49,4,0,1,3,IIII,not tested,90.00 90.00 90.00 90.00,1.0000 1.0000 1.0000 1.0000,0 0 0 0,0 0 0 0,"1,2,3,4,5,6,9",,no (tile),,,,90.00,,1.0000,,4,yes,4_4 4_4,p4g,4*2,L3
55,4,0,0,0,SSSS,not tested,90.00 90.00 90.00 90.00,1.0000 1.0000 1.0000 1.0000,0 0 0 0,0 0 0 0,"1,4,9",,no (tile),,,,90.00,,1.0000,,4,yes,4_4 4_4,p4,442,L3
55,4,0,0,1,SSSS,not tested,90.00 90.00 90.00 90.00,1.0000 1.0000 1.0000 1.0000,0 0 0 0,0 0 0 0,"1,4,9",,no (tile),,,,90.00,,1.0000,,4,yes,4_4 4_4,p4,442,L3
55,4,0,0,2,SSSS,not tested,90.00 90.00 90.00 90.00,1.0000 1.0000 1.0000 1.0000,0 0 0 0,0 0 0 0,"1,4,9",,no (tile),,,,90.00,,1.0000,,4,yes,4_4 4_4,p4,442,L3
55,4,0,0,3,SSSS,not tested,90.00 90.00 90.00 90.00,1.0000 1.0000 1.0000 1.0000,0 0 0 0,0 0 0 0,"1,4,9",,no (tile),,,,90.00,,1.0000,,4,yes,4_4 4_4,p4,442,L3
55,4,0,1,0,IIII,not tested,90.00 90.00 90.00 90.00,1.0000 1.0000 1.0000 1.0000,0 0 0 0,0 0 0 0,"1,2,3,4,5,6,9",,no (tile),,,,90.00,,1.0000,,4,yes,4_4 4_4,p4,442,L3
55,4,0,1,1,IIII,not tested,90.00 90.00 90.00 90.00,1.0000 1.0000 1.0000 1.0000,0 0 0 0,0 0 0 0,"1,2,3,4,5,6,9",,no (tile),,,,90.00,,1.0000,,4,yes,4_4 4_4,p4,442,L3
55,4,0,1,2,IIII,not tested,90.00 90.00 90.00 90.00,1.0000 1.0000 1.0000 1.0000,0 0 0 0,0 0 0 0,"1,2,3,4,5,6,9",,no (tile),,,,90.00,,1.0000,,4,yes,4_4 4_4,p4,442,L3
55,4,0,1,3,IIII,not tested,90.00 90.00 90.00 90.00,1.0000 1.0000 1.0000 1.0000,0 0 0 0,0 0 0 0,"1,2,3,4,5,6,9",,no (tile),,,,90.00,,1.0000,,4,yes,4_4 4_4,p4,442,L3
103,4,0,0,0,IIII,not tested,90.00 90.00 90.00 90.00,1.0000 1.0000 1.0000 1.0000,0 0 0 0,0 0 0 0,"1,2,3,4,5,6,9",,no (tile),,,,90.00,,1.0000,,4,yes,4_2 4_1,pmm,*2222,L3
103,4,0,0,1,IIII,not tested,90.00 90.00 90.00 90.00,1.0000 1.0000 1.0000 1.0000,0 1 0 1,0 0 0 0,"1,2,3,4,5,6,9",,no (tile),,,,90.00,,1.0000,,4,yes,4_2 4_1,pmm,*2222,L3
103,4,0,0,2,IIII,not tested,90.00 90.00 90.00 90.00,1.0000 1.0000 1.0000 1.0000,0 0 0 0,0 0 0 0,"1,2,3,4,5,6,9",,no (tile),,,,90.00,,1.0000,,4,yes,4_2 4_1,pmm,*2222,L3
103,4,0,0,3,IIII,not tested,90.00 90.00 90.00 90.00,1.0000 1.0000 1.0000 1.0000,0 1 0 1,0 0 0 0,"1,2,3,4,5,6,9",,no (tile),,,,90.00,,1.0000,,4,yes,4_2 4_1,pmm,*2222,L3
103,4,0,1,0,IIII,not tested,90.00 90.00 90.00 90.00,1.0000 1.0000 1.0000 1.0000,0 1 0 1,0 0 0 0,"1,2,3,4,5,6,9",,no (tile),,,,90.00,,1.0000,,4,yes,4_2 4_1,pmm,*2222,L3
103,4,0,1,1,IIII,not tested,90.00 90.00 90.00 90.00,1.0000 1.0000 1.0000 1.0000,0 0 0 0,0 0 0 0,"1,2,3,4,5,6,9",,no (tile),,,,90.00,,1.0000,,4,yes,4_2 4_1,pmm,*2222,L3
103,4,0,1,2,IIII,not tested,90.00 90.00 90.00 90.00,1.0000 1.0000 1.0000 1.0000,0 1 0 1,0 0 0 0,"1,2,3,4,5,6,9",,no (tile),,,,90.00,,1.0000,,4,yes,4_2 4_1,pmm,*2222,L3
103,4,0,1,3,IIII,not tested,90.00 90.00 90.00 90.00,1.0000 1.0000 1.0000 1.0000,0 0 0 0,0 0 0 0,"1,2,3,4,5,6,9",,no (tile),,,,90.00,,1.0000,,4,yes,4_2 4_1,pmm,*2222,L3
134,4,0,0,0,IIII,not tested,60.00 120.00 60.00 120.00,1.0000 1.0000 1.0000 1.0000,0 0 0 0,0 0 0 0,"1,2,3,4,5,6,7",,no (tile),,,,60.00,,1.0000,,3 6,yes,4_2 4_4,p6m,*632,L3
134,4,0,0,2,IIII,not tested,60.00 120.00 60.00 120.00,1.0000 1.0000 1.0000 1.0000,0 0 0 0,0 0 0 0,"1,2,3,4,5,6,7",,no (tile),,,,60.00,,1.0000,,3 6,yes,4_2 4_4,p6m,*632,L3
134,4,0,1,0,IIII,not tested,60.00 120.00 60.00 120.00,1.0000 1.0000 1.0000 1.0000,0 0 0 0,0 0 0 0,"1,2,3,4,5,6,7",,no (tile),,,,60.00,,1.0000,,3 6,yes,4_2 4_4,p6m,*632,L3
134,4,0,1,2,IIII,not tested,60.00 120.00 60.00 120.00,1.0000 1.0000 1.0000 1.0000,0 0 0 0,0 0 0 0,"1,2,3,4,5,6,7",,no (tile),,,,60.00,,1.0000,,3 6,yes,4_2 4_4,p6m,*632,L3
142,4,0,0,0,IIII,not tested,90.00 90.00 90.00 90.00,1.0000 1.0000 1.0000 1.0000,0 0 0 0,0 0 0 0,"1,2,3,4,5,6,9",,no (tile),,,,90.00,,1.0000,,4,yes,4_2 4_4,cmm,2*22,L3
142,4,0,0,1,SSSS,not tested,90.00 90.00 90.00 90.00,1.0000 1.0000 1.0000 1.0000,0 0 0 0,0 1 0 1,"1,2,3,4,5,6",,no (tile),,,,90.00,,1.0000,,4,yes,4_2 4_4,cmm,2*22,L3
142,4,0,0,2,IIII,not tested,90.00 90.00 90.00 90.00,1.0000 1.0000 1.0000 1.0000,0 0 0 0,0 0 0 0,"1,2,3,4,5,6,9",,no (tile),,,,90.00,,1.0000,,4,yes,4_2 4_4,cmm,2*22,L3
142,4,0,0,3,SSSS,not tested,90.00 90.00 90.00 90.00,1.0000 1.0000 1.0000 1.0000,0 0 0 0,0 1 0 1,"1,2,3,4,5,6",,no (tile),,,,90.00,,1.0000,,4,yes,4_2 4_4,cmm,2*22,L3
142,4,0,1,0,IIII,not tested,90.00 90.00 90.00 90.00,1.0000 1.0000 1.0000 1.0000,0 0 0 0,0 0 0 0,"1,2,3,4,5,6,9",,no (tile),,,,90.00,,1.0000,,4,yes,4_2 4_4,cmm,2*22,L3
142,4,0,1,1,SSSS,not tested,90.00 90.00 90.00 90.00,1.0000 1.0000 1.0000 1.0000,0 0 0 0,0 1 0 1,"1,2,3,4,5,6",,no (tile),,,,90.00,,1.0000,,4,yes,4_2 4_4,cmm,2*22,L3
142,4,0,1,2,IIII,not tested,90.00 90.00 90.00 90.00,1.0000 1.0000 1.0000 1.0000,0 0 0 0,0 0 0 0,"1,2,3,4,5,6,9",,no (tile),,,,90.00,,1.0000,,4,yes,4_2 4_4,cmm,2*22,L3
142,4,0,1,3,SSSS,not tested,90.00 90.00 90.00 90.00,1.0000 1.0000 1.0000 1.0000,0 0 0 0,0 1 0 1,"1,2,3,4,5,6",,no (tile),,,,90.00,,1.0000,,4,yes,4_2 4_4,cmm,2*22,L3
143,4,0,0,1,IIII,not tested,60.00 120.00 60.00 120.00,1.0000 1.0000 1.0000 1.0000,0 0 0 0,0 0 0 0,"1,2,3,4,5,6,7",,no (tile),,,,60.00,,1.0000,,3 6,yes,4_4 4_2,cmm,2*22,L3
143,4,0,0,3,IIII,not tested,60.00 120.00 60.00 120.00,1.0000 1.0000 1.0000 1.0000,0 0 0 0,0 0 0 0,"1,2,3,4,5,6,7",,no (tile),,,,60.00,,1.0000,,3 6,yes,4_4 4_2,cmm,2*22,L3
143,4,0,1,1,IIII,not tested,60.00 120.00 60.00 120.00,1.0000 1.0000 1.0000 1.0000,0 0 0 0,0 0 0 0,"1,2,3,4,5,6,7",,no (tile),,,,60.00,,1.0000,,3 6,yes,4_4 4_2,cmm,2*22,L3
143,4,0,1,3,IIII,not tested,60.00 120.00 60.00 120.00,1.0000 1.0000 1.0000 1.0000,0 0 0 0,0 0 0 0,"1,2,3,4,5,6,7",,no (tile),,,,60.00,,1.0000,,3 6,yes,4_4 4_2,cmm,2*22,L3
206,4,0,0,2,IISS,not tested,45.39 180.00 45.39 89.22,1.0000 1.0000 1.4239 1.4239,0 0 2 2,0 0 0 1,"1,2,3,5,6",,no (tile),,,,45.39,,0.7023,,4 6,yes,3_2 4_2,cmm,2*22,L2
206,4,0,1,0,IISS,not tested,45.39 180.00 45.39 89.22,1.0000 1.0000 1.4239 1.4239,0 0 2 2,0 0 0 1,"1,2,3,5,6",,no (tile),,,,45.39,,0.7023,,4 6,yes,3_2 4_2,cmm,2*22,L2
212,4,0,0,3,IIII,not tested,45.00 180.00 45.00 90.00,1.0000 1.0000 1.4142 1.4142,0 0 2 2,0 0 0 0,"1,2,3,5,6,9",,no (tile),,,,45.00,,0.7071,,4 5,yes,3_2 4_2,cmm,2*22,L3
212,4,0,1,3,IIII,not tested,45.00 180.00 45.00 90.00,1.0000 1.0000 1.4142 1.4142,0 0 2 2,0 0 0 0,"1,2,3,5,6,9",,no (tile),,,,45.00,,0.7071,,4 5,yes,3_2 4_2,cmm,2*22,L3
308,4,0,0,0,IIII,not tested,90.00 90.00 90.00 90.00,1.0000 1.0000 1.0000 1.0000,0 1 0 1,0 0 0 0,"1,2,3,4,5,6,9",,no (tile),,,,90.00,,1.0000,,4,yes,4_1 4_1,pmm,*2222,L3
308,4,0,0,1,IIII,not tested,90.00 90.00 90.00 90.00,1.0000 1.0000 1.0000 1.0000,0 0 0 0,0 0 0 0,"1,2,3,4,5,6,9",,no (tile),,,,90.00,,1.0000,,4,yes,4_1 4_1,pmm,*2222,L3
308,4,0,0,2,IIII,not tested,90.00 90.00 90.00 90.00,1.0000 1.0000 1.0000 1.0000,0 1 2 1,0 0 0 0,"1,2,3,4,5,6,9",,no (tile),,,,90.00,,1.0000,,4,yes,4_1 4_1,pmm,*2222,L3
308,4,0,0,3,IIII,not tested,90.00 90.00 90.00 90.00,1.0000 1.0000 1.0000 1.0000,0 0 0 0,0 0 0 0,"1,2,3,4,5,6,9",,no (tile),,,,90.00,,1.0000,,4,yes,4_1 4_1,pmm,*2222,L3
308,4,0,1,0,IIII,not tested,90.00 90.00 90.00 90.00,1.0000 1.0000 1.0000 1.0000,0 0 0 0,0 0 0 0,"1,2,3,4,5,6,9",,no (tile),,,,90.00,,1.0000,,4,yes,4_1 4_1,pmm,*2222,L3
308,4,0,1,1,IIII,not tested,90.00 90.00 90.00 90.00,1.0000 1.0000 1.0000 1.0000,0 1 0 1,0 0 0 0,"1,2,3,4,5,6,9",,no (tile),,,,90.00,,1.0000,,4,yes,4_1 4_1,pmm,*2222,L3
308,4,0,1,2,IIII,not tested,90.00 90.00 90.00 90.00,1.0000 1.0000 1.0000 1.0000,0 0 0 0,0 0 0 0,"1,2,3,4,5,6,9",,no (tile),,,,90.00,,1.0000,,4,yes,4_1 4_1,pmm,*2222,L3
308,4,0,1,3,IIII,not tested,90.00 90.00 90.00 90.00,1.0000 1.0000 1.0000 1.0000,0 1 2 1,0 0 0 0,"1,2,3,4,5,6,9",,no (tile),,,,90.00,,1.0000,,4,yes,4_1 4_1,pmm,*2222,L3
319,4,0,0,0,IIII,not tested,90.00 90.00 90.00 90.00,1.0000 1.0000 1.0000 1.0000,0 0 0 0,0 0 0 0,"1,2,3,4,5,6,9",,no (tile),,,,90.00,,1.0000,,4,yes,4_2 4_2,pmm,*2222,L3
319,4,0,0,1,ISIS,not tested,90.00 90.00 90.00 90.00,1.0000 1.0000 1.0000 1.0000,0 1 2 1,0 0 0 1,"1,5,6",,no (tile),,,,90.00,,1.0000,,4,yes,4_2 4_2,pmm,*2222,L3
319,4,0,0,2,IIII,not tested,90.00 90.00 90.00 90.00,1.0000 1.0000 1.0000 1.0000,0 0 0 0,0 0 0 0,"1,2,3,4,5,6,9",,no (tile),,,,90.00,,1.0000,,4,yes,4_2 4_2,pmm,*2222,L3
319,4,0,0,3,IIII,not tested,90.00 90.00 90.00 90.00,1.0000 1.0000 1.0000 1.0000,0 1 2 1,0 0 0 0,"1,2,3,4,5,6,9",,no (tile),,,,90.00,,1.0000,,4,yes,4_2 4_2,pmm,*2222,L3
319,4,0,1,0,ISIS,not tested,90.00 90.00 90.00 90.00,1.0000 1.0000 1.0000 1.0000,0 1 2 1,0 0 0 1,"1,5,6",,no (tile),,,,90.00,,1.0000,,4,yes,4_2 4_2,pmm,*2222,L3
319,4,0,1,1,IIII,not tested,90.00 90.00 90.00 90.00,1.0000 1.0000 1.0000 1.0000,0 0 0 0,0 0 0 0,"1,2,3,4,5,6,9",,no (tile),,,,90.00,,1.0000,,4,yes,4_2 4_2,pmm,*2222,L3
319,4,0,1,2,IIII,not tested,90.00 90.00 90.00 90.00,1.0000 1.0000 1.0000 1.0000,0 1 2 1,0 0 0 0,"1,2,3,4,5,6,9",,no (tile),,,,90.00,,1.0000,,4,yes,4_2 4_2,pmm,*2222,L3
319,4,0,1,3,IIII,not tested,90.00 90.00 90.00 90.00,1.0000 1.0000 1.0000 1.0000,0 0 0 0,0 0 0 0,"1,2,3,4,5,6,9",,no (tile),,,,90.00,,1.0000,,4,yes,4_2 4_2,pmm,*2222,L3
320,4,0,0,0,IIII,not tested,90.00 90.00 90.00 90.00,1.0000 1.0000 1.0000 1.0000,0 0 0 0,0 0 0 0,"1,2,3,4,5,6,9",,no (tile),,,,90.00,,1.0000,,4,yes,4_2 4_2,cmm,2*22,L3
320,4,0,0,1,IIII,not tested,90.00 90.00 90.00 90.00,1.0000 1.0000 1.0000 1.0000,0 1 0 1,0 0 0 0,"1,2,3,4,5,6,9",,no (tile),,,,90.00,,1.0000,,4,yes,4_2 4_2,cmm,2*22,L3
320,4,0,0,2,IIII,not tested,90.00 90.00 90.00 90.00,1.0000 1.0000 1.0000 1.0000,0 0 0 0,0 0 0 0,"1,2,3,4,5,6,9",,no (tile),,,,90.00,,1.0000,,4,yes,4_2 4_2,cmm,2*22,L3
320,4,0,0,3,IIII,not tested,90.00 90.00 90.00 90.00,1.0000 1.0000 1.0000 1.0000,0 1 0 1,0 0 0 0,"1,2,3,4,5,6,9",,no (tile),,,,90.00,,1.0000,,4,yes,4_2 4_2,cmm,2*22,L3
320,4,0,1,0,IIII,not tested,90.00 90.00 90.00 90.00,1.0000 1.0000 1.0000 1.0000,0 1 0 1,0 0 0 0,"1,2,3,4,5,6,9",,no (tile),,,,90.00,,1.0000,,4,yes,4_2 4_2,cmm,2*22,L3
320,4,0,1,1,IIII,not tested,90.00 90.00 90.00 90.00,1.0000 1.0000 1.0000 1.0000,0 0 0 0,0 0 0 0,"1,2,3,4,5,6,9",,no (tile),,,,90.00,,1.0000,,4,yes,4_2 4_2,cmm,2*22,L3
320,4,0,1,2,IIII,not tested,90.00 90.00 90.00 90.00,1.0000 1.0000 1.0000 1.0000,0 1 0 1,0 0 0 0,"1,2,3,4,5,6,9",,no (tile),,,,90.00,,1.0000,,4,yes,4_2 4_2,cmm,2*22,L3
320,4,0,1,3,IIII,not tested,90.00 90.00 90.00 90.00,1.0000 1.0000 1.0000 1.0000,0 0 0 0,0 0 0 0,"1,2,3,4,5,6,9",,no (tile),,,,90.00,,1.0000,,4,yes,4_2 4_2,cmm,2*22,L3
321,4,0,0,0,IIII,not tested,90.00 90.00 90.00 90.00,1.0000 1.0000 1.0000 1.0000,0 0 0 0,0 0 0 0,"1,2,3,4,5,6,9",,no (tile),,,,90.00,,1.0000,,4,yes,4_3 4_3,cmm,2*22,L3
321,4,0,0,1,ISIS,not tested,90.00 90.00 90.00 90.00,1.0000 1.0000 1.0000 1.0000,0 1 0 1,0 0 0 1,"1,5,6",,no (tile),,,,90.00,,1.0000,,4,yes,4_3 4_3,cmm,2*22,L3
321,4,0,0,2,IIII,not tested,90.00 90.00 90.00 90.00,1.0000 1.0000 1.0000 1.0000,0 0 0 0,0 0 0 0,"1,2,3,4,5,6,9",,no (tile),,,,90.00,,1.0000,,4,yes,4_3 4_3,cmm,2*22,L3
321,4,0,0,3,IIII,not tested,90.00 90.00 90.00 90.00,1.0000 1.0000 1.0000 1.0000,0 1 2 1,0 0 0 0,"1,2,3,4,5,6,9",,no (tile),,,,90.00,,1.0000,,4,yes,4_3 4_3,cmm,2*22,L3
321,4,0,1,0,ISIS,not tested,90.00 90.00 90.00 90.00,1.0000 1.0000 1.0000 1.0000,0 1 0 1,0 0 0 1,"1,5,6",,no (tile),,,,90.00,,1.0000,,4,yes,4_3 4_3,cmm,2*22,L3
321,4,0,1,1,IIII,not tested,90.00 90.00 90.00 90.00,1.0000 1.0000 1.0000 1.0000,0 0 0 0,0 0 0 0,"1,2,3,4,5,6,9",,no (tile),,,,90.00,,1.0000,,4,yes,4_3 4_3,cmm,2*22,L3
321,4,0,1,2,IIII,not tested,90.00 90.00 90.00 90.00,1.0000 1.0000 1.0000 1.0000,0 1 2 1,0 0 0 0,"1,2,3,4,5,6,9",,no (tile),,,,90.00,,1.0000,,4,yes,4_3 4_3,cmm,2*22,L3
321,4,0,1,3,IIII,not tested,90.00 90.00 90.00 90.00,1.0000 1.0000 1.0000 1.0000,0 0 0 0,0 0 0 0,"1,2,3,4,5,6,9",,no (tile),,,,90.00,,1.0000,,4,yes,4_3 4_3,cmm,2*22,L3
356,4,0,0,0,IIII,not tested,90.00 90.00 90.00 90.00,1.0000 1.0000 1.0000 1.0000,0 1 2 1,0 0 0 0,"1,2,3,4,5,6,9",,no (tile),,,,90.00,,1.0000,,4,yes,4_2 4_2,pm,1**,L3
356,4,0,0,1,IIII,not tested,90.00 90.00 90.00 90.00,1.0000 1.0000 1.0000 1.0000,0 0 0 0,0 0 0 0,"1,2,3,4,5,6,9",,no (tile),,,,90.00,,1.0000,,4,yes,4_2 4_2,pm,1**,L3
356,4,0,0,2,UIUI,not tested,90.00 90.00 90.00 90.00,1.0000 1.0000 1.0000 1.0000,0 1 0 1,0 0 2 0,"1,4,5,6",,no (tile),,,,90.00,,1.0000,,4,yes,4_2 4_2,pm,1**,L3
356,4,0,0,3,IIII,not tested,90.00 90.00 90.00 90.00,1.0000 1.0000 1.0000 1.0000,0 0 0 0,0 0 0 0,"1,2,3,4,5,6,9",,no (tile),,,,90.00,,1.0000,,4,yes,4_2 4_2,pm,1**,L3
356,4,0,1,0,IIII,not tested,90.00 90.00 90.00 90.00,1.0000 1.0000 1.0000 1.0000,0 0 0 0,0 0 0 0,"1,2,3,4,5,6,9",,no (tile),,,,90.00,,1.0000,,4,yes,4_2 4_2,pm,1**,L3
356,4,0,1,1,IIII,not tested,90.00 90.00 90.00 90.00,1.0000 1.0000 1.0000 1.0000,0 1 2 1,0 0 0 0,"1,2,3,4,5,6,9",,no (tile),,,,90.00,,1.0000,,4,yes,4_2 4_2,pm,1**,L3
356,4,0,1,2,IIII,not tested,90.00 90.00 90.00 90.00,1.0000 1.0000 1.0000 1.0000,0 0 0 0,0 0 0 0,"1,2,3,4,5,6,9",,no (tile),,,,90.00,,1.0000,,4,yes,4_2 4_2,pm,1**,L3
356,4,0,1,3,UIUI,not tested,90.00 90.00 90.00 90.00,1.0000 1.0000 1.0000 1.0000,0 1 0 1,0 0 2 0,"1,4,5,6",,no (tile),,,,90.00,,1.0000,,4,yes,4_2 4_2,pm,1**,L3
362,4,0,0,0,ISIS,not tested,90.00 90.00 90.00 90.00,1.0000 1.0000 1.0000 1.0000,0 1 2 1,0 0 0 1,"1,5,6",,no (tile),,,,90.00,,1.0000,,4,yes,4_2 4_2,pmg,22*,L2
362,4,0,0,1,IIII,not tested,90.00 90.00 90.00 90.00,1.0000 1.0000 1.0000 1.0000,0 0 0 0,0 0 0 0,"1,2,3,4,5,6,9",,no (tile),,,,90.00,,1.0000,,4,yes,4_2 4_2,pmg,22*,L2
362,4,0,0,2,USUS,not tested,90.00 90.00 90.00 90.00,1.0000 1.0000 1.0000 1.0000,0 1 0 1,0 0 2 1,"1,5,6",,no (tile),,,,90.00,,1.0000,,4,yes,4_2 4_2,pmg,22*,L2
362,4,0,0,3,IIII,not tested,90.00 90.00 90.00 90.00,1.0000 1.0000 1.0000 1.0000,0 0 0 0,0 0 0 0,"1,2,3,4,5,6,9",,no (tile),,,,90.00,,1.0000,,4,yes,4_2 4_2,pmg,22*,L2
362,4,0,1,0,IIII,not tested,90.00 90.00 90.00 90.00,1.0000 1.0000 1.0000 1.0000,0 0 0 0,0 0 0 0,"1,2,3,4,5,6,9",,no (tile),,,,90.00,,1.0000,,4,yes,4_2 4_2,pmg,22*,L2
362,4,0,1,1,ISIS,not tested,90.00 90.00 90.00 90.00,1.0000 1.0000 1.0000 1.0000,0 1 2 1,0 0 0 1,"1,5,6",,no (tile),,,,90.00,,1.0000,,4,yes,4_2 4_2,pmg,22*,L2
362,4,0,1,2,IIII,not tested,90.00 90.00 90.00 90.00,1.0000 1.0000 1.0000 1.0000,0 0 0 0,0 0 0 0,"1,2,3,4,5,6,9",,no (tile),,,,90.00,,1.0000,,4,yes,4_2 4_2,pmg,22*,L2
362,4,0,1,3,USUS,not tested,90.00 90.00 90.00 90.00,1.0000 1.0000 1.0000 1.0000,0 1 0 1,0 0 2 1,"1,5,6",,no (tile),,,,90.00,,1.0000,,4,yes,4_2 4_2,pmg,22*,L2
363,4,0,0,0,IIII,not tested,90.00 90.00 90.00 90.00,1.0000 1.0000 1.0000 1.0000,0 0 0 0,0 0 0 0,"1,2,3,4,5,6,9",,no (tile),,,,90.00,,1.0000,,4,yes,4_2 4_2,pm,1**,L3
363,4,0,0,1,USUS,not tested,90.00 90.00 90.00 90.00,1.0000 1.0000 1.0000 1.0000,0 1 0 1,0 0 2 1,"1,5,6",,no (tile),,,,90.00,,1.0000,,4,yes,4_2 4_2,pm,1**,L3
363,4,0,0,2,IIII,not tested,90.00 90.00 90.00 90.00,1.0000 1.0000 1.0000 1.0000,0 0 0 0,0 0 0 0,"1,2,3,4,5,6,9",,no (tile),,,,90.00,,1.0000,,4,yes,4_2 4_2,pm,1**,L3
363,4,0,0,3,UIUI,not tested,90.00 90.00 90.00 90.00,1.0000 1.0000 1.0000 1.0000,0 1 0 1,0 0 2 0,"1,4,5,6",,no (tile),,,,90.00,,1.0000,,4,yes,4_2 4_2,pm,1**,L3
363,4,0,1,0,USUS,not tested,90.00 90.00 90.00 90.00,1.0000 1.0000 1.0000 1.0000,0 1 0 1,0 0 2 1,"1,5,6",,no (tile),,,,90.00,,1.0000,,4,yes,4_2 4_2,pm,1**,L3
363,4,0,1,1,IIII,not tested,90.00 90.00 90.00 90.00,1.0000 1.0000 1.0000 1.0000,0 0 0 0,0 0 0 0,"1,2,3,4,5,6,9",,no (tile),,,,90.00,,1.0000,,4,yes,4_2 4_2,pm,1**,L3
363,4,0,1,2,UIUI,not tested,90.00 90.00 90.00 90.00,1.0000 1.0000 1.0000 1.0000,0 1 0 1,0 0 2 0,"1,4,5,6",,no (tile),,,,90.00,,1.0000,,4,yes,4_2 4_2,pm,1**,L3
363,4,0,1,3,IIII,not tested,90.00 90.00 90.00 90.00,1.0000 1.0000 1.0000 1.0000,0 0 0 0,0 0 0 0,"1,2,3,4,5,6,9",,no (tile),,,,90.00,,1.0000,,4,yes,4_2 4_2,pm,1**,L3
364,4,0,0,0,IIII,not tested,90.00 90.00 90.00 90.00,1.0000 1.0000 1.0000 1.0000,0 0 0 0,0 0 0 0,"1,2,3,4,5,6,9",,no (tile),,,,90.00,,1.0000,,4,yes,4_2 4_2,pmg,22*,L3
364,4,0,0,1,IIII,not tested,90.00 90.00 90.00 90.00,1.0000 1.0000 1.0000 1.0000,0 1 0 1,0 0 0 0,"1,2,3,4,5,6,9",,no (tile),,,,90.00,,1.0000,,4,yes,4_2 4_2,pmg,22*,L3
364,4,0,0,2,IIII,not tested,90.00 90.00 90.00 90.00,1.0000 1.0000 1.0000 1.0000,0 0 0 0,0 0 0 0,"1,2,3,4,5,6,9",,no (tile),,,,90.00,,1.0000,,4,yes,4_2 4_2,pmg,22*,L3
364,4,0,0,3,IIII,not tested,90.00 90.00 90.00 90.00,1.0000 1.0000 1.0000 1.0000,0 1 0 1,0 0 0 0,"1,2,3,4,5,6,9",,no (tile),,,,90.00,,1.0000,,4,yes,4_2 4_2,pmg,22*,L3
364,4,0,1,0,IIII,not tested,90.00 90.00 90.00 90.00,1.0000 1.0000 1.0000 1.0000,0 1 0 1,0 0 0 0,"1,2,3,4,5,6,9",,no (tile),,,,90.00,,1.0000,,4,yes,4_2 4_2,pmg,22*,L3
364,4,0,1,1,IIII,not tested,90.00 90.00 90.00 90.00,1.0000 1.0000 1.0000 1.0000,0 0 0 0,0 0 0 0,"1,2,3,4,5,6,9",,no (tile),,,,90.00,,1.0000,,4,yes,4_2 4_2,pmg,22*,L3
364,4,0,1,2,IIII,not tested,90.00 90.00 90.00 90.00,1.0000 1.0000 1.0000 1.0000,0 1 0 1,0 0 0 0,"1,2,3,4,5,6,9",,no (tile),,,,90.00,,1.0000,,4,yes,4_2 4_2,pmg,22*,L3
364,4,0,1,3,IIII,not tested,90.00 90.00 90.00 90.00,1.0000 1.0000 1.0000 1.0000,0 0 0 0,0 0 0 0,"1,2,3,4,5,6,9",,no (tile),,,,90.00,,1.0000,,4,yes,4_2 4_2,pmg,22*,L3
367,4,0,0,0,IIII,not tested,90.00 90.00 90.00 90.00,1.0000 1.0000 1.0000 1.0000,0 1 2 1,0 0 0 0,"1,2,3,4,5,6,9",,no (tile),,,,90.00,,1.0000,,4,yes,4_4 4_4,pmg,22*,L3
367,4,0,0,1,UUUU,not tested,90.00 90.00 90.00 90.00,1.0000 1.0000 1.0000 1.0000,0 0 0 0,0 2 0 2,"3,5,9",,no (tile),,,,90.00,,1.0000,,4,yes,4_4 4_4,pmg,22*,L3
367,4,0,0,2,USUS,not tested,90.00 90.00 90.00 90.00,1.0000 1.0000 1.0000 1.0000,0 1 0 1,0 0 2 1,"1,5,6",,no (tile),,,,90.00,,1.0000,,4,yes,4_4 4_4,pmg,22*,L3
367,4,0,0,3,UUUU,not tested,90.00 90.00 90.00 90.00,1.0000 1.0000 1.0000 1.0000,0 0 0 0,0 2 0 2,"3,5,9",,no (tile),,,,90.00,,1.0000,,4,yes,4_4 4_4,pmg,22*,L3
367,4,0,1,0,UUUU,not tested,90.00 90.00 90.00 90.00,1.0000 1.0000 1.0000 1.0000,0 0 0 0,0 2 0 2,"3,5,9",,no (tile),,,,90.00,,1.0000,,4,yes,4_4 4_4,pmg,22*,L3
367,4,0,1,1,IIII,not tested,90.00 90.00 90.00 90.00,1.0000 1.0000 1.0000 1.0000,0 1 2 1,0 0 0 0,"1,2,3,4,5,6,9",,no (tile),,,,90.00,,1.0000,,4,yes,4_4 4_4,pmg,22*,L3
367,4,0,1,2,UUUU,not tested,90.00 90.00 90.00 90.00,1.0000 1.0000 1.0000 1.0000,0 0 0 0,0 2 0 2,"3,5,9",,no (tile),,,,90.00,,1.0000,,4,yes,4_4 4_4,pmg,22*,L3
367,4,0,1,3,USUS,not tested,90.00 90.00 90.00 90.00,1.0000 1.0000 1.0000 1.0000,0 1 0 1,0 0 2 1,"1,5,6",,no (tile),,,,90.00,,1.0000,,4,yes,4_4 4_4,pmg,22*,L3
368,4,0,0,0,ISIS,not tested,90.00 90.00 90.00 90.00,1.0000 1.0000 1.0000 1.0000,0 1 2 1,0 0 0 1,"1,5,6",,no (tile),,,,90.00,,1.0000,,4,yes,4_4 4_4,cm,1*x,L2
368,4,0,0,1,UUUU,not tested,90.00 90.00 90.00 90.00,1.0000 1.0000 1.0000 1.0000,0 0 0 0,0 2 0 2,"3,5,9",,no (tile),,,,90.00,,1.0000,,4,yes,4_4 4_4,cm,1*x,L2
368,4,0,0,2,UIUI,not tested,90.00 90.00 90.00 90.00,1.0000 1.0000 1.0000 1.0000,0 1 0 1,0 0 2 0,"1,4,5,6",,no (tile),,,,90.00,,1.0000,,4,yes,4_4 4_4,cm,1*x,L2
368,4,0,0,3,UUUU,not tested,90.00 90.00 90.00 90.00,1.0000 1.0000 1.0000 1.0000,0 0 0 0,0 2 0 2,"3,5,9",,no (tile),,,,90.00,,1.0000,,4,yes,4_4 4_4,cm,1*x,L2
368,4,0,1,0,UUUU,not tested,90.00 90.00 90.00 90.00,1.0000 1.0000 1.0000 1.0000,0 0 0 0,0 2 0 2,"3,5,9",,no (tile),,,,90.00,,1.0000,,4,yes,4_4 4_4,cm,1*x,L2
368,4,0,1,1,ISIS,not tested,90.00 90.00 90.00 90.00,1.0000 1.0000 1.0000 1.0000,0 1 2 1,0 0 0 1,"1,5,6",,no (tile),,,,90.00,,1.0000,,4,yes,4_4 4_4,cm,1*x,L2
368,4,0,1,2,UUUU,not tested,90.00 90.00 90.00 90.00,1.0000 1.0000 1.0000 1.0000,0 0 0 0,0 2 0 2,"3,5,9",,no (tile),,,,90.00,,1.0000,,4,yes,4_4 4_4,cm,1*x,L2
368,4,0,1,3,UIUI,not tested,90.00 90.00 90.00 90.00,1.0000 1.0000 1.0000 1.0000,0 1 0 1,0 0 2 0,"1,4,5,6",,no (tile),,,,90.00,,1.0000,,4,yes,4_4 4_4,cm,1*x,L2
371,4,0,0,0,IIII,not tested,60.00 120.00 60.00 120.00,1.0000 1.0000 1.0000 1.0000,0 0 0 0,0 0 0 0,"1,2,3,4,5,6,7",,no (tile),,,,60.00,,1.0000,,3 6,yes,4_2 4_2,p6m,*632,L3
371,4,0,0,2,IIII,not tested,60.00 120.00 60.00 120.00,1.0000 1.0000 1.0000 1.0000,0 0 0 0,0 0 0 0,"1,2,3,4,5,6,7",,no (tile),,,,60.00,,1.0000,,3 6,yes,4_2 4_2,p6m,*632,L3
371,4,0,1,0,IIII,not tested,60.00 120.00 60.00 120.00,1.0000 1.0000 1.0000 1.0000,0 0 0 0,0 0 0 0,"1,2,3,4,5,6,7",,no (tile),,,,60.00,,1.0000,,3 6,yes,4_2 4_2,p6m,*632,L3
371,4,0,1,2,IIII,not tested,60.00 120.00 60.00 120.00,1.0000 1.0000 1.0000 1.0000,0 0 0 0,0 0 0 0,"1,2,3,4,5,6,7",,no (tile),,,,60.00,,1.0000,,3 6,yes,4_2 4_2,p6m,*632,L3
377,4,0,0,2,IIII,not tested,120.00 90.00 60.00 90.00,1.0000 1.7321 1.7321 1.0000,0 1 1 0,0 0 0 0,"1,2,3,5,6,8",,no (tile),,,,60.00,,0.5774,,3 4 6,yes,4_2 4_2,p3m1,*333,L3
377,4,0,1,2,IIII,not tested,120.00 90.00 60.00 90.00,1.0000 1.7321 1.7321 1.0000,0 1 1 0,0 0 0 0,"1,2,3,5,6,8",,no (tile),,,,60.00,,0.5774,,3 4 6,yes,4_2 4_2,p3m1,*333,L3
378,4,0,0,0,IIII,not tested,90.00 90.00 90.00 90.00,1.0000 1.0000 1.0000 1.0000,0 0 0 0,0 0 0 0,"1,2,3,4,5,6,9",,no (tile),,,,90.00,,1.0000,,4,yes,4_2 4_2,p4m,*442,L3
378,4,0,0,1,IIII,not tested,90.00 90.00 90.00 90.00,1.0000 1.0000 1.0000 1.0000,0 0 0 0,0 0 0 0,"1,2,3,4,5,6,9",,no (tile),,,,90.00,,1.0000,,4,yes,4_2 4_2,p4m,*442,L3
378,4,0,0,2,IIII,not tested,90.00 90.00 90.00 90.00,1.0000 1.0000 1.0000 1.0000,0 1 1 0,0 0 0 0,"1,2,3,4,5,6,9",,no (tile),,,,90.00,,1.0000,,4,yes,4_2 4_2,p4m,*442,L3
378,4,0,0,3,IIII,not tested,90.00 90.00 90.00 90.00,1.0000 1.0000 1.0000 1.0000,0 0 0 0,0 0 0 0,"1,2,3,4,5,6,9",,no (tile),,,,90.00,,1.0000,,4,yes,4_2 4_2,p4m,*442,L3
378,4,0,1,0,IIII,not tested,90.00 90.00 90.00 90.00,1.0000 1.0000 1.0000 1.0000,0 0 0 0,0 0 0 0,"1,2,3,4,5,6,9",,no (tile),,,,90.00,,1.0000,,4,yes,4_2 4_2,p4m,*442,L3
378,4,0,1,1,IIII,not tested,90.00 90.00 90.00 90.00,1.0000 1.0000 1.0000 1.0000,0 0 0 0,0 0 0 0,"1,2,3,4,5,6,9",,no (tile),,,,90.00,,1.0000,,4,yes,4_2 4_2,p4m,*442,L3
378,4,0,1,2,IIII,not tested,90.00 90.00 90.00 90.00,1.0000 1.0000 1.0000 1.0000,0 1 1 0,0 0 0 0,"1,2,3,4,5,6,9",,no (tile),,,,90.00,,1.0000,,4,yes,4_2 4_2,p4m,*442,L3
378,4,0,1,3,IIII,not tested,90.00 90.00 90.00 90.00,1.0000 1.0000 1.0000 1.0000,0 0 0 0,0 0 0 0,"1,2,3,4,5,6,9",,no (tile),,,,90.00,,1.0000,,4,yes,4_2 4_2,p4m,*442,L3
379,4,0,0,1,IIII,not tested,60.00 120.00 60.00 120.00,1.0000 1.0000 1.0000 1.0000,0 0 0 0,0 0 0 0,"1,2,3,4,5,6,7",,no (tile),,,,60.00,,1.0000,,3 4 6,yes,4_2 4_2,p6m,*632,L3
379,4,0,0,3,IIII,not tested,60.00 120.00 60.00 120.00,1.0000 1.0000 1.0000 1.0000,0 0 0 0,0 0 0 0,"1,2,3,4,5,6,7",,no (tile),,,,60.00,,1.0000,,3 4 6,yes,4_2 4_2,p6m,*632,L3
379,4,0,1,1,IIII,not tested,60.00 120.00 60.00 120.00,1.0000 1.0000 1.0000 1.0000,0 0 0 0,0 0 0 0,"1,2,3,4,5,6,7",,no (tile),,,,60.00,,1.0000,,3 4 6,yes,4_2 4_2,p6m,*632,L3
379,4,0,1,3,IIII,not tested,60.00 120.00 60.00 120.00,1.0000 1.0000 1.0000 1.0000,0 0 0 0,0 0 0 0,"1,2,3,4,5,6,7",,no (tile),,,,60.00,,1.0000,,3 4 6,yes,4_2 4_2,p6m,*632,L3
385,4,0,0,0,IIII,not tested,90.00 90.00 90.00 90.00,1.0000 1.0000 1.0000 1.0000,0 0 0 0,0 0 0 0,"1,2,3,4,5,6,9",,no (tile),,,,90.00,,1.0000,,4,yes,4_2 4_2,pmg,22*,L3
385,4,0,0,1,SSSS,not tested,90.00 90.00 90.00 90.00,1.0000 1.0000 1.0000 1.0000,0 1 1 0,0 0 1 1,"1,2,3,5,6",,no (tile),,,,90.00,,1.0000,,4,yes,4_2 4_2,pmg,22*,L3
385,4,0,0,2,IIII,not tested,90.00 90.00 90.00 90.00,1.0000 1.0000 1.0000 1.0000,0 0 0 0,0 0 0 0,"1,2,3,4,5,6,9",,no (tile),,,,90.00,,1.0000,,4,yes,4_2 4_2,pmg,22*,L3
385,4,0,0,3,SSSS,not tested,90.00 90.00 90.00 90.00,1.0000 1.0000 1.0000 1.0000,0 0 0 0,0 1 0 1,"1,2,3,4,5,6",,no (tile),,,,90.00,,1.0000,,4,yes,4_2 4_2,pmg,22*,L3
385,4,0,1,0,IIII,not tested,90.00 90.00 90.00 90.00,1.0000 1.0000 1.0000 1.0000,0 0 0 0,0 0 0 0,"1,2,3,4,5,6,9",,no (tile),,,,90.00,,1.0000,,4,yes,4_2 4_2,pmg,22*,L3
385,4,0,1,1,SSSS,not tested,90.00 90.00 90.00 90.00,1.0000 1.0000 1.0000 1.0000,0 0 0 0,0 1 0 1,"1,2,3,4,5,6",,no (tile),,,,90.00,,1.0000,,4,yes,4_2 4_2,pmg,22*,L3
385,4,0,1,2,IIII,not tested,90.00 90.00 90.00 90.00,1.0000 1.0000 1.0000 1.0000,0 0 0 0,0 0 0 0,"1,2,3,4,5,6,9",,no (tile),,,,90.00,,1.0000,,4,yes,4_2 4_2,pmg,22*,L3
385,4,0,1,3,SSSS,not tested,90.00 90.00 90.00 90.00,1.0000 1.0000 1.0000 1.0000,0 1 1 0,0 0 1 1,"1,2,3,5,6",,no (tile),,,,90.00,,1.0000,,4,yes,4_2 4_2,pmg,22*,L3
386,4,0,0,0,IIII,not tested,120.00 60.00 120.00 60.00,1.0000 1.0000 1.0000 1.0000,0 0 0 0,0 0 0 0,"1,2,3,4,5,6,7",,no (tile),,,,60.00,,1.0000,,3 5,yes,4_2 4_2,pmg,22*,L3
386,4,0,0,2,IIII,not tested,120.00 60.00 120.00 60.00,1.0000 1.0000 1.0000 1.0000,0 0 0 0,0 0 0 0,"1,2,3,4,5,6,7",,no (tile),,,,60.00,,1.0000,,3 5,yes,4_2 4_2,pmg,22*,L3
386,4,0,1,0,IIII,not tested,120.00 60.00 120.00 60.00,1.0000 1.0000 1.0000 1.0000,0 0 0 0,0 0 0 0,"1,2,3,4,5,6,7",,no (tile),,,,60.00,,1.0000,,3 5,yes,4_2 4_2,pmg,22*,L3
386,4,0,1,2,IIII,not tested,120.00 60.00 120.00 60.00,1.0000 1.0000 1.0000 1.0000,0 0 0 0,0 0 0 0,"1,2,3,4,5,6,7",,no (tile),,,,60.00,,1.0000,,3 5,yes,4_2 4_2,pmg,22*,L3
407,4,0,0,0,SSSS,not tested,90.00 90.00 90.00 90.00,1.0000 1.0000 1.0000 1.0000,0 0 0 0,0 1 0 1,"1,2,3,4,5,6",,no (tile),,,,90.00,,1.0000,,4,yes,4_4 4_4,cmm,2*22,L2
407,4,0,0,1,JJJJ,not tested,90.00 90.00 90.00 90.00,1.0000 1.0000 1.0000 1.0000,0 0 0 0,0 3 2 1,"6,9",,no (tile),,,,90.00,,1.0000,,4,yes,4_4 4_4,cmm,2*22,L2
407,4,0,0,2,SSSS,not tested,90.00 90.00 90.00 90.00,1.0000 1.0000 1.0000 1.0000,0 0 0 0,0 1 0 1,"1,2,3,4,5,6",,no (tile),,,,90.00,,1.0000,,4,yes,4_4 4_4,cmm,2*22,L2
407,4,0,0,3,IIII,not tested,90.00 90.00 90.00 90.00,1.0000 1.0000 1.0000 1.0000,0 1 1 0,0 0 0 0,"1,2,3,4,5,6,9",,no (tile),,,,90.00,,1.0000,,4,yes,4_4 4_4,cmm,2*22,L2
407,4,0,1,0,SSSS,not tested,90.00 90.00 90.00 90.00,1.0000 1.0000 1.0000 1.0000,0 0 0 0,0 1 0 1,"1,2,3,4,5,6",,no (tile),,,,90.00,,1.0000,,4,yes,4_4 4_4,cmm,2*22,L2
407,4,0,1,1,IIII,not tested,90.00 90.00 90.00 90.00,1.0000 1.0000 1.0000 1.0000,0 1 1 0,0 0 0 0,"1,2,3,4,5,6,9",,no (tile),,,,90.00,,1.0000,,4,yes,4_4 4_4,cmm,2*22,L2
407,4,0,1,2,SSSS,not tested,90.00 90.00 90.00 90.00,1.0000 1.0000 1.0000 1.0000,0 0 0 0,0 1 0 1,"1,2,3,4,5,6",,no (tile),,,,90.00,,1.0000,,4,yes,4_4 4_4,cmm,2*22,L2
407,4,0,1,3,JJJJ,not tested,90.00 90.00 90.00 90.00,1.0000 1.0000 1.0000 1.0000,0 0 0 0,0 3 2 1,"6,9",,no (tile),,,,90.00,,1.0000,,4,yes,4_4 4_4,cmm,2*22,L2
408,4,0,0,0,SSSS,not tested,90.00 90.00 90.00 90.00,1.0000 1.0000 1.0000 1.0000,0 1 1 0,0 0 1 1,"1,2,3,5,6",,no (tile),,,,90.00,,1.0000,,4,yes,4_4 4_4,pm,1**,L2
408,4,0,0,1,IIII,not tested,90.00 90.00 90.00 90.00,1.0000 1.0000 1.0000 1.0000,0 0 0 0,0 0 0 0,"1,2,3,4,5,6,9",,no (tile),,,,90.00,,1.0000,,4,yes,4_4 4_4,pm,1**,L2
408,4,0,0,2,JJJJ,not tested,90.00 90.00 90.00 90.00,1.0000 1.0000 1.0000 1.0000,0 0 0 0,0 2 3 1,"3,4,5",,no (tile),,,,90.00,,1.0000,,4,yes,4_4 4_4,pm,1**,L2
408,4,0,0,3,IIII,not tested,90.00 90.00 90.00 90.00,1.0000 1.0000 1.0000 1.0000,0 0 0 0,0 0 0 0,"1,2,3,4,5,6,9",,no (tile),,,,90.00,,1.0000,,4,yes,4_4 4_4,pm,1**,L2
408,4,0,1,0,SSSS,not tested,90.00 90.00 90.00 90.00,1.0000 1.0000 1.0000 1.0000,0 1 1 0,0 0 1 1,"1,2,3,5,6",,no (tile),,,,90.00,,1.0000,,4,yes,4_4 4_4,pm,1**,L2
408,4,0,1,1,IIII,not tested,90.00 90.00 90.00 90.00,1.0000 1.0000 1.0000 1.0000,0 0 0 0,0 0 0 0,"1,2,3,4,5,6,9",,no (tile),,,,90.00,,1.0000,,4,yes,4_4 4_4,pm,1**,L2
408,4,0,1,2,JJJJ,not tested,90.00 90.00 90.00 90.00,1.0000 1.0000 1.0000 1.0000,0 0 0 0,0 2 3 1,"3,4,5",,no (tile),,,,90.00,,1.0000,,4,yes,4_4 4_4,pm,1**,L2
408,4,0,1,3,IIII,not tested,90.00 90.00 90.00 90.00,1.0000 1.0000 1.0000 1.0000,0 0 0 0,0 0 0 0,"1,2,3,4,5,6,9",,no (tile),,,,90.00,,1.0000,,4,yes,4_4 4_4,pm,1**,L2
409,4,0,0,0,SSSS,not tested,90.00 90.00 90.00 90.00,1.0000 1.0000 1.0000 1.0000,0 0 0 0,0 1 0 1,"1,2,3,4,5,6",,no (tile),,,,90.00,,1.0000,,4,yes,4_4 4_4,pmg,22*,L2
409,4,0,0,1,IIII,not tested,90.00 90.00 90.00 90.00,1.0000 1.0000 1.0000 1.0000,0 0 0 0,0 0 0 0,"1,2,3,4,5,6,9",,no (tile),,,,90.00,,1.0000,,4,yes,4_4 4_4,pmg,22*,L2
409,4,0,0,2,SSSS,not tested,90.00 90.00 90.00 90.00,1.0000 1.0000 1.0000 1.0000,0 0 0 0,0 1 0 1,"1,2,3,4,5,6",,no (tile),,,,90.00,,1.0000,,4,yes,4_4 4_4,pmg,22*,L2
409,4,0,0,3,IIII,not tested,90.00 90.00 90.00 90.00,1.0000 1.0000 1.0000 1.0000,0 0 0 0,0 0 0 0,"1,2,3,4,5,6,9",,no (tile),,,,90.00,,1.0000,,4,yes,4_4 4_4,pmg,22*,L2
409,4,0,1,0,SSSS,not tested,90.00 90.00 90.00 90.00,1.0000 1.0000 1.0000 1.0000,0 0 0 0,0 1 0 1,"1,2,3,4,5,6",,no (tile),,,,90.00,,1.0000,,4,yes,4_4 4_4,pmg,22*,L2
409,4,0,1,1,IIII,not tested,90.00 90.00 90.00 90.00,1.0000 1.0000 1.0000 1.0000,0 0 0 0,0 0 0 0,"1,2,3,4,5,6,9",,no (tile),,,,90.00,,1.0000,,4,yes,4_4 4_4,pmg,22*,L2
409,4,0,1,2,SSSS,not tested,90.00 90.00 90.00 90.00,1.0000 1.0000 1.0000 1.0000,0 0 0 0,0 1 0 1,"1,2,3,4,5,6",,no (tile),,,,90.00,,1.0000,,4,yes,4_4 4_4,pmg,22*,L2
409,4,0,1,3,IIII,not tested,90.00 90.00 90.00 90.00,1.0000 1.0000 1.0000 1.0000,0 0 0 0,0 0 0 0,"1,2,3,4,5,6,9",,no (tile),,,,90.00,,1.0000,,4,yes,4_4 4_4,pmg,22*,L2
423,4,0,0,0,IIII,not tested,90.00 90.00 90.00 90.00,1.0000 1.0000 1.0000 1.0000,0 0 0 0,0 0 0 0,"1,2,3,4,5,6,9",,no (tile),,,,90.00,,1.0000,,4,yes,4_2 4_2,pmg,22*,L3
423,4,0,0,1,ISIS,not tested,90.00 90.00 90.00 90.00,1.0000 1.0000 1.0000 1.0000,0 1 0 1,0 0 0 0,"1,4,5,6",,no (tile),,,,90.00,,1.0000,,4,yes,4_2 4_2,pmg,22*,L3
423,4,0,0,2,IIII,not tested,90.00 90.00 90.00 90.00,1.0000 1.0000 1.0000 1.0000,0 0 0 0,0 0 0 0,"1,2,3,4,5,6,9",,no (tile),,,,90.00,,1.0000,,4,yes,4_2 4_2,pmg,22*,L3
423,4,0,0,3,ISIS,not tested,90.00 90.00 90.00 90.00,1.0000 1.0000 1.0000 1.0000,0 1 0 1,0 0 0 0,"1,4,5,6",,no (tile),,,,90.00,,1.0000,,4,yes,4_2 4_2,pmg,22*,L3
423,4,0,1,0,IIII,not tested,90.00 90.00 90.00 90.00,1.0000 1.0000 1.0000 1.0000,0 1 0 1,0 0 0 0,"1,2,3,4,5,6,9",,no (tile),,,,90.00,,1.0000,,4,yes,4_2 4_2,pmg,22*,L3
423,4,0,1,1,IIII,not tested,90.00 90.00 90.00 90.00,1.0000 1.0000 1.0000 1.0000,0 0 0 0,0 0 0 0,"1,2,3,4,5,6,9",,no (tile),,,,90.00,,1.0000,,4,yes,4_2 4_2,pmg,22*,L3
423,4,0,1,2,IIII,not tested,90.00 90.00 90.00 90.00,1.0000 1.0000 1.0000 1.0000,0 1 0 1,0 0 0 0,"1,2,3,4,5,6,9",,no (tile),,,,90.00,,1.0000,,4,yes,4_2 4_2,pmg,22*,L3
423,4,0,1,3,IIII,not tested,90.00 90.00 90.00 90.00,1.0000 1.0000 1.0000 1.0000,0 0 0 0,0 0 0 0,"1,2,3,4,5,6,9",,no (tile),,,,90.00,,1.0000,,4,yes,4_2 4_2,pmg,22*,L3
432,4,0,0,0,SSSS,not tested,90.00 90.00 90.00 90.00,1.0000 1.0000 1.0000 1.0000,0 0 0 0,0 0 0 0,"1,4,9",,no (tile),,,,90.00,,1.0000,,4,yes,4_2 4_2,p2,2222,L2
432,4,0,0,1,SSSS,not tested,90.00 90.00 90.00 90.00,1.0000 1.0000 1.0000 1.0000,0 1 0 1,0 0 0 0,"1,4",,no (tile),,,,90.00,,1.0000,,4,yes,4_2 4_2,p2,2222,L2
432,4,0,0,2,SSSS,not tested,90.00 90.00 90.00 90.00,1.0000 1.0000 1.0000 1.0000,0 0 0 0,0 0 0 0,"1,4,9",,no (tile),,,,90.00,,1.0000,,4,yes,4_2 4_2,p2,2222,L2
432,4,0,0,3,SSSS,not tested,90.00 90.00 90.00 90.00,1.0000 1.0000 1.0000 1.0000,0 1 0 1,0 0 0 0,"1,4",,no (tile),,,,90.00,,1.0000,,4,yes,4_2 4_2,p2,2222,L2
432,4,0,1,0,SISI,not tested,90.00 90.00 90.00 90.00,1.0000 1.0000 1.0000 1.0000,0 1 0 1,0 0 0 0,"1,4,5,6",,no (tile),,,,90.00,,1.0000,,4,yes,4_2 4_2,p2,2222,L2
432,4,0,1,1,SSSS,not tested,90.00 90.00 90.00 90.00,1.0000 1.0000 1.0000 1.0000,0 0 0 0,0 1 0 1,"1,2,3,4,5,6",,no (tile),,,,90.00,,1.0000,,4,yes,4_2 4_2,p2,2222,L2
432,4,0,1,2,SISI,not tested,90.00 90.00 90.00 90.00,1.0000 1.0000 1.0000 1.0000,0 1 0 1,0 0 0 0,"1,4,5,6",,no (tile),,,,90.00,,1.0000,,4,yes,4_2 4_2,p2,2222,L2
432,4,0,1,3,SSSS,not tested,90.00 90.00 90.00 90.00,1.0000 1.0000 1.0000 1.0000,0 0 0 0,0 1 0 1,"1,2,3,4,5,6",,no (tile),,,,90.00,,1.0000,,4,yes,4_2 4_2,p2,2222,L2
441,4,0,0,0,SSSS,not tested,90.00 90.00 90.00 90.00,1.0000 1.0000 1.0000 1.0000,0 1 0 1,0 0 0 0,"1,4",,no (tile),,,,90.00,,1.0000,,4,yes,4_4 4_4,p2,2222,L2
441,4,0,0,1,JJJJ,not tested,90.00 90.00 90.00 90.00,1.0000 1.0000 1.0000 1.0000,0 0 0 0,0 3 0 3,9,,no (tile),,,,90.00,,1.0000,,4,yes,4_4 4_4,p2,2222,L2
441,4,0,0,2,SSSS,not tested,90.00 90.00 90.00 90.00,1.0000 1.0000 1.0000 1.0000,0 1 0 1,0 0 0 0,"1,4",,no (tile),,,,90.00,,1.0000,,4,yes,4_4 4_4,p2,2222,L2
441,4,0,0,3,JJJJ,not tested,90.00 90.00 90.00 90.00,1.0000 1.0000 1.0000 1.0000,0 0 0 0,0 3 0 3,9,,no (tile),,,,90.00,,1.0000,,4,yes,4_4 4_4,p2,2222,L2
441,4,0,1,0,JJJJ,not tested,90.00 90.00 90.00 90.00,1.0000 1.0000 1.0000 1.0000,0 0 0 0,0 2 0 2,"3,5",,no (tile),,,,90.00,,1.0000,,4,yes,4_4 4_4,p2,2222,L2
441,4,0,1,1,IIII,not tested,90.00 90.00 90.00 90.00,1.0000 1.0000 1.0000 1.0000,0 1 0 1,0 0 0 0,"1,2,3,4,5,6,9",,no (tile),,,,90.00,,1.0000,,4,yes,4_4 4_4,p2,2222,L2
441,4,0,1,2,JJJJ,not tested,90.00 90.00 90.00 90.00,1.0000 1.0000 1.0000 1.0000,0 0 0 0,0 2 0 2,"3,5",,no (tile),,,,90.00,,1.0000,,4,yes,4_4 4_4,p2,2222,L2
441,4,0,1,3,IIII,not tested,90.00 90.00 90.00 90.00,1.0000 1.0000 1.0000 1.0000,0 1 0 1,0 0 0 0,"1,2,3,4,5,6,9",,no (tile),,,,90.00,,1.0000,,4,yes,4_4 4_4,p2,2222,L2
442,4,0,0,0,SISI,not tested,90.00 90.00 90.00 90.00,1.0000 1.0000 1.0000 1.0000,0 1 0 1,0 0 0 0,"1,4,5,6",,no (tile),,,,90.00,,1.0000,,4,yes,4_4 4_4,pgg,22x,L2
442,4,0,0,1,UUUU,not tested,90.00 90.00 90.00 90.00,1.0000 1.0000 1.0000 1.0000,0 0 0 0,0 2 0 2,"3,5,9",,no (tile),,,,90.00,,1.0000,,4,yes,4_4 4_4,pgg,22x,L2
442,4,0,0,2,SISI,not tested,90.00 90.00 90.00 90.00,1.0000 1.0000 1.0000 1.0000,0 1 0 1,0 0 0 0,"1,4,5,6",,no (tile),,,,90.00,,1.0000,,4,yes,4_4 4_4,pgg,22x,L2
442,4,0,0,3,UUUU,not tested,90.00 90.00 90.00 90.00,1.0000 1.0000 1.0000 1.0000,0 0 0 0,0 2 0 2,"3,5,9",,no (tile),,,,90.00,,1.0000,,4,yes,4_4 4_4,pgg,22x,L2
442,4,0,1,0,UUUU,not tested,90.00 90.00 90.00 90.00,1.0000 1.0000 1.0000 1.0000,0 0 0 0,0 2 0 2,"3,5,9",,no (tile),,,,90.00,,1.0000,,4,yes,4_4 4_4,pgg,22x,L2
442,4,0,1,1,ISIS,not tested,90.00 90.00 90.00 90.00,1.0000 1.0000 1.0000 1.0000,0 1 0 1,0 0 0 0,"1,4,5,6",,no (tile),,,,90.00,,1.0000,,4,yes,4_4 4_4,pgg,22x,L2
442,4,0,1,2,UUUU,not tested,90.00 90.00 90.00 90.00,1.0000 1.0000 1.0000 1.0000,0 0 0 0,0 2 0 2,"3,5,9",,no (tile),,,,90.00,,1.0000,,4,yes,4_4 4_4,pgg,22x,L2
442,4,0,1,3,ISIS,not tested,90.00 90.00 90.00 90.00,1.0000 1.0000 1.0000 1.0000,0 1 0 1,0 0 0 0,"1,4,5,6",,no (tile),,,,90.00,,1.0000,,4,yes,4_4 4_4,pgg,22x,L2
1071,4,1,0,2,IIII,not tested,180.00 45.00 90.00 45.00,1.0000 1.4142 1.4142 1.0000,0 1 1 0,0 0 0 0,"1,2,3,5,6,9",,no (tile),,,,45.00,,0.7071,,5,yes,3_1 4_2,pmg,22*,L3
1071,4,1,1,2,IIII,not tested,180.00 45.00 90.00 45.00,1.0000 1.4142 1.4142 1.0000,0 1 1 0,0 0 0 0,"1,2,3,5,6,9",,no (tile),,,,45.00,,0.7071,,5,yes,3_1 4_2,pmg,22*,L3
1072,4,1,0,2,IIII,not tested,180.00 30.00 120.00 30.00,1.0000 1.1547 1.1547 1.0000,0 1 1 0,0 0 0 0,"1,2,3,5,6,8",,no (tile),,,,30.00,,0.8660,,3 7,yes,3_1 4_2,pmg,22*,L3
1072,4,1,1,2,IIII,not tested,180.00 30.00 120.00 30.00,1.0000 1.1547 1.1547 1.0000,0 1 1 0,0 0 0 0,"1,2,3,5,6,8",,no (tile),,,,30.00,,0.8660,,3 7,yes,3_1 4_2,pmg,22*,L3
1083,4,0,0,1,IIII,not tested,60.00 120.00 60.00 120.00,1.0000 1.0000 1.0000 1.0000,0 0 0 0,0 0 0 0,"1,2,3,4,5,6,7",,no (tile),,,,60.00,,1.0000,,3 4 6,yes,4_4 4_1,cmm,2*22,L3
1083,4,0,0,3,IIII,not tested,60.00 120.00 60.00 120.00,1.0000 1.0000 1.0000 1.0000,0 0 0 0,0 0 0 0,"1,2,3,4,5,6,7",,no (tile),,,,60.00,,1.0000,,3 4 6,yes,4_4 4_1,cmm,2*22,L3
1083,4,0,1,1,IIII,not tested,60.00 120.00 60.00 120.00,1.0000 1.0000 1.0000 1.0000,0 0 0 0,0 0 0 0,"1,2,3,4,5,6,7",,no (tile),,,,60.00,,1.0000,,3 4 6,yes,4_4 4_1,cmm,2*22,L3
1083,4,0,1,3,IIII,not tested,60.00 120.00 60.00 120.00,1.0000 1.0000 1.0000 1.0000,0 0 0 0,0 0 0 0,"1,2,3,4,5,6,7",,no (tile),,,,60.00,,1.0000,,3 4 6,yes,4_4 4_1,cmm,2*22,L3
1133,4,0,0,0,SSSS,not tested,90.00 90.00 90.00 90.00,1.0000 1.0000 1.0000 1.0000,0 0 0 0,0 0 0 0,"1,4,9",,no (tile),,,,90.00,,1.0000,,4,yes,4_4 4_1,p4,442,L3
1133,4,0,0,1,SSSS,not tested,90.00 90.00 90.00 90.00,1.0000 1.0000 1.0000 1.0000,0 0 0 0,0 0 0 0,"1,4,9",,no (tile),,,,90.00,,1.0000,,4,yes,4_4 4_1,p4,442,L3
1133,4,0,0,2,SSSS,not tested,90.00 90.00 90.00 90.00,1.0000 1.0000 1.0000 1.0000,0 0 0 0,0 0 0 0,"1,4,9",,no (tile),,,,90.00,,1.0000,,4,yes,4_4 4_1,p4,442,L3
1133,4,0,0,3,SSSS,not tested,90.00 90.00 90.00 90.00,1.0000 1.0000 1.0000 1.0000,0 0 0 0,0 0 0 0,"1,4,9",,no (tile),,,,90.00,,1.0000,,4,yes,4_4 4_1,p4,442,L3
1133,4,0,1,0,IIII,not tested,90.00 90.00 90.00 90.00,1.0000 1.0000 1.0000 1.0000,0 0 0 0,0 0 0 0,"1,2,3,4,5,6,9",,no (tile),,,,90.00,,1.0000,,4,yes,4_4 4_1,p4,442,L3
1133,4,0,1,1,IIII,not tested,90.00 90.00 90.00 90.00,1.0000 1.0000 1.0000 1.0000,0 0 0 0,0 0 0 0,"1,2,3,4,5,6,9",,no (tile),,,,90.00,,1.0000,,4,yes,4_4 4_1,p4,442,L3
1133,4,0,1,2,IIII,not tested,90.00 90.00 90.00 90.00,1.0000 1.0000 1.0000 1.0000,0 0 0 0,0 0 0 0,"1,2,3,4,5,6,9",,no (tile),,,,90.00,,1.0000,,4,yes,4_4 4_1,p4,442,L3
1133,4,0,1,3,IIII,not tested,90.00 90.00 90.00 90.00,1.0000 1.0000 1.0000 1.0000,0 0 0 0,0 0 0 0,"1,2,3,4,5,6,9",,no (tile),,,,90.00,,1.0000,,4,yes,4_4 4_1,p4,442,L3
2426,4,0,0,0,IIII,not tested,90.00 90.00 90.00 90.00,1.0000 1.0000 1.0000 1.0000,0 0 2 0,0 0 0 0,"1,2,3,4,5,6,9",,no (tile),,,,90.00,,1.0000,,4,yes,4_2 4_1,pmm,*2222,L3
2426,4,0,0,1,IIII,not tested,90.00 90.00 90.00 90.00,1.0000 1.0000 1.0000 1.0000,0 1 2 1,0 0 0 0,"1,2,3,4,5,6,9",,no (tile),,,,90.00,,1.0000,,4,yes,4_2 4_1,pmm,*2222,L3
2426,4,0,0,2,IIII,not tested,90.00 90.00 90.00 90.00,1.0000 1.0000 1.0000 1.0000,0 1 1 1,0 0 0 0,"1,2,3,4,5,6,9",,no (tile),,,,90.00,,1.0000,,4,yes,4_2 4_1,pmm,*2222,L3
2426,4,0,0,3,IIII,not tested,90.00 90.00 90.00 90.00,1.0000 1.0000 1.0000 1.0000,0 1 2 1,0 0 0 0,"1,2,3,4,5,6,9",,no (tile),,,,90.00,,1.0000,,4,yes,4_2 4_1,pmm,*2222,L3
2426,4,0,1,0,IIII,not tested,90.00 90.00 90.00 90.00,1.0000 1.0000 1.0000 1.0000,0 1 2 1,0 0 0 0,"1,2,3,4,5,6,9",,no (tile),,,,90.00,,1.0000,,4,yes,4_2 4_1,pmm,*2222,L3
2426,4,0,1,1,IIII,not tested,90.00 90.00 90.00 90.00,1.0000 1.0000 1.0000 1.0000,0 0 2 0,0 0 0 0,"1,2,3,4,5,6,9",,no (tile),,,,90.00,,1.0000,,4,yes,4_2 4_1,pmm,*2222,L3
2426,4,0,1,2,IIII,not tested,90.00 90.00 90.00 90.00,1.0000 1.0000 1.0000 1.0000,0 1 2 1,0 0 0 0,"1,2,3,4,5,6,9",,no (tile),,,,90.00,,1.0000,,4,yes,4_2 4_1,pmm,*2222,L3
2426,4,0,1,3,IIII,not tested,90.00 90.00 90.00 90.00,1.0000 1.0000 1.0000 1.0000,0 1 1 1,0 0 0 0,"1,2,3,4,5,6,9",,no (tile),,,,90.00,,1.0000,,4,yes,4_2 4_1,pmm,*2222,L3
2427,4,0,0,0,IIII,not tested,90.00 90.00 90.00 90.00,1.0000 1.0000 1.0000 1.0000,0 0 2 0,0 0 0 0,"1,2,3,4,5,6,9",,no (tile),,,,90.00,,1.0000,,4,yes,4_2 4_1,cmm,2*22,L3
2427,4,0,0,1,ISIS,not tested,90.00 90.00 90.00 90.00,1.0000 1.0000 1.0000 1.0000,0 1 2 1,0 0 0 1,"1,5,6",,no (tile),,,,90.00,,1.0000,,4,yes,4_2 4_1,cmm,2*22,L3
2427,4,0,0,2,IIII,not tested,90.00 90.00 90.00 90.00,1.0000 1.0000 1.0000 1.0000,0 1 1 1,0 0 0 0,"1,2,3,4,5,6,9",,no (tile),,,,90.00,,1.0000,,4,yes,4_2 4_1,cmm,2*22,L3
2427,4,0,0,3,IIII,not tested,90.00 90.00 90.00 90.00,1.0000 1.0000 1.0000 1.0000,0 1 2 1,0 0 0 0,"1,2,3,4,5,6,9",,no (tile),,,,90.00,,1.0000,,4,yes,4_2 4_1,cmm,2*22,L3
2427,4,0,1,0,ISIS,not tested,90.00 90.00 90.00 90.00,1.0000 1.0000 1.0000 1.0000,0 1 2 1,0 0 0 1,"1,5,6",,no (tile),,,,90.00,,1.0000,,4,yes,4_2 4_1,cmm,2*22,L3
2427,4,0,1,1,IIII,not tested,90.00 90.00 90.00 90.00,1.0000 1.0000 1.0000 1.0000,0 0 2 0,0 0 0 0,"1,2,3,4,5,6,9",,no (tile),,,,90.00,,1.0000,,4,yes,4_2 4_1,cmm,2*22,L3
2427,4,0,1,2,IIII,not tested,90.00 90.00 90.00 90.00,1.0000 1.0000 1.0000 1.0000,0 1 2 1,0 0 0 0,"1,2,3,4,5,6,9",,no (tile),,,,90.00,,1.0000,,4,yes,4_2 4_1,cmm,2*22,L3
2427,4,0,1,3,IIII,not tested,90.00 90.00 90.00 90.00,1.0000 1.0000 1.0000 1.0000,0 1 1 1,0 0 0 0,"1,2,3,4,5,6,9",,no (tile),,,,90.00,,1.0000,,4,yes,4_2 4_1,cmm,2*22,L3
2702,4,0,0,0,IIII,not tested,90.00 90.00 90.00 90.00,1.0000 1.0000 1.0000 1.0000,0 0 0 0,0 0 0 0,"1,2,3,4,5,6,9",,no (tile),,,,90.00,,1.0000,,4,yes,4_2 4_1,pm,1**,L3
2702,4,0,0,1,UIUI,not tested,90.00 90.00 90.00 90.00,1.0000 1.0000 1.0000 1.0000,0 1 0 1,0 0 2 0,"1,4,5,6",,no (tile),,,,90.00,,1.0000,,4,yes,4_2 4_1,pm,1**,L3
2702,4,0,0,2,IIII,not tested,90.00 90.00 90.00 90.00,1.0000 1.0000 1.0000 1.0000,0 0 0 0,0 0 0 0,"1,2,3,4,5,6,9",,no (tile),,,,90.00,,1.0000,,4,yes,4_2 4_1,pm,1**,L3
2702,4,0,0,3,UIUI,not tested,90.00 90.00 90.00 90.00,1.0000 1.0000 1.0000 1.0000,0 1 0 1,0 0 2 0,"1,4,5,6",,no (tile),,,,90.00,,1.0000,,4,yes,4_2 4_1,pm,1**,L3
2702,4,0,1,0,UIUI,not tested,90.00 90.00 90.00 90.00,1.0000 1.0000 1.0000 1.0000,0 1 0 1,0 0 2 0,"1,4,5,6",,no (tile),,,,90.00,,1.0000,,4,yes,4_2 4_1,pm,1**,L3
2702,4,0,1,1,IIII,not tested,90.00 90.00 90.00 90.00,1.0000 1.0000 1.0000 1.0000,0 0 0 0,0 0 0 0,"1,2,3,4,5,6,9",,no (tile),,,,90.00,,1.0000,,4,yes,4_2 4_1,pm,1**,L3
2702,4,0,1,2,UIUI,not tested,90.00 90.00 90.00 90.00,1.0000 1.0000 1.0000 1.0000,0 1 0 1,0 0 2 0,"1,4,5,6",,no (tile),,,,90.00,,1.0000,,4,yes,4_2 4_1,pm,1**,L3
2702,4,0,1,3,IIII,not tested,90.00 90.00 90.00 90.00,1.0000 1.0000 1.0000 1.0000,0 0 0 0,0 0 0 0,"1,2,3,4,5,6,9",,no (tile),,,,90.00,,1.0000,,4,yes,4_2 4_1,pm,1**,L3
2703,4,0,0,0,IIII,not tested,90.00 90.00 90.00 90.00,1.0000 1.0000 1.0000 1.0000,0 0 0 0,0 0 0 0,"1,2,3,4,5,6,9",,no (tile),,,,90.00,,1.0000,,4,yes,4_2 4_1,pmg,22*,L3
2703,4,0,0,1,USUS,not tested,90.00 90.00 90.00 90.00,1.0000 1.0000 1.0000 1.0000,0 1 0 1,0 0 2 1,"1,5,6",,no (tile),,,,90.00,,1.0000,,4,yes,4_2 4_1,pmg,22*,L3
2703,4,0,0,2,IIII,not tested,90.00 90.00 90.00 90.00,1.0000 1.0000 1.0000 1.0000,0 0 0 0,0 0 0 0,"1,2,3,4,5,6,9",,no (tile),,,,90.00,,1.0000,,4,yes,4_2 4_1,pmg,22*,L3
2703,4,0,0,3,UIUI,not tested,90.00 90.00 90.00 90.00,1.0000 1.0000 1.0000 1.0000,0 1 0 1,0 0 2 0,"1,4,5,6",,no (tile),,,,90.00,,1.0000,,4,yes,4_2 4_1,pmg,22*,L3
2703,4,0,1,0,USUS,not tested,90.00 90.00 90.00 90.00,1.0000 1.0000 1.0000 1.0000,0 1 0 1,0 0 2 1,"1,5,6",,no (tile),,,,90.00,,1.0000,,4,yes,4_2 4_1,pmg,22*,L3
2703,4,0,1,1,IIII,not tested,90.00 90.00 90.00 90.00,1.0000 1.0000 1.0000 1.0000,0 0 0 0,0 0 0 0,"1,2,3,4,5,6,9",,no (tile),,,,90.00,,1.0000,,4,yes,4_2 4_1,pmg,22*,L3
2703,4,0,1,2,UIUI,not tested,90.00 90.00 90.00 90.00,1.0000 1.0000 1.0000 1.0000,0 1 0 1,0 0 2 0,"1,4,5,6",,no (tile),,,,90.00,,1.0000,,4,yes,4_2 4_1,pmg,22*,L3
2703,4,0,1,3,IIII,not tested,90.00 90.00 90.00 90.00,1.0000 1.0000 1.0000 1.0000,0 0 0 0,0 0 0 0,"1,2,3,4,5,6,9",,no (tile),,,,90.00,,1.0000,,4,yes,4_2 4_1,pmg,22*,L3
2929,4,0,0,2,IIII,not tested,60.00 90.00 120.00 90.00,1.0000 0.5774 0.5774 1.0000,0 1 1 0,0 0 0 0,"1,2,3,5,6,8",,no (tile),,,,60.00,,0.5774,,3 4 6,yes,4_2 4_1,p6m,*632,L3
2929,4,0,1,2,IIII,not tested,60.00 90.00 120.00 90.00,1.0000 0.5774 0.5774 1.0000,0 1 1 0,0 0 0 0,"1,2,3,5,6,8",,no (tile),,,,60.00,,0.5774,,3 4 6,yes,4_2 4_1,p6m,*632,L3
2959,4,0,0,1,IIII,not tested,120.00 60.00 120.00 60.00,1.0000 1.0000 1.0000 1.0000,0 1 1 0,0 0 0 0,"1,2,3,4,5,6,7",,no (tile),,,,60.00,,1.0000,,3 4 5,yes,4_2 4_1,p31m,3*3,L3
2959,4,0,0,3,IIII,not tested,120.00 60.00 120.00 60.00,1.0000 1.0000 1.0000 1.0000,0 0 0 0,0 0 0 0,"1,2,3,4,5,6,7",,no (tile),,,,60.00,,1.0000,,3 4 5,yes,4_2 4_1,p31m,3*3,L3
2959,4,0,1,1,IIII,not tested,120.00 60.00 120.00 60.00,1.0000 1.0000 1.0000 1.0000,0 0 0 0,0 0 0 0,"1,2,3,4,5,6,7",,no (tile),,,,60.00,,1.0000,,3 4 5,yes,4_2 4_1,p31m,3*3,L3
2959,4,0,1,3,IIII,not tested,120.00 60.00 120.00 60.00,1.0000 1.0000 1.0000 1.0000,0 1 1 0,0 0 0 0,"1,2,3,4,5,6,7",,no (tile),,,,60.00,,1.0000,,3 4 5,yes,4_2 4_1,p31m,3*3,L3
2989,4,0,0,0,IIII,not tested,120.00 60.00 120.00 60.00,1.0000 1.0000 1.0000 1.0000,0 0 0 0,0 0 0 0,"1,2,3,4,5,6,7",,no (tile),,,,60.00,,1.0000,,3 6,yes,4_2 4_1,p31m,3*3,L3
2989,4,0,0,2,IIII,not tested,120.00 60.00 120.00 60.00,1.0000 1.0000 1.0000 1.0000,0 1 1 0,0 0 0 0,"1,2,3,4,5,6,7",,no (tile),,,,60.00,,1.0000,,3 6,yes,4_2 4_1,p31m,3*3,L3
2989,4,0,1,0,IIII,not tested,120.00 60.00 120.00 60.00,1.0000 1.0000 1.0000 1.0000,0 0 0 0,0 0 0 0,"1,2,3,4,5,6,7",,no (tile),,,,60.00,,1.0000,,3 6,yes,4_2 4_1,p31m,3*3,L3
2989,4,0,1,2,IIII,not tested,120.00 60.00 120.00 60.00,1.0000 1.0000 1.0000 1.0000,0 1 1 0,0 0 0 0,"1,2,3,4,5,6,7",,no (tile),,,,60.00,,1.0000,,3 6,yes,4_2 4_1,p31m,3*3,L3
3006,4,0,0,0,IIII,not tested,120.00 60.00 120.00 60.00,1.0000 1.0000 1.0000 1.0000,0 0 0 0,0 0 0 0,"1,2,3,4,5,6,7",,no (tile),,,,60.00,,1.0000,,3 4 5,yes,4_2 4_1,pmg,22*,L3
3006,4,0,0,2,IIII,not tested,120.00 60.00 120.00 60.00,1.0000 1.0000 1.0000 1.0000,0 1 1 0,0 0 0 0,"1,2,3,4,5,6,7",,no (tile),,,,60.00,,1.0000,,3 4 5,yes,4_2 4_1,pmg,22*,L3
3006,4,0,1,0,IIII,not tested,120.00 60.00 120.00 60.00,1.0000 1.0000 1.0000 1.0000,0 0 0 0,0 0 0 0,"1,2,3,4,5,6,7",,no (tile),,,,60.00,,1.0000,,3 4 5,yes,4_2 4_1,pmg,22*,L3
3006,4,0,1,2,IIII,not tested,120.00 60.00 120.00 60.00,1.0000 1.0000 1.0000 1.0000,0 1 1 0,0 0 0 0,"1,2,3,4,5,6,7",,no (tile),,,,60.00,,1.0000,,3 4 5,yes,4_2 4_1,pmg,22*,L3
3105,4,0,0,1,IIII,not tested,120.00 60.00 120.00 60.00,1.0000 1.0000 1.0000 1.0000,0 0 0 0,0 0 0 0,"1,2,3,4,5,6,7",,no (tile),,,,60.00,,1.0000,,3 6,yes,4_4 4_2,p31m,3*3,L3
3105,4,0,0,3,IIII,not tested,120.00 60.00 120.00 60.00,1.0000 1.0000 1.0000 1.0000,0 1 1 0,0 0 0 0,"1,2,3,4,5,6,7",,no (tile),,,,60.00,,1.0000,,3 6,yes,4_4 4_2,p31m,3*3,L3
3105,4,0,1,1,IIII,not tested,120.00 60.00 120.00 60.00,1.0000 1.0000 1.0000 1.0000,0 1 1 0,0 0 0 0,"1,2,3,4,5,6,7",,no (tile),,,,60.00,,1.0000,,3 6,yes,4_4 4_2,p31m,3*3,L3
3105,4,0,1,3,IIII,not tested,120.00 60.00 120.00 60.00,1.0000 1.0000 1.0000 1.0000,0 0 0 0,0 0 0 0,"1,2,3,4,5,6,7",,no (tile),,,,60.00,,1.0000,,3 6,yes,4_4 4_2,p31m,3*3,L3
3107,4,0,0,3,IIII,not tested,60.00 90.00 120.00 90.00,1.0000 0.5774 0.5774 1.0000,0 1 1 0,0 0 0 0,"1,2,3,5,6,8",,no (tile),,,,60.00,,0.5774,,3 4 6,yes,4_4 4_2,cmm,2*22,L3
3107,4,0,1,1,IIII,not tested,60.00 90.00 120.00 90.00,1.0000 0.5774 0.5774 1.0000,0 1 1 0,0 0 0 0,"1,2,3,5,6,8",,no (tile),,,,60.00,,0.5774,,3 4 6,yes,4_4 4_2,cmm,2*22,L3
3109,4,0,0,3,IIII,not tested,120.00 90.00 60.00 90.00,1.0000 1.7321 1.7321 1.0000,0 1 1 0,0 0 0 0,"1,2,3,5,6,8",,no (tile),,,,60.00,,0.5774,,3 4 5,yes,4_4 4_2,pmg,22*,L3
3109,4,0,1,1,IIII,not tested,120.00 90.00 60.00 90.00,1.0000 1.7321 1.7321 1.0000,0 1 1 0,0 0 0 0,"1,2,3,5,6,8",,no (tile),,,,60.00,,0.5774,,3 4 5,yes,4_4 4_2,pmg,22*,L3
3119,4,0,0,0,SSSS,not tested,90.00 90.00 90.00 90.00,1.0000 1.0000 1.0000 1.0000,0 1 1 0,0 0 1 1,"1,2,3,5,6",,no (tile),,,,90.00,,1.0000,,4,yes,4_4 4_2,pmg,22*,L2
3119,4,0,0,1,IIII,not tested,90.00 90.00 90.00 90.00,1.0000 1.0000 1.0000 1.0000,0 0 0 0,0 0 0 0,"1,2,3,4,5,6,9",,no (tile),,,,90.00,,1.0000,,4,yes,4_4 4_2,pmg,22*,L2
3119,4,0,0,2,SSSS,not tested,90.00 90.00 90.00 90.00,1.0000 1.0000 1.0000 1.0000,0 0 0 0,0 1 0 1,"1,2,3,4,5,6",,no (tile),,,,90.00,,1.0000,,4,yes,4_4 4_2,pmg,22*,L2
3119,4,0,0,3,IIII,not tested,90.00 90.00 90.00 90.00,1.0000 1.0000 1.0000 1.0000,0 0 0 0,0 0 0 0,"1,2,3,4,5,6,9",,no (tile),,,,90.00,,1.0000,,4,yes,4_4 4_2,pmg,22*,L2
3119,4,0,1,0,SSSS,not tested,90.00 90.00 90.00 90.00,1.0000 1.0000 1.0000 1.0000,0 1 1 0,0 0 1 1,"1,2,3,5,6",,no (tile),,,,90.00,,1.0000,,4,yes,4_4 4_2,pmg,22*,L2
3119,4,0,1,1,IIII,not tested,90.00 90.00 90.00 90.00,1.0000 1.0000 1.0000 1.0000,0 0 0 0,0 0 0 0,"1,2,3,4,5,6,9",,no (tile),,,,90.00,,1.0000,,4,yes,4_4 4_2,pmg,22*,L2
3119,4,0,1,2,SSSS,not tested,90.00 90.00 90.00 90.00,1.0000 1.0000 1.0000 1.0000,0 0 0 0,0 1 0 1,"1,2,3,4,5,6",,no (tile),,,,90.00,,1.0000,,4,yes,4_4 4_2,pmg,22*,L2
3119,4,0,1,3,IIII,not tested,90.00 90.00 90.00 90.00,1.0000 1.0000 1.0000 1.0000,0 0 0 0,0 0 0 0,"1,2,3,4,5,6,9",,no (tile),,,,90.00,,1.0000,,4,yes,4_4 4_2,pmg,22*,L2
3120,4,0,0,0,SSSS,not tested,90.00 90.00 90.00 90.00,1.0000 1.0000 1.0000 1.0000,0 0 0 0,0 1 0 1,"1,2,3,4,5,6",,no (tile),,,,90.00,,1.0000,,4,yes,4_4 4_2,cm,1*x,L2
3120,4,0,0,1,IIII,not tested,90.00 90.00 90.00 90.00,1.0000 1.0000 1.0000 1.0000,0 0 0 0,0 0 0 0,"1,2,3,4,5,6,9",,no (tile),,,,90.00,,1.0000,,4,yes,4_4 4_2,cm,1*x,L2
3120,4,0,0,2,JJJJ,not tested,90.00 90.00 90.00 90.00,1.0000 1.0000 1.0000 1.0000,0 0 0 0,0 2 3 1,"3,4,5",,no (tile),,,,90.00,,1.0000,,4,yes,4_4 4_2,cm,1*x,L2
3120,4,0,0,3,IIII,not tested,90.00 90.00 90.00 90.00,1.0000 1.0000 1.0000 1.0000,0 0 0 0,0 0 0 0,"1,2,3,4,5,6,9",,no (tile),,,,90.00,,1.0000,,4,yes,4_4 4_2,cm,1*x,L2
3120,4,0,1,0,SSSS,not tested,90.00 90.00 90.00 90.00,1.0000 1.0000 1.0000 1.0000,0 0 0 0,0 1 0 1,"1,2,3,4,5,6",,no (tile),,,,90.00,,1.0000,,4,yes,4_4 4_2,cm,1*x,L2
3120,4,0,1,1,IIII,not tested,90.00 90.00 90.00 90.00,1.0000 1.0000 1.0000 1.0000,0 0 0 0,0 0 0 0,"1,2,3,4,5,6,9",,no (tile),,,,90.00,,1.0000,,4,yes,4_4 4_2,cm,1*x,L2
3120,4,0,1,2,JJJJ,not tested,90.00 90.00 90.00 90.00,1.0000 1.0000 1.0000 1.0000,0 0 0 0,0 2 3 1,"3,4,5",,no (tile),,,,90.00,,1.0000,,4,yes,4_4 4_2,cm,1*x,L2
3120,4,0,1,3,IIII,not tested,90.00 90.00 90.00 90.00,1.0000 1.0000 1.0000 1.0000,0 0 0 0,0 0 0 0,"1,2,3,4,5,6,9",,no (tile),,,,90.00,,1.0000,,4,yes,4_4 4_2,cm,1*x,L2
3123,4,0,0,1,IIII,not tested,120.00 60.00 120.00 60.00,1.0000 1.0000 1.0000 1.0000,0 0 0 0,0 0 0 0,"1,2,3,4,5,6,7",,no (tile),,,,60.00,,1.0000,,3 6,yes,4_4 4_2,cm,1*x,L3
3123,4,0,0,3,IIII,not tested,120.00 60.00 120.00 60.00,1.0000 1.0000 1.0000 1.0000,0 1 1 0,0 0 0 0,"1,2,3,4,5,6,7",,no (tile),,,,60.00,,1.0000,,3 6,yes,4_4 4_2,cm,1*x,L3
3123,4,0,1,1,IIII,not tested,120.00 60.00 120.00 60.00,1.0000 1.0000 1.0000 1.0000,0 1 1 0,0 0 0 0,"1,2,3,4,5,6,7",,no (tile),,,,60.00,,1.0000,,3 6,yes,4_4 4_2,cm,1*x,L3
3123,4,0,1,3,IIII,not tested,120.00 60.00 120.00 60.00,1.0000 1.0000 1.0000 1.0000,0 0 0 0,0 0 0 0,"1,2,3,4,5,6,7",,no (tile),,,,60.00,,1.0000,,3 6,yes,4_4 4_2,cm,1*x,L3
3130,4,0,0,1,JJJJ,not tested,60.00 120.00 60.00 120.00,1.0000 1.0000 1.0000 1.0000,0 0 0 0,0 3 2 1,7,,no (tile),,,,60.00,,1.0000,,3 6,yes,4_4 4_2,cm,1*x,L2
3130,4,0,0,3,IIII,not tested,60.00 120.00 60.00 120.00,1.0000 1.0000 1.0000 1.0000,0 0 0 0,0 0 0 0,"1,2,3,4,5,6,7",,no (tile),,,,60.00,,1.0000,,3 6,yes,4_4 4_2,cm,1*x,L2
3130,4,0,1,1,IIII,not tested,60.00 120.00 60.00 120.00,1.0000 1.0000 1.0000 1.0000,0 0 0 0,0 0 0 0,"1,2,3,4,5,6,7",,no (tile),,,,60.00,,1.0000,,3 6,yes,4_4 4_2,cm,1*x,L2
3130,4,0,1,3,JJJJ,not tested,60.00 120.00 60.00 120.00,1.0000 1.0000 1.0000 1.0000,0 0 0 0,0 3 2 1,7,,no (tile),,,,60.00,,1.0000,,3 6,yes,4_4 4_2,cm,1*x,L2
3159,4,0,0,0,IIII,not tested,90.00 90.00 90.00 90.00,1.0000 1.0000 1.0000 1.0000,0 0 0 0,0 0 0 0,"1,2,3,4,5,6,9",,no (tile),,,,90.00,,1.0000,,4,yes,4_2 4_1,cmm,2*22,L3
3159,4,0,0,1,IIII,not tested,90.00 90.00 90.00 90.00,1.0000 1.0000 1.0000 1.0000,0 1 0 1,0 0 0 0,"1,2,3,4,5,6,9",,no (tile),,,,90.00,,1.0000,,4,yes,4_2 4_1,cmm,2*22,L3
3159,4,0,0,2,IIII,not tested,90.00 90.00 90.00 90.00,1.0000 1.0000 1.0000 1.0000,0 0 0 0,0 0 0 0,"1,2,3,4,5,6,9",,no (tile),,,,90.00,,1.0000,,4,yes,4_2 4_1,cmm,2*22,L3
3159,4,0,0,3,IIII,not tested,90.00 90.00 90.00 90.00,1.0000 1.0000 1.0000 1.0000,0 1 0 1,0 0 0 0,"1,2,3,4,5,6,9",,no (tile),,,,90.00,,1.0000,,4,yes,4_2 4_1,cmm,2*22,L3
3159,4,0,1,0,IIII,not tested,90.00 90.00 90.00 90.00,1.0000 1.0000 1.0000 1.0000,0 1 0 1,0 0 0 0,"1,2,3,4,5,6,9",,no (tile),,,,90.00,,1.0000,,4,yes,4_2 4_1,cmm,2*22,L3
3159,4,0,1,1,IIII,not tested,90.00 90.00 90.00 90.00,1.0000 1.0000 1.0000 1.0000,0 0 0 0,0 0 0 0,"1,2,3,4,5,6,9",,no (tile),,,,90.00,,1.0000,,4,yes,4_2 4_1,cmm,2*22,L3
3159,4,0,1,2,IIII,not tested,90.00 90.00 90.00 90.00,1.0000 1.0000 1.0000 1.0000,0 1 0 1,0 0 0 0,"1,2,3,4,5,6,9",,no (tile),,,,90.00,,1.0000,,4,yes,4_2 4_1,cmm,2*22,L3
3159,4,0,1,3,IIII,not tested,90.00 90.00 90.00 90.00,1.0000 1.0000 1.0000 1.0000,0 0 0 0,0 0 0 0,"1,2,3,4,5,6,9",,no (tile),,,,90.00,,1.0000,,4,yes,4_2 4_1,cmm,2*22,L3
3160,4,0,0,0,IIII,not tested,90.00 90.00 90.00 90.00,1.0000 1.0000 1.0000 1.0000,0 0 0 0,0 0 0 0,"1,2,3,4,5,6,9",,no (tile),,,,90.00,,1.0000,,4,yes,4_2 4_1,pmg,22*,L3
3160,4,0,0,1,ISIS,not tested,90.00 90.00 90.00 90.00,1.0000 1.0000 1.0000 1.0000,0 1 0 1,0 0 0 0,"1,4,5,6",,no (tile),,,,90.00,,1.0000,,4,yes,4_2 4_1,pmg,22*,L3
3160,4,0,0,2,IIII,not tested,90.00 90.00 90.00 90.00,1.0000 1.0000 1.0000 1.0000,0 0 0 0,0 0 0 0,"1,2,3,4,5,6,9",,no (tile),,,,90.00,,1.0000,,4,yes,4_2 4_1,pmg,22*,L3
3160,4,0,0,3,ISIS,not tested,90.00 90.00 90.00 90.00,1.0000 1.0000 1.0000 1.0000,0 1 0 1,0 0 0 0,"1,4,5,6",,no (tile),,,,90.00,,1.0000,,4,yes,4_2 4_1,pmg,22*,L3
3160,4,0,1,0,IIII,not tested,90.00 90.00 90.00 90.00,1.0000 1.0000 1.0000 1.0000,0 1 0 1,0 0 0 0,"1,2,3,4,5,6,9",,no (tile),,,,90.00,,1.0000,,4,yes,4_2 4_1,pmg,22*,L3
3160,4,0,1,1,IIII,not tested,90.00 90.00 90.00 90.00,1.0000 1.0000 1.0000 1.0000,0 0 0 0,0 0 0 0,"1,2,3,4,5,6,9",,no (tile),,,,90.00,,1.0000,,4,yes,4_2 4_1,pmg,22*,L3
3160,4,0,1,2,IIII,not tested,90.00 90.00 90.00 90.00,1.0000 1.0000 1.0000 1.0000,0 1 0 1,0 0 0 0,"1,2,3,4,5,6,9",,no (tile),,,,90.00,,1.0000,,4,yes,4_2 4_1,pmg,22*,L3
3160,4,0,1,3,IIII,not tested,90.00 90.00 90.00 90.00,1.0000 1.0000 1.0000 1.0000,0 0 0 0,0 0 0 0,"1,2,3,4,5,6,9",,no (tile),,,,90.00,,1.0000,,4,yes,4_2 4_1,pmg,22*,L3
3173,4,0,0,0,ISIS,not tested,90.00 90.00 90.00 90.00,1.0000 1.0000 1.0000 1.0000,0 1 0 1,0 0 0 0,"1,4,5,6",,no (tile),,,,90.00,,1.0000,,4,yes,4_1 4_2,pmg,22*,L2
3173,4,0,0,1,IIII,not tested,90.00 90.00 90.00 90.00,1.0000 1.0000 1.0000 1.0000,0 0 0 0,0 0 0 0,"1,2,3,4,5,6,9",,no (tile),,,,90.00,,1.0000,,4,yes,4_1 4_2,pmg,22*,L2
3173,4,0,0,2,ISIS,not tested,90.00 90.00 90.00 90.00,1.0000 1.0000 1.0000 1.0000,0 1 0 1,0 0 0 0,"1,4,5,6",,no (tile),,,,90.00,,1.0000,,4,yes,4_1 4_2,pmg,22*,L2
3173,4,0,0,3,IIII,not tested,90.00 90.00 90.00 90.00,1.0000 1.0000 1.0000 1.0000,0 0 0 0,0 0 0 0,"1,2,3,4,5,6,9",,no (tile),,,,90.00,,1.0000,,4,yes,4_1 4_2,pmg,22*,L2
3173,4,0,1,0,IIII,not tested,90.00 90.00 90.00 90.00,1.0000 1.0000 1.0000 1.0000,0 0 0 0,0 0 0 0,"1,2,3,4,5,6,9",,no (tile),,,,90.00,,1.0000,,4,yes,4_1 4_2,pmg,22*,L2
3173,4,0,1,1,ISIS,not tested,90.00 90.00 90.00 90.00,1.0000 1.0000 1.0000 1.0000,0 1 0 1,0 0 0 0,"1,4,5,6",,no (tile),,,,90.00,,1.0000,,4,yes,4_1 4_2,pmg,22*,L2
3173,4,0,1,2,IIII,not tested,90.00 90.00 90.00 90.00,1.0000 1.0000 1.0000 1.0000,0 0 0 0,0 0 0 0,"1,2,3,4,5,6,9",,no (tile),,,,90.00,,1.0000,,4,yes,4_1 4_2,pmg,22*,L2
3173,4,0,1,3,ISIS,not tested,90.00 90.00 90.00 90.00,1.0000 1.0000 1.0000 1.0000,0 1 0 1,0 0 0 0,"1,4,5,6",,no (tile),,,,90.00,,1.0000,,4,yes,4_1 4_2,pmg,22*,L2
3187,4,0,0,0,SSSS,not tested,90.00 90.00 90.00 90.00,1.0000 1.0000 1.0000 1.0000,0 0 0 0,0 0 0 0,"1,4,9",,no (tile),,,,90.00,,1.0000,,4,yes,4_2 4_1,p2,2222,L2
3187,4,0,0,1,SSSS,not tested,90.00 90.00 90.00 90.00,1.0000 1.0000 1.0000 1.0000,0 1 0 1,0 0 0 0,"1,4",,no (tile),,,,90.00,,1.0000,,4,yes,4_2 4_1,p2,2222,L2
3187,4,0,0,2,SSSS,not tested,90.00 90.00 90.00 90.00,1.0000 1.0000 1.0000 1.0000,0 0 0 0,0 0 0 0,"1,4,9",,no (tile),,,,90.00,,1.0000,,4,yes,4_2 4_1,p2,2222,L2
3187,4,0,0,3,SSSS,not tested,90.00 90.00 90.00 90.00,1.0000 1.0000 1.0000 1.0000,0 1 0 1,0 0 0 0,"1,4",,no (tile),,,,90.00,,1.0000,,4,yes,4_2 4_1,p2,2222,L2
3187,4,0,1,0,SISI,not tested,90.00 90.00 90.00 90.00,1.0000 1.0000 1.0000 1.0000,0 1 0 1,0 0 0 0,"1,4,5,6",,no (tile),,,,90.00,,1.0000,,4,yes,4_2 4_1,p2,2222,L2
3187,4,0,1,1,SSSS,not tested,90.00 90.00 90.00 90.00,1.0000 1.0000 1.0000 1.0000,0 0 0 0,0 1 0 1,"1,2,3,4,5,6",,no (tile),,,,90.00,,1.0000,,4,yes,4_2 4_1,p2,2222,L2
3187,4,0,1,2,SISI,not tested,90.00 90.00 90.00 90.00,1.0000 1.0000 1.0000 1.0000,0 1 0 1,0 0 0 0,"1,4,5,6",,no (tile),,,,90.00,,1.0000,,4,yes,4_2 4_1,p2,2222,L2
3187,4,0,1,3,SSSS,not tested,90.00 90.00 90.00 90.00,1.0000 1.0000 1.0000 1.0000,0 0 0 0,0 1 0 1,"1,2,3,4,5,6",,no (tile),,,,90.00,,1.0000,,4,yes,4_2 4_1,p2,2222,L2
3192,4,0,0,0,SSSS,not tested,90.00 90.00 90.00 90.00,1.0000 1.0000 1.0000 1.0000,0 0 0 0,0 0 0 0,"1,4,9",,no (tile),,,,90.00,,1.0000,,4,yes,4_2 4_4,p2,2222,L3
3192,4,0,0,1,SSSS,not tested,90.00 90.00 90.00 90.00,1.0000 1.0000 1.0000 1.0000,0 1 0 1,0 0 0 0,"1,4",,no (tile),,,,90.00,,1.0000,,4,yes,4_2 4_4,p2,2222,L3
3192,4,0,0,2,SSSS,not tested,90.00 90.00 90.00 90.00,1.0000 1.0000 1.0000 1.0000,0 0 0 0,0 0 0 0,"1,4,9",,no (tile),,,,90.00,,1.0000,,4,yes,4_2 4_4,p2,2222,L3
3192,4,0,0,3,SSSS,not tested,90.00 90.00 90.00 90.00,1.0000 1.0000 1.0000 1.0000,0 1 0 1,0 0 0 0,"1,4",,no (tile),,,,90.00,,1.0000,,4,yes,4_2 4_4,p2,2222,L3
3192,4,0,1,0,IIII,not tested,90.00 90.00 90.00 90.00,1.0000 1.0000 1.0000 1.0000,0 1 0 1,0 0 0 0,"1,2,3,4,5,6,9",,no (tile),,,,90.00,,1.0000,,4,yes,4_2 4_4,p2,2222,L3
3192,4,0,1,1,SSSS,not tested,90.00 90.00 90.00 90.00,1.0000 1.0000 1.0000 1.0000,0 0 0 0,0 1 0 1,"1,2,3,4,5,6",,no (tile),,,,90.00,,1.0000,,4,yes,4_2 4_4,p2,2222,L3
3192,4,0,1,2,IIII,not tested,90.00 90.00 90.00 90.00,1.0000 1.0000 1.0000 1.0000,0 1 0 1,0 0 0 0,"1,2,3,4,5,6,9",,no (tile),,,,90.00,,1.0000,,4,yes,4_2 4_4,p2,2222,L3
3192,4,0,1,3,SSSS,not tested,90.00 90.00 90.00 90.00,1.0000 1.0000 1.0000 1.0000,0 0 0 0,0 1 0 1,"1,2,3,4,5,6",,no (tile),,,,90.00,,1.0000,,4,yes,4_2 4_4,p2,2222,L3
3213,4,0,0,0,JJJJ,not tested,60.00 120.00 60.00 120.00,1.0000 1.0000 1.0000 1.0000,0 0 0 0,0 3 0 3,7,,no (tile),,,,60.00,,1.0000,,3 6,yes,4_2 4_4,p6,632,L3
3213,4,0,0,2,JJJJ,not tested,60.00 120.00 60.00 120.00,1.0000 1.0000 1.0000 1.0000,0 0 0 0,0 3 0 3,7,,no (tile),,,,60.00,,1.0000,,3 6,yes,4_2 4_4,p6,632,L3
3213,4,0,1,0,IIII,not tested,60.00 120.00 60.00 120.00,1.0000 1.0000 1.0000 1.0000,0 0 0 0,0 0 0 0,"1,2,3,4,5,6,7",,no (tile),,,,60.00,,1.0000,,3 6,yes,4_2 4_4,p6,632,L3
3213,4,0,1,2,IIII,not tested,60.00 120.00 60.00 120.00,1.0000 1.0000 1.0000 1.0000,0 0 0 0,0 0 0 0,"1,2,3,4,5,6,7",,no (tile),,,,60.00,,1.0000,,3 6,yes,4_2 4_4,p6,632,L3
3220,4,0,0,0,UUUU,not tested,90.00 90.00 90.00 90.00,1.0000 1.0000 1.0000 1.0000,0 0 0 0,0 2 0 2,"3,5,9",,no (tile),,,,90.00,,1.0000,,4,yes,4_2 4_4,pgg,22x,L3
3220,4,0,0,1,SSSS,not tested,90.00 90.00 90.00 90.00,1.0000 1.0000 1.0000 1.0000,0 0 0 0,0 1 0 1,"1,2,3,4,5,6",,no (tile),,,,90.00,,1.0000,,4,yes,4_2 4_4,pgg,22x,L3
3220,4,0,0,2,UUUU,not tested,90.00 90.00 90.00 90.00,1.0000 1.0000 1.0000 1.0000,0 0 0 0,0 2 0 2,"3,5,9",,no (tile),,,,90.00,,1.0000,,4,yes,4_2 4_4,pgg,22x,L3
3220,4,0,0,3,SSSS,not tested,90.00 90.00 90.00 90.00,1.0000 1.0000 1.0000 1.0000,0 0 0 0,0 1 0 1,"1,2,3,4,5,6",,no (tile),,,,90.00,,1.0000,,4,yes,4_2 4_4,pgg,22x,L3
3220,4,0,1,0,IIII,not tested,90.00 90.00 90.00 90.00,1.0000 1.0000 1.0000 1.0000,0 0 0 0,0 0 0 0,"1,2,3,4,5,6,9",,no (tile),,,,90.00,,1.0000,,4,yes,4_2 4_4,pgg,22x,L3
3220,4,0,1,1,JJJJ,not tested,90.00 90.00 90.00 90.00,1.0000 1.0000 1.0000 1.0000,0 0 0 0,0 2 0 2,"3,5",,no (tile),,,,90.00,,1.0000,,4,yes,4_2 4_4,pgg,22x,L3
3220,4,0,1,2,IIII,not tested,90.00 90.00 90.00 90.00,1.0000 1.0000 1.0000 1.0000,0 0 0 0,0 0 0 0,"1,2,3,4,5,6,9",,no (tile),,,,90.00,,1.0000,,4,yes,4_2 4_4,pgg,22x,L3
3220,4,0,1,3,JJJJ,not tested,90.00 90.00 90.00 90.00,1.0000 1.0000 1.0000 1.0000,0 0 0 0,0 2 0 2,"3,5",,no (tile),,,,90.00,,1.0000,,4,yes,4_2 4_4,pgg,22x,L3
3225,4,0,0,1,IIII,not tested,60.00 120.00 60.00 120.00,1.0000 1.0000 1.0000 1.0000,0 0 0 0,0 0 0 0,"1,2,3,4,5,6,7",,no (tile),,,,60.00,,1.0000,,3 6,yes,4_4 4_2,pgg,22x,L3
3225,4,0,0,3,IIII,not tested,60.00 120.00 60.00 120.00,1.0000 1.0000 1.0000 1.0000,0 0 0 0,0 0 0 0,"1,2,3,4,5,6,7",,no (tile),,,,60.00,,1.0000,,3 6,yes,4_4 4_2,pgg,22x,L3
3225,4,0,1,1,IIII,not tested,60.00 120.00 60.00 120.00,1.0000 1.0000 1.0000 1.0000,0 0 0 0,0 0 0 0,"1,2,3,4,5,6,7",,no (tile),,,,60.00,,1.0000,,3 6,yes,4_4 4_2,pgg,22x,L3
3225,4,0,1,3,IIII,not tested,60.00 120.00 60.00 120.00,1.0000 1.0000 1.0000 1.0000,0 0 0 0,0 0 0 0,"1,2,3,4,5,6,7",,no (tile),,,,60.00,,1.0000,,3 6,yes,4_4 4_2,pgg,22x,L3
8958,4,0,0,3,IISS,not tested,59.99 180.00 60.00 60.01,1.0000 0.3335 1.3332 1.3333,0 1 2 3,0 0 0 0,1,,no (tile),,,,59.99,,0.2501,,4 6,yes,3_2 4_2,pmg,22*,L2
8958,4,0,1,3,IIJJ,not tested,60.00 180.00 60.00 60.01,1.0000 0.5001 1.4999 1.4999,0 1 2 2,0 0 0 2,"2,6",,no (tile),,,,60.00,,0.3334,,4 6,yes,3_2 4_2,pmg,22*,L2
8959,4,0,0,3,IISS,not tested,59.97 180.00 60.00 60.03,1.0000 1.0000 1.9988 1.9994,0 0 2 3,0 0 0 0,"1,2,6",,no (tile),,,,59.97,,0.5002,,4 6,yes,3_2 4_2,cm,1*x,L2
8959,4,0,1,3,IIJJ,not tested,47.06 180.00 47.06 85.88,1.0000 1.0000 1.4680 1.4680,0 0 2 2,0 0 0 2,"2,3,5,6",,no (tile),,,,47.06,,0.6812,,4 6,yes,3_2 4_2,cm,1*x,L2
8968,4,0,0,0,IIII,not tested,60.00 180.00 30.00 90.00,1.0000 1.0000 1.7321 1.0000,0 0 2 0,0 0 0 0,"1,2,6",,no (tile),,,,30.00,,0.5774,,3 8,yes,3_2 4_2,cm,1*x,L2
8968,4,0,1,0,IIII,not tested,30.00 180.00 60.00 90.00,1.0000 1.0000 1.0000 1.7321,0 0 0 3,0 0 0 0,"1,2,6",,no (tile),,,,30.00,,0.5774,,3 8,yes,3_2 4_2,cm,1*x,L2
8982,4,0,0,1,SSSS,not tested,180.00 59.97 60.03 60.00,1.0000 1.9994 1.9988 1.0000,0 1 2 0,0 0 0 0,1,,no (tile),,,,59.97,,0.5002,,4 6,yes,3_2 4_2,p2,2222,hand
8982,4,0,1,3,SJJS,not tested,180.00 43.02 93.97 43.02,1.0000 1.3677 1.3677 1.0000,0 1 1 0,0 0 2 0,"2,6",,no (tile),,,,43.02,,0.7311,,4 6,yes,3_2 4_2,p2,2222,hand
8986,4,0,0,2,SJJS,not tested,180.00 45.00 90.00 45.00,1.0000 1.4142 1.4142 1.0000,0 1 1 0,0 0 3 0,9,,no (tile),,,,45.00,,0.7071,,4 5,yes,3_2 4_2,p2,2222,L2
8986,4,0,1,2,SIIS,not tested,180.00 44.87 90.00 45.13,1.0000 1.4174 1.4111 1.0000,0 1 2 0,0 0 0 0,1,,no (tile),,,,44.87,,0.7055,,4 5,yes,3_2 4_2,p2,2222,L2
8991,4,0,1,0,IIII,not tested,30.00 180.00 60.00 90.00,1.0000 1.0000 1.0000 1.7321,0 0 0 3,0 0 0 0,"1,2,6",,no (tile),,,,30.00,,0.5774,,3 6 9,yes,3_2 4_2,p6,632,L3
8991,4,0,1,2,IIII,not tested,60.00 180.00 30.00 90.00,1.0000 1.0000 1.7321 1.0000,0 0 2 0,0 0 0 0,"1,2,6",,no (tile),,,,30.00,,0.5774,,3 6 9,yes,3_2 4_2,p6,632,L3
9001,4,0,0,3,UUSS,not tested,59.97 180.00 60.00 60.03,1.0000 1.0000 1.9988 1.9994,0 0 2 3,0 2 0 0,"1,2,6",,no (tile),,,,59.97,,0.5002,,4 6,yes,3_2 4_2,pgg,22x,L2
9001,4,0,1,3,UUJJ,not tested,47.06 180.00 47.06 85.88,1.0000 1.0000 1.4680 1.4680,0 0 2 2,0 2 0 2,"2,3,5,6",,no (tile),,,,47.06,,0.6812,,4 6,yes,3_2 4_2,pgg,22x,L2
9004,4,0,0,1,SSSS,not tested,60.00 180.00 30.00 90.00,1.0000 1.0000 1.7321 1.0000,0 0 2 0,0 0 0 0,1,,no (tile),,,,30.00,,0.5774,,4 6,yes,3_2 4_2,p6,632,L2
9004,4,0,0,3,SSSS,not tested,30.00 180.00 60.00 90.00,1.0000 1.0000 1.0000 1.7321,0 0 0 3,0 0 0 0,1,,no (tile),,,,30.00,,0.5774,,4 6,yes,3_2 4_2,p6,632,L2
9005,4,0,0,1,SSSS,not tested,90.00 180.00 26.57 63.43,1.0000 1.0000 2.2361 1.0000,0 0 2 0,0 0 0 0,1,,no (tile),,,,26.57,,0.4472,,4 8,yes,3_2 4_2,p4,442,L2
9005,4,0,0,3,SSSS,not tested,26.57 180.00 90.00 63.43,1.0000 1.0000 1.0000 2.2361,0 0 0 3,0 0 0 0,1,,no (tile),,,,26.57,,0.4472,,4 8,yes,3_2 4_2,p4,442,L2
9006,4,0,0,1,SSSS,not tested,120.00 180.00 19.11 40.89,1.0000 1.0000 2.6458 1.0000,0 0 2 0,0 0 0 0,1,,no (tile),,,,19.11,,0.3780,,3 4 12,yes,3_2 4_2,p6,632,L2
9006,4,0,0,3,SSSS,not tested,19.11 180.00 120.00 40.89,1.0000 1.0000 1.0000 2.6458,0 0 0 3,0 0 0 0,1,,no (tile),,,,19.11,,0.3780,,3 4 12,yes,3_2 4_2,p6,632,L2
9007,4,0,0,2,UUJJ,not tested,45.00 180.00 45.00 90.00,1.0000 1.0000 1.4142 1.4142,0 0 2 2,0 2 0 3,9,,no (tile),,,,45.00,,0.7071,,4 5,yes,3_2 4_2,pgg,22x,L2
9007,4,0,1,0,UUII,not tested,44.87 180.00 45.13 90.00,1.0000 1.0000 1.4109 1.4175,0 0 2 3,0 2 0 0,"1,2,6",,no (tile),,,,44.87,,0.7055,,4 5,yes,3_2 4_2,pgg,22x,L2
9017,4,0,0,3,SSSS,not tested,26.47 180.00 36.59 116.94,1.0000 1.0000 1.0000 1.3373,0 0 0 3,0 0 1 0,"1,2,6",,no (tile),,,,26.47,,0.7478,,4 6,yes,3_2 4_2,pgg,22x,L2
9017,4,0,1,1,SSSS,not tested,33.34 180.00 25.26 121.39,1.0000 1.0000 1.2878 1.0000,0 0 2 0,0 0 0 1,"1,2,6",,no (tile),,,,25.26,,0.7765,,4 6,yes,3_2 4_2,pgg,22x,L2
9018,4,0,0,0,IIII,not tested,60.00 180.00 30.00 90.00,1.0000 1.0000 1.7321 1.0000,0 0 2 0,0 0 0 0,"1,2,6",,no (tile),,,,30.00,,0.5774,,3 8,yes,3_2 4_2,pgg,22x,L2
9018,4,0,1,0,IIII,not tested,30.00 180.00 60.00 90.00,1.0000 1.0000 1.0000 1.7321,0 0 0 3,0 0 0 0,"1,2,6",,no (tile),,,,30.00,,0.5774,,3 8,yes,3_2 4_2,pgg,22x,L2
25447,4,0,0,0,IIII,not tested,90.00 90.00 90.00 90.00,1.0000 1.0000 1.0000 1.0000,0 1 0 3,0 0 0 0,"1,2,3,4,5,6,9",,no (tile),,,,90.00,,1.0000,,4,yes,4_1 4_1,pmm,*2222,L3
25447,4,0,0,1,IIII,not tested,90.00 90.00 90.00 90.00,1.0000 1.0000 1.0000 1.0000,0 1 1 3,0 0 0 0,"1,2,3,4,5,6,9",,no (tile),,,,90.00,,1.0000,,4,yes,4_1 4_1,pmm,*2222,L3
25447,4,0,0,2,IISI,not tested,90.00 90.00 90.00 90.00,1.0000 1.0000 1.0000 1.0000,0 1 2 3,0 0 0 0,"1,2,6",,no (tile),,,,90.00,,1.0000,,4,yes,4_1 4_1,pmm,*2222,L3
25447,4,0,0,3,IIII,not tested,90.00 90.00 90.00 90.00,1.0000 1.0000 1.0000 1.0000,0 1 2 2,0 0 0 0,"1,2,3,4,5,6,9",,no (tile),,,,90.00,,1.0000,,4,yes,4_1 4_1,pmm,*2222,L3
25447,4,0,1,0,IIII,not tested,90.00 90.00 90.00 90.00,1.0000 1.0000 1.0000 1.0000,0 1 2 2,0 0 0 0,"1,2,3,4,5,6,9",,no (tile),,,,90.00,,1.0000,,4,yes,4_1 4_1,pmm,*2222,L3
25447,4,0,1,1,IIII,not tested,90.00 90.00 90.00 90.00,1.0000 1.0000 1.0000 1.0000,0 1 0 3,0 0 0 0,"1,2,3,4,5,6,9",,no (tile),,,,90.00,,1.0000,,4,yes,4_1 4_1,pmm,*2222,L3
25447,4,0,1,2,IIII,not tested,90.00 90.00 90.00 90.00,1.0000 1.0000 1.0000 1.0000,0 1 1 3,0 0 0 0,"1,2,3,4,5,6,9",,no (tile),,,,90.00,,1.0000,,4,yes,4_1 4_1,pmm,*2222,L3
25447,4,0,1,3,IIII,not tested,90.00 90.00 90.00 90.00,1.0000 1.0000 1.0000 1.0000,0 1 2 3,0 0 0 0,"1,2,3,4,5,6,9",,no (tile),,,,90.00,,1.0000,,4,yes,4_1 4_1,pmm,*2222,L3
25448,4,0,0,0,IIII,not tested,90.00 90.00 90.00 90.00,1.0000 1.0000 1.0000 1.0000,0 1 0 3,0 0 0 0,"1,2,3,4,5,6,9",,no (tile),,,,90.00,,1.0000,,4,yes,4_1 4_1,cmm,2*22,L3
25448,4,0,0,1,IIII,not tested,90.00 90.00 90.00 90.00,1.0000 1.0000 1.0000 1.0000,0 1 1 3,0 0 0 0,"1,2,3,4,5,6,9",,no (tile),,,,90.00,,1.0000,,4,yes,4_1 4_1,cmm,2*22,L3
25448,4,0,0,2,IISI,not tested,90.00 90.00 90.00 90.00,1.0000 1.0000 1.0000 1.0000,0 1 2 3,0 0 0 0,"1,2,6",,no (tile),,,,90.00,,1.0000,,4,yes,4_1 4_1,cmm,2*22,L3
25448,4,0,0,3,IIII,not tested,90.00 90.00 90.00 90.00,1.0000 1.0000 1.0000 1.0000,0 1 2 2,0 0 0 0,"1,2,3,4,5,6,9",,no (tile),,,,90.00,,1.0000,,4,yes,4_1 4_1,cmm,2*22,L3
25448,4,0,1,0,IIII,not tested,90.00 90.00 90.00 90.00,1.0000 1.0000 1.0000 1.0000,0 1 2 2,0 0 0 0,"1,2,3,4,5,6,9",,no (tile),,,,90.00,,1.0000,,4,yes,4_1 4_1,cmm,2*22,L3
25448,4,0,1,1,IIII,not tested,90.00 90.00 90.00 90.00,1.0000 1.0000 1.0000 1.0000,0 1 0 3,0 0 0 0,"1,2,3,4,5,6,9",,no (tile),,,,90.00,,1.0000,,4,yes,4_1 4_1,cmm,2*22,L3
25448,4,0,1,2,IIII,not tested,90.00 90.00 90.00 90.00,1.0000 1.0000 1.0000 1.0000,0 1 1 3,0 0 0 0,"1,2,3,4,5,6,9",,no (tile),,,,90.00,,1.0000,,4,yes,4_1 4_1,cmm,2*22,L3
25448,4,0,1,3,IIII,not tested,90.00 90.00 90.00 90.00,1.0000 1.0000 1.0000 1.0000,0 1 2 3,0 0 0 0,"1,2,3,4,5,6,9",,no (tile),,,,90.00,,1.0000,,4,yes,4_1 4_1,cmm,2*22,L3
25460,4,0,0,0,IIII,not tested,90.00 90.00 90.00 90.00,1.0000 1.0000 1.0000 1.0000,0 0 2 2,0 0 0 0,"1,2,3,4,5,6,9",,no (tile),,,,90.00,,1.0000,,4,yes,4_2 4_2,cmm,2*22,L3
25460,4,0,0,1,ISII,not tested,90.00 90.00 90.00 90.00,1.0000 1.0000 1.0000 1.0000,0 1 0 3,0 0 0 0,"1,2,6",,no (tile),,,,90.00,,1.0000,,4,yes,4_2 4_2,cmm,2*22,L3
25460,4,0,0,2,IJJI,not tested,90.00 90.00 90.00 90.00,1.0000 1.0000 1.0000 1.0000,0 1 1 3,0 0 3 0,9,,no (tile),,,,90.00,,1.0000,,4,yes,4_2 4_2,cmm,2*22,L3
25460,4,0,0,3,IISI,not tested,90.00 90.00 90.00 90.00,1.0000 1.0000 1.0000 1.0000,0 1 2 1,0 0 0 0,"1,2,6",,no (tile),,,,90.00,,1.0000,,4,yes,4_2 4_2,cmm,2*22,L3
25460,4,0,1,0,IIII,not tested,90.00 90.00 90.00 90.00,1.0000 1.0000 1.0000 1.0000,0 1 0 1,0 0 0 0,"1,2,3,4,5,6,9",,no (tile),,,,90.00,,1.0000,,4,yes,4_2 4_2,cmm,2*22,L3
25460,4,0,1,1,IIII,not tested,90.00 90.00 90.00 90.00,1.0000 1.0000 1.0000 1.0000,0 0 0 3,0 0 0 0,"1,2,3,4,5,6,9",,no (tile),,,,90.00,,1.0000,,4,yes,4_2 4_2,cmm,2*22,L3
25460,4,0,1,2,IIII,not tested,90.00 90.00 90.00 90.00,1.0000 1.0000 1.0000 1.0000,0 1 2 3,0 0 0 0,"1,2,3,4,5,6,9",,no (tile),,,,90.00,,1.0000,,4,yes,4_2 4_2,cmm,2*22,L3
25460,4,0,1,3,IIII,not tested,90.00 90.00 90.00 90.00,1.0000 1.0000 1.0000 1.0000,0 1 1 1,0 0 0 0,"1,2,3,4,5,6,9",,no (tile),,,,90.00,,1.0000,,4,yes,4_2 4_2,cmm,2*22,L3
25461,4,0,1,2,IIII,not tested,90.00 45.00 135.00 90.00,1.0000 0.7071 0.5000 0.5000,0 1 2 2,0 0 0 0,"1,2,6",,no (tile),,,,45.00,,0.5000,,3 4 8,yes,4_2 4_2,cmm,2*22,L3
25463,4,0,0,0,IJIJ,not tested,90.00 90.00 90.00 90.00,1.0000 1.0000 1.0000 1.0000,0 1 0 1,0 0 0 3,"1,4,5",,no (tile),,,,90.00,,1.0000,,4,yes,4_1 4_1,pm,1**,L2
25463,4,0,0,1,IIII,not tested,90.00 90.00 90.00 90.00,1.0000 1.0000 1.0000 1.0000,0 0 0 0,0 0 0 0,"1,2,3,4,5,6,9",,no (tile),,,,90.00,,1.0000,,4,yes,4_1 4_1,pm,1**,L2
25463,4,0,0,2,IJSJ,not tested,90.00 90.00 90.00 90.00,1.0000 1.0000 1.0000 1.0000,0 1 2 1,0 0 0 3,1,,no (tile),,,,90.00,,1.0000,,4,yes,4_1 4_1,pm,1**,L2
25463,4,0,0,3,IIII,not tested,90.00 90.00 90.00 90.00,1.0000 1.0000 1.0000 1.0000,0 0 0 0,0 0 0 0,"1,2,3,4,5,6,9",,no (tile),,,,90.00,,1.0000,,4,yes,4_1 4_1,pm,1**,L2
25463,4,0,1,0,IIII,not tested,90.00 90.00 90.00 90.00,1.0000 1.0000 1.0000 1.0000,0 0 0 0,0 0 0 0,"1,2,3,4,5,6,9",,no (tile),,,,90.00,,1.0000,,4,yes,4_1 4_1,pm,1**,L2
25463,4,0,1,1,IJIJ,not tested,90.00 90.00 90.00 90.00,1.0000 1.0000 1.0000 1.0000,0 1 0 1,0 0 0 3,"1,4,5",,no (tile),,,,90.00,,1.0000,,4,yes,4_1 4_1,pm,1**,L2
25463,4,0,1,2,IIII,not tested,90.00 90.00 90.00 90.00,1.0000 1.0000 1.0000 1.0000,0 0 0 0,0 0 0 0,"1,2,3,4,5,6,9",,no (tile),,,,90.00,,1.0000,,4,yes,4_1 4_1,pm,1**,L2
25463,4,0,1,3,IJIJ,not tested,90.00 90.00 90.00 90.00,1.0000 1.0000 1.0000 1.0000,0 1 2 1,0 0 0 3,"1,4,5",,no (tile),,,,90.00,,1.0000,,4,yes,4_1 4_1,pm,1**,L2
25464,4,0,0,0,IJIJ,not tested,90.00 90.00 90.00 90.00,1.0000 1.0000 1.0000 1.0000,0 1 0 1,0 0 0 3,"1,4,5",,no (tile),,,,90.00,,1.0000,,4,yes,4_1 4_1,pmg,22*,L2
25464,4,0,0,1,IIII,not tested,90.00 90.00 90.00 90.00,1.0000 1.0000 1.0000 1.0000,0 0 0 0,0 0 0 0,"1,2,3,4,5,6,9",,no (tile),,,,90.00,,1.0000,,4,yes,4_1 4_1,pmg,22*,L2
25464,4,0,0,2,IJSJ,not tested,90.00 90.00 90.00 90.00,1.0000 1.0000 1.0000 1.0000,0 1 2 1,0 0 0 3,1,,no (tile),,,,90.00,,1.0000,,4,yes,4_1 4_1,pmg,22*,L2
25464,4,0,0,3,IIII,not tested,90.00 90.00 90.00 90.00,1.0000 1.0000 1.0000 1.0000,0 0 0 0,0 0 0 0,"1,2,3,4,5,6,9",,no (tile),,,,90.00,,1.0000,,4,yes,4_1 4_1,pmg,22*,L2
25464,4,0,1,0,IIII,not tested,90.00 90.00 90.00 90.00,1.0000 1.0000 1.0000 1.0000,0 0 0 0,0 0 0 0,"1,2,3,4,5,6,9",,no (tile),,,,90.00,,1.0000,,4,yes,4_1 4_1,pmg,22*,L2
25464,4,0,1,1,IJIJ,not tested,90.00 90.00 90.00 90.00,1.0000 1.0000 1.0000 1.0000,0 1 0 1,0 0 0 3,"1,4,5",,no (tile),,,,90.00,,1.0000,,4,yes,4_1 4_1,pmg,22*,L2
25464,4,0,1,2,IIII,not tested,90.00 90.00 90.00 90.00,1.0000 1.0000 1.0000 1.0000,0 0 0 0,0 0 0 0,"1,2,3,4,5,6,9",,no (tile),,,,90.00,,1.0000,,4,yes,4_1 4_1,pmg,22*,L2
25464,4,0,1,3,IJIJ,not tested,90.00 90.00 90.00 90.00,1.0000 1.0000 1.0000 1.0000,0 1 2 1,0 0 0 3,"1,4,5",,no (tile),,,,90.00,,1.0000,,4,yes,4_1 4_1,pmg,22*,L2
25472,4,0,0,0,IIII,not tested,90.00 90.00 90.00 90.00,1.0000 1.0000 1.0000 1.0000,0 0 2 3,0 0 0 0,"1,2,3,4,5,6,9",,no (tile),,,,90.00,,1.0000,,4,yes,4_1 4_1,pmg,22*,L3
25472,4,0,0,1,ISIS,not tested,90.00 90.00 90.00 90.00,1.0000 1.0000 1.0000 1.0000,0 1 2 3,0 0 0 0,"1,6",,no (tile),,,,90.00,,1.0000,,4,yes,4_1 4_1,pmg,22*,L3
25472,4,0,0,2,IIII,not tested,90.00 90.00 90.00 90.00,1.0000 1.0000 1.0000 1.0000,0 1 1 3,0 0 0 0,"1,2,3,4,5,6,9",,no (tile),,,,90.00,,1.0000,,4,yes,4_1 4_1,pmg,22*,L3
25472,4,0,0,3,ISIS,not tested,90.00 90.00 90.00 90.00,1.0000 1.0000 1.0000 1.0000,0 1 2 1,0 0 0 0,"1,4,5,6",,no (tile),,,,90.00,,1.0000,,4,yes,4_1 4_1,pmg,22*,L3
25472,4,0,1,0,ISIS,not tested,90.00 90.00 90.00 90.00,1.0000 1.0000 1.0000 1.0000,0 1 2 1,0 0 0 1,"1,5,6",,no (tile),,,,90.00,,1.0000,,4,yes,4_1 4_1,pmg,22*,L3
25472,4,0,1,1,IIII,not tested,90.00 90.00 90.00 90.00,1.0000 1.0000 1.0000 1.0000,0 0 2 3,0 0 0 0,"1,2,3,4,5,6,9",,no (tile),,,,90.00,,1.0000,,4,yes,4_1 4_1,pmg,22*,L3
25472,4,0,1,2,IIIS,not tested,90.00 90.00 90.00 90.00,1.0000 1.0000 1.0000 1.0000,0 1 2 3,0 0 0 0,"1,2,6",,no (tile),,,,90.00,,1.0000,,4,yes,4_1 4_1,pmg,22*,L3
25472,4,0,1,3,IIII,not tested,90.00 90.00 90.00 90.00,1.0000 1.0000 1.0000 1.0000,0 1 1 3,0 0 0 0,"1,2,3,4,5,6,9",,no (tile),,,,90.00,,1.0000,,4,yes,4_1 4_1,pmg,22*,L3
25473,4,0,0,2,IIII,not tested,60.00 120.00 120.00 60.00,1.0000 1.0000 1.0000 2.0000,0 0 0 3,0 0 0 0,"1,2,6",,no (tile),,,,60.00,,0.5000,,3 4 6,yes,4_2 4_2,pmg,22*,L2
25473,4,0,1,1,IIII,not tested,89.75 90.25 134.87 45.13,1.0000 1.0000 1.4111 2.0000,0 0 2 3,0 0 0 0,"1,2,6",,no (tile),,,,45.13,,0.5000,,3 4 6,yes,4_2 4_2,pmg,22*,L2
25495,4,0,0,0,IIII,not tested,90.00 90.00 90.00 90.00,1.0000 1.0000 1.0000 1.0000,0 1 1 0,0 0 0 0,"1,2,3,4,5,6,9",,no (tile),,,,90.00,,1.0000,,4,yes,4_2 4_2,pm,1**,L2
25495,4,0,0,1,IJIJ,not tested,90.00 90.00 90.00 90.00,1.0000 1.0000 1.0000 1.0000,0 1 2 1,0 0 0 3,"1,4,5",,no (tile),,,,90.00,,1.0000,,4,yes,4_2 4_2,pm,1**,L2
25495,4,0,0,2,IIII,not tested,90.00 90.00 90.00 90.00,1.0000 1.0000 1.0000 1.0000,0 0 2 2,0 0 0 0,"1,2,3,4,5,6,9",,no (tile),,,,90.00,,1.0000,,4,yes,4_2 4_2,pm,1**,L2
25495,4,0,0,3,ISIS,not tested,90.00 90.00 90.00 90.00,1.0000 1.0000 1.0000 1.0000,0 1 2 3,0 0 0 0,"1,6",,no (tile),,,,90.00,,1.0000,,4,yes,4_2 4_2,pm,1**,L2
25495,4,0,1,0,IIII,not tested,90.00 90.00 90.00 90.00,1.0000 1.0000 1.0000 1.0000,0 1 2 3,0 0 0 0,"1,2,3,4,5,6,9",,no (tile),,,,90.00,,1.0000,,4,yes,4_2 4_2,pm,1**,L2
25495,4,0,1,1,IIII,not tested,90.00 90.00 90.00 90.00,1.0000 1.0000 1.0000 1.0000,0 1 1 0,0 0 0 0,"1,2,3,4,5,6,9",,no (tile),,,,90.00,,1.0000,,4,yes,4_2 4_2,pm,1**,L2
25495,4,0,1,2,IJIJ,not tested,90.00 90.00 90.00 90.00,1.0000 1.0000 1.0000 1.0000,0 1 2 1,0 0 0 2,"5,6",,no (tile),,,,90.00,,1.0000,,4,yes,4_2 4_2,pm,1**,L2
25495,4,0,1,3,IIII,not tested,90.00 90.00 90.00 90.00,1.0000 1.0000 1.0000 1.0000,0 0 2 2,0 0 0 0,"1,2,3,4,5,6,9",,no (tile),,,,90.00,,1.0000,,4,yes,4_2 4_2,pm,1**,L2
25496,4,0,0,0,IIII,not tested,90.00 90.00 90.00 90.00,1.0000 1.0000 1.0000 1.0000,0 1 1 0,0 0 0 0,"1,2,3,4,5,6,9",,no (tile),,,,90.00,,1.0000,,4,yes,4_2 4_2,cm,1*x,L3
25496,4,0,0,1,IUIU,not tested,90.00 90.00 90.00 90.00,1.0000 1.0000 1.0000 1.0000,0 1 2 1,0 0 0 2,"1,4,5,6",,no (tile),,,,90.00,,1.0000,,4,yes,4_2 4_2,cm,1*x,L3
25496,4,0,0,2,IIII,not tested,90.00 90.00 90.00 90.00,1.0000 1.0000 1.0000 1.0000,0 0 2 2,0 0 0 0,"1,2,3,4,5,6,9",,no (tile),,,,90.00,,1.0000,,4,yes,4_2 4_2,cm,1*x,L3
25496,4,0,0,3,IIIS,not tested,90.00 90.00 90.00 90.00,1.0000 1.0000 1.0000 1.0000,0 1 2 3,0 0 0 0,"1,2,6",,no (tile),,,,90.00,,1.0000,,4,yes,4_2 4_2,cm,1*x,L3
25496,4,0,1,0,ISII,not tested,90.00 90.00 90.00 90.00,1.0000 1.0000 1.0000 1.0000,0 1 2 3,0 0 0 0,"1,2,6",,no (tile),,,,90.00,,1.0000,,4,yes,4_2 4_2,cm,1*x,L3
25496,4,0,1,1,IIII,not tested,90.00 90.00 90.00 90.00,1.0000 1.0000 1.0000 1.0000,0 1 1 0,0 0 0 0,"1,2,3,4,5,6,9",,no (tile),,,,90.00,,1.0000,,4,yes,4_2 4_2,cm,1*x,L3
25496,4,0,1,2,IUIU,not tested,90.00 90.00 90.00 90.00,1.0000 1.0000 1.0000 1.0000,0 1 2 1,0 0 0 2,"1,4,5,6",,no (tile),,,,90.00,,1.0000,,4,yes,4_2 4_2,cm,1*x,L3
25496,4,0,1,3,IIII,not tested,90.00 90.00 90.00 90.00,1.0000 1.0000 1.0000 1.0000,0 0 2 2,0 0 0 0,"1,2,3,4,5,6,9",,no (tile),,,,90.00,,1.0000,,4,yes,4_2 4_2,cm,1*x,L3
25497,4,0,0,0,ISSI,not tested,90.00 90.00 90.00 90.00,1.0000 1.0000 1.0000 1.0000,0 1 1 0,0 0 0 0,"1,2,6,9",,no (tile),,,,90.00,,1.0000,,4,yes,4_2 4_2,pmg,22*,L2
25497,4,0,0,1,IJSJ,not tested,90.00 90.00 90.00 90.00,1.0000 1.0000 1.0000 1.0000,0 1 2 1,0 0 0 3,1,,no (tile),,,,90.00,,1.0000,,4,yes,4_2 4_2,pmg,22*,L2
25497,4,0,0,2,IISS,not tested,90.00 90.00 90.00 90.00,1.0000 1.0000 1.0000 1.0000,0 0 2 2,0 0 0 0,"1,2,6,9",,no (tile),,,,90.00,,1.0000,,4,yes,4_2 4_2,pmg,22*,L2
25497,4,0,0,3,ISIS,not tested,90.00 90.00 90.00 90.00,1.0000 1.0000 1.0000 1.0000,0 1 2 3,0 0 0 0,"1,6",,no (tile),,,,90.00,,1.0000,,4,yes,4_2 4_2,pmg,22*,L2
25497,4,0,1,0,IISI,not tested,90.00 90.00 90.00 90.00,1.0000 1.0000 1.0000 1.0000,0 1 2 3,0 0 0 0,"1,2,6",,no (tile),,,,90.00,,1.0000,,4,yes,4_2 4_2,pmg,22*,L2
25497,4,0,1,1,IIII,not tested,90.00 90.00 90.00 90.00,1.0000 1.0000 1.0000 1.0000,0 1 1 0,0 0 0 0,"1,2,3,4,5,6,9",,no (tile),,,,90.00,,1.0000,,4,yes,4_2 4_2,pmg,22*,L2
25497,4,0,1,2,IJIJ,not tested,90.00 90.00 90.00 90.00,1.0000 1.0000 1.0000 1.0000,0 1 2 1,0 0 0 2,"5,6",,no (tile),,,,90.00,,1.0000,,4,yes,4_2 4_2,pmg,22*,L2
25497,4,0,1,3,IIII,not tested,90.00 90.00 90.00 90.00,1.0000 1.0000 1.0000 1.0000,0 0 2 2,0 0 0 0,"1,2,3,4,5,6,9",,no (tile),,,,90.00,,1.0000,,4,yes,4_2 4_2,pmg,22*,L2
25498,4,0,0,0,IJJI,not tested,90.00 90.00 90.00 90.00,1.0000 1.0000 1.0000 1.0000,0 1 1 0,0 0 3 0,9,,no (tile),,,,90.00,,1.0000,,4,yes,4_3 4_3,pmg,22*,L2
25498,4,0,0,1,IJSJ,not tested,90.00 90.00 90.00 90.00,1.0000 1.0000 1.0000 1.0000,0 1 2 1,0 0 0 3,1,,no (tile),,,,90.00,,1.0000,,4,yes,4_3 4_3,pmg,22*,L2
25498,4,0,0,2,IIJJ,not tested,90.00 90.00 90.00 90.00,1.0000 1.0000 1.0000 1.0000,0 0 2 2,0 0 0 3,9,,no (tile),,,,90.00,,1.0000,,4,yes,4_3 4_3,pmg,22*,L2
25498,4,0,0,3,ISIS,not tested,90.00 90.00 90.00 90.00,1.0000 1.0000 1.0000 1.0000,0 1 0 3,0 0 0 0,"1,6",,no (tile),,,,90.00,,1.0000,,4,yes,4_3 4_3,pmg,22*,L2
25498,4,0,1,0,IIII,not tested,90.00 90.00 90.00 90.00,1.0000 1.0000 1.0000 1.0000,0 1 2 3,0 0 0 0,"1,2,3,4,5,6,9",,no (tile),,,,90.00,,1.0000,,4,yes,4_3 4_3,pmg,22*,L2
25498,4,0,1,1,IIII,not tested,90.00 90.00 90.00 90.00,1.0000 1.0000 1.0000 1.0000,0 0 0 0,0 0 0 0,"1,2,3,4,5,6,9",,no (tile),,,,90.00,,1.0000,,4,yes,4_3 4_3,pmg,22*,L2
25498,4,0,1,2,IJIJ,not tested,90.00 90.00 90.00 90.00,1.0000 1.0000 1.0000 1.0000,0 1 0 1,0 0 0 2,"5,6",,no (tile),,,,90.00,,1.0000,,4,yes,4_3 4_3,pmg,22*,L2
25498,4,0,1,3,IIII,not tested,90.00 90.00 90.00 90.00,1.0000 1.0000 1.0000 1.0000,0 0 0 0,0 0 0 0,"1,2,3,4,5,6,9",,no (tile),,,,90.00,,1.0000,,4,yes,4_3 4_3,pmg,22*,L2
25499,4,0,0,0,IUUI,not tested,90.00 90.00 90.00 90.00,1.0000 1.0000 1.0000 1.0000,0 1 1 0,0 0 2 0,"2,3,5,6,9",,no (tile),,,,90.00,,1.0000,,4,yes,4_3 4_3,cm,1*x,L2
25499,4,0,0,1,IJIJ,not tested,90.00 90.00 90.00 90.00,1.0000 1.0000 1.0000 1.0000,0 1 2 1,0 0 0 3,"1,4,5",,no (tile),,,,90.00,,1.0000,,4,yes,4_3 4_3,cm,1*x,L2
25499,4,0,0,2,IIUU,not tested,90.00 90.00 90.00 90.00,1.0000 1.0000 1.0000 1.0000,0 0 2 2,0 0 0 2,"2,3,5,6,9",,no (tile),,,,90.00,,1.0000,,4,yes,4_3 4_3,cm,1*x,L2
25499,4,0,0,3,ISIS,not tested,90.00 90.00 90.00 90.00,1.0000 1.0000 1.0000 1.0000,0 1 0 3,0 0 0 0,"1,6",,no (tile),,,,90.00,,1.0000,,4,yes,4_3 4_3,cm,1*x,L2
25499,4,0,1,0,IISI,not tested,90.00 90.00 90.00 90.00,1.0000 1.0000 1.0000 1.0000,0 1 2 3,0 0 0 0,"1,2,6",,no (tile),,,,90.00,,1.0000,,4,yes,4_3 4_3,cm,1*x,L2
25499,4,0,1,1,IIII,not tested,90.00 90.00 90.00 90.00,1.0000 1.0000 1.0000 1.0000,0 0 0 0,0 0 0 0,"1,2,3,4,5,6,9",,no (tile),,,,90.00,,1.0000,,4,yes,4_3 4_3,cm,1*x,L2
25499,4,0,1,2,IJIJ,not tested,90.00 90.00 90.00 90.00,1.0000 1.0000 1.0000 1.0000,0 1 0 1,0 0 0 2,"5,6",,no (tile),,,,90.00,,1.0000,,4,yes,4_3 4_3,cm,1*x,L2
25499,4,0,1,3,IIII,not tested,90.00 90.00 90.00 90.00,1.0000 1.0000 1.0000 1.0000,0 0 0 0,0 0 0 0,"1,2,3,4,5,6,9",,no (tile),,,,90.00,,1.0000,,4,yes,4_3 4_3,cm,1*x,L2
25507,4,0,0,0,SJSJ,not tested,90.00 90.00 90.00 90.00,1.0000 1.0000 1.0000 1.0000,0 1 0 1,0 0 0 3,"1,4",,no (tile),,,,90.00,,1.0000,,4,yes,4_1 4_1,p2,2222,L2
25507,4,0,0,1,SSSS,not tested,90.00 90.00 90.00 90.00,1.0000 1.0000 1.0000 1.0000,0 0 0 0,0 0 0 0,"1,4,9",,no (tile),,,,90.00,,1.0000,,4,yes,4_1 4_1,p2,2222,L2
25507,4,0,0,2,SJSJ,not tested,90.00 90.00 90.00 90.00,1.0000 1.0000 1.0000 1.0000,0 1 2 1,0 0 0 3,1,,no (tile),,,,90.00,,1.0000,,4,yes,4_1 4_1,p2,2222,L2
25507,4,0,0,3,SSSS,not tested,90.00 90.00 90.00 90.00,1.0000 1.0000 1.0000 1.0000,0 0 0 0,0 0 0 0,"1,4,9",,no (tile),,,,90.00,,1.0000,,4,yes,4_1 4_1,p2,2222,L2
25507,4,0,1,0,SSSS,not tested,90.00 90.00 90.00 90.00,1.0000 1.0000 1.0000 1.0000,0 0 0 0,0 1 0 1,"1,2,3,4,5,6",,no (tile),,,,90.00,,1.0000,,4,yes,4_1 4_1,p2,2222,L2
25507,4,0,1,1,SJSJ,not tested,90.00 90.00 90.00 90.00,1.0000 1.0000 1.0000 1.0000,0 1 0 1,0 0 1 3,"1,5",,no (tile),,,,90.00,,1.0000,,4,yes,4_1 4_1,p2,2222,L2
25507,4,0,1,2,SSSS,not tested,90.00 90.00 90.00 90.00,1.0000 1.0000 1.0000 1.0000,0 0 0 0,0 1 0 1,"1,2,3,4,5,6",,no (tile),,,,90.00,,1.0000,,4,yes,4_1 4_1,p2,2222,L2
25507,4,0,1,3,SJIJ,not tested,90.00 90.00 90.00 90.00,1.0000 1.0000 1.0000 1.0000,0 1 2 1,0 0 0 3,1,,no (tile),,,,90.00,,1.0000,,4,yes,4_1 4_1,p2,2222,L2
25520,4,0,0,0,SSSS,not tested,90.00 90.00 90.00 90.00,1.0000 1.0000 1.0000 1.0000,0 0 0 3,0 0 0 0,1,,no (tile),,,,90.00,,1.0000,,4,yes,4_2 4_2,p2,2222,hand
25520,4,0,0,1,SSSS,not tested,90.00 90.00 90.00 90.00,1.0000 1.0000 1.0000 1.0000,0 1 2 3,0 0 0 0,1,,no (tile),,,,90.00,,1.0000,,4,yes,4_2 4_2,p2,2222,hand
25520,4,0,0,2,SSSS,not tested,90.00 90.00 90.00 90.00,1.0000 1.0000 1.0000 1.0000,0 1 1 1,0 0 0 0,1,,no (tile),,,,90.00,,1.0000,,4,yes,4_2 4_2,p2,2222,hand
25520,4,0,0,3,SSSS,not tested,90.00 90.00 90.00 90.00,1.0000 1.0000 1.0000 1.0000,0 1 0 1,0 0 0 0,"1,4",,no (tile),,,,90.00,,1.0000,,4,yes,4_2 4_2,p2,2222,hand
25520,4,0,1,0,SSIS,not tested,90.00 90.00 90.00 90.00,1.0000 1.0000 1.0000 1.0000,0 1 2 1,0 0 0 1,"1,6",,no (tile),,,,90.00,,1.0000,,4,yes,4_2 4_2,p2,2222,hand
25520,4,0,1,1,SSSS,not tested,90.00 90.00 90.00 90.00,1.0000 1.0000 1.0000 1.0000,0 0 2 2,0 1 0 1,"1,2,3,5,6",,no (tile),,,,90.00,,1.0000,,4,yes,4_2 4_2,p2,2222,hand
25520,4,0,1,2,SISS,not tested,90.00 90.00 90.00 90.00,1.0000 1.0000 1.0000 1.0000,0 1 0 3,0 0 1 0,"1,6",,no (tile),,,,90.00,,1.0000,,4,yes,4_2 4_2,p2,2222,hand
25520,4,0,1,3,SJJS,not tested,90.00 90.00 90.00 90.00,1.0000 1.0000 1.0000 1.0000,0 1 1 3,0 0 2 0,"2,6",,no (tile),,,,90.00,,1.0000,,4,yes,4_2 4_2,p2,2222,hand
25521,4,0,0,0,SSSS,not tested,90.00 90.00 90.00 90.00,1.0000 1.0000 1.0000 1.0000,0 0 0 0,0 0 0 1,"1,2,5,6",,no (tile),,,,90.00,,1.0000,,4,yes,4_2 4_2,pgg,22x,L2
25521,4,0,0,1,SSSS,not tested,90.00 90.00 90.00 90.00,1.0000 1.0000 1.0000 1.0000,0 1 2 0,0 0 0 1,"1,2,6",,no (tile),,,,90.00,,1.0000,,4,yes,4_2 4_2,pgg,22x,L2
25521,4,0,0,2,SSSS,not tested,90.00 90.00 90.00 90.00,1.0000 1.0000 1.0000 1.0000,0 0 0 0,0 1 1 1,"1,2,5,6",,no (tile),,,,90.00,,1.0000,,4,yes,4_2 4_2,pgg,22x,L2
25521,4,0,0,3,SSSS,not tested,90.00 90.00 90.00 90.00,1.0000 1.0000 1.0000 1.0000,0 0 0 0,0 1 0 1,"1,2,3,4,5,6",,no (tile),,,,90.00,,1.0000,,4,yes,4_2 4_2,pgg,22x,L2
25521,4,0,1,0,SSIS,not tested,90.00 90.00 90.00 90.00,1.0000 1.0000 1.0000 1.0000,0 0 2 0,0 1 0 0,"1,2,6",,no (tile),,,,90.00,,1.0000,,4,yes,4_2 4_2,pgg,22x,L2
25521,4,0,1,1,SSSS,not tested,90.00 90.00 90.00 90.00,1.0000 1.0000 1.0000 1.0000,0 0 0 0,0 1 0 1,"1,2,3,4,5,6",,no (tile),,,,90.00,,1.0000,,4,yes,4_2 4_2,pgg,22x,L2
25521,4,0,1,2,SISS,not tested,90.00 90.00 90.00 90.00,1.0000 1.0000 1.0000 1.0000,0 1 0 0,0 0 1 0,"1,2,6",,no (tile),,,,90.00,,1.0000,,4,yes,4_2 4_2,pgg,22x,L2
25521,4,0,1,3,SJJS,not tested,90.00 90.00 90.00 90.00,1.0000 1.0000 1.0000 1.0000,0 1 1 0,0 0 2 1,"2,3,5,6",,no (tile),,,,90.00,,1.0000,,4,yes,4_2 4_2,pgg,22x,L2
25523,4,0,0,2,SSSS,not tested,111.88 52.87 153.56 41.68,1.0000 1.0000 1.0000 1.3389,0 0 0 3,0 0 0 0,1,,no (tile),,,,41.68,,0.7469,,3 5,yes,4_2 4_2,p2,2222,L2
25523,4,0,0,3,SSSS,not tested,107.33 43.90 151.23 57.53,1.0000 0.7205 0.7205 0.7205,0 1 1 1,0 0 0 0,1,,no (tile),,,,43.90,,0.7205,,3 5,yes,4_2 4_2,p2,2222,L2
25523,4,0,1,1,SSIS,not tested,62.00 104.35 127.83 65.82,1.0000 1.0000 0.7092 1.7316,0 0 2 3,0 1 0 0,"1,2,6",,no (tile),,,,62.00,,0.4095,,3 5,yes,4_2 4_2,p2,2222,L2
25523,4,0,1,2,SISS,not tested,75.78 73.02 148.80 62.40,1.0000 0.2920 0.9232 0.9232,0 1 2 2,0 0 0 1,"1,2,6",,no (tile),,,,62.40,,0.2920,,3 5,yes,4_2 4_2,p2,2222,L2
25524,4,0,0,0,SSIS,not tested,98.52 60.00 130.74 70.74,1.0000 1.0000 0.6597 1.0000,0 0 2 0,0 0 0 1,"1,2,6",,no (tile),,,,60.00,,0.6597,,3 5,yes,4_2 4_2,pgg,22x,L2
25524,4,0,0,2,SSSS,not tested,120.00 60.00 120.00 60.00,1.0000 1.0000 1.0000 1.0000,0 0 0 0,0 1 1 0,"1,2,3,5,6,7",,no (tile),,,,60.00,,1.0000,,3 5,yes,4_2 4_2,pgg,22x,L2
25524,4,0,1,0,SSSS,not tested,120.00 60.00 120.00 60.00,1.0000 1.0000 1.0000 1.0000,0 0 0 0,0 1 1 0,"1,2,3,5,6,7",,no (tile),,,,60.00,,1.0000,,3 5,yes,4_2 4_2,pgg,22x,L2
25524,4,0,1,2,SISS,not tested,94.82 72.59 132.59 60.00,1.0000 0.5984 1.0000 1.0000,0 1 0 0,0 0 1 1,"1,2,6",,no (tile),,,,60.00,,0.5984,,3 5,yes,4_2 4_2,pgg,22x,L2
25540,4,0,1,0,SSSI,not tested,155.87 48.27 101.01 54.86,1.0000 1.0000 1.0000 0.5756,0 0 0 3,0 1 0 0,"1,2,6",,no (tile),,,,48.27,,0.5756,,3 5,yes,4_2 4_2,pgg,22x,L2
25540,4,0,1,1,SISS,not tested,51.70 154.15 60.69 93.46,1.0000 0.4895 1.0000 1.0000,0 1 0 0,0 0 0 1,"1,2,6",,no (tile),,,,51.70,,0.4895,,3 5,yes,4_2 4_2,pgg,22x,L2
25543,4,0,0,1,SSIS,not tested,49.29 155.35 39.83 115.52,1.0000 1.0000 1.3022 1.0000,0 0 2 0,0 0 0 0,1,,no (tile),,,,39.83,,0.7679,,3 5,yes,4_3 4_3,pgg,22x,L2
25543,4,0,1,0,SSSI,not tested,148.36 63.28 89.23 59.14,1.0000 1.0000 1.2222 0.6270,0 0 2 3,0 1 0 0,"1,2,6",,no (tile),,,,59.14,,0.5130,,3 5,yes,4_3 4_3,pgg,22x,L2
25543,4,0,1,1,SISS,not tested,51.70 154.15 60.69 93.46,1.0000 0.4895 1.0000 1.0000,0 1 0 0,0 0 1 1,"1,2,6",,no (tile),,,,51.70,,0.4895,,3 5,yes,4_3 4_3,pgg,22x,L2
25548,4,0,0,0,SSSS,not tested,90.00 90.00 90.00 90.00,1.0000 1.0000 1.0000 1.0000,0 1 1 0,0 0 0 0,"1,9",,no (tile),,,,90.00,,1.0000,,4,yes,4_2 4_2,p2,2222,L2
25548,4,0,0,1,SJSJ,not tested,90.00 90.00 90.00 90.00,1.0000 1.0000 1.0000 1.0000,0 1 2 1,0 0 0 3,1,,no (tile),,,,90.00,,1.0000,,4,yes,4_2 4_2,p2,2222,L2
25548,4,0,0,2,SSSS,not tested,90.00 90.00 90.00 90.00,1.0000 1.0000 1.0000 1.0000,0 0 2 2,0 0 0 0,"1,9",,no (tile),,,,90.00,,1.0000,,4,yes,4_2 4_2,p2,2222,L2
25548,4,0,0,3,SSSS,not tested,90.00 90.00 90.00 90.00,1.0000 1.0000 1.0000 1.0000,0 1 2 3,0 0 0 0,1,,no (tile),,,,90.00,,1.0000,,4,yes,4_2 4_2,p2,2222,L2
25548,4,0,1,0,SISI,not tested,90.00 90.00 90.00 90.00,1.0000 1.0000 1.0000 1.0000,0 1 2 3,0 0 0 0,"1,6",,no (tile),,,,90.00,,1.0000,,4,yes,4_2 4_2,p2,2222,L2
25548,4,0,1,1,SSSS,not tested,90.00 90.00 90.00 90.00,1.0000 1.0000 1.0000 1.0000,0 1 1 0,0 0 1 1,"1,2,3,5,6",,no (tile),,,,90.00,,1.0000,,4,yes,4_2 4_2,p2,2222,L2
25548,4,0,1,2,SJSJ,not tested,90.00 90.00 90.00 90.00,1.0000 1.0000 1.0000 1.0000,0 1 2 1,0 0 0 2,6,,no (tile),,,,90.00,,1.0000,,4,yes,4_2 4_2,p2,2222,L2
25548,4,0,1,3,SSSS,not tested,90.00 90.00 90.00 90.00,1.0000 1.0000 1.0000 1.0000,0 0 2 2,0 1 0 1,"1,2,3,5,6",,no (tile),,,,90.00,,1.0000,,4,yes,4_2 4_2,p2,2222,L2
25550,4,0,0,0,SSSS,not tested,90.00 90.00 90.00 90.00,1.0000 1.0000 1.0000 1.0000,0 0 0 0,0 1 0 0,"1,2,5,6",,no (tile),,,,90.00,,1.0000,,4,yes,4_2 4_2,pgg,22x,L2
25550,4,0,0,1,SUSU,not tested,90.00 90.00 90.00 90.00,1.0000 1.0000 1.0000 1.0000,0 1 0 1,0 0 1 2,"1,5,6",,no (tile),,,,90.00,,1.0000,,4,yes,4_2 4_2,pgg,22x,L2
25550,4,0,0,2,SSSS,not tested,90.00 90.00 90.00 90.00,1.0000 1.0000 1.0000 1.0000,0 0 0 0,0 1 0 0,"1,2,5,6",,no (tile),,,,90.00,,1.0000,,4,yes,4_2 4_2,pgg,22x,L2
25550,4,0,0,3,SISS,not tested,90.00 90.00 90.00 90.00,1.0000 1.0000 1.0000 1.0000,0 1 0 3,0 0 1 0,"1,6",,no (tile),,,,90.00,,1.0000,,4,yes,4_2 4_2,pgg,22x,L2
25550,4,0,1,0,SSSI,not tested,90.00 90.00 90.00 90.00,1.0000 1.0000 1.0000 1.0000,0 1 0 3,0 0 1 0,"1,6",,no (tile),,,,90.00,,1.0000,,4,yes,4_2 4_2,pgg,22x,L2
25550,4,0,1,1,SSSS,not tested,90.00 90.00 90.00 90.00,1.0000 1.0000 1.0000 1.0000,0 0 0 0,0 0 0 1,"1,2,5,6",,no (tile),,,,90.00,,1.0000,,4,yes,4_2 4_2,pgg,22x,L2
25550,4,0,1,2,SUSU,not tested,90.00 90.00 90.00 90.00,1.0000 1.0000 1.0000 1.0000,0 1 0 1,0 0 1 2,"1,5,6",,no (tile),,,,90.00,,1.0000,,4,yes,4_2 4_2,pgg,22x,L2
25550,4,0,1,3,SSSS,not tested,90.00 90.00 90.00 90.00,1.0000 1.0000 1.0000 1.0000,0 0 0 0,0 0 0 1,"1,2,5,6",,no (tile),,,,90.00,,1.0000,,4,yes,4_2 4_2,pgg,22x,L2
25551,4,0,0,0,SJJS,not tested,90.00 90.00 90.00 90.00,1.0000 1.0000 1.0000 1.0000,0 1 1 0,0 0 3 0,9,,no (tile),,,,90.00,,1.0000,,4,yes,4_3 4_3,p2,2222,L2
25551,4,0,0,1,SJSJ,not tested,90.00 90.00 90.00 90.00,1.0000 1.0000 1.0000 1.0000,0 1 2 1,0 0 0 3,1,,no (tile),,,,90.00,,1.0000,,4,yes,4_3 4_3,p2,2222,L2
25551,4,0,0,2,SSJJ,not tested,90.00 90.00 90.00 90.00,1.0000 1.0000 1.0000 1.0000,0 0 2 2,0 0 0 3,9,,no (tile),,,,90.00,,1.0000,,4,yes,4_3 4_3,p2,2222,L2
25551,4,0,0,3,SSSS,not tested,90.00 90.00 90.00 90.00,1.0000 1.0000 1.0000 1.0000,0 1 0 3,0 0 0 0,1,,no (tile),,,,90.00,,1.0000,,4,yes,4_3 4_3,p2,2222,L2
25551,4,0,1,0,SIII,not tested,90.00 90.00 90.00 90.00,1.0000 1.0000 1.0000 1.0000,0 1 2 3,0 0 0 0,"1,2,6",,no (tile),,,,90.00,,1.0000,,4,yes,4_3 4_3,p2,2222,L2
25551,4,0,1,1,SSSS,not tested,90.00 90.00 90.00 90.00,1.0000 1.0000 1.0000 1.0000,0 0 0 0,0 1 0 1,"1,2,3,4,5,6",,no (tile),,,,90.00,,1.0000,,4,yes,4_3 4_3,p2,2222,L2
25551,4,0,1,2,SJSJ,not tested,90.00 90.00 90.00 90.00,1.0000 1.0000 1.0000 1.0000,0 1 0 1,0 0 1 2,6,,no (tile),,,,90.00,,1.0000,,4,yes,4_3 4_3,p2,2222,L2
25551,4,0,1,3,SSSS,not tested,90.00 90.00 90.00 90.00,1.0000 1.0000 1.0000 1.0000,0 0 0 0,0 1 0 1,"1,2,3,4,5,6",,no (tile),,,,90.00,,1.0000,,4,yes,4_3 4_3,p2,2222,L2
25552,4,0,0,0,SUUS,not tested,90.00 90.00 90.00 90.00,1.0000 1.0000 1.0000 1.0000,0 1 1 0,0 0 2 0,"2,6,9",,no (tile),,,,90.00,,1.0000,,4,yes,4_3 4_3,pgg,22x,hand
25552,4,0,0,1,SJIJ,not tested,90.00 90.00 90.00 90.00,1.0000 1.0000 1.0000 1.0000,0 1 2 1,0 0 0 3,1,,no (tile),,,,90.00,,1.0000,,4,yes,4_3 4_3,pgg,22x,hand
25552,4,0,0,2,SSUU,not tested,90.00 90.00 90.00 90.00,1.0000 1.0000 1.0000 1.0000,0 0 2 2,0 0 0 2,"2,6,9",,no (tile),,,,90.00,,1.0000,,4,yes,4_3 4_3,pgg,22x,hand
25552,4,0,0,3,SSSS,not tested,90.00 90.00 90.00 90.00,1.0000 1.0000 1.0000 1.0000,0 1 0 3,0 0 1 0,"1,6",,no (tile),,,,90.00,,1.0000,,4,yes,4_3 4_3,pgg,22x,hand
25552,4,0,1,0,SISI,not tested,90.00 90.00 90.00 90.00,1.0000 1.0000 1.0000 1.0000,0 1 2 3,0 0 0 0,"1,6",,no (tile),,,,90.00,,1.0000,,4,yes,4_3 4_3,pgg,22x,hand
25552,4,0,1,1,SSSS,not tested,90.00 90.00 90.00 90.00,1.0000 1.0000 1.0000 1.0000,0 0 0 0,0 0 1 1,"1,2,3,5,6,9",,no (tile),,,,90.00,,1.0000,,4,yes,4_3 4_3,pgg,22x,hand
25552,4,0,1,2,SJSJ,not tested,90.00 90.00 90.00 90.00,1.0000 1.0000 1.0000 1.0000,0 1 0 1,0 0 0 2,"5,6",,no (tile),,,,90.00,,1.0000,,4,yes,4_3 4_3,pgg,22x,hand
25552,4,0,1,3,SSSS,not tested,90.00 90.00 90.00 90.00,1.0000 1.0000 1.0000 1.0000,0 0 0 0,0 1 1 0,"1,2,3,5,6,9",,no (tile),,,,90.00,,1.0000,,4,yes,4_3 4_3,pgg,22x,hand
25570,4,0,0,0,JJJJ,not tested,60.00 120.00 60.00 120.00,1.0000 1.0000 1.0000 1.0000,0 0 0 0,0 3 0 3,7,,no (tile),,,,60.00,,1.0000,,3 6,yes,4_2 4_2,p6,632,L3
25570,4,0,0,2,JJJJ,not tested,60.00 120.00 60.00 120.00,1.0000 1.0000 1.0000 1.0000,0 0 0 0,0 3 0 3,7,,no (tile),,,,60.00,,1.0000,,3 6,yes,4_2 4_2,p6,632,L3
25570,4,0,1,0,IIII,not tested,60.00 120.00 60.00 120.00,1.0000 1.0000 1.0000 1.0000,0 0 2 0,0 0 0 0,"1,2,3,4,5,6,7",,no (tile),,,,60.00,,1.0000,,3 6,yes,4_2 4_2,p6,632,L3
25570,4,0,1,2,IIII,not tested,60.00 120.00 60.00 120.00,1.0000 1.0000 1.0000 1.0000,0 1 0 0,0 0 0 0,"1,2,3,4,5,6,7",,no (tile),,,,60.00,,1.0000,,3 6,yes,4_2 4_2,p6,632,L3
25576,4,0,0,1,SSSS,not tested,120.00 60.00 60.00 120.00,1.0000 2.0000 1.0000 1.0000,0 1 0 0,0 0 0 0,1,,no (tile),,,,60.00,,0.5000,,3 4 6,yes,4_2 4_2,p3,333,L2
25576,4,0,0,2,JJJJ,not tested,120.00 90.00 60.00 90.00,1.0000 1.7321 1.7321 1.0000,0 1 1 0,0 0 3 3,8,,no (tile),,,,60.00,,0.5774,,3 4 6,yes,4_2 4_2,p3,333,L2
25576,4,0,0,3,SSSS,not tested,120.00 120.00 60.00 60.00,1.0000 1.0000 2.0000 1.0000,0 0 2 0,0 0 0 0,1,,no (tile),,,,60.00,,0.5000,,3 4 6,yes,4_2 4_2,p3,333,L2
25576,4,0,1,2,JIIJ,not tested,120.00 90.00 60.00 90.00,1.0000 1.7321 1.7321 1.0000,0 1 2 0,0 0 0 3,8,,no (tile),,,,60.00,,0.5774,,3 4 6,yes,4_2 4_2,p3,333,L2
25577,4,0,0,0,JJJJ,not tested,90.00 90.00 90.00 90.00,1.0000 1.0000 1.0000 1.0000,0 0 0 0,0 3 0 3,9,,no (tile),,,,90.00,,1.0000,,4,yes,4_2 4_2,p4,442,L2
25577,4,0,0,1,SSSS,not tested,90.00 90.00 90.00 90.00,1.0000 1.0000 1.0000 1.0000,0 1 0 0,0 0 0 0,1,,no (tile),,,,90.00,,1.0000,,4,yes,4_2 4_2,p4,442,L2
25577,4,0,0,2,JJJJ,not tested,90.00 90.00 90.00 90.00,1.0000 1.0000 1.0000 1.0000,0 1 1 0,0 0 3 3,9,,no (tile),,,,90.00,,1.0000,,4,yes,4_2 4_2,p4,442,L2
25577,4,0,0,3,SSSS,not tested,90.00 90.00 90.00 90.00,1.0000 1.0000 1.0000 1.0000,0 0 2 0,0 0 0 0,1,,no (tile),,,,90.00,,1.0000,,4,yes,4_2 4_2,p4,442,L2
25577,4,0,1,0,JJJJ,not tested,90.00 90.00 90.00 90.00,1.0000 1.0000 1.0000 1.0000,0 0 0 0,0 1 2 3,"6,9",,no (tile),,,,90.00,,1.0000,,4,yes,4_2 4_2,p4,442,L2
25577,4,0,1,1,JJJJ,not needed (covering theorem),90.00 90.00 90.00 90.00,1.0000 1.0000 1.0000 1.0000,0 0 0 0,0 2 0 3,,,YES,2,3,2,90.00,,1.0000,,4,yes,4_2 4_2,p4,442,L2
25577,4,0,1,2,JIIJ,not tested,90.00 90.00 90.00 90.00,1.0000 1.0000 1.0000 1.0000,0 1 2 0,0 0 0 3,9,,no (tile),,,,90.00,,1.0000,,4,yes,4_2 4_2,p4,442,L2
25577,4,0,1,3,JJJJ,not needed (covering theorem),90.00 90.00 90.00 90.00,1.0000 1.0000 1.0000 1.0000,0 0 0 0,0 3 1 3,,,YES,2,3,2,90.00,,1.0000,,4,yes,4_2 4_2,p4,442,L2
25578,4,0,0,1,SSSS,not tested,60.00 120.00 60.00 120.00,1.0000 1.0000 1.0000 1.0000,0 1 0 0,0 0 0 0,1,,no (tile),,,,60.00,,1.0000,,3 4 6,yes,4_2 4_2,p6,632,hand
25578,4,0,0,3,SSSS,not tested,60.00 120.00 60.00 120.00,1.0000 1.0000 1.0000 1.0000,0 0 2 0,0 0 0 0,1,,no (tile),,,,60.00,,1.0000,,3 4 6,yes,4_2 4_2,p6,632,hand
25578,4,0,1,1,JJJJ,not needed (covering theorem),60.00 120.00 60.00 120.00,1.0000 1.0000 1.0000 1.0000,0 0 0 0,0 2 0 3,,,YES,2,8,2,60.00,,1.0000,,3 4 6,yes,4_2 4_2,p6,632,hand
25578,4,0,1,3,JJJJ,not needed (covering theorem),60.00 120.00 60.00 120.00,1.0000 1.0000 1.0000 1.0000,0 0 0 0,0 3 1 3,,,YES,2,8,2,60.00,,1.0000,,3 4 6,yes,4_2 4_2,p6,632,hand
25593,4,0,0,0,JJJJ,not needed (covering theorem),270.00 630.00 -810.00 270.00,1.0000 1.0000 1.0000 1.0000,0 0 0 0,0 2 0 3,,,YES,2,9,2,90.00,,1.0000,,4,yes,4_2 4_2,pg,1xx,hand
25593,4,0,0,1,JJJJ,not tested,90.00 90.00 90.00 90.00,1.0000 1.0000 1.0000 1.0000,0 0 0 0,0 2 3 1,"3,4,5",,no (tile),,,,90.00,,1.0000,,4,yes,4_2 4_2,pg,1xx,hand
25593,4,0,0,2,JJJJ,not needed (covering theorem),270.00 270.00 -90.00 -90.00,1.0000 1.0000 1.0000 1.0000,0 0 0 0,0 2 1 2,,,YES,2,9,2,90.00,,1.0000,,4,yes,4_2 4_2,pg,1xx,hand
25593,4,0,0,3,JJSS,not tested,90.00 90.00 90.00 90.00,1.0000 1.0000 1.0000 1.0000,0 0 2 3,0 2 0 0,"2,6",,no (tile),,,,90.00,,1.0000,,4,yes,4_2 4_2,pg,1xx,hand
25593,4,0,1,0,IIII,not tested,90.00 90.00 90.00 90.00,1.0000 1.0000 1.0000 1.0000,0 0 0 3,0 0 0 0,"1,2,3,4,5,6,9",,no (tile),,,,90.00,,1.0000,,4,yes,4_2 4_2,pg,1xx,hand
25593,4,0,1,1,JJJJ,not tested,90.00 90.00 90.00 90.00,1.0000 1.0000 1.0000 1.0000,0 0 0 0,0 2 0 2,"3,5",,no (tile),,,,90.00,,1.0000,,4,yes,4_2 4_2,pg,1xx,hand
25593,4,0,1,2,IIII,not tested,90.00 90.00 90.00 90.00,1.0000 1.0000 1.0000 1.0000,0 0 2 0,0 0 0 0,"1,2,3,4,5,6,9",,no (tile),,,,90.00,,1.0000,,4,yes,4_2 4_2,pg,1xx,hand
25593,4,0,1,3,JJJJ,not tested,90.00 90.00 90.00 90.00,1.0000 1.0000 1.0000 1.0000,0 0 2 2,0 2 0 2,"3,5",,no (tile),,,,90.00,,1.0000,,4,yes,4_2 4_2,pg,1xx,hand
25595,4,0,0,0,SSIS,not tested,60.00 116.17 61.91 121.91,1.0000 1.0000 0.9416 1.0000,0 0 2 0,0 1 0 0,"1,2,6",,no (tile),,,,60.00,,0.9416,,3 5,yes,4_2 4_2,pg,1xx,L2
25595,4,0,0,2,UUUU,not tested,60.00 120.00 60.00 120.00,1.0000 1.0000 1.0000 1.0000,0 0 0 0,0 2 2 0,"3,4,5,6,7",,no (tile),,,,60.00,,1.0000,,3 5,yes,4_2 4_2,pg,1xx,L2
25595,4,0,1,0,SSSI,not tested,66.55 106.90 60.00 126.55,1.0000 1.0000 1.0000 0.7960,0 0 0 3,0 1 1 0,"1,2,6",,no (tile),,,,60.00,,0.7960,,3 5,yes,4_2 4_2,pg,1xx,L2
25595,4,0,1,2,UUUU,not tested,60.00 120.00 60.00 120.00,1.0000 1.0000 1.0000 1.0000,0 0 0 0,0 2 2 0,"3,4,5,6,7",,no (tile),,,,60.00,,1.0000,,3 5,yes,4_2 4_2,pg,1xx,L2
25630,4,0,0,0,SJSJ,not tested,90.00 90.00 90.00 90.00,1.0000 1.0000 1.0000 1.0000,0 1 2 1,0 0 0 3,1,,no (tile),,,,90.00,,1.0000,,4,yes,4_2 4_2,p1,o1,L2
25630,4,0,0,1,JJJJ,not tested,90.00 90.00 90.00 90.00,1.0000 1.0000 1.0000 1.0000,0 0 0 0,0 3 3 0,"4,9",,no (tile),,,,90.00,,1.0000,,4,yes,4_2 4_2,p1,o1,L2
25630,4,0,0,2,JJJJ,not tested,90.00 90.00 90.00 90.00,1.0000 1.0000 1.0000 1.0000,0 1 0 1,0 0 3 3,4,,no (tile),,,,90.00,,1.0000,,4,yes,4_2 4_2,p1,o1,L2
25630,4,0,0,3,JJJJ,not tested,90.00 90.00 90.00 90.00,1.0000 1.0000 1.0000 1.0000,0 0 0 0,0 0 3 3,"4,9",,no (tile),,,,90.00,,1.0000,,4,yes,4_2 4_2,p1,o1,L2
25630,4,0,1,0,JJJJ,not tested,90.00 90.00 90.00 90.00,1.0000 1.0000 1.0000 1.0000,0 0 0 0,0 1 3 2,"3,4,5",,no (tile),,,,90.00,,1.0000,,4,yes,4_2 4_2,p1,o1,L2
25630,4,0,1,1,IJIJ,not tested,90.00 90.00 90.00 90.00,1.0000 1.0000 1.0000 1.0000,0 1 2 1,0 0 0 3,"1,4,5",,no (tile),,,,90.00,,1.0000,,4,yes,4_2 4_2,p1,o1,L2
25630,4,0,1,2,JJJJ,not tested,90.00 90.00 90.00 90.00,1.0000 1.0000 1.0000 1.0000,0 0 0 0,0 2 3 1,"3,4,5",,no (tile),,,,90.00,,1.0000,,4,yes,4_2 4_2,p1,o1,L2
25630,4,0,1,3,JJJJ,not tested,90.00 90.00 90.00 90.00,1.0000 1.0000 1.0000 1.0000,0 1 0 1,0 0 2 3,5,,no (tile),,,,90.00,,1.0000,,4,yes,4_2 4_2,p1,o1,L2
25631,4,0,0,0,SJIJ,not tested,90.00 90.00 90.00 90.00,1.0000 1.0000 1.0000 1.0000,0 1 2 1,0 0 0 3,1,,no (tile),,,,90.00,,1.0000,,4,yes,4_2 4_2,pg,1xx,L2
25631,4,0,0,1,UUUU,not tested,90.00 90.00 90.00 90.00,1.0000 1.0000 1.0000 1.0000,0 0 0 0,0 2 2 0,"3,4,5,6,9",,no (tile),,,,90.00,,1.0000,,4,yes,4_2 4_2,pg,1xx,L2
25631,4,0,0,2,UJUJ,not tested,90.00 90.00 90.00 90.00,1.0000 1.0000 1.0000 1.0000,0 1 0 1,0 0 2 3,"4,5",,no (tile),,,,90.00,,1.0000,,4,yes,4_2 4_2,pg,1xx,L2
25631,4,0,0,3,UUUU,not tested,90.00 90.00 90.00 90.00,1.0000 1.0000 1.0000 1.0000,0 0 0 0,0 0 2 2,"3,4,5,6,9",,no (tile),,,,90.00,,1.0000,,4,yes,4_2 4_2,pg,1xx,L2
25631,4,0,1,0,UUUU,not tested,90.00 90.00 90.00 90.00,1.0000 1.0000 1.0000 1.0000,0 0 0 0,0 0 2 2,"3,4,5,6,9",,no (tile),,,,90.00,,1.0000,,4,yes,4_2 4_2,pg,1xx,L2
25631,4,0,1,1,IJSJ,not tested,90.00 90.00 90.00 90.00,1.0000 1.0000 1.0000 1.0000,0 1 2 1,0 0 0 3,1,,no (tile),,,,90.00,,1.0000,,4,yes,4_2 4_2,pg,1xx,L2
25631,4,0,1,2,UUUU,not tested,90.00 90.00 90.00 90.00,1.0000 1.0000 1.0000 1.0000,0 0 0 0,0 2 2 0,"3,4,5,6,9",,no (tile),,,,90.00,,1.0000,,4,yes,4_2 4_2,pg,1xx,L2
25631,4,0,1,3,UJUJ,not tested,90.00 90.00 90.00 90.00,1.0000 1.0000 1.0000 1.0000,0 1 0 1,0 0 2 3,"4,5",,no (tile),,,,90.00,,1.0000,,4,yes,4_2 4_2,pg,1xx,L2
25634,4,0,0,0,SJSJ,not tested,90.00 90.00 90.00 90.00,1.0000 1.0000 1.0000 1.0000,0 1 2 1,0 0 0 3,1,,no (tile),,,,90.00,,1.0000,,4,yes,4_4 4_4,p2,2222,L2
25634,4,0,0,1,JJJJ,not tested,90.00 90.00 90.00 90.00,1.0000 1.0000 1.0000 1.0000,0 0 2 2,0 3 0 3,9,,no (tile),,,,90.00,,1.0000,,4,yes,4_4 4_4,p2,2222,L2
25634,4,0,0,2,JSJS,not tested,90.00 90.00 90.00 90.00,1.0000 1.0000 1.0000 1.0000,0 1 0 3,0 0 3 0,1,,no (tile),,,,90.00,,1.0000,,4,yes,4_4 4_4,p2,2222,L2
25634,4,0,0,3,JJJJ,not tested,90.00 90.00 90.00 90.00,1.0000 1.0000 1.0000 1.0000,0 1 1 0,0 0 3 3,9,,no (tile),,,,90.00,,1.0000,,4,yes,4_4 4_4,p2,2222,L2
25634,4,0,1,0,JJJJ,not tested,90.00 90.00 90.00 90.00,1.0000 1.0000 1.0000 1.0000,0 0 0 0,0 2 0 2,"3,5",,no (tile),,,,90.00,,1.0000,,4,yes,4_4 4_4,p2,2222,L2
25634,4,0,1,1,IIII,not tested,90.00 90.00 90.00 90.00,1.0000 1.0000 1.0000 1.0000,0 1 2 3,0 0 0 0,"1,2,3,4,5,6,9",,no (tile),,,,90.00,,1.0000,,4,yes,4_4 4_4,p2,2222,L2
25634,4,0,1,2,JJJJ,not tested,90.00 90.00 90.00 90.00,1.0000 1.0000 1.0000 1.0000,0 0 0 0,0 2 0 2,"3,5",,no (tile),,,,90.00,,1.0000,,4,yes,4_4 4_4,p2,2222,L2
25634,4,0,1,3,JJJJ,not tested,90.00 90.00 90.00 90.00,1.0000 1.0000 1.0000 1.0000,0 1 0 1,0 0 2 2,6,,no (tile),,,,90.00,,1.0000,,4,yes,4_4 4_4,p2,2222,L2
25635,4,0,0,0,SJIJ,not tested,90.00 90.00 90.00 90.00,1.0000 1.0000 1.0000 1.0000,0 1 2 1,0 0 0 3,1,,no (tile),,,,90.00,,1.0000,,4,yes,4_4 4_4,pgg,22x,hand
25635,4,0,0,1,JJUU,not tested,90.00 90.00 90.00 90.00,1.0000 1.0000 1.0000 1.0000,0 0 2 2,0 3 0 2,9,,no (tile),,,,90.00,,1.0000,,4,yes,4_4 4_4,pgg,22x,hand
25635,4,0,0,2,USUS,not tested,90.00 90.00 90.00 90.00,1.0000 1.0000 1.0000 1.0000,0 1 0 3,0 0 2 0,"1,6",,no (tile),,,,90.00,,1.0000,,4,yes,4_4 4_4,pgg,22x,hand
25635,4,0,0,3,JUUJ,not tested,90.00 90.00 90.00 90.00,1.0000 1.0000 1.0000 1.0000,0 1 1 0,0 0 2 3,9,,no (tile),,,,90.00,,1.0000,,4,yes,4_4 4_4,pgg,22x,hand
25635,4,0,1,0,UUUU,not tested,90.00 90.00 90.00 90.00,1.0000 1.0000 1.0000 1.0000,0 0 0 0,0 2 0 2,"3,5,9",,no (tile),,,,90.00,,1.0000,,4,yes,4_4 4_4,pgg,22x,hand
25635,4,0,1,1,IISI,not tested,90.00 90.00 90.00 90.00,1.0000 1.0000 1.0000 1.0000,0 1 2 3,0 0 0 0,"1,2,6",,no (tile),,,,90.00,,1.0000,,4,yes,4_4 4_4,pgg,22x,hand
25635,4,0,1,2,UUUU,not tested,90.00 90.00 90.00 90.00,1.0000 1.0000 1.0000 1.0000,0 0 0 0,0 2 0 2,"3,5,9",,no (tile),,,,90.00,,1.0000,,4,yes,4_4 4_4,pgg,22x,hand
25635,4,0,1,3,UJUJ,not tested,90.00 90.00 90.00 90.00,1.0000 1.0000 1.0000 1.0000,0 1 0 1,0 0 2 2,"5,6",,no (tile),,,,90.00,,1.0000,,4,yes,4_4 4_4,pgg,22x,hand
25639,4,0,0,0,SSSS,not tested,90.00 90.00 90.00 90.00,1.0000 1.0000 1.0000 1.0000,0 1 1 1,0 0 1 0,"1,2,6",,no (tile),,,,90.00,,1.0000,,4,yes,4_4 4_4,pgg,22x,L2
25639,4,0,0,1,JJJJ,not tested,90.00 90.00 90.00 90.00,1.0000 1.0000 1.0000 1.0000,0 0 0 0,0 3 2 1,"6,9",,no (tile),,,,90.00,,1.0000,,4,yes,4_4 4_4,pgg,22x,L2
25639,4,0,0,2,SSSS,not tested,90.00 90.00 90.00 90.00,1.0000 1.0000 1.0000 1.0000,0 0 0 3,0 1 0 0,"1,2,6",,no (tile),,,,90.00,,1.0000,,4,yes,4_4 4_4,pgg,22x,L2
25639,4,0,0,3,JIIJ,not tested,90.00 90.00 90.00 90.00,1.0000 1.0000 1.0000 1.0000,0 1 2 0,0 0 0 3,9,,no (tile),,,,90.00,,1.0000,,4,yes,4_4 4_4,pgg,22x,L2
25639,4,0,1,0,SSSS,not tested,90.00 90.00 90.00 90.00,1.0000 1.0000 1.0000 1.0000,0 1 0 0,0 0 0 1,"1,2,6",,no (tile),,,,90.00,,1.0000,,4,yes,4_4 4_4,pgg,22x,L2
25639,4,0,1,1,IJJI,not tested,90.00 90.00 90.00 90.00,1.0000 1.0000 1.0000 1.0000,0 1 1 3,0 0 3 0,9,,no (tile),,,,90.00,,1.0000,,4,yes,4_4 4_4,pgg,22x,L2
25639,4,0,1,2,SSSS,not tested,90.00 90.00 90.00 90.00,1.0000 1.0000 1.0000 1.0000,0 0 2 0,0 1 0 1,"1,2,6",,no (tile),,,,90.00,,1.0000,,4,yes,4_4 4_4,pgg,22x,L2
25639,4,0,1,3,JJJJ,not tested,90.00 90.00 90.00 90.00,1.0000 1.0000 1.0000 1.0000,0 0 0 0,0 3 2 1,"6,9",,no (tile),,,,90.00,,1.0000,,4,yes,4_4 4_4,pgg,22x,L2
25641,4,0,0,0,SJSJ,not tested,90.00 90.00 90.00 90.00,1.0000 1.0000 1.0000 1.0000,0 1 2 1,0 0 0 2,6,,no (tile),,,,90.00,,1.0000,,4,yes,4_2 4_2,pg,1xx,L2
25641,4,0,0,1,JJJJ,not tested,90.00 90.00 90.00 90.00,1.0000 1.0000 1.0000 1.0000,0 0 0 0,0 3 2 1,"6,9",,no (tile),,,,90.00,,1.0000,,4,yes,4_2 4_2,pg,1xx,L2
25641,4,0,0,2,JJJJ,not tested,90.00 90.00 90.00 90.00,1.0000 1.0000 1.0000 1.0000,0 1 0 1,0 0 3 2,5,,no (tile),,,,90.00,,1.0000,,4,yes,4_2 4_2,pg,1xx,L2
25641,4,0,0,3,JJJJ,not tested,90.00 90.00 90.00 90.00,1.0000 1.0000 1.0000 1.0000,0 0 0 0,0 1 2 3,"6,9",,no (tile),,,,90.00,,1.0000,,4,yes,4_2 4_2,pg,1xx,L2
25641,4,0,1,0,JJJJ,not tested,90.00 90.00 90.00 90.00,1.0000 1.0000 1.0000 1.0000,0 0 0 0,0 0 2 2,"3,5,6",,no (tile),,,,90.00,,1.0000,,4,yes,4_2 4_2,pg,1xx,L2
25641,4,0,1,1,IJIJ,not tested,90.00 90.00 90.00 90.00,1.0000 1.0000 1.0000 1.0000,0 1 2 1,0 0 0 2,"5,6",,no (tile),,,,90.00,,1.0000,,4,yes,4_2 4_2,pg,1xx,L2
25641,4,0,1,2,JJJJ,not tested,90.00 90.00 90.00 90.00,1.0000 1.0000 1.0000 1.0000,0 0 0 0,0 2 2 0,"3,5,6",,no (tile),,,,90.00,,1.0000,,4,yes,4_2 4_2,pg,1xx,L2
25641,4,0,1,3,JJJJ,not tested,90.00 90.00 90.00 90.00,1.0000 1.0000 1.0000 1.0000,0 1 0 1,0 0 2 2,6,,no (tile),,,,90.00,,1.0000,,4,yes,4_2 4_2,pg,1xx,L2
25642,4,0,0,0,SISI,not tested,90.00 90.00 90.00 90.00,1.0000 1.0000 1.0000 1.0000,0 1 2 3,0 0 0 0,"1,6",,no (tile),,,,90.00,,1.0000,,4,yes,4_4 4_4,pg,1xx,L2
25642,4,0,0,1,JJJJ,not tested,90.00 90.00 90.00 90.00,1.0000 1.0000 1.0000 1.0000,0 0 0 0,0 3 1 2,"3,5,9",,no (tile),,,,90.00,,1.0000,,4,yes,4_4 4_4,pg,1xx,L2
25642,4,0,0,2,JJJJ,not tested,90.00 90.00 90.00 90.00,1.0000 1.0000 1.0000 1.0000,0 1 0 1,0 0 3 2,5,,no (tile),,,,90.00,,1.0000,,4,yes,4_4 4_4,pg,1xx,L2
25642,4,0,0,3,JJJJ,not tested,90.00 90.00 90.00 90.00,1.0000 1.0000 1.0000 1.0000,0 0 0 0,0 2 1 3,"3,5,9",,no (tile),,,,90.00,,1.0000,,4,yes,4_4 4_4,pg,1xx,L2
25642,4,0,1,0,UUUU,not tested,90.00 90.00 90.00 90.00,1.0000 1.0000 1.0000 1.0000,0 1 1 0,0 0 2 2,"3,5,9",,no (tile),,,,90.00,,1.0000,,4,yes,4_4 4_4,pg,1xx,L2
25642,4,0,1,1,IJIJ,not tested,90.00 90.00 90.00 90.00,1.0000 1.0000 1.0000 1.0000,0 1 2 1,0 0 0 3,"1,4,5",,no (tile),,,,90.00,,1.0000,,4,yes,4_4 4_4,pg,1xx,L2
25642,4,0,1,2,UUUU,not tested,90.00 90.00 90.00 90.00,1.0000 1.0000 1.0000 1.0000,0 0 2 2,0 2 0 2,"3,5,9",,no (tile),,,,90.00,,1.0000,,4,yes,4_4 4_4,pg,1xx,L2
25642,4,0,1,3,JSJS,not tested,90.00 90.00 90.00 90.00,1.0000 1.0000 1.0000 1.0000,0 1 0 3,0 0 2 0,6,,no (tile),,,,90.00,,1.0000,,4,yes,4_4 4_4,pg,1xx,L2
25643,4,0,0,0,SSSS,not tested,90.00 90.00 90.00 90.00,1.0000 1.0000 1.0000 1.0000,0 1 2 3,0 0 0 0,1,,no (tile),,,,90.00,,1.0000,,4,yes,4_4 4_4,p1,o1,hand
25643,4,0,0,1,JJJJ,not tested,90.00 90.00 90.00 90.00,1.0000 1.0000 1.0000 1.0000,0 0 0 0,0 3 0 3,9,,no (tile),,,,90.00,,1.0000,,4,yes,4_4 4_4,p1,o1,hand
25643,4,0,0,2,JJJJ,not tested,90.00 90.00 90.00 90.00,1.0000 1.0000 1.0000 1.0000,0 1 0 1,0 0 3 3,4,,no (tile),,,,90.00,,1.0000,,4,yes,4_4 4_4,p1,o1,hand
25643,4,0,0,3,JJJJ,not tested,90.00 90.00 90.00 90.00,1.0000 1.0000 1.0000 1.0000,0 0 0 0,0 3 0 3,9,,no (tile),,,,90.00,,1.0000,,4,yes,4_4 4_4,p1,o1,hand
25643,4,0,1,0,JJJJ,not tested,90.00 90.00 90.00 90.00,1.0000 1.0000 1.0000 1.0000,0 1 1 0,0 0 2 2,"3,5",,no (tile),,,,90.00,,1.0000,,4,yes,4_4 4_4,p1,o1,hand
25643,4,0,1,1,IJIJ,not tested,90.00 90.00 90.00 90.00,1.0000 1.0000 1.0000 1.0000,0 1 2 1,0 0 0 2,"5,6",,no (tile),,,,90.00,,1.0000,,4,yes,4_4 4_4,p1,o1,hand
25643,4,0,1,2,JJJJ,not tested,90.00 90.00 90.00 90.00,1.0000 1.0000 1.0000 1.0000,0 0 2 2,0 2 0 2,"3,5",,no (tile),,,,90.00,,1.0000,,4,yes,4_4 4_4,p1,o1,hand
25643,4,0,1,3,JIJI,not tested,90.00 90.00 90.00 90.00,1.0000 1.0000 1.0000 1.0000,0 1 0 3,0 0 2 0,"5,6",,no (tile),,,,90.00,,1.0000,,4,yes,4_4 4_4,p1,o1,hand
25644,4,0,0,0,SJJS,not tested,90.00 90.00 90.00 90.00,1.0000 1.0000 1.0000 1.0000,0 1 1 3,0 0 2 0,"2,6",,no (tile),,,,90.00,,1.0000,,4,yes,4_4 4_4,pg,1xx,L2
25644,4,0,0,1,IIII,not tested,90.00 90.00 90.00 90.00,1.0000 1.0000 1.0000 1.0000,0 0 2 0,0 0 0 0,"1,2,3,4,5,6,9",,no (tile),,,,90.00,,1.0000,,4,yes,4_4 4_4,pg,1xx,L2
25644,4,0,0,2,JJJJ,not tested,90.00 90.00 90.00 90.00,1.0000 1.0000 1.0000 1.0000,0 0 0 0,0 2 3 1,"3,4,5",,no (tile),,,,90.00,,1.0000,,4,yes,4_4 4_4,pg,1xx,L2
25644,4,0,0,3,IIII,not tested,90.00 90.00 90.00 90.00,1.0000 1.0000 1.0000 1.0000,0 1 0 0,0 0 0 0,"1,2,3,4,5,6,9",,no (tile),,,,90.00,,1.0000,,4,yes,4_4 4_4,pg,1xx,L2
25644,4,0,1,0,JSSJ,not tested,90.00 90.00 90.00 90.00,1.0000 1.0000 1.0000 1.0000,0 1 2 0,0 0 0 2,"2,6",,no (tile),,,,90.00,,1.0000,,4,yes,4_4 4_4,pg,1xx,L2
25644,4,0,1,1,IIII,not tested,90.00 90.00 90.00 90.00,1.0000 1.0000 1.0000 1.0000,0 1 1 1,0 0 0 0,"1,2,3,4,5,6,9",,no (tile),,,,90.00,,1.0000,,4,yes,4_4 4_4,pg,1xx,L2
25644,4,0,1,2,JJJJ,not tested,90.00 90.00 90.00 90.00,1.0000 1.0000 1.0000 1.0000,0 0 0 0,0 2 3 1,"3,4,5",,no (tile),,,,90.00,,1.0000,,4,yes,4_4 4_4,pg,1xx,L2
25644,4,0,1,3,IIII,not tested,90.00 90.00 90.00 90.00,1.0000 1.0000 1.0000 1.0000,0 0 0 3,0 0 0 0,"1,2,3,4,5,6,9",,no (tile),,,,90.00,,1.0000,,4,yes,4_4 4_4,pg,1xx,L2
